Step,Hip_X,Hip_Z,Target_X,Target_Z
0,0,-1,11,0
1,-0.008092653,-0.9987681,11,0
2,-0.01252567,-0.9974611,11,0
3,-0.01073141,-0.9947122,11,0
4,-0.009574442,-0.9942923,11,0
5,-0.008420649,-0.9918982,11,0
6,-0.0074135,-0.9878829,11,0
7,-0.004504496,-0.9830572,11,0
8,-0.006034805,-0.9821074,11,0
9,-0.007126132,-0.9801482,11,0
10,-0.004183385,-0.9758785,11,0
11,-0.001128608,-0.97408,11,0
12,0.001407498,-0.9711457,11,0
13,0.004131943,-0.9686626,11,0
14,0.005101792,-0.9666423,11,0
15,0.006798307,-0.9641073,11,0
16,0.01158677,-0.9632669,11,0
17,0.01705852,-0.9608022,11,0
18,0.02427121,-0.9578239,11,0
19,0.03225347,-0.9532282,11,0
20,0.04035507,-0.9488414,11,0
21,0.0478734,-0.9455757,11,0
22,0.05871383,-0.9431717,11,0
23,0.07297345,-0.9424396,11,0
24,0.08678146,-0.9426957,11,0
25,0.1011441,-0.9434021,11,0
26,0.1197897,-0.9472052,11,0
27,0.13689,-0.9511859,11,0
28,0.1543491,-0.9579546,11,0
29,0.1699507,-0.964398,11,0
30,0.1858593,-0.9722331,11,0
31,0.2020182,-0.9812195,11,0
32,0.2158361,-0.9893057,11,0
33,0.2280196,-0.9976789,11,0
34,0.2425761,-1.008111,11,0
35,0.2598769,-1.018719,11,0
36,0.2792371,-1.0308,11,0
37,0.300706,-1.042721,11,0
38,0.32449,-1.054734,11,0
39,0.3449166,-1.06441,11,0
40,0.3652777,-1.071985,11,0
41,0.3857518,-1.078146,11,0
42,0.4037822,-1.084771,11,0
43,0.4193516,-1.092288,11,0
44,0.4360758,-1.098051,11,0
45,0.4533081,-1.101323,11,0
46,0.4740528,-1.103396,11,0
47,0.4931281,-1.104583,11,0
48,0.5095371,-1.105056,11,0
49,0.530012,-1.105103,11,0
50,0.548337,-1.105904,11,0
51,0.5652024,-1.10919,11,0
52,0.584108,-1.111214,11,0
53,0.6045819,-1.112602,11,0
54,0.626047,-1.115677,11,0
55,0.6463684,-1.117104,11,0
56,0.6672951,-1.118909,11,0
57,0.6891746,-1.120605,11,0
58,0.7127226,-1.120357,11,0
59,0.73672,-1.119422,11,0
60,0.7633039,-1.117295,11,0
61,0.7910779,-1.11285,11,0
62,0.8162019,-1.105665,11,0
63,0.843834,-1.099162,11,0
64,0.8723277,-1.09406,11,0
65,0.8991057,-1.089914,11,0
66,0.9250768,-1.086416,11,0
67,0.9469002,-1.082327,11,0
68,0.9681334,-1.078345,11,0
69,0.9915016,-1.076076,11,0
70,1.015576,-1.071169,11,0
71,1.043368,-1.069388,11,0
72,1.070192,-1.065431,11,0
73,1.096132,-1.062517,11,0
74,1.123416,-1.061111,11,0
75,1.151295,-1.058356,11,0
76,1.179144,-1.057046,11,0
77,1.204032,-1.057583,11,0
78,1.22912,-1.059852,11,0
79,1.256474,-1.060421,11,0
80,1.286488,-1.062855,11,0
81,1.316853,-1.068272,11,0
82,1.345206,-1.073814,11,0
83,1.372221,-1.079771,11,0
84,1.399498,-1.084864,11,0
85,1.425758,-1.091686,11,0
86,1.451807,-1.099035,11,0
87,1.479439,-1.106577,11,0
88,1.510386,-1.115749,11,0
89,1.54133,-1.124887,11,0
90,1.572838,-1.13314,11,0
91,1.602705,-1.140719,11,0
92,1.629499,-1.1479,11,0
93,1.651754,-1.154208,11,0
94,1.674789,-1.156886,11,0
95,1.698643,-1.158902,11,0
96,1.7195,-1.161188,11,0
97,1.738902,-1.162812,11,0
98,1.75644,-1.162223,11,0
99,1.784534,-1.165421,11,0
100,1.811113,-1.167421,11,0
101,1.836022,-1.167343,11,0
102,1.859461,-1.167098,11,0
103,1.882185,-1.165751,11,0
104,1.905389,-1.165832,11,0
105,1.930388,-1.165576,11,0
106,1.95191,-1.16667,11,0
107,1.972071,-1.167464,11,0
108,1.995768,-1.168106,11,0
109,2.021745,-1.16673,11,0
110,2.050174,-1.165099,11,0
111,2.0827,-1.16247,11,0
112,2.116067,-1.158661,11,0
113,2.148965,-1.154592,11,0
114,2.182783,-1.152701,11,0
115,2.214572,-1.149731,11,0
116,2.243897,-1.146994,11,0
117,2.271531,-1.144081,11,0
118,2.296149,-1.14029,11,0
119,2.319148,-1.135473,11,0
120,2.343924,-1.131062,11,0
121,2.37049,-1.128351,11,0
122,2.397657,-1.124892,11,0
123,2.421789,-1.122192,11,0
124,2.449368,-1.115737,11,0
125,2.479226,-1.110809,11,0
126,2.506527,-1.107327,11,0
127,2.536363,-1.104861,11,0
128,2.568299,-1.100988,11,0
129,2.597671,-1.098435,11,0
130,2.624397,-1.094763,11,0
131,2.65274,-1.092532,11,0
132,2.682492,-1.092255,11,0
133,2.71406,-1.092858,11,0
134,2.745268,-1.09182,11,0
135,2.772973,-1.092676,11,0
136,2.803609,-1.094505,11,0
137,2.835838,-1.095672,11,0
138,2.869947,-1.096746,11,0
139,2.902991,-1.099691,11,0
140,2.936572,-1.103396,11,0
141,2.969519,-1.107069,11,0
142,2.99984,-1.111539,11,0
143,3.028875,-1.114686,11,0
144,3.059195,-1.117555,11,0
145,3.086529,-1.120446,11,0
146,3.111579,-1.12013,11,0
147,3.13609,-1.121392,11,0
148,3.159288,-1.124011,11,0
149,3.184033,-1.125508,11,0
150,3.204352,-1.125253,11,0
151,3.222906,-1.122499,11,0
152,3.243722,-1.118666,11,0
153,3.267248,-1.114839,11,0
154,3.293303,-1.111486,11,0
155,3.319264,-1.108872,11,0
156,3.344774,-1.107231,11,0
157,3.369777,-1.104856,11,0
158,3.392934,-1.099825,11,0
159,3.419924,-1.094338,11,0
160,3.444933,-1.089876,11,0
161,3.468491,-1.086636,11,0
162,3.4944,-1.082354,11,0
163,3.522789,-1.07608,11,0
164,3.54867,-1.069918,11,0
165,3.573732,-1.064503,11,0
166,3.599656,-1.05958,11,0
167,3.627925,-1.054018,11,0
168,3.659899,-1.045272,11,0
169,3.693484,-1.035256,11,0
170,3.725313,-1.025707,11,0
171,3.756338,-1.018789,11,0
172,3.783522,-1.010552,11,0
173,3.808783,-1.002687,11,0
174,3.833554,-0.996398,11,0
175,3.860269,-0.9861569,11,0
176,3.883068,-0.9771612,11,0
177,3.909383,-0.96869,11,0
178,3.937367,-0.9604135,11,0
179,3.965588,-0.9527419,11,0
180,3.993277,-0.9483677,11,0
181,4.022717,-0.9432877,11,0
182,4.05309,-0.9367169,11,0
183,4.081265,-0.9319558,11,0
184,4.107233,-0.9271543,11,0
185,4.135894,-0.9247405,11,0
186,4.164984,-0.9230676,11,0
187,4.195039,-0.9214179,11,0
188,4.225731,-0.9214647,11,0
189,4.258009,-0.9218599,11,0
190,4.289952,-0.9226993,11,0
191,4.323287,-0.9252815,11,0
192,4.353971,-0.9263945,11,0
193,4.384982,-0.9283055,11,0
194,4.417203,-0.9296675,11,0
195,4.450259,-0.9315512,11,0
196,4.481989,-0.9328826,11,0
197,4.512377,-0.9346605,11,0
198,4.54185,-0.9369363,11,0
199,4.567095,-0.9370404,11,0
200,4.591685,-0.9371512,11,0
201,4.616016,-0.9373998,11,0
202,4.64168,-0.9373325,11,0
203,4.666083,-0.9362059,11,0
204,4.693177,-0.9345836,11,0
205,4.716405,-0.9323946,11,0
206,4.737467,-0.9300309,11,0
207,4.760997,-0.9267685,11,0
208,4.787638,-0.9216975,11,0
209,4.811693,-0.9156736,11,0
210,4.833972,-0.9106507,11,0
211,4.856341,-0.9051521,11,0
212,4.87858,-0.8999618,11,0
213,4.901808,-0.89331,11,0
214,4.925308,-0.887101,11,0
215,4.94735,-0.8818644,11,0
216,4.972973,-0.8750988,11,0
217,4.998784,-0.8687353,11,0
218,5.025846,-0.8616474,11,0
219,5.052838,-0.8540002,11,0
220,5.080355,-0.8458303,11,0
221,5.109274,-0.8362101,11,0
222,5.142161,-0.8246302,11,0
223,5.174032,-0.8127796,11,0
224,5.205228,-0.799716,11,0
225,5.231085,-0.7876929,11,0
226,5.25656,-0.7757017,11,0
227,5.283154,-0.763617,11,0
228,5.309136,-0.7523264,11,0
229,5.335588,-0.7401453,11,0
230,5.365334,-0.7285752,11,0
231,5.39305,-0.7180977,11,0
232,5.421063,-0.7048597,11,0
233,5.449537,-0.6943886,11,0
234,5.47617,-0.6851569,11,0
235,5.50136,-0.6777001,11,0
236,5.525761,-0.6699553,11,0
237,5.550776,-0.6628277,11,0
238,5.578019,-0.6562907,11,0
239,5.607356,-0.6512552,11,0
240,5.63956,-0.645922,11,0
241,5.672301,-0.6407118,11,0
242,5.705537,-0.6354918,11,0
243,5.737208,-0.6293279,11,0
244,5.772137,-0.6229862,11,0
245,5.806314,-0.6190178,11,0
246,5.840374,-0.6158449,11,0
247,5.871855,-0.611865,11,0
248,5.904699,-0.606975,11,0
249,5.937072,-0.6031435,11,0
250,5.968387,-0.5999135,11,0
251,5.998429,-0.5973535,11,0
252,6.029654,-0.5950091,11,0
253,6.055571,-0.5901203,11,0
254,6.078974,-0.5842594,11,0
255,6.098937,-0.5802469,11,0
256,6.122411,-0.5759178,11,0
257,6.144495,-0.5691042,11,0
258,6.165244,-0.5615144,11,0
259,6.187723,-0.5549235,11,0
260,6.212997,-0.5471889,11,0
261,6.237721,-0.5385804,11,0
262,6.261534,-0.5280718,11,0
263,6.285929,-0.5180646,-11,0
264,6.312693,-0.5077959,-11,0
265,6.340621,-0.4993482,-11,0
266,6.370526,-0.4933357,-11,0
267,6.399173,-0.4876862,-11,0
268,6.422492,-0.4835321,-11,0
269,6.438818,-0.4826305,-11,0
270,6.454897,-0.4801865,-11,0
271,6.466023,-0.4783658,-11,0
272,6.477189,-0.4775901,-11,0
273,6.492906,-0.4761741,-11,0
274,6.509826,-0.4710824,-11,0
275,6.529308,-0.4607958,-11,0
276,6.550415,-0.4489539,-11,0
277,6.567799,-0.4361837,-11,0
278,6.581243,-0.4241892,-11,0
279,6.595277,-0.4124978,-11,0
280,6.608781,-0.4003754,-11,0
281,6.621564,-0.3890204,-11,0
282,6.633794,-0.3761713,-11,0
283,6.643215,-0.3660967,-11,0
284,6.652051,-0.3638587,-11,0
285,6.660686,-0.3622227,-11,0
286,6.669583,-0.3558736,-11,0
287,6.681396,-0.3448021,-11,0
288,6.696136,-0.3330734,-11,0
289,6.711957,-0.320962,-11,0
290,6.720295,-0.3096458,-11,0
291,6.726667,-0.3003696,-11,0
292,6.729613,-0.292043,-11,0
293,6.730501,-0.2804456,-11,0
294,6.728651,-0.2682979,-11,0
295,6.727087,-0.258634,-11,0
296,6.726748,-0.2498134,-11,0
297,6.727458,-0.2426088,-11,0
298,6.726934,-0.2335929,-11,0
299,6.727633,-0.2233627,-11,0
300,6.729569,-0.2146543,-11,0
301,6.729282,-0.2042613,-11,0
302,6.729527,-0.1960906,-11,0
303,6.729421,-0.1888371,-11,0
304,6.729951,-0.1813513,-11,0
305,6.729207,-0.1740075,-11,0
306,6.729209,-0.1648685,-11,0
307,6.72842,-0.156756,-11,0
308,6.726393,-0.149758,-11,0
309,6.727553,-0.144199,-11,0
310,6.728495,-0.1393624,-11,0
311,6.727532,-0.1329915,-11,0
312,6.721943,-0.1256619,-11,0
313,6.717299,-0.1159135,-11,0
314,6.710206,-0.1041458,-11,0
315,6.702716,-0.09373373,-11,0
316,6.692875,-0.08441359,-11,0
317,6.680532,-0.07542372,-11,0
318,6.669859,-0.06759846,-11,0
319,6.65844,-0.05961919,-11,0
320,6.650078,-0.05376881,-11,0
321,6.643107,-0.04872519,-11,0
322,6.639573,-0.04187649,-11,0
323,6.635541,-0.03390294,-11,0
324,6.627767,-0.02451277,-11,0
325,6.615264,-0.01490813,-11,0
326,6.597665,-0.003196359,-11,0
327,6.578253,0.008551359,-11,0
328,6.560086,0.01854134,-11,0
329,6.540929,0.02756119,-11,0
330,6.523761,0.03625023,-11,0
331,6.505492,0.04631472,-11,0
332,6.488076,0.05633891,-11,0
333,6.470675,0.06447458,-11,0
334,6.455611,0.07218647,-11,0
335,6.438142,0.08103228,-11,0
336,6.422399,0.09188128,-11,0
337,6.404827,0.1037189,-11,0
338,6.38698,0.1136107,-11,0
339,6.369729,0.1232637,-11,0
340,6.353935,0.1330956,-11,0
341,6.33442,0.1476488,-11,0
342,6.314418,0.1631422,-11,0
343,6.294435,0.1792654,-11,0
344,6.279232,0.1934656,-11,0
345,6.265818,0.2084444,-11,0
346,6.250689,0.2265095,-11,0
347,6.234265,0.2462881,-11,0
348,6.216287,0.2645,-11,0
349,6.196687,0.2861772,-11,0
350,6.178454,0.3083816,-11,0
351,6.161785,0.3271319,-11,0
352,6.146648,0.3441818,-11,0
353,6.12995,0.3617961,-11,0
354,6.114671,0.3771383,-11,0
355,6.099906,0.3942752,-11,0
356,6.086211,0.4117972,-11,0
357,6.071855,0.4275631,-11,0
358,6.057046,0.4433622,-11,0
359,6.043979,0.4572539,-11,0
360,6.030417,0.4695507,-11,0
361,6.018044,0.4812386,-11,0
362,6.001949,0.4947317,-11,0
363,5.98754,0.5057776,-11,0
364,5.975753,0.5138614,-11,0
365,5.961345,0.5245397,-11,0
366,5.947178,0.5361829,-11,0
367,5.933406,0.5469948,-11,0
368,5.91606,0.5577035,-11,0
369,5.898082,0.5675913,-11,0
370,5.881162,0.577103,-11,0
371,5.861836,0.5850445,-11,0
372,5.844633,0.5919321,-11,0
373,5.828091,0.5998235,-11,0
374,5.807315,0.6086962,-11,0
375,5.787172,0.6191134,-11,0
376,5.768805,0.6290126,-11,0
377,5.748064,0.6382632,-11,0
378,5.723106,0.6494689,-11,0
379,5.698215,0.6593425,-11,0
380,5.675395,0.6676414,-11,0
381,5.651531,0.6766028,-11,0
382,5.626525,0.6847548,-11,0
383,5.601002,0.692627,-11,0
384,5.571201,0.7005019,-11,0
385,5.54243,0.7056265,-11,0
386,5.514233,0.7117562,-11,0
387,5.488623,0.7163243,-11,0
388,5.463896,0.722105,-11,0
389,5.441254,0.728492,-11,0
390,5.413863,0.7327257,-11,0
391,5.386295,0.7417023,-11,0
392,5.360135,0.7496309,-11,0
393,5.333608,0.7551394,-11,0
394,5.307714,0.7613304,-11,0
395,5.283326,0.7683095,-11,0
396,5.257611,0.7771668,-11,0
397,5.232635,0.787461,-11,0
398,5.208371,0.7969415,-11,0
399,5.182024,0.8083496,-11,0
400,5.153969,0.8215617,-11,0
401,5.127038,0.8328201,-11,0
402,5.101384,0.8435031,-11,0
403,5.075658,0.8556048,-11,0
404,5.050158,0.8700788,-11,0
405,5.021917,0.8877971,-11,0
406,4.99525,0.9058588,-11,0
407,4.969032,0.9207143,-11,0
408,4.940578,0.9368808,-11,0
409,4.913895,0.9543113,-11,0
410,4.888961,0.9697427,-11,0
411,4.860763,0.9854383,-11,0
412,4.834675,1.001388,-11,0
413,4.812311,1.016045,-11,0
414,4.787509,1.030181,-11,0
415,4.76168,1.043481,-11,0
416,4.740317,1.05335,-11,0
417,4.720452,1.063566,-11,0
418,4.699447,1.072276,-11,0
419,4.679951,1.079173,-11,0
420,4.658317,1.085161,-11,0
421,4.637188,1.091954,-11,0
422,4.613822,1.097715,-11,0
423,4.591853,1.101385,-11,0
424,4.570065,1.10686,-11,0
425,4.543433,1.111366,-11,0
426,4.520918,1.11607,-11,0
427,4.500797,1.121637,-11,0
428,4.478153,1.127522,-11,0
429,4.451963,1.134097,-11,0
430,4.426675,1.140717,-11,0
431,4.403247,1.14823,-11,0
432,4.377949,1.153382,-11,0
433,4.350696,1.157134,-11,0
434,4.322186,1.162116,-11,0
435,4.291723,1.165893,-11,0
436,4.258648,1.16987,-11,0
437,4.226338,1.17216,-11,0
438,4.193297,1.17407,-11,0
439,4.161022,1.177329,-11,0
440,4.132179,1.178857,-11,0
441,4.106676,1.180848,-11,0
442,4.080787,1.185278,-11,0
443,4.055485,1.187139,-11,0
444,4.032521,1.191259,-11,0
445,4.00621,1.195364,-11,0
446,3.981255,1.196467,-11,0
447,3.953324,1.200834,-11,0
448,3.925549,1.202215,-11,0
449,3.898593,1.202327,-11,0
450,3.869284,1.205566,-11,0
451,3.841008,1.209019,-11,0
452,3.813251,1.213147,-11,0
453,3.786501,1.217457,-11,0
454,3.758498,1.222156,-11,0
455,3.728866,1.22791,-11,0
456,3.698351,1.23489,-11,0
457,3.664573,1.243371,-11,0
458,3.633455,1.25263,-11,0
459,3.603553,1.262967,-11,0
460,3.574689,1.272529,-11,0
461,3.545233,1.282354,-11,0
462,3.515528,1.293719,-11,0
463,3.484535,1.30556,-11,0
464,3.453748,1.318082,-11,0
465,3.424779,1.330166,-11,0
466,3.396821,1.341931,-11,0
467,3.368861,1.351414,-11,0
468,3.341884,1.358016,-11,0
469,3.318408,1.361472,-11,0
470,3.295131,1.364009,-11,0
471,3.27244,1.366945,-11,0
472,3.250676,1.370739,-11,0
473,3.22679,1.3754,-11,0
474,3.204413,1.379753,-11,0
475,3.183307,1.383629,-11,0
476,3.156437,1.389219,-11,0
477,3.127871,1.393254,-11,0
478,3.102864,1.396009,-11,0
479,3.081325,1.398177,9.526278,-5.5
480,3.057124,1.405617,9.526278,-5.5
481,3.026657,1.414714,9.526278,-5.5
482,2.998587,1.426092,9.526278,-5.5
483,2.969894,1.439651,9.526278,-5.5
484,2.948984,1.452443,9.526278,-5.5
485,2.932977,1.463718,9.526278,-5.5
486,2.915656,1.469476,9.526278,-5.5
487,2.896168,1.473667,9.526278,-5.5
488,2.871413,1.479634,9.526278,-5.5
489,2.845347,1.485848,9.526278,-5.5
490,2.819318,1.491713,9.526278,-5.5
491,2.794782,1.494497,9.526278,-5.5
492,2.769386,1.49547,9.526278,-5.5
493,2.745191,1.492007,9.526278,-5.5
494,2.721462,1.486072,9.526278,-5.5
495,2.698694,1.478363,9.526278,-5.5
496,2.680442,1.468929,9.526278,-5.5
497,2.662771,1.460429,9.526278,-5.5
498,2.648054,1.451412,9.526278,-5.5
499,2.638745,1.442101,9.526278,-5.5
500,2.632094,1.432359,9.526278,-5.5
501,2.622783,1.423906,9.526278,-5.5
502,2.613364,1.414837,9.526278,-5.5
503,2.603816,1.404673,9.526278,-5.5
504,2.592116,1.394901,9.526278,-5.5
505,2.57811,1.38295,9.526278,-5.5
506,2.564213,1.370986,9.526278,-5.5
507,2.547409,1.358081,9.526278,-5.5
508,2.528358,1.345371,9.526278,-5.5
509,2.508462,1.332653,9.526278,-5.5
510,2.489626,1.320879,9.526278,-5.5
511,2.472367,1.30629,9.526278,-5.5
512,2.45725,1.292748,9.526278,-5.5
513,2.443746,1.278456,9.526278,-5.5
514,2.43163,1.263989,9.526278,-5.5
515,2.417574,1.249926,9.526278,-5.5
516,2.40249,1.23825,9.526278,-5.5
517,2.390002,1.230211,9.526278,-5.5
518,2.378002,1.2235,9.526278,-5.5
519,2.367107,1.216413,9.526278,-5.5
520,2.356716,1.206563,9.526278,-5.5
521,2.35045,1.195016,9.526278,-5.5
522,2.346689,1.182326,9.526278,-5.5
523,2.34411,1.172911,9.526278,-5.5
524,2.33984,1.159967,9.526278,-5.5
525,2.336645,1.149585,9.526278,-5.5
526,2.33315,1.139761,9.526278,-5.5
527,2.330582,1.128081,9.526278,-5.5
528,2.32927,1.115566,9.526278,-5.5
529,2.330382,1.103599,9.526278,-5.5
530,2.330619,1.090059,9.526278,-5.5
531,2.333387,1.073406,9.526278,-5.5
532,2.337181,1.060881,9.526278,-5.5
533,2.342076,1.046107,9.526278,-5.5
534,2.346488,1.036682,9.526278,-5.5
535,2.348905,1.028304,9.526278,-5.5
536,2.351151,1.016549,9.526278,-5.5
537,2.354188,1.003689,9.526278,-5.5
538,2.357039,0.9911026,9.526278,-5.5
539,2.360866,0.9753897,9.526278,-5.5
540,2.366991,0.9612398,9.526278,-5.5
541,2.375899,0.9414437,9.526278,-5.5
542,2.384998,0.9241065,9.526278,-5.5
543,2.39512,0.9080576,9.526278,-5.5
544,2.404309,0.8918084,9.526278,-5.5
545,2.415156,0.8755548,9.526278,-5.5
546,2.425245,0.8572358,9.526278,-5.5
547,2.433231,0.8386314,9.526278,-5.5
548,2.442123,0.8211508,9.526278,-5.5
549,2.450432,0.8056993,9.526278,-5.5
550,2.460459,0.7869055,9.526278,-5.5
551,2.469785,0.7689047,9.526278,-5.5
552,2.479667,0.7508132,9.526278,-5.5
553,2.490956,0.7309341,9.526278,-5.5
554,2.501568,0.7129133,9.526278,-5.5
555,2.514047,0.6949706,9.526278,-5.5
556,2.525889,0.6766202,9.526278,-5.5
557,2.537211,0.6588249,9.526278,-5.5
558,2.550275,0.640794,9.526278,-5.5
559,2.561116,0.6201305,9.526278,-5.5
560,2.569726,0.5968583,9.526278,-5.5
561,2.578886,0.570205,9.526278,-5.5
562,2.587935,0.5426245,9.526278,-5.5
563,2.596845,0.5109758,9.526278,-5.5
564,2.604233,0.4812768,9.526278,-5.5
565,2.611819,0.4513196,9.526278,-5.5
566,2.617509,0.4248855,9.526278,-5.5
567,2.623754,0.4004884,9.526278,-5.5
568,2.631174,0.3737006,9.526278,-5.5
569,2.636934,0.3466914,9.526278,-5.5
570,2.642535,0.3188503,9.526278,-5.5
571,2.648211,0.2943687,9.526278,-5.5
572,2.655322,0.2689672,9.526278,-5.5
573,2.662769,0.2433555,9.526278,-5.5
574,2.668313,0.2218635,9.526278,-5.5
575,2.675389,0.2004238,9.526278,-5.5
576,2.682752,0.1807728,9.526278,-5.5
577,2.689323,0.1634686,9.526278,-5.5
578,2.699032,0.14352,9.526278,-5.5
579,2.70912,0.1232799,9.526278,-5.5
580,2.720167,0.1058173,9.526278,-5.5
581,2.727584,0.09224582,9.526278,-5.5
582,2.73584,0.07842052,9.526278,-5.5
583,2.745986,0.06015563,9.526278,-5.5
584,2.756861,0.04046607,-9.526278,5.5
585,2.76558,0.02982712,-9.526278,5.5
586,2.775091,0.01796341,-9.526278,5.5
587,2.784796,0.005664706,-9.526278,5.5
588,2.793783,-0.006494582,-9.526278,5.5
589,2.805791,-0.01889348,-9.526278,5.5
590,2.819084,-0.03079343,-9.526278,5.5
591,2.836761,-0.04375732,-9.526278,5.5
592,2.854587,-0.05819231,-9.526278,5.5
593,2.869178,-0.06962895,-9.526278,5.5
594,2.881888,-0.08047539,-9.526278,5.5
595,2.894835,-0.09596926,-9.526278,5.5
596,2.901916,-0.1157991,-9.526278,5.5
597,2.906416,-0.1380321,-9.526278,5.5
598,2.907086,-0.1581085,-9.526278,5.5
599,2.904704,-0.1745806,-9.526278,5.5
600,2.905343,-0.1874974,-9.526278,5.5
601,2.910113,-0.2015251,-9.526278,5.5
602,2.911205,-0.2150047,-9.526278,5.5
603,2.908905,-0.2289022,-9.526278,5.5
604,2.902943,-0.2407854,-9.526278,5.5
605,2.895204,-0.2508296,-9.526278,5.5
606,2.886092,-0.2593554,-9.526278,5.5
607,2.879156,-0.266448,-9.526278,5.5
608,2.87279,-0.2732411,-9.526278,5.5
609,2.866786,-0.2794819,-9.526278,5.5
610,2.856499,-0.2876756,-9.526278,5.5
611,2.845267,-0.2959371,-9.526278,5.5
612,2.834582,-0.3041078,-9.526278,5.5
613,2.823724,-0.3089332,-9.526278,5.5
614,2.810861,-0.3121976,-9.526278,5.5
615,2.796278,-0.3142315,-9.526278,5.5
616,2.77853,-0.3151938,-9.526278,5.5
617,2.759302,-0.3130708,-9.526278,5.5
618,2.740391,-0.3082528,-9.526278,5.5
619,2.721304,-0.3006434,-9.526278,5.5
620,2.70144,-0.292696,-9.526278,5.5
621,2.680174,-0.2861396,-9.526278,5.5
622,2.659363,-0.281054,-9.526278,5.5
623,2.634484,-0.2766843,-9.526278,5.5
624,2.608543,-0.2685821,-9.526278,5.5
625,2.582936,-0.2594682,-9.526278,5.5
626,2.556512,-0.250598,-9.526278,5.5
627,2.529797,-0.2399975,-9.526278,5.5
628,2.511035,-0.2319678,-9.526278,5.5
629,2.49246,-0.2261758,-9.526278,5.5
630,2.472772,-0.221894,-9.526278,5.5
631,2.455362,-0.2200133,-9.526278,5.5
632,2.435412,-0.2179165,-9.526278,5.5
633,2.417205,-0.2156891,-9.526278,5.5
634,2.398685,-0.2137277,-9.526278,5.5
635,2.38317,-0.2103238,-9.526278,5.5
636,2.362895,-0.2092912,-9.526278,5.5
637,2.3435,-0.2071092,-9.526278,5.5
638,2.321896,-0.2030129,-9.526278,5.5
639,2.296959,-0.2020342,-9.526278,5.5
640,2.272968,-0.1987023,-9.526278,5.5
641,2.249393,-0.1943468,-9.526278,5.5
642,2.230753,-0.1917304,-9.526278,5.5
643,2.212542,-0.1898721,-9.526278,5.5
644,2.191575,-0.1881278,-9.526278,5.5
645,2.170695,-0.1849663,-9.526278,5.5
646,2.149201,-0.1830783,-9.526278,5.5
647,2.125512,-0.1793743,-9.526278,5.5
648,2.099482,-0.1758786,-9.526278,5.5
649,2.075221,-0.1723519,-9.526278,5.5
650,2.04916,-0.1684803,-9.526278,5.5
651,2.025814,-0.1658866,-9.526278,5.5
652,2.000686,-0.1639751,-9.526278,5.5
653,1.971332,-0.1626514,-9.526278,5.5
654,1.941526,-0.1613699,-9.526278,5.5
655,1.910923,-0.158527,-9.526278,5.5
656,1.882432,-0.1555785,-9.526278,5.5
657,1.857676,-0.1545283,-9.526278,5.5
658,1.832876,-0.1517258,-9.526278,5.5
659,1.806531,-0.1498077,-9.526278,5.5
660,1.778864,-0.1470464,-9.526278,5.5
661,1.749847,-0.1432335,-9.526278,5.5
662,1.726099,-0.1402519,-9.526278,5.5
663,1.703024,-0.1363478,-9.526278,5.5
664,1.676988,-0.130735,-9.526278,5.5
665,1.64951,-0.1213083,-9.526278,5.5
666,1.622785,-0.1134852,-9.526278,5.5
667,1.597799,-0.1039488,-9.526278,5.5
668,1.571966,-0.09430528,-9.526278,5.5
669,1.543004,-0.08135897,-9.526278,5.5
670,1.515722,-0.06649005,-9.526278,5.5
671,1.490334,-0.0525707,-9.526278,5.5
672,1.465866,-0.03893334,-9.526278,5.5
673,1.441552,-0.02227163,-9.526278,5.5
674,1.418859,-0.00490427,-9.526278,5.5
675,1.397536,0.01183045,-9.526278,5.5
676,1.373813,0.02950478,-9.526278,5.5
677,1.346582,0.04707253,-9.526278,5.5
678,1.319584,0.06610596,-9.526278,5.5
679,1.293331,0.08463049,-9.526278,5.5
680,1.268862,0.1031549,-9.526278,5.5
681,1.244655,0.118672,-9.526278,5.5
682,1.223209,0.1339917,-9.526278,5.5
683,1.204699,0.14685,-9.526278,5.5
684,1.185274,0.1556282,-9.526278,5.5
685,1.164937,0.1642714,-9.526278,5.5
686,1.147103,0.171997,-9.526278,5.5
687,1.13184,0.1810918,-9.526278,5.5
688,1.112833,0.1913543,-9.526278,5.5
689,1.091686,0.2001925,-9.526278,5.5
690,1.068081,0.20915,-9.526278,5.5
691,1.047468,0.2174926,-9.526278,5.5
692,1.026388,0.2234637,-9.526278,5.5
693,1.00526,0.2285705,-9.526278,5.5
694,0.9836469,0.2373943,-9.526278,5.5
695,0.9617579,0.2447841,-9.526278,5.5
696,0.940853,0.252035,-9.526278,5.5
697,0.9186397,0.261399,-9.526278,5.5
698,0.8957054,0.2695402,-9.526278,5.5
699,0.8746826,0.276903,-9.526278,5.5
700,0.8509632,0.2857653,-9.526278,5.5
701,0.8269706,0.2932539,-9.526278,5.5
702,0.8007689,0.3001305,-9.526278,5.5
703,0.7733791,0.3075845,-9.526278,5.5
704,0.7426131,0.3145864,-9.526278,5.5
705,0.7145095,0.3206613,-9.526278,5.5
706,0.6862246,0.3255183,-9.526278,5.5
707,0.6536736,0.3328426,-9.526278,5.5
708,0.6225492,0.3402569,-9.526278,5.5
709,0.5950049,0.3466893,-9.526278,5.5
710,0.5679102,0.3517892,-9.526278,5.5
711,0.540364,0.3580315,-9.526278,5.5
712,0.5131199,0.3622396,-9.526278,5.5
713,0.4857641,0.3676672,-9.526278,5.5
714,0.4596567,0.3710548,-9.526278,5.5
715,0.4316382,0.376756,-9.526278,5.5
716,0.4019887,0.3818061,-9.526278,5.5
717,0.3752032,0.3860068,-9.526278,5.5
718,0.3474569,0.3912024,-9.526278,5.5
719,0.3160398,0.3983692,-9.526278,5.5
720,0.2883764,0.4047104,-9.526278,5.5
721,0.2610719,0.4131758,-9.526278,5.5
722,0.2321063,0.4216398,-9.526278,5.5
723,0.2052012,0.4328673,-9.526278,5.5
724,0.1764574,0.4477639,-9.526278,5.5
725,0.1472404,0.4647106,-9.526278,5.5
726,0.1177021,0.4824814,-9.526278,5.5
727,0.09016155,0.4995631,-9.526278,5.5
728,0.06170983,0.5155959,-9.526278,5.5
729,0.03436914,0.5322227,-9.526278,5.5
730,0.006952832,0.5491447,-9.526278,5.5
731,-0.01783852,0.5664611,-9.526278,5.5
732,-0.04247287,0.5842893,-9.526278,5.5
733,-0.06838211,0.6011629,-9.526278,5.5
734,-0.0940119,0.6180639,-9.526278,5.5
735,-0.1194106,0.6337844,-9.526278,5.5
736,-0.1422606,0.6472316,-9.526278,5.5
737,-0.1620286,0.6605697,-9.526278,5.5
738,-0.1802966,0.6720288,-9.526278,5.5
739,-0.2020372,0.683517,-9.526278,5.5
740,-0.2216257,0.6929197,-9.526278,5.5
741,-0.2427479,0.7021775,-9.526278,5.5
742,-0.2616976,0.7112417,-9.526278,5.5
743,-0.2800931,0.7215427,-9.526278,5.5
744,-0.3009206,0.7284154,-9.526278,5.5
745,-0.3217405,0.735826,-9.526278,5.5
746,-0.3427451,0.7415984,-9.526278,5.5
747,-0.3653447,0.7475033,-9.526278,5.5
748,-0.385011,0.7512221,-9.526278,5.5
749,-0.4069129,0.7588699,-9.526278,5.5
750,-0.4287112,0.768795,-9.526278,5.5
751,-0.4510517,0.7766767,-9.526278,5.5
752,-0.473024,0.786055,-9.526278,5.5
753,-0.4937352,0.7954562,-9.526278,5.5
754,-0.5151044,0.802914,-9.526278,5.5
755,-0.5398976,0.8098736,-9.526278,5.5
756,-0.5657155,0.8156582,-9.526278,5.5
757,-0.5895025,0.8211334,-9.526278,5.5
758,-0.6165857,0.8280585,-9.526278,5.5
759,-0.6435552,0.8337746,-9.526278,5.5
760,-0.6742324,0.8412032,-9.526278,5.5
761,-0.7040592,0.8483043,-9.526278,5.5
762,-0.7338721,0.8548114,-9.526278,5.5
763,-0.7624042,0.8613844,-9.526278,5.5
764,-0.7923461,0.8651855,-9.526278,5.5
765,-0.8190827,0.8686104,-9.526278,5.5
766,-0.8475614,0.8735118,-9.526278,5.5
767,-0.8739378,0.87937,-9.526278,5.5
768,-0.900483,0.883329,-9.526278,5.5
769,-0.9316215,0.888288,-9.526278,5.5
770,-0.9599708,0.893666,-9.526278,5.5
771,-0.9872251,0.8992467,-9.526278,5.5
772,-1.014891,0.9060333,-9.526278,5.5
773,-1.042762,0.9139448,-9.526278,5.5
774,-1.072298,0.9244044,-9.526278,5.5
775,-1.102647,0.936902,-9.526278,5.5
776,-1.128982,0.9489877,-9.526278,5.5
777,-1.153795,0.9614278,-9.526278,5.5
778,-1.179623,0.9761127,-9.526278,5.5
779,-1.205735,0.9895761,-9.526278,5.5
780,-1.233838,1.005526,-9.526278,5.5
781,-1.265318,1.025126,-9.526278,5.5
782,-1.296286,1.042307,-9.526278,5.5
783,-1.327254,1.060036,-9.526278,5.5
784,-1.356507,1.076334,-9.526278,5.5
785,-1.383584,1.095272,-9.526278,5.5
786,-1.409245,1.11354,-9.526278,5.5
787,-1.437339,1.130932,-9.526278,5.5
788,-1.461365,1.146821,-9.526278,5.5
789,-1.480986,1.159604,-9.526278,5.5
790,-1.502236,1.170798,-9.526278,5.5
791,-1.525277,1.183883,-9.526278,5.5
792,-1.543494,1.194701,-9.526278,5.5
793,-1.562486,1.204882,-9.526278,5.5
794,-1.580053,1.213871,-9.526278,5.5
795,-1.601618,1.221861,-9.526278,5.5
796,-1.624285,1.230147,-9.526278,5.5
797,-1.64522,1.239252,-9.526278,5.5
798,-1.666266,1.247,-9.526278,5.5
799,-1.689302,1.254942,-9.526278,5.5
800,-1.714391,1.263724,-9.526278,5.5
801,-1.7376,1.27227,-9.526278,5.5
802,-1.759069,1.280521,-9.526278,5.5
803,-1.781048,1.289814,-9.526278,5.5
804,-1.80558,1.297333,-9.526278,5.5
805,-1.828223,1.304269,-9.526278,5.5
806,-1.849195,1.311496,-9.526278,5.5
807,-1.871817,1.318454,-9.526278,5.5
808,-1.893483,1.325749,-9.526278,5.5
809,-1.922017,1.333679,-9.526278,5.5
810,-1.9485,1.341578,-9.526278,5.5
811,-1.978995,1.350784,-9.526278,5.5
812,-2.013691,1.360786,-9.526278,5.5
813,-2.044399,1.371005,-9.526278,5.5
814,-2.074036,1.378922,-9.526278,5.5
815,-2.104665,1.386232,-9.526278,5.5
816,-2.132758,1.393498,-9.526278,5.5
817,-2.162504,1.399673,-9.526278,5.5
818,-2.187582,1.406376,-9.526278,5.5
819,-2.214973,1.412035,-9.526278,5.5
820,-2.241914,1.418134,-9.526278,5.5
821,-2.270503,1.423666,-9.526278,5.5
822,-2.300583,1.431063,-9.526278,5.5
823,-2.329671,1.439493,-9.526278,5.5
824,-2.355778,1.447368,-9.526278,5.5
825,-2.382906,1.454872,-9.526278,5.5
826,-2.41094,1.465452,-9.526278,5.5
827,-2.436896,1.476355,-9.526278,5.5
828,-2.463013,1.485398,-9.526278,5.5
829,-2.492721,1.496985,-9.526278,5.5
830,-2.521281,1.510699,-9.526278,5.5
831,-2.548285,1.523623,-9.526278,5.5
832,-2.576753,1.539276,-9.526278,5.5
833,-2.603547,1.554577,-9.526278,5.5
834,-2.628888,1.569091,-9.526278,5.5
835,-2.657415,1.585401,-9.526278,5.5
836,-2.68578,1.601773,-9.526278,5.5
837,-2.711643,1.613492,-9.526278,5.5
838,-2.73985,1.628864,-9.526278,5.5
839,-2.767167,1.645821,-9.526278,5.5
840,-2.793269,1.664035,-9.526278,5.5
841,-2.819863,1.681637,-9.526278,5.5
842,-2.847256,1.698195,-9.526278,5.5
843,-2.870692,1.713508,-9.526278,5.5
844,-2.891464,1.726765,-9.526278,5.5
845,-2.910645,1.739267,-9.526278,5.5
846,-2.929467,1.750495,-9.526278,5.5
847,-2.949221,1.761576,-9.526278,5.5
848,-2.970915,1.771637,-9.526278,5.5
849,-2.990985,1.778732,-9.526278,5.5
850,-3.011422,1.784035,-9.526278,5.5
851,-3.034529,1.791753,-9.526278,5.5
852,-3.056045,1.798844,-9.526278,5.5
853,-3.082356,1.807645,-9.526278,5.5
854,-3.105692,1.814264,-9.526278,5.5
855,-3.128188,1.822114,-9.526278,5.5
856,-3.149478,1.827738,-9.526278,5.5
857,-3.171781,1.834033,-9.526278,5.5
858,-3.195094,1.840249,-9.526278,5.5
859,-3.220589,1.846606,-9.526278,5.5
860,-3.247764,1.853798,-9.526278,5.5
861,-3.27206,1.859279,-9.526278,5.5
862,-3.29678,1.865376,-9.526278,5.5
863,-3.324948,1.872662,5.5,-9.526279
864,-3.355436,1.879784,5.5,-9.526279
865,-3.387987,1.888295,5.5,-9.526279
866,-3.419183,1.89813,5.5,-9.526279
867,-3.446189,1.91034,5.5,-9.526279
868,-3.469268,1.920543,5.5,-9.526279
869,-3.488156,1.929605,5.5,-9.526279
870,-3.504704,1.939454,5.5,-9.526279
871,-3.524023,1.949599,5.5,-9.526279
872,-3.548999,1.960096,5.5,-9.526279
873,-3.579637,1.970846,5.5,-9.526279
874,-3.613527,1.983295,5.5,-9.526279
875,-3.651235,1.996241,5.5,-9.526279
876,-3.68884,2.007013,5.5,-9.526279
877,-3.726284,2.010247,5.5,-9.526279
878,-3.763788,2.009174,5.5,-9.526279
879,-3.796337,2.005262,5.5,-9.526279
880,-3.822608,2.000868,5.5,-9.526279
881,-3.841318,1.997298,5.5,-9.526279
882,-3.856307,1.993477,5.5,-9.526279
883,-3.870327,1.991139,5.5,-9.526279
884,-3.883234,1.991676,5.5,-9.526279
885,-3.900309,1.990133,5.5,-9.526279
886,-3.921583,1.984011,5.5,-9.526279
887,-3.942885,1.97708,5.5,-9.526279
888,-3.960604,1.973071,5.5,-9.526279
889,-3.976732,1.971527,5.5,-9.526279
890,-3.98998,1.967933,5.5,-9.526279
891,-4.001428,1.962758,5.5,-9.526279
892,-4.014837,1.958209,5.5,-9.526279
893,-4.026023,1.950475,5.5,-9.526279
894,-4.033957,1.942781,5.5,-9.526279
895,-4.042423,1.937171,5.5,-9.526279
896,-4.04901,1.932451,5.5,-9.526279
897,-4.056316,1.926929,5.5,-9.526279
898,-4.063512,1.920506,5.5,-9.526279
899,-4.072145,1.914408,5.5,-9.526279
900,-4.081451,1.906969,5.5,-9.526279
901,-4.089405,1.895986,5.5,-9.526279
902,-4.095333,1.886981,5.5,-9.526279
903,-4.101725,1.87899,5.5,-9.526279
904,-4.108037,1.868826,5.5,-9.526279
905,-4.113802,1.856527,5.5,-9.526279
906,-4.11987,1.842556,5.5,-9.526279
907,-4.123937,1.828842,5.5,-9.526279
908,-4.125804,1.816203,5.5,-9.526279
909,-4.126717,1.80485,5.5,-9.526279
910,-4.130976,1.797577,5.5,-9.526279
911,-4.134469,1.785264,5.5,-9.526279
912,-4.137043,1.773188,5.5,-9.526279
913,-4.143074,1.760988,5.5,-9.526279
914,-4.149217,1.745856,5.5,-9.526279
915,-4.153777,1.731754,5.5,-9.526279
916,-4.157474,1.716438,5.5,-9.526279
917,-4.158818,1.700474,5.5,-9.526279
918,-4.159379,1.681949,5.5,-9.526279
919,-4.156584,1.661256,5.5,-9.526279
920,-4.153894,1.63991,5.5,-9.526279
921,-4.150761,1.617235,5.5,-9.526279
922,-4.147786,1.595423,5.5,-9.526279
923,-4.144465,1.576879,5.5,-9.526279
924,-4.139167,1.55723,5.5,-9.526279
925,-4.134964,1.537098,5.5,-9.526279
926,-4.130349,1.518138,5.5,-9.526279
927,-4.126269,1.497546,5.5,-9.526279
928,-4.120782,1.476037,5.5,-9.526279
929,-4.114662,1.451493,5.5,-9.526279
930,-4.109046,1.426406,5.5,-9.526279
931,-4.106884,1.402147,5.5,-9.526279
932,-4.10535,1.378022,5.5,-9.526279
933,-4.10106,1.354978,5.5,-9.526279
934,-4.097726,1.331296,5.5,-9.526279
935,-4.095636,1.308544,5.5,-9.526279
936,-4.092193,1.283195,5.5,-9.526279
937,-4.089296,1.255431,5.5,-9.526279
938,-4.087064,1.228055,5.5,-9.526279
939,-4.082335,1.199834,5.5,-9.526279
940,-4.078869,1.17099,5.5,-9.526279
941,-4.076961,1.14546,5.5,-9.526279
942,-4.078952,1.122119,5.5,-9.526279
943,-4.081196,1.101787,5.5,-9.526279
944,-4.082411,1.08066,5.5,-9.526279
945,-4.083923,1.059584,5.5,-9.526279
946,-4.085956,1.0376,5.5,-9.526279
947,-4.088385,1.012877,5.5,-9.526279
948,-4.08885,0.9889839,5.5,-9.526279
949,-4.089111,0.9655666,5.5,-9.526279
950,-4.087318,0.9412956,5.5,-9.526279
951,-4.086182,0.9170144,5.5,-9.526279
952,-4.08205,0.8928609,5.5,-9.526279
953,-4.080348,0.8687718,5.5,-9.526279
954,-4.078472,0.8480804,5.5,-9.526279
955,-4.07482,0.827013,5.5,-9.526279
956,-4.070532,0.808254,5.5,-9.526279
957,-4.066545,0.7868419,5.5,-9.526279
958,-4.063389,0.767545,5.5,-9.526279
959,-4.059759,0.7454464,5.5,-9.526279
960,-4.055818,0.7241472,5.5,-9.526279
961,-4.051052,0.705056,5.5,-9.526279
962,-4.046079,0.6882689,5.5,-9.526279
963,-4.039962,0.6681859,5.5,-9.526279
964,-4.035235,0.645375,5.5,-9.526279
965,-4.032233,0.624797,5.5,-9.526279
966,-4.026707,0.6032176,5.5,-9.526279
967,-4.021006,0.5825181,5.5,-9.526279
968,-4.013843,0.5609169,5.5,-9.526279
969,-4.00511,0.534413,5.5,-9.526279
970,-3.997929,0.5096362,5.5,-9.526279
971,-3.990441,0.4861455,5.5,-9.526279
972,-3.981622,0.464272,5.5,-9.526279
973,-3.971056,0.439276,5.5,-9.526279
974,-3.960775,0.4114401,5.5,-9.526279
975,-3.948394,0.3851563,5.5,-9.526279
976,-3.936198,0.3603497,5.5,-9.526279
977,-3.92435,0.3346941,5.5,-9.526279
978,-3.912404,0.311902,5.5,-9.526279
979,-3.900491,0.2875122,5.5,-9.526279
980,-3.890506,0.2612623,5.5,-9.526279
981,-3.879132,0.2354778,5.5,-9.526279
982,-3.869104,0.2098753,5.5,-9.526279
983,-3.859769,0.1834596,5.5,-9.526279
984,-3.852359,0.1578908,5.5,-9.526279
985,-3.841973,0.1317374,5.5,-9.526279
986,-3.829494,0.1073701,5.5,-9.526279
987,-3.818542,0.08469296,5.5,-9.526279
988,-3.808573,0.06070197,5.5,-9.526279
989,-3.797457,0.03189361,5.5,-9.526279
990,-3.788743,0.004655957,5.5,-9.526279
991,-3.780571,-0.02029186,5.5,-9.526279
992,-3.774754,-0.04801834,5.5,-9.526279
993,-3.767586,-0.07999611,5.5,-9.526279
994,-3.760927,-0.1108137,5.5,-9.526279
995,-3.755141,-0.1420277,5.5,-9.526279
996,-3.748285,-0.1755179,5.5,-9.526279
997,-3.741909,-0.2076192,5.5,-9.526279
998,-3.737619,-0.236208,5.5,-9.526279
999,-3.733988,-0.2644808,5.5,-9.526279
1000,-3.727083,-0.294632,5.5,-9.526279
1001,-3.721198,-0.3244301,5.5,-9.526279
1002,-3.717396,-0.3531342,5.5,-9.526279
1003,-3.714673,-0.3808452,5.5,-9.526279
1004,-3.710187,-0.4101443,5.5,-9.526279
1005,-3.7055,-0.4384849,5.5,-9.526279
1006,-3.701981,-0.4653463,5.5,-9.526279
1007,-3.698065,-0.4880226,5.5,-9.526279
1008,-3.692413,-0.5100288,5.5,-9.526279
1009,-3.687917,-0.5292463,5.5,-9.526279
1010,-3.681261,-0.5515935,5.5,-9.526279
1011,-3.673774,-0.574557,5.5,-9.526279
1012,-3.664355,-0.596544,5.5,-9.526279
1013,-3.65583,-0.6217471,5.5,-9.526279
1014,-3.644777,-0.6465982,5.5,-9.526279
1015,-3.63364,-0.6685558,5.5,-9.526279
1016,-3.623459,-0.6900751,5.5,-9.526279
1017,-3.614353,-0.7114882,5.5,-9.526279
1018,-3.603574,-0.7323217,5.5,-9.526279
1019,-3.593174,-0.7543785,5.5,-9.526279
1020,-3.58327,-0.7786202,5.5,-9.526279
1021,-3.574451,-0.8030221,5.5,-9.526279
1022,-3.565376,-0.828011,5.5,-9.526279
1023,-3.555225,-0.8514313,5.5,-9.526279
1024,-3.542912,-0.8759151,5.5,-9.526279
1025,-3.527936,-0.9002868,5.5,-9.526279
1026,-3.512696,-0.9265537,5.5,-9.526279
1027,-3.495236,-0.9530598,5.5,-9.526279
1028,-3.476337,-0.980302,5.5,-9.526279
1029,-3.457129,-1.006715,5.5,-9.526279
1030,-3.438028,-1.034157,5.5,-9.526279
1031,-3.420405,-1.060122,5.5,-9.526279
1032,-3.402606,-1.082097,5.5,-9.526279
1033,-3.387198,-1.10262,5.5,-9.526279
1034,-3.372248,-1.12282,5.5,-9.526279
1035,-3.35813,-1.145866,5.5,-9.526279
1036,-3.344472,-1.168468,5.5,-9.526279
1037,-3.328634,-1.192814,5.5,-9.526279
1038,-3.311559,-1.218852,5.5,-9.526279
1039,-3.294678,-1.24503,5.5,-9.526279
1040,-3.278586,-1.268999,5.5,-9.526279
1041,-3.262024,-1.291559,5.5,-9.526279
1042,-3.244992,-1.317178,5.5,-9.526279
1043,-3.228288,-1.342912,5.5,-9.526279
1044,-3.212089,-1.369303,5.5,-9.526279
1045,-3.198112,-1.395618,5.5,-9.526279
1046,-3.183759,-1.424255,5.5,-9.526279
1047,-3.171274,-1.456227,5.5,-9.526279
1048,-3.160097,-1.48718,5.5,-9.526279
1049,-3.147126,-1.518047,5.5,-9.526279
1050,-3.134291,-1.547563,5.5,-9.526279
1051,-3.122995,-1.573058,5.5,-9.526279
1052,-3.113713,-1.601419,5.5,-9.526279
1053,-3.102964,-1.632663,5.5,-9.526279
1054,-3.09059,-1.662895,5.5,-9.526279
1055,-3.078825,-1.691585,5.5,-9.526279
1056,-3.066548,-1.719447,5.5,-9.526279
1057,-3.055017,-1.747013,5.5,-9.526279
1058,-3.047044,-1.769431,5.5,-9.526279
1059,-3.036305,-1.794934,5.5,-9.526279
1060,-3.025633,-1.819789,5.5,-9.526279
1061,-3.016052,-1.843444,5.5,-9.526279
1062,-3.005906,-1.866254,5.5,-9.526279
1063,-2.995517,-1.887328,5.5,-9.526279
1064,-2.98519,-1.904471,5.5,-9.526279
1065,-2.976666,-1.920991,5.5,-9.526279
1066,-2.962909,-1.943053,5.5,-9.526279
1067,-2.948587,-1.966009,5.5,-9.526279
1068,-2.935366,-1.985672,5.5,-9.526279
1069,-2.921034,-2.006462,5.5,-9.526279
1070,-2.906177,-2.025277,5.5,-9.526279
1071,-2.893264,-2.041965,5.5,-9.526279
1072,-2.877351,-2.062095,5.5,-9.526279
1073,-2.860345,-2.082641,5.5,-9.526279
1074,-2.846692,-2.101812,5.5,-9.526279
1075,-2.832363,-2.120733,5.5,-9.526279
1076,-2.816835,-2.14248,5.5,-9.526279
1077,-2.800112,-2.167164,5.5,-9.526279
1078,-2.782608,-2.18889,5.5,-9.526279
1079,-2.763569,-2.21165,5.5,-9.526279
1080,-2.744208,-2.235059,5.5,-9.526279
1081,-2.722628,-2.261277,5.5,-9.526279
1082,-2.698333,-2.288382,5.5,-9.526279
1083,-2.675243,-2.314408,5.5,-9.526279
1084,-2.653691,-2.337579,5.5,-9.526279
1085,-2.635706,-2.359231,5.5,-9.526279
1086,-2.617433,-2.37994,5.5,-9.526279
1087,-2.598433,-2.400328,5.5,-9.526279
1088,-2.580243,-2.420457,5.5,-9.526279
1089,-2.562486,-2.441156,5.5,-9.526279
1090,-2.543449,-2.463068,5.5,-9.526279
1091,-2.523219,-2.484775,5.5,-9.526279
1092,-2.504025,-2.507545,5.5,-9.526279
1093,-2.486301,-2.529016,5.5,-9.526279
1094,-2.46664,-2.551756,5.5,-9.526279
1095,-2.448229,-2.573115,5.5,-9.526279
1096,-2.429047,-2.596518,5.5,-9.526279
1097,-2.410485,-2.621888,5.5,-9.526279
1098,-2.393225,-2.647988,5.5,-9.526279
1099,-2.37571,-2.675143,5.5,-9.526279
1100,-2.357836,-2.701091,5.5,-9.526279
1101,-2.339577,-2.728895,5.5,-9.526279
1102,-2.325494,-2.756836,5.5,-9.526279
1103,-2.311436,-2.784847,5.5,-9.526279
1104,-2.297283,-2.81364,5.5,-9.526279
1105,-2.283351,-2.839007,5.5,-9.526279
1106,-2.271082,-2.864588,5.5,-9.526279
1107,-2.259097,-2.888984,5.5,-9.526279
1108,-2.2467,-2.913754,5.5,-9.526279
1109,-2.234318,-2.939749,5.5,-9.526279
1110,-2.222127,-2.96441,5.5,-9.526279
1111,-2.210383,-2.986418,5.5,-9.526279
1112,-2.200654,-3.006479,5.5,-9.526279
1113,-2.190766,-3.023629,5.5,-9.526279
1114,-2.178491,-3.041487,5.5,-9.526279
1115,-2.166363,-3.059001,5.5,-9.526279
1116,-2.154659,-3.073709,5.5,-9.526279
1117,-2.141412,-3.089072,5.5,-9.526279
1118,-2.127952,-3.103716,5.5,-9.526279
1119,-2.116213,-3.11988,5.5,-9.526279
1120,-2.101971,-3.140165,5.5,-9.526279
1121,-2.085059,-3.161283,5.5,-9.526279
1122,-2.069292,-3.179742,5.5,-9.526279
1123,-2.055336,-3.196377,5.5,-9.526279
1124,-2.039129,-3.213289,5.5,-9.526279
1125,-2.021717,-3.231162,5.5,-9.526279
1126,-2.005341,-3.24884,5.5,-9.526279
1127,-1.991054,-3.265333,5.5,-9.526279
1128,-1.977073,-3.28147,5.5,-9.526279
1129,-1.964251,-3.298679,-5.5,9.526279
1130,-1.949942,-3.320115,-5.5,9.526279
1131,-1.935195,-3.34453,-5.5,9.526279
1132,-1.922087,-3.368112,-5.5,9.526279
1133,-1.911909,-3.390628,-5.5,9.526279
1134,-1.905568,-3.410136,-5.5,9.526279
1135,-1.897108,-3.425721,-5.5,9.526279
1136,-1.892078,-3.43923,-5.5,9.526279
1137,-1.884892,-3.456555,-5.5,9.526279
1138,-1.871358,-3.476772,-5.5,9.526279
1139,-1.858208,-3.498059,-5.5,9.526279
1140,-1.842866,-3.522456,-5.5,9.526279
1141,-1.828384,-3.551922,-5.5,9.526279
1142,-1.809218,-3.579156,-5.5,9.526279
1143,-1.785245,-3.602764,-5.5,9.526279
1144,-1.76452,-3.620531,-5.5,9.526279
1145,-1.743047,-3.636741,-5.5,9.526279
1146,-1.721899,-3.648043,-5.5,9.526279
1147,-1.707489,-3.656887,-5.5,9.526279
1148,-1.698795,-3.666733,-5.5,9.526279
1149,-1.690685,-3.677133,-5.5,9.526279
1150,-1.681381,-3.687883,-5.5,9.526279
1151,-1.670964,-3.696491,-5.5,9.526279
1152,-1.657012,-3.704909,-5.5,9.526279
1153,-1.640587,-3.714844,-5.5,9.526279
1154,-1.622565,-3.72499,-5.5,9.526279
1155,-1.608266,-3.734467,-5.5,9.526279
1156,-1.595944,-3.744363,-5.5,9.526279
1157,-1.585398,-3.751695,-5.5,9.526279
1158,-1.571914,-3.753939,-5.5,9.526279
1159,-1.557926,-3.754186,-5.5,9.526279
1160,-1.544941,-3.752727,-5.5,9.526279
1161,-1.532844,-3.749706,-5.5,9.526279
1162,-1.523446,-3.745877,-5.5,9.526279
1163,-1.51542,-3.743387,-5.5,9.526279
1164,-1.509601,-3.740963,-5.5,9.526279
1165,-1.502815,-3.743577,-5.5,9.526279
1166,-1.496084,-3.744478,-5.5,9.526279
1167,-1.489426,-3.741668,-5.5,9.526279
1168,-1.485681,-3.737606,-5.5,9.526279
1169,-1.480102,-3.733187,-5.5,9.526279
1170,-1.474121,-3.728349,-5.5,9.526279
1171,-1.470173,-3.726777,-5.5,9.526279
1172,-1.463871,-3.717505,-5.5,9.526279
1173,-1.455313,-3.707169,-5.5,9.526279
1174,-1.447355,-3.696871,-5.5,9.526279
1175,-1.442216,-3.686502,-5.5,9.526279
1176,-1.438912,-3.678502,-5.5,9.526279
1177,-1.435645,-3.669424,-5.5,9.526279
1178,-1.43188,-3.662286,-5.5,9.526279
1179,-1.426218,-3.655126,-5.5,9.526279
1180,-1.420561,-3.642637,-5.5,9.526279
1181,-1.413882,-3.63036,-5.5,9.526279
1182,-1.408604,-3.620804,-5.5,9.526279
1183,-1.40451,-3.611097,-5.5,9.526279
1184,-1.400441,-3.59847,-5.5,9.526279
1185,-1.39519,-3.583845,-5.5,9.526279
1186,-1.390394,-3.564914,-5.5,9.526279
1187,-1.385058,-3.544507,-5.5,9.526279
1188,-1.380257,-3.524026,-5.5,9.526279
1189,-1.376738,-3.503805,-5.5,9.526279
1190,-1.373479,-3.485615,-5.5,9.526279
1191,-1.371084,-3.466832,-5.5,9.526279
1192,-1.368532,-3.445949,-5.5,9.526279
1193,-1.366242,-3.427194,-5.5,9.526279
1194,-1.363511,-3.407501,-5.5,9.526279
1195,-1.362608,-3.386032,-5.5,9.526279
1196,-1.361746,-3.363062,-5.5,9.526279
1197,-1.357847,-3.338784,-5.5,9.526279
1198,-1.355717,-3.313225,-5.5,9.526279
1199,-1.355932,-3.289667,-5.5,9.526279
1200,-1.353333,-3.266105,-5.5,9.526279
1201,-1.350248,-3.242334,-5.5,9.526279
1202,-1.346658,-3.218993,-5.5,9.526279
1203,-1.340537,-3.19384,-5.5,9.526279
1204,-1.333525,-3.1671,-5.5,9.526279
1205,-1.32804,-3.139191,-5.5,9.526279
1206,-1.320333,-3.112313,-5.5,9.526279
1207,-1.31118,-3.086239,-5.5,9.526279
1208,-1.303675,-3.06035,-5.5,9.526279
1209,-1.295654,-3.039324,-5.5,9.526279
1210,-1.286498,-3.02002,-5.5,9.526279
1211,-1.27736,-2.995319,-5.5,9.526279
1212,-1.268233,-2.972004,-5.5,9.526279
1213,-1.256517,-2.948932,-5.5,9.526279
1214,-1.246944,-2.928079,-5.5,9.526279
1215,-1.237191,-2.906832,-5.5,9.526279
1216,-1.229919,-2.884274,-5.5,9.526279
1217,-1.220883,-2.859848,-5.5,9.526279
1218,-1.21076,-2.836069,-5.5,9.526279
1219,-1.20371,-2.814086,-5.5,9.526279
1220,-1.19516,-2.790833,-5.5,9.526279
1221,-1.187142,-2.769085,-5.5,9.526279
1222,-1.181643,-2.749342,-5.5,9.526279
1223,-1.17747,-2.730962,-5.5,9.526279
1224,-1.1738,-2.713097,-5.5,9.526279
1225,-1.171228,-2.693611,-5.5,9.526279
1226,-1.169173,-2.675226,-5.5,9.526279
1227,-1.166301,-2.655935,-5.5,9.526279
1228,-1.160743,-2.635468,-5.5,9.526279
1229,-1.156351,-2.614609,-5.5,9.526279
1230,-1.154097,-2.596752,-5.5,9.526279
1231,-1.151735,-2.57839,-5.5,9.526279
1232,-1.149019,-2.557061,-5.5,9.526279
1233,-1.146014,-2.536191,-5.5,9.526279
1234,-1.143264,-2.517048,-5.5,9.526279
1235,-1.140378,-2.494605,-5.5,9.526279
1236,-1.137611,-2.473387,-5.5,9.526279
1237,-1.135101,-2.451814,-5.5,9.526279
1238,-1.13175,-2.427709,-5.5,9.526279
1239,-1.129999,-2.403353,-5.5,9.526279
1240,-1.129286,-2.376909,-5.5,9.526279
1241,-1.128844,-2.346907,-5.5,9.526279
1242,-1.127921,-2.315439,-5.5,9.526279
1243,-1.127879,-2.28552,-5.5,9.526279
1244,-1.129213,-2.256601,-5.5,9.526279
1245,-1.130545,-2.228659,-5.5,9.526279
1246,-1.134012,-2.20214,-5.5,9.526279
1247,-1.136327,-2.17884,-5.5,9.526279
1248,-1.137425,-2.157506,-5.5,9.526279
1249,-1.139848,-2.136572,-5.5,9.526279
1250,-1.141517,-2.112575,-5.5,9.526279
1251,-1.144669,-2.087323,-5.5,9.526279
1252,-1.144782,-2.058964,-5.5,9.526279
1253,-1.143738,-2.028914,-5.5,9.526279
1254,-1.143404,-2.000083,-5.5,9.526279
1255,-1.143496,-1.973683,-5.5,9.526279
1256,-1.142239,-1.949243,-5.5,9.526279
1257,-1.139163,-1.926108,-5.5,9.526279
1258,-1.134708,-1.900976,-5.5,9.526279
1259,-1.130285,-1.874402,-5.5,9.526279
1260,-1.124501,-1.845189,-5.5,9.526279
1261,-1.117565,-1.813267,-5.5,9.526279
1262,-1.112086,-1.780852,-5.5,9.526279
1263,-1.106364,-1.749198,-5.5,9.526279
1264,-1.097688,-1.716714,-5.5,9.526279
1265,-1.088684,-1.685542,-5.5,9.526279
1266,-1.079099,-1.657932,-5.5,9.526279
1267,-1.070498,-1.630723,-5.5,9.526279
1268,-1.060309,-1.599909,-5.5,9.526279
1269,-1.051473,-1.57034,-5.5,9.526279
1270,-1.043572,-1.538113,-5.5,9.526279
1271,-1.037267,-1.506306,-5.5,9.526279
1272,-1.030902,-1.477639,-5.5,9.526279
1273,-1.025126,-1.449744,-5.5,9.526279
1274,-1.021076,-1.424341,-5.5,9.526279
1275,-1.015667,-1.398569,-5.5,9.526279
1276,-1.010935,-1.375715,-5.5,9.526279
1277,-1.007265,-1.352839,-5.5,9.526279
1278,-1.002168,-1.329876,-5.5,9.526279
1279,-0.9970171,-1.311154,-5.5,9.526279
1280,-0.9954066,-1.296001,-5.5,9.526279
1281,-0.9960546,-1.273769,-5.5,9.526279
1282,-0.9966407,-1.249988,-5.5,9.526279
1283,-0.9959423,-1.227546,-5.5,9.526279
1284,-0.9935926,-1.203577,-5.5,9.526279
1285,-0.9930871,-1.178655,-5.5,9.526279
1286,-0.9924368,-1.153448,-5.5,9.526279
1287,-0.9915507,-1.128246,-5.5,9.526279
1288,-0.9910109,-1.100773,-5.5,9.526279
1289,-0.9921944,-1.072644,-5.5,9.526279
1290,-0.9938748,-1.046786,-5.5,9.526279
1291,-0.9957908,-1.019995,-5.5,9.526279
1292,-0.9980747,-0.9916283,-5.5,9.526279
1293,-1.000503,-0.9637373,-5.5,9.526279
1294,-1.002978,-0.9357137,-5.5,9.526279
1295,-1.006453,-0.9069524,-5.5,9.526279
1296,-1.011522,-0.8742511,-5.5,9.526279
1297,-1.014511,-0.8394833,-5.5,9.526279
1298,-1.017559,-0.8041098,-5.5,9.526279
1299,-1.020097,-0.7763505,-5.5,9.526279
1300,-1.023607,-0.7523739,-5.5,9.526279
1301,-1.026089,-0.7280894,-5.5,9.526279
1302,-1.030756,-0.7024488,-5.5,9.526279
1303,-1.035032,-0.6765613,-5.5,9.526279
1304,-1.039506,-0.6483085,-5.5,9.526279
1305,-1.045725,-0.6202113,-5.5,9.526279
1306,-1.052349,-0.5924803,-5.5,9.526279
1307,-1.058496,-0.5635828,-5.5,9.526279
1308,-1.060003,-0.5350045,-5.5,9.526279
1309,-1.062856,-0.5063066,-5.5,9.526279
1310,-1.066046,-0.4790899,-5.5,9.526279
1311,-1.069434,-0.4529532,-5.5,9.526279
1312,-1.07032,-0.4231495,-5.5,9.526279
1313,-1.069078,-0.3949255,-5.5,9.526279
1314,-1.067158,-0.3672364,-5.5,9.526279
1315,-1.066744,-0.3354503,-5.5,9.526279
1316,-1.065281,-0.301003,-5.5,9.526279
1317,-1.061832,-0.2653632,-5.5,9.526279
1318,-1.05857,-0.2304255,-5.5,9.526279
1319,-1.054209,-0.1950355,-5.5,9.526279
1320,-1.050717,-0.1655069,-5.5,9.526279
1321,-1.047205,-0.139538,-5.5,9.526279
1322,-1.04306,-0.1108259,0,-11
1323,-1.043185,-0.08651054,0,-11
1324,-1.045527,-0.05779397,0,-11
1325,-1.048568,-0.02404904,0,-11
1326,-1.053094,0.009198785,0,-11
1327,-1.057878,0.04451227,0,-11
1328,-1.063281,0.0757513,0,-11
1329,-1.066753,0.09888721,0,-11
1330,-1.070419,0.1201667,0,-11
1331,-1.071903,0.1377735,0,-11
1332,-1.07069,0.1567777,0,-11
1333,-1.063748,0.1772171,0,-11
1334,-1.057576,0.1984029,0,-11
1335,-1.055504,0.2211488,0,-11
1336,-1.055881,0.2439388,0,-11
1337,-1.05544,0.2672825,0,-11
1338,-1.053112,0.2875648,0,-11
1339,-1.049876,0.3060565,0,-11
1340,-1.046347,0.3202519,0,-11
1341,-1.042126,0.3306347,0,-11
1342,-1.037982,0.3373532,0,-11
1343,-1.033846,0.3403765,0,-11
1344,-1.031137,0.34165,0,-11
1345,-1.030624,0.3435476,0,-11
1346,-1.033685,0.3408216,0,-11
1347,-1.037205,0.3371382,0,-11
1348,-1.040988,0.3297614,0,-11
1349,-1.043787,0.3214048,0,-11
1350,-1.04567,0.3144071,0,-11
1351,-1.045832,0.3055482,0,-11
1352,-1.047739,0.2977128,0,-11
1353,-1.049357,0.2873046,0,-11
1354,-1.052673,0.2763169,0,-11
1355,-1.056617,0.2625234,0,-11
1356,-1.054702,0.2497247,0,-11
1357,-1.050339,0.2367102,0,-11
1358,-1.047599,0.2219161,0,-11
1359,-1.045988,0.2053092,0,-11
1360,-1.043871,0.1865007,0,-11
1361,-1.039029,0.1693203,0,-11
1362,-1.035014,0.15219,0,-11
1363,-1.034754,0.1348671,0,-11
1364,-1.035578,0.1171554,0,-11
1365,-1.035163,0.09916568,0,-11
1366,-1.036037,0.08193684,0,-11
1367,-1.037706,0.06350708,0,-11
1368,-1.042744,0.04247415,0,-11
1369,-1.048597,0.02162993,0,-11
1370,-1.056778,-0.002194822,0,-11
1371,-1.065304,-0.0228945,0,-11
1372,-1.074645,-0.0424403,0,-11
1373,-1.083958,-0.06147188,0,-11
1374,-1.094414,-0.08236456,0,-11
1375,-1.102903,-0.1026304,0,-11
1376,-1.11252,-0.1254333,0,-11
1377,-1.120744,-0.1498541,0,-11
1378,-1.130789,-0.1735317,0,-11
1379,-1.139374,-0.1962082,0,-11
1380,-1.147978,-0.2187121,0,-11
1381,-1.157039,-0.2383633,0,-11
1382,-1.1649,-0.2568873,0,-11
1383,-1.170192,-0.2770967,0,-11
1384,-1.176279,-0.2984307,0,-11
1385,-1.18314,-0.3176455,0,-11
1386,-1.188374,-0.3317642,0,-11
1387,-1.193094,-0.3481392,0,-11
1388,-1.195354,-0.3701513,0,-11
1389,-1.198165,-0.3922234,0,-11
1390,-1.200476,-0.4128434,0,-11
1391,-1.203801,-0.4365333,0,-11
1392,-1.205781,-0.4582822,0,-11
1393,-1.207158,-0.4785609,0,-11
1394,-1.210494,-0.4981685,0,-11
1395,-1.212371,-0.520528,0,-11
1396,-1.215325,-0.5429581,0,-11
1397,-1.216016,-0.5679784,0,-11
1398,-1.216817,-0.5922183,0,-11
1399,-1.217333,-0.6142452,0,-11
1400,-1.218543,-0.6389247,0,-11
1401,-1.219507,-0.6641266,0,-11
1402,-1.219502,-0.6929088,0,-11
1403,-1.217428,-0.7234467,0,-11
1404,-1.212622,-0.7570964,0,-11
1405,-1.210675,-0.7888154,0,-11
1406,-1.210348,-0.8171386,0,-11
1407,-1.209968,-0.8462879,0,-11
1408,-1.208315,-0.8701369,0,-11
1409,-1.208098,-0.897442,0,-11
1410,-1.208725,-0.9242476,0,-11
1411,-1.207653,-0.9537575,0,-11
1412,-1.205925,-0.9862301,0,-11
1413,-1.205717,-1.016304,0,-11
1414,-1.205548,-1.044608,0,-11
1415,-1.20716,-1.075232,0,-11
1416,-1.207995,-1.105848,0,-11
1417,-1.209951,-1.135874,0,-11
1418,-1.211916,-1.164296,0,-11
1419,-1.214665,-1.192068,0,-11
1420,-1.219357,-1.220242,0,-11
1421,-1.224076,-1.24921,0,-11
1422,-1.229168,-1.280111,0,-11
1423,-1.235835,-1.312428,0,-11
1424,-1.242699,-1.344888,0,-11
1425,-1.250883,-1.376563,0,-11
1426,-1.261975,-1.406254,0,-11
1427,-1.271942,-1.435189,0,-11
1428,-1.280703,-1.462184,0,-11
1429,-1.289376,-1.49047,0,-11
1430,-1.297214,-1.523674,0,-11
1431,-1.305005,-1.555063,0,-11
1432,-1.31375,-1.585106,0,-11
1433,-1.323336,-1.615642,0,-11
1434,-1.333166,-1.645222,0,-11
1435,-1.337356,-1.670066,0,-11
1436,-1.341801,-1.696165,0,-11
1437,-1.346256,-1.721206,0,-11
1438,-1.349058,-1.746889,0,-11
1439,-1.350154,-1.768027,0,-11
1440,-1.353346,-1.783243,0,-11
1441,-1.356648,-1.803931,0,-11
1442,-1.35796,-1.831454,0,-11
1443,-1.359634,-1.859351,0,-11
1444,-1.361805,-1.886559,0,-11
1445,-1.362363,-1.91113,0,-11
1446,-1.363353,-1.933103,0,-11
1447,-1.36545,-1.953049,0,-11
1448,-1.367661,-1.974713,0,-11
1449,-1.370005,-1.998078,0,-11
1450,-1.371197,-2.021639,0,-11
1451,-1.369696,-2.046185,0,-11
1452,-1.368625,-2.071502,0,-11
1453,-1.368189,-2.099575,0,-11
1454,-1.367369,-2.128648,0,-11
1455,-1.365755,-2.159599,0,-11
1456,-1.364821,-2.190055,0,-11
1457,-1.363033,-2.220191,0,-11
1458,-1.35898,-2.255616,0,-11
1459,-1.353727,-2.291029,0,-11
1460,-1.35272,-2.323138,0,-11
1461,-1.348878,-2.349613,0,-11
1462,-1.3461,-2.374464,0,-11
1463,-1.34491,-2.40021,0,-11
1464,-1.343881,-2.428714,0,-11
1465,-1.343398,-2.455924,0,-11
1466,-1.340527,-2.483327,0,-11
1467,-1.337861,-2.511988,0,-11
1468,-1.336226,-2.540096,0,-11
1469,-1.334763,-2.568082,0,-11
1470,-1.333089,-2.59417,0,-11
1471,-1.33314,-2.621485,0,-11
1472,-1.333977,-2.650587,0,-11
1473,-1.337217,-2.681492,0,-11
1474,-1.340538,-2.711732,0,-11
1475,-1.343859,-2.741648,0,-11
1476,-1.347331,-2.771169,0,-11
1477,-1.351044,-2.804231,0,-11
1478,-1.357021,-2.836514,0,-11
1479,-1.361811,-2.866451,0,-11
1480,-1.366883,-2.897472,0,-11
1481,-1.370507,-2.928092,0,-11
1482,-1.375603,-2.957282,0,-11
1483,-1.382186,-2.987006,0,-11
1484,-1.391041,-3.016512,0,-11
1485,-1.397784,-3.043903,0,-11
1486,-1.403146,-3.07198,0,-11
1487,-1.407971,-3.097287,0,-11
1488,-1.411086,-3.125453,0,11
1489,-1.410904,-3.152257,0,11
1490,-1.411833,-3.181424,0,11
1491,-1.413033,-3.215522,0,11
1492,-1.410078,-3.251615,0,11
1493,-1.404976,-3.282019,0,11
1494,-1.40243,-3.307573,0,11
1495,-1.401814,-3.329412,0,11
1496,-1.401065,-3.35101,0,11
1497,-1.40155,-3.371613,0,11
1498,-1.404599,-3.388898,0,11
1499,-1.408538,-3.409717,0,11
1500,-1.413153,-3.434746,0,11
1501,-1.41935,-3.461823,0,11
1502,-1.424435,-3.489468,0,11
1503,-1.426784,-3.513548,0,11
1504,-1.428172,-3.533993,0,11
1505,-1.429084,-3.554401,0,11
1506,-1.428529,-3.570338,0,11
1507,-1.426168,-3.58122,0,11
1508,-1.424608,-3.587995,0,11
1509,-1.424129,-3.592799,0,11
1510,-1.422268,-3.594494,0,11
1511,-1.42022,-3.595034,0,11
1512,-1.417256,-3.596923,0,11
1513,-1.414118,-3.593198,0,11
1514,-1.412179,-3.590582,0,11
1515,-1.409012,-3.586582,0,11
1516,-1.406318,-3.58226,0,11
1517,-1.401801,-3.576875,0,11
1518,-1.399428,-3.57225,0,11
1519,-1.396624,-3.567302,0,11
1520,-1.393023,-3.561872,0,11
1521,-1.389262,-3.551225,0,11
1522,-1.383723,-3.539625,0,11
1523,-1.377482,-3.524602,0,11
1524,-1.371168,-3.51001,0,11
1525,-1.365612,-3.497297,0,11
1526,-1.359148,-3.484472,0,11
1527,-1.353569,-3.469294,0,11
1528,-1.345977,-3.454895,0,11
1529,-1.337148,-3.442695,0,11
1530,-1.327476,-3.429491,0,11
1531,-1.317625,-3.417999,0,11
1532,-1.304952,-3.404327,0,11
1533,-1.291371,-3.388961,0,11
1534,-1.275597,-3.373826,0,11
1535,-1.261821,-3.363208,0,11
1536,-1.248218,-3.351767,0,11
1537,-1.235476,-3.341216,0,11
1538,-1.22378,-3.330905,0,11
1539,-1.213038,-3.321457,0,11
1540,-1.200515,-3.310169,0,11
1541,-1.187691,-3.299905,0,11
1542,-1.175021,-3.28891,0,11
1543,-1.164545,-3.278388,0,11
1544,-1.15295,-3.270295,0,11
1545,-1.141877,-3.262732,0,11
1546,-1.130977,-3.250296,0,11
1547,-1.12056,-3.2378,0,11
1548,-1.111287,-3.227584,0,11
1549,-1.10596,-3.215718,0,11
1550,-1.099848,-3.205301,0,11
1551,-1.093773,-3.19079,0,11
1552,-1.089688,-3.177433,0,11
1553,-1.086553,-3.168745,0,11
1554,-1.085291,-3.162353,0,11
1555,-1.082111,-3.152297,0,11
1556,-1.077367,-3.139807,0,11
1557,-1.073141,-3.125992,0,11
1558,-1.065031,-3.113588,0,11
1559,-1.057054,-3.099023,0,11
1560,-1.048854,-3.083176,0,11
1561,-1.042615,-3.064746,0,11
1562,-1.037198,-3.049432,0,11
1563,-1.033114,-3.034565,0,11
1564,-1.027962,-3.018199,0,11
1565,-1.024325,-2.998935,0,11
1566,-1.01851,-2.97779,0,11
1567,-1.013398,-2.956298,0,11
1568,-1.011307,-2.936985,0,11
1569,-1.005747,-2.914156,0,11
1570,-1.001689,-2.894161,0,11
1571,-0.9985986,-2.875141,0,11
1572,-0.9956769,-2.856588,0,11
1573,-0.995625,-2.838615,0,11
1574,-0.9942067,-2.818466,0,11
1575,-0.9910472,-2.796676,0,11
1576,-0.9857401,-2.774924,0,11
1577,-0.9805677,-2.753726,0,11
1578,-0.9786481,-2.731507,0,11
1579,-0.9768209,-2.7098,0,11
1580,-0.9720486,-2.687116,0,11
1581,-0.9644614,-2.663408,0,11
1582,-0.9549143,-2.639803,0,11
1583,-0.9448769,-2.619047,0,11
1584,-0.931399,-2.597136,0,11
1585,-0.9183792,-2.575881,0,11
1586,-0.9058087,-2.555932,0,11
1587,-0.8922346,-2.534131,0,11
1588,-0.8778473,-2.511222,0,11
1589,-0.8618812,-2.488937,0,11
1590,-0.8464451,-2.46629,0,11
1591,-0.8323425,-2.443107,0,11
1592,-0.8165811,-2.419904,0,11
1593,-0.7991458,-2.395336,0,11
1594,-0.7832308,-2.370512,0,11
1595,-0.765914,-2.346184,0,11
1596,-0.7515855,-2.322205,0,11
1597,-0.7390337,-2.299558,0,11
1598,-0.7280534,-2.277492,0,11
1599,-0.7178991,-2.256899,0,11
1600,-0.707357,-2.237632,0,11
1601,-0.6968479,-2.216458,0,11
1602,-0.6894134,-2.198394,0,11
1603,-0.6842588,-2.180423,0,11
1604,-0.6747358,-2.157997,0,11
1605,-0.6678066,-2.135976,0,11
1606,-0.6621899,-2.111742,0,11
1607,-0.6568051,-2.09117,0,11
1608,-0.6513971,-2.07035,0,11
1609,-0.6450262,-2.048886,0,11
1610,-0.6378154,-2.025979,0,11
1611,-0.6301292,-2.00358,0,11
1612,-0.6237798,-1.979652,0,11
1613,-0.618425,-1.953614,0,11
1614,-0.613629,-1.927386,0,11
1615,-0.6086962,-1.903118,0,11
1616,-0.6031628,-1.877217,0,11
1617,-0.5991755,-1.850808,0,11
1618,-0.5960703,-1.823448,0,11
1619,-0.5908439,-1.792777,0,11
1620,-0.5876606,-1.761884,0,11
1621,-0.5826236,-1.734576,0,11
1622,-0.5790738,-1.708387,0,11
1623,-0.5735458,-1.6818,0,11
1624,-0.5687463,-1.658435,0,11
1625,-0.5668461,-1.635162,0,11
1626,-0.5643612,-1.611804,0,11
1627,-0.5596533,-1.585202,0,11
1628,-0.5565218,-1.556298,0,11
1629,-0.5513941,-1.527633,0,11
1630,-0.5452397,-1.499296,0,11
1631,-0.5396771,-1.471016,0,11
1632,-0.5330573,-1.444766,0,11
1633,-0.5269588,-1.41875,0,11
1634,-0.5194918,-1.392786,0,11
1635,-0.5091928,-1.363651,0,11
1636,-0.4997867,-1.333527,0,11
1637,-0.4889985,-1.30414,0,11
1638,-0.4776959,-1.275361,0,11
1639,-0.4651226,-1.246671,0,11
1640,-0.4531212,-1.218825,0,11
1641,-0.442279,-1.191081,0,11
1642,-0.4286457,-1.162374,0,11
1643,-0.4127374,-1.135367,0,11
1644,-0.399436,-1.109655,0,11
1645,-0.3869644,-1.083411,0,11
1646,-0.3729855,-1.056818,0,11
1647,-0.3602348,-1.032927,0,11
1648,-0.3497045,-1.010846,0,11
1649,-0.3394315,-0.9851402,0,11
1650,-0.3300381,-0.9612557,0,11
1651,-0.3202092,-0.9397465,0,11
1652,-0.3112828,-0.9183704,0,11
1653,-0.3058881,-0.9011053,0,11
1654,-0.2990927,-0.8841443,0,11
1655,-0.2922507,-0.8664443,0,11
1656,-0.287203,-0.8453443,0,11
1657,-0.2825293,-0.823148,0,11
1658,-0.2765988,-0.8007767,0,11
1659,-0.2704586,-0.7765724,0,11
1660,-0.2633918,-0.7518501,0,11
1661,-0.2543461,-0.7300559,0,11
1662,-0.2455783,-0.7047768,0,11
1663,-0.2374165,-0.6802147,0,11
1664,-0.2292971,-0.6564323,0,11
1665,-0.2226299,-0.6335592,0,11
1666,-0.2162089,-0.6098517,0,11
1667,-0.2096765,-0.5856186,0,11
1668,-0.2046246,-0.5592538,0,11
1669,-0.2007677,-0.5329427,0,11
1670,-0.1966221,-0.5031716,0,11
1671,-0.1914054,-0.4728265,0,11
1672,-0.1847967,-0.4397115,0,11
1673,-0.1779233,-0.4049898,0,11
1674,-0.1715951,-0.3704929,0,11
1675,-0.1662603,-0.3371389,0,11
1676,-0.161726,-0.3059047,0,11
1677,-0.157297,-0.2771507,0,11
1678,-0.1518818,-0.2494892,0,11
1679,-0.1480525,-0.2234164,0,11
1680,-0.1423721,-0.1955038,0,11
1681,-0.1367589,-0.1629494,0,11
1682,-0.1290302,-0.1309319,0,11
1683,-0.1225801,-0.09813011,0,11
1684,-0.1158341,-0.0669499,0,11
1685,-0.1097515,-0.03483224,0,11
1686,-0.1018694,-0.003070891,0,11
1687,-0.09476683,0.02594221,0,11
1688,-0.08636485,0.05297005,0,11
1689,-0.07598612,0.081707,0,11
1690,-0.06525938,0.1140171,0,11
1691,-0.05152357,0.1480989,0,11
1692,-0.0380021,0.1779115,0,11
1693,-0.02477202,0.2069299,0,11
1694,-0.01124821,0.2338849,0,11
1695,0.002290118,0.2598336,0,11
1696,0.01679302,0.2866746,0,11
1697,0.03016878,0.3103608,0,11
1698,0.04526902,0.3357984,0,11
1699,0.06015886,0.3632023,0,11
1700,0.0721738,0.3901373,0,11
1701,0.08335977,0.412246,0,11
1702,0.09268574,0.4325765,0,11
1703,0.1030149,0.4559011,0,11
1704,0.1117179,0.479079,0,11
1705,0.1208409,0.5051568,0,11
1706,0.1291274,0.5279982,-5.5,-9.526279
1707,0.1352021,0.5523233,-5.5,-9.526279
1708,0.1426899,0.5804929,-5.5,-9.526279
1709,0.1498114,0.6130958,-5.5,-9.526279
1710,0.1536565,0.6487658,-5.5,-9.526279
1711,0.1561665,0.6828173,-5.5,-9.526279
1712,0.1579088,0.7109337,-5.5,-9.526279
1713,0.1628357,0.7335107,-5.5,-9.526279
1714,0.1692253,0.7512343,-5.5,-9.526279
1715,0.1760028,0.7646408,-5.5,-9.526279
1716,0.1826217,0.7756014,-5.5,-9.526279
1717,0.1923096,0.7919338,-5.5,-9.526279
1718,0.2058802,0.8081529,-5.5,-9.526279
1719,0.2226968,0.8284528,-5.5,-9.526279
1720,0.240744,0.8517089,-5.5,-9.526279
1721,0.2578219,0.8750377,-5.5,-9.526279
1722,0.2720714,0.896641,-5.5,-9.526279
1723,0.2848968,0.9152983,-5.5,-9.526279
1724,0.2981147,0.9321558,-5.5,-9.526279
1725,0.3085611,0.9459453,-5.5,-9.526279
1726,0.3169598,0.9572315,-5.5,-9.526279
1727,0.3208214,0.964695,-5.5,-9.526279
1728,0.3205927,0.9713044,-5.5,-9.526279
1729,0.3187284,0.9769021,-5.5,-9.526279
1730,0.316428,0.9814839,-5.5,-9.526279
1731,0.3130063,0.9852252,-5.5,-9.526279
1732,0.307068,0.9861002,-5.5,-9.526279
1733,0.2985115,0.9825454,-5.5,-9.526279
1734,0.2929235,0.9805455,-5.5,-9.526279
1735,0.2879694,0.9796603,-5.5,-9.526279
1736,0.2809361,0.9802716,-5.5,-9.526279
1737,0.2708433,0.9784527,-5.5,-9.526279
1738,0.2612257,0.9739285,-5.5,-9.526279
1739,0.2491653,0.9685352,-5.5,-9.526279
1740,0.2366924,0.9589328,-5.5,-9.526279
1741,0.2250542,0.9470484,-5.5,-9.526279
1742,0.2139281,0.9356029,-5.5,-9.526279
1743,0.2015997,0.9241351,-5.5,-9.526279
1744,0.1882984,0.9141624,-5.5,-9.526279
1745,0.1742111,0.9033799,-5.5,-9.526279
1746,0.1588879,0.8927433,-5.5,-9.526279
1747,0.14717,0.8855829,-5.5,-9.526279
1748,0.1365079,0.8784879,-5.5,-9.526279
1749,0.1227556,0.8726554,-5.5,-9.526279
1750,0.1088211,0.8688402,-5.5,-9.526279
1751,0.09439581,0.8643579,-5.5,-9.526279
1752,0.08156995,0.8593285,-5.5,-9.526279
1753,0.06796576,0.8543577,-5.5,-9.526279
1754,0.05504809,0.8497026,-5.5,-9.526279
1755,0.04280015,0.8448728,-5.5,-9.526279
1756,0.0268852,0.83833,-5.5,-9.526279
1757,0.01136008,0.8324533,-5.5,-9.526279
1758,-0.001320465,0.8274286,-5.5,-9.526279
1759,-0.01206907,0.8214618,-5.5,-9.526279
1760,-0.02547064,0.8124626,-5.5,-9.526279
1761,-0.04051831,0.8045568,-5.5,-9.526279
1762,-0.05137081,0.7978301,-5.5,-9.526279
1763,-0.06419961,0.7898312,-5.5,-9.526279
1764,-0.07895664,0.7804254,-5.5,-9.526279
1765,-0.09331729,0.7716614,-5.5,-9.526279
1766,-0.1075077,0.7612512,-5.5,-9.526279
1767,-0.1200572,0.7501359,-5.5,-9.526279
1768,-0.1317865,0.7407258,-5.5,-9.526279
1769,-0.1444282,0.7311475,-5.5,-9.526279
1770,-0.159837,0.7186975,-5.5,-9.526279
1771,-0.1747723,0.7063062,-5.5,-9.526279
1772,-0.1897729,0.6920054,-5.5,-9.526279
1773,-0.2027535,0.6795223,-5.5,-9.526279
1774,-0.2157276,0.6662207,-5.5,-9.526279
1775,-0.2334093,0.6508939,-5.5,-9.526279
1776,-0.2515126,0.6328373,-5.5,-9.526279
1777,-0.2689918,0.616374,-5.5,-9.526279
1778,-0.2891782,0.5978186,-5.5,-9.526279
1779,-0.309719,0.5799596,-5.5,-9.526279
1780,-0.3326331,0.5619068,-5.5,-9.526279
1781,-0.3523013,0.5440443,-5.5,-9.526279
1782,-0.368667,0.5253733,-5.5,-9.526279
1783,-0.3858629,0.5084643,-5.5,-9.526279
1784,-0.4022245,0.4906834,-5.5,-9.526279
1785,-0.418277,0.4733651,-5.5,-9.526279
1786,-0.4355315,0.4566553,-5.5,-9.526279
1787,-0.4554158,0.4380252,-5.5,-9.526279
1788,-0.4752303,0.4206047,-5.5,-9.526279
1789,-0.4945083,0.3994672,-5.5,-9.526279
1790,-0.5132265,0.3781792,-5.5,-9.526279
1791,-0.5303078,0.3613989,-5.5,-9.526279
1792,-0.5482578,0.3429618,-5.5,-9.526279
1793,-0.5689439,0.3237643,-5.5,-9.526279
1794,-0.5903261,0.3043588,-5.5,-9.526279
1795,-0.6107001,0.2862716,-5.5,-9.526279
1796,-0.6311482,0.2697183,-5.5,-9.526279
1797,-0.6568891,0.2532347,-5.5,-9.526279
1798,-0.6830626,0.235729,-5.5,-9.526279
1799,-0.7094803,0.2175395,-5.5,-9.526279
1800,-0.7374313,0.2010039,-5.5,-9.526279
1801,-0.7659695,0.1861223,-5.5,-9.526279
1802,-0.7926685,0.1709528,-5.5,-9.526279
1803,-0.8169821,0.1556523,-5.5,-9.526279
1804,-0.8431423,0.1414399,-5.5,-9.526279
1805,-0.8684936,0.1270051,-5.5,-9.526279
1806,-0.8960416,0.1125535,-5.5,-9.526279
1807,-0.9237955,0.09836018,-5.5,-9.526279
1808,-0.950004,0.08473396,-5.5,-9.526279
1809,-0.9731899,0.07278585,-5.5,-9.526279
1810,-0.9973693,0.06065547,-5.5,-9.526279
1811,-1.017941,0.04887724,-5.5,-9.526279
1812,-1.035891,0.03806412,-5.5,-9.526279
1813,-1.053347,0.0274967,-5.5,-9.526279
1814,-1.068329,0.01398146,-5.5,-9.526279
1815,-1.08679,2.741814E-05,-5.5,-9.526279
1816,-1.102807,-0.01264942,-5.5,-9.526279
1817,-1.117162,-0.02716374,-5.5,-9.526279
1818,-1.132869,-0.04418266,-5.5,-9.526279
1819,-1.152213,-0.0618903,-5.5,-9.526279
1820,-1.169381,-0.0799278,-5.5,-9.526279
1821,-1.184049,-0.09475237,-5.5,-9.526279
1822,-1.200124,-0.1092823,-5.5,-9.526279
1823,-1.217754,-0.1237307,-5.5,-9.526279
1824,-1.235409,-0.1402067,-5.5,-9.526279
1825,-1.254164,-0.1567041,-5.5,-9.526279
1826,-1.273915,-0.1736679,-5.5,-9.526279
1827,-1.292523,-0.190942,-5.5,-9.526279
1828,-1.311657,-0.2082691,-5.5,-9.526279
1829,-1.331297,-0.2264414,-5.5,-9.526279
1830,-1.348757,-0.2444478,-5.5,-9.526279
1831,-1.36712,-0.2641953,-5.5,-9.526279
1832,-1.386148,-0.288263,-5.5,-9.526279
1833,-1.405002,-0.3132221,-5.5,-9.526279
1834,-1.424696,-0.3397038,-5.5,-9.526279
1835,-1.442703,-0.3646855,-5.5,-9.526279
1836,-1.461958,-0.3883364,-5.5,-9.526279
1837,-1.47773,-0.4102445,-5.5,-9.526279
1838,-1.491358,-0.4332046,-5.5,-9.526279
1839,-1.505465,-0.4550118,-5.5,-9.526279
1840,-1.521663,-0.4754623,-5.5,-9.526279
1841,-1.537279,-0.4936423,-5.5,-9.526279
1842,-1.553709,-0.5144301,-5.5,-9.526279
1843,-1.57131,-0.5369717,-5.5,-9.526279
1844,-1.588639,-0.5583149,-5.5,-9.526279
1845,-1.608467,-0.5805377,-5.5,-9.526279
1846,-1.625611,-0.6028208,-5.5,-9.526279
1847,-1.644534,-0.6234272,-5.5,-9.526279
1848,-1.663311,-0.6462514,-5.5,-9.526279
1849,-1.684146,-0.6694074,-5.5,-9.526279
1850,-1.705854,-0.6919966,-5.5,-9.526279
1851,-1.728595,-0.7148235,-5.5,-9.526279
1852,-1.751031,-0.7360478,-5.5,-9.526279
1853,-1.773316,-0.7579511,-5.5,-9.526279
1854,-1.797446,-0.7786606,-5.5,-9.526279
1855,-1.822771,-0.7983321,-5.5,-9.526279
1856,-1.850164,-0.8198629,-5.5,-9.526279
1857,-1.87549,-0.8403584,-5.5,-9.526279
1858,-1.899931,-0.8604127,-5.5,-9.526279
1859,-1.924051,-0.8796949,-5.5,-9.526279
1860,-1.950444,-0.9007948,-5.5,-9.526279
1861,-1.97601,-0.921931,-5.5,-9.526279
1862,-2.000981,-0.9432158,-5.5,-9.526279
1863,-2.023669,-0.9622423,-5.5,-9.526279
1864,-2.04505,-0.9799849,-5.5,-9.526279
1865,-2.062549,-0.9967509,-5.5,-9.526279
1866,-2.079063,-1.013811,-5.5,-9.526279
1867,-2.094271,-1.029344,-5.5,-9.526279
1868,-2.108103,-1.046755,-5.5,-9.526279
1869,-2.123876,-1.064343,-5.5,-9.526279
1870,-2.138334,-1.083333,-5.5,-9.526279
1871,-2.154175,-1.105248,-5.5,-9.526279
1872,-2.167686,-1.125227,-5.5,-9.526279
1873,-2.183522,-1.146773,-5.5,-9.526279
1874,-2.199437,-1.169645,-5.5,-9.526279
1875,-2.210249,-1.19023,-5.5,-9.526279
1876,-2.223692,-1.21087,-5.5,-9.526279
1877,-2.239815,-1.232961,-5.5,-9.526279
1878,-2.254938,-1.253576,-5.5,-9.526279
1879,-2.2694,-1.273642,-5.5,-9.526279
1880,-2.285832,-1.294104,-5.5,-9.526279
1881,-2.302377,-1.315352,-5.5,-9.526279
1882,-2.317895,-1.337002,-5.5,-9.526279
1883,-2.332927,-1.36049,-5.5,-9.526279
1884,-2.347589,-1.384535,-5.5,-9.526279
1885,-2.36345,-1.412206,-5.5,-9.526279
1886,-2.378238,-1.443104,5.5,9.526279
1887,-2.392593,-1.47318,5.5,9.526279
1888,-2.408528,-1.504783,5.5,9.526279
1889,-2.422601,-1.53111,5.5,9.526279
1890,-2.435254,-1.552068,5.5,9.526279
1891,-2.445668,-1.569977,5.5,9.526279
1892,-2.453964,-1.586841,5.5,9.526279
1893,-2.461751,-1.602771,5.5,9.526279
1894,-2.4712,-1.619927,5.5,9.526279
1895,-2.482892,-1.640773,5.5,9.526279
1896,-2.497561,-1.664051,5.5,9.526279
1897,-2.514552,-1.688029,5.5,9.526279
1898,-2.532676,-1.71095,5.5,9.526279
1899,-2.552407,-1.734019,5.5,9.526279
1900,-2.575497,-1.758806,5.5,9.526279
1901,-2.601767,-1.782672,5.5,9.526279
1902,-2.628223,-1.805126,5.5,9.526279
1903,-2.657224,-1.831409,5.5,9.526279
1904,-2.683568,-1.857461,5.5,9.526279
1905,-2.706278,-1.884066,5.5,9.526279
1906,-2.725849,-1.91052,5.5,9.526279
1907,-2.741296,-1.938042,5.5,9.526279
1908,-2.752137,-1.961599,5.5,9.526279
1909,-2.761696,-1.981511,5.5,9.526279
1910,-2.769803,-1.999284,5.5,9.526279
1911,-2.776177,-2.014099,5.5,9.526279
1912,-2.780873,-2.024816,5.5,9.526279
1913,-2.791176,-2.034892,5.5,9.526279
1914,-2.803751,-2.048987,5.5,9.526279
1915,-2.814577,-2.065109,5.5,9.526279
1916,-2.823483,-2.082772,5.5,9.526279
1917,-2.830545,-2.095848,5.5,9.526279
1918,-2.837273,-2.103583,5.5,9.526279
1919,-2.847601,-2.108999,5.5,9.526279
1920,-2.856674,-2.111748,5.5,9.526279
1921,-2.861079,-2.115118,5.5,9.526279
1922,-2.860639,-2.119912,5.5,9.526279
1923,-2.858444,-2.121387,5.5,9.526279
1924,-2.856838,-2.122906,5.5,9.526279
1925,-2.847802,-2.122941,5.5,9.526279
1926,-2.83857,-2.120276,5.5,9.526279
1927,-2.82866,-2.113975,5.5,9.526279
1928,-2.821583,-2.10838,5.5,9.526279
1929,-2.820628,-2.104835,5.5,9.526279
1930,-2.817527,-2.103385,5.5,9.526279
1931,-2.813349,-2.102435,5.5,9.526279
1932,-2.809559,-2.100146,5.5,9.526279
1933,-2.804456,-2.096806,5.5,9.526279
1934,-2.795319,-2.091413,5.5,9.526279
1935,-2.784935,-2.084281,5.5,9.526279
1936,-2.773044,-2.075606,5.5,9.526279
1937,-2.762373,-2.066019,5.5,9.526279
1938,-2.752046,-2.054223,5.5,9.526279
1939,-2.742188,-2.041082,5.5,9.526279
1940,-2.732861,-2.030156,5.5,9.526279
1941,-2.720685,-2.017266,5.5,9.526279
1942,-2.707812,-2.00331,5.5,9.526279
1943,-2.695775,-1.990862,5.5,9.526279
1944,-2.683042,-1.980815,5.5,9.526279
1945,-2.668854,-1.969162,5.5,9.526279
1946,-2.655709,-1.956544,-9.526279,-5.5
1947,-2.644123,-1.949049,-9.526279,-5.5
1948,-2.634538,-1.942208,-9.526279,-5.5
1949,-2.625352,-1.936451,-9.526279,-5.5
1950,-2.618467,-1.928701,-9.526279,-5.5
1951,-2.606888,-1.916794,-9.526279,-5.5
1952,-2.588734,-1.906032,-9.526279,-5.5
1953,-2.568021,-1.892548,-9.526279,-5.5
1954,-2.546629,-1.878595,-9.526279,-5.5
1955,-2.52033,-1.865759,-9.526279,-5.5
1956,-2.493919,-1.847648,-9.526279,-5.5
1957,-2.47093,-1.826834,-9.526279,-5.5
1958,-2.45356,-1.806773,-9.526279,-5.5
1959,-2.441622,-1.790637,-9.526279,-5.5
1960,-2.431385,-1.778693,-9.526279,-5.5
1961,-2.422247,-1.774099,-9.526279,-5.5
1962,-2.412367,-1.769047,-9.526279,-5.5
1963,-2.404799,-1.765093,-9.526279,-5.5
1964,-2.394103,-1.76193,-9.526279,-5.5
1965,-2.381088,-1.756805,-9.526279,-5.5
1966,-2.368837,-1.748808,-9.526279,-5.5
1967,-2.356786,-1.738152,-9.526279,-5.5
1968,-2.34672,-1.72437,-9.526279,-5.5
1969,-2.338478,-1.716145,-9.526279,-5.5
1970,-2.334185,-1.710787,-9.526279,-5.5
1971,-2.334828,-1.703501,-9.526279,-5.5
1972,-2.335735,-1.695396,-9.526279,-5.5
1973,-2.334662,-1.689567,-9.526279,-5.5
1974,-2.3342,-1.685844,-9.526279,-5.5
1975,-2.337947,-1.683825,-9.526279,-5.5
1976,-2.340951,-1.683644,-9.526279,-5.5
1977,-2.344412,-1.681565,-9.526279,-5.5
1978,-2.350436,-1.679456,-9.526279,-5.5
1979,-2.358861,-1.679639,-9.526279,-5.5
1980,-2.371985,-1.678119,-9.526279,-5.5
1981,-2.386383,-1.675157,-9.526279,-5.5
1982,-2.396841,-1.678511,-9.526279,-5.5
1983,-2.402534,-1.685172,-9.526279,-5.5
1984,-2.405806,-1.691795,-9.526279,-5.5
1985,-2.408748,-1.696083,-9.526279,-5.5
1986,-2.413637,-1.700482,-9.526279,-5.5
1987,-2.418644,-1.702957,-9.526279,-5.5
1988,-2.428199,-1.703153,-9.526279,-5.5
1989,-2.439436,-1.70481,-9.526279,-5.5
1990,-2.451895,-1.706283,-9.526279,-5.5
1991,-2.46542,-1.707597,-9.526279,-5.5
1992,-2.482877,-1.709179,-9.526279,-5.5
1993,-2.500705,-1.71181,-9.526279,-5.5
1994,-2.517875,-1.715676,-9.526279,-5.5
1995,-2.53699,-1.720445,-9.526279,-5.5
1996,-2.554618,-1.722015,-9.526279,-5.5
1997,-2.571827,-1.723806,-9.526279,-5.5
1998,-2.587213,-1.727172,-9.526279,-5.5
1999,-2.603315,-1.72881,-9.526279,-5.5
2000,-2.622679,-1.729942,-9.526279,-5.5
2001,-2.640768,-1.733087,-9.526279,-5.5
2002,-2.659021,-1.736896,-9.526279,-5.5
2003,-2.676972,-1.740067,-9.526279,-5.5
2004,-2.695108,-1.746289,-9.526279,-5.5
2005,-2.7162,-1.753855,-9.526279,-5.5
2006,-2.73801,-1.759883,-9.526279,-5.5
2007,-2.75969,-1.766307,-9.526279,-5.5
2008,-2.782844,-1.770908,-9.526279,-5.5
2009,-2.807217,-1.774406,-9.526279,-5.5
2010,-2.832401,-1.77471,-9.526279,-5.5
2011,-2.857813,-1.775592,-9.526279,-5.5
2012,-2.882978,-1.773759,-9.526279,-5.5
2013,-2.907393,-1.77238,-9.526279,-5.5
2014,-2.933295,-1.770513,-9.526279,-5.5
2015,-2.956837,-1.767936,-9.526279,-5.5
2016,-2.976427,-1.76624,-9.526279,-5.5
2017,-2.996367,-1.763775,-9.526279,-5.5
2018,-3.016615,-1.761213,-9.526279,-5.5
2019,-3.038986,-1.756349,-9.526279,-5.5
2020,-3.0613,-1.752194,-9.526279,-5.5
2021,-3.082105,-1.748847,-9.526279,-5.5
2022,-3.104716,-1.748633,-9.526279,-5.5
2023,-3.129971,-1.748364,-9.526279,-5.5
2024,-3.150692,-1.747623,-9.526279,-5.5
2025,-3.173449,-1.745743,-9.526279,-5.5
2026,-3.194824,-1.746264,-9.526279,-5.5
2027,-3.215001,-1.747385,-9.526279,-5.5
2028,-3.232836,-1.74861,-9.526279,-5.5
2029,-3.249208,-1.747537,-9.526279,-5.5
2030,-3.265782,-1.747927,-9.526279,-5.5
2031,-3.279163,-1.748313,-9.526279,-5.5
2032,-3.292656,-1.749636,-9.526279,-5.5
2033,-3.316072,-1.751336,-9.526279,-5.5
2034,-3.338405,-1.754745,-9.526279,-5.5
2035,-3.357521,-1.758278,-9.526279,-5.5
2036,-3.374611,-1.762097,-9.526279,-5.5
2037,-3.394145,-1.765726,-9.526279,-5.5
2038,-3.414279,-1.766537,-9.526279,-5.5
2039,-3.436392,-1.767403,-9.526279,-5.5
2040,-3.458961,-1.771145,-9.526279,-5.5
2041,-3.47876,-1.77648,-9.526279,-5.5
2042,-3.50126,-1.780835,-9.526279,-5.5
2043,-3.527284,-1.786133,-9.526279,-5.5
2044,-3.552503,-1.79097,-9.526279,-5.5
2045,-3.579408,-1.798411,-9.526279,-5.5
2046,-3.607211,-1.806158,-9.526279,-5.5
2047,-3.637105,-1.817521,-9.526279,-5.5
2048,-3.667472,-1.826541,-9.526279,-5.5
2049,-3.695871,-1.835165,-9.526279,-5.5
2050,-3.721266,-1.843593,-9.526279,-5.5
2051,-3.745816,-1.852555,-9.526279,-5.5
2052,-3.768524,-1.863501,-9.526279,-5.5
2053,-3.791502,-1.871664,-9.526279,-5.5
2054,-3.816054,-1.88027,-9.526279,-5.5
2055,-3.840765,-1.888379,-9.526279,-5.5
2056,-3.867236,-1.896805,-9.526279,-5.5
2057,-3.894915,-1.906263,-9.526279,-5.5
2058,-3.924505,-1.917029,-9.526279,-5.5
2059,-3.955322,-1.927808,-9.526279,-5.5
2060,-3.986153,-1.939271,-9.526279,-5.5
2061,-4.015119,-1.948356,-9.526279,-5.5
2062,-4.041965,-1.956093,-9.526279,-5.5
2063,-4.069516,-1.96313,-9.526279,-5.5
2064,-4.097636,-1.971134,-9.526279,-5.5
2065,-4.124456,-1.978804,-9.526279,-5.5
2066,-4.153804,-1.983768,-9.526279,-5.5
2067,-4.184338,-1.989245,-9.526279,-5.5
2068,-4.213733,-1.993708,-9.526279,-5.5
2069,-4.243505,-1.997751,-9.526279,-5.5
2070,-4.274686,-1.999655,-9.526279,-5.5
2071,-4.307535,-2.002568,-9.526279,-5.5
2072,-4.340516,-2.005947,-9.526279,-5.5
2073,-4.371162,-2.008435,-9.526279,-5.5
2074,-4.401716,-2.011177,-9.526279,-5.5
2075,-4.434712,-2.013865,-9.526279,-5.5
2076,-4.468937,-2.016456,-9.526279,-5.5
2077,-4.500835,-2.01712,-9.526279,-5.5
2078,-4.529243,-2.016824,-9.526279,-5.5
2079,-4.555699,-2.018756,-9.526279,-5.5
2080,-4.581069,-2.022059,-9.526279,-5.5
2081,-4.604323,-2.027371,-9.526279,-5.5
2082,-4.625471,-2.033597,-9.526279,-5.5
2083,-4.649889,-2.041993,-9.526279,-5.5
2084,-4.675473,-2.050385,-9.526279,-5.5
2085,-4.698488,-2.058828,-9.526279,-5.5
2086,-4.722209,-2.068961,-9.526279,-5.5
2087,-4.748331,-2.077835,-9.526279,-5.5
2088,-4.775229,-2.086076,-9.526279,-5.5
2089,-4.799981,-2.09428,-9.526279,-5.5
2090,-4.822822,-2.101751,-9.526279,-5.5
2091,-4.844938,-2.111722,-9.526279,-5.5
2092,-4.868149,-2.123353,-9.526279,-5.5
2093,-4.890229,-2.135535,-9.526279,-5.5
2094,-4.912329,-2.146051,-9.526279,-5.5
2095,-4.931876,-2.152669,-9.526279,-5.5
2096,-4.955741,-2.162711,-9.526279,-5.5
2097,-4.981558,-2.17482,-9.526279,-5.5
2098,-5.004148,-2.187666,-9.526279,-5.5
2099,-5.027015,-2.200307,-9.526279,-5.5
2100,-5.05315,-2.215583,-9.526279,-5.5
2101,-5.082805,-2.23367,-9.526279,-5.5
2102,-5.113142,-2.251178,-9.526279,-5.5
2103,-5.142092,-2.266626,-9.526279,-5.5
2104,-5.166663,-2.280202,-9.526279,-5.5
2105,-5.190004,-2.295967,-9.526279,-5.5
2106,-5.212442,-2.310737,-9.526279,-5.5
2107,-5.233439,-2.326489,-9.526279,-5.5
2108,-5.254015,-2.339733,-9.526279,-5.5
2109,-5.276299,-2.350542,-9.526279,-5.5
2110,-5.296632,-2.363095,-9.526279,-5.5
2111,-5.319012,-2.378876,-9.526279,-5.5
2112,-5.343137,-2.393575,-9.526279,-5.5
2113,-5.368004,-2.41064,-9.526279,-5.5
2114,-5.392566,-2.428171,-9.526279,-5.5
2115,-5.420051,-2.443447,-9.526279,-5.5
2116,-5.448985,-2.461605,-9.526279,-5.5
2117,-5.477051,-2.477804,-9.526279,-5.5
2118,-5.505147,-2.49233,-9.526279,-5.5
2119,-5.53317,-2.506338,-9.526279,-5.5
2120,-5.561748,-2.518401,-9.526279,-5.5
2121,-5.589814,-2.530595,-9.526279,-5.5
2122,-5.618411,-2.544212,-9.526279,-5.5
2123,-5.649492,-2.557805,-9.526279,-5.5
2124,-5.681793,-2.569147,-9.526279,-5.5
2125,-5.713066,-2.578043,-9.526279,-5.5
2126,-5.740108,-2.584261,-9.526279,-5.5
2127,-5.765552,-2.591895,-9.526279,-5.5
2128,-5.79567,-2.601171,-9.526279,-5.5
2129,-5.823585,-2.611089,-9.526279,-5.5
2130,-5.85304,-2.619374,-9.526279,-5.5
2131,-5.879681,-2.626261,-9.526279,-5.5
2132,-5.903745,-2.632588,-9.526279,-5.5
2133,-5.924121,-2.63865,-9.526279,-5.5
2134,-5.944436,-2.643943,-9.526279,-5.5
2135,-5.963401,-2.651238,-9.526279,-5.5
2136,-5.983099,-2.660733,-9.526279,-5.5
2137,-6.003112,-2.668216,-9.526279,-5.5
2138,-6.022774,-2.67882,-9.526279,-5.5
2139,-6.042531,-2.690298,-9.526279,-5.5
2140,-6.063855,-2.702025,-9.526279,-5.5
2141,-6.084627,-2.712998,-9.526279,-5.5
2142,-6.103418,-2.724804,-9.526279,-5.5
2143,-6.122903,-2.737201,-9.526279,-5.5
2144,-6.141716,-2.747169,-9.526279,-5.5
2145,-6.160896,-2.756911,-9.526279,-5.5
2146,-6.181591,-2.770124,-9.526279,-5.5
2147,-6.203116,-2.782044,-9.526279,-5.5
2148,-6.224961,-2.793928,-9.526279,-5.5
2149,-6.244859,-2.807626,-9.526279,-5.5
2150,-6.266833,-2.820429,-9.526279,-5.5
2151,-6.287754,-2.835153,-9.526279,-5.5
2152,-6.311487,-2.85305,-9.526279,-5.5
2153,-6.335718,-2.870824,-9.526279,-5.5
2154,-6.359502,-2.889442,-9.526279,-5.5
2155,-6.384201,-2.908354,-9.526279,-5.5
2156,-6.410029,-2.928747,-9.526279,-5.5
2157,-6.434385,-2.94711,-9.526279,-5.5
2158,-6.455454,-2.964298,-9.526279,-5.5
2159,-6.471467,-2.980929,-9.526279,-5.5
2160,-6.485568,-2.996047,-9.526279,-5.5
2161,-6.502879,-3.012503,-9.526279,-5.5
2162,-6.518818,-3.03087,-9.526279,-5.5
2163,-6.53596,-3.047445,-9.526279,-5.5
2164,-6.554582,-3.064317,-9.526279,-5.5
2165,-6.575174,-3.082224,-9.526279,-5.5
2166,-6.596654,-3.100866,-9.526279,-5.5
2167,-6.617565,-3.118032,-9.526279,-5.5
2168,-6.640151,-3.13561,-9.526279,-5.5
2169,-6.662356,-3.152268,-9.526279,-5.5
2170,-6.683468,-3.166317,-9.526279,-5.5
2171,-6.705715,-3.179642,-9.526279,-5.5
2172,-6.728208,-3.191632,-9.526279,-5.5
2173,-6.750145,-3.204805,-9.526279,-5.5
2174,-6.773821,-3.217155,-9.526279,-5.5
2175,-6.798123,-3.228311,-9.526279,-5.5
2176,-6.822502,-3.240499,-9.526279,-5.5
2177,-6.848935,-3.253996,-9.526279,-5.5
2178,-6.87653,-3.266685,-9.526279,-5.5
2179,-6.90202,-3.277339,-9.526279,-5.5
2180,-6.930513,-3.288635,-9.526279,-5.5
2181,-6.957494,-3.298485,-9.526279,-5.5
2182,-6.986611,-3.309185,-9.526279,-5.5
2183,-7.015794,-3.321408,-9.526279,-5.5
2184,-7.042689,-3.333474,-9.526279,-5.5
2185,-7.069763,-3.344281,-9.526279,-5.5
2186,-7.096944,-3.354624,-9.526279,-5.5
2187,-7.119884,-3.363903,-9.526279,-5.5
2188,-7.141909,-3.373831,-9.526279,-5.5
2189,-7.163698,-3.385231,-9.526279,-5.5
2190,-7.185172,-3.397816,-9.526279,-5.5
2191,-7.205472,-3.409255,-9.526279,-5.5
2192,-7.223304,-3.419713,-9.526279,-5.5
2193,-7.241783,-3.432736,-9.526279,-5.5
2194,-7.259021,-3.448382,-9.526279,-5.5
2195,-7.280387,-3.466196,-9.526279,-5.5
2196,-7.300995,-3.482367,-9.526279,-5.5
2197,-7.320042,-3.496008,-9.526279,-5.5
2198,-7.337378,-3.510391,-9.526279,-5.5
2199,-7.354481,-3.526921,-9.526279,-5.5
2200,-7.373346,-3.544255,-9.526279,-5.5
2201,-7.392807,-3.559968,-9.526279,-5.5
2202,-7.412368,-3.57505,-9.526279,-5.5
2203,-7.433483,-3.590901,-9.526279,-5.5
2204,-7.453945,-3.610122,-9.526279,-5.5
2205,-7.473811,-3.628563,-9.526279,-5.5
2206,-7.493729,-3.647084,-9.526279,-5.5
2207,-7.514153,-3.668608,-9.526279,-5.5
2208,-7.534625,-3.691007,-9.526279,-5.5
2209,-7.558449,-3.714332,-9.526279,-5.5
2210,-7.582568,-3.738261,-9.526279,-5.5
2211,-7.604023,-3.76254,-9.526279,-5.5
2212,-7.625615,-3.784553,-9.526279,-5.5
2213,-7.643369,-3.805623,-9.526279,-5.5
2214,-7.658896,-3.826001,-9.526279,-5.5
2215,-7.673297,-3.849089,-9.526279,-5.5
2216,-7.690107,-3.87494,-9.526279,-5.5
2217,-7.709484,-3.901233,-9.526279,-5.5
2218,-7.72871,-3.925256,-9.526279,-5.5
2219,-7.747993,-3.94681,-9.526279,-5.5
2220,-7.767888,-3.968171,-9.526279,-5.5
2221,-7.788803,-3.990811,-9.526279,-5.5
2222,-7.80814,-4.014181,-9.526279,-5.5
2223,-7.827039,-4.035829,-9.526279,-5.5
2224,-7.848329,-4.059148,-9.526279,-5.5
2225,-7.871566,-4.080062,-9.526279,-5.5
2226,-7.894938,-4.099422,9.526279,5.5
2227,-7.91623,-4.116629,9.526279,5.5
2228,-7.941546,-4.136951,9.526279,5.5
2229,-7.972826,-4.161563,9.526279,5.5
2230,-8.001193,-4.188631,9.526279,5.5
2231,-8.026147,-4.214927,9.526279,5.5
2232,-8.043759,-4.242225,9.526279,5.5
2233,-8.055839,-4.262192,9.526279,5.5
2234,-8.065859,-4.278285,9.526279,5.5
2235,-8.076089,-4.290661,9.526279,5.5
2236,-8.086108,-4.300595,9.526279,5.5
2237,-8.096414,-4.307526,9.526279,5.5
2238,-8.110019,-4.311183,9.526279,5.5
2239,-8.12679,-4.317322,9.526279,5.5
2240,-8.143085,-4.328129,9.526279,5.5
2241,-8.158532,-4.339701,9.526279,5.5
2242,-8.173461,-4.353872,9.526279,5.5
2243,-8.181893,-4.367443,9.526279,5.5
2244,-8.185825,-4.382012,9.526279,5.5
2245,-8.189189,-4.391976,9.526279,5.5
2246,-8.18798,-4.400129,9.526279,5.5
2247,-8.185666,-4.409352,9.526279,5.5
2248,-8.17802,-4.419806,9.526279,5.5
2249,-8.170265,-4.429465,9.526279,5.5
2250,-8.167202,-4.43705,9.526279,5.5
2251,-8.16511,-4.445846,9.526279,5.5
2252,-8.158765,-4.454088,9.526279,5.5
2253,-8.154619,-4.460349,9.526279,5.5
2254,-8.14777,-4.465671,9.526279,5.5
2255,-8.138284,-4.472459,9.526279,5.5
2256,-8.12857,-4.478358,9.526279,5.5
2257,-8.117452,-4.484353,9.526279,5.5
2258,-8.107109,-4.491302,9.526279,5.5
2259,-8.096881,-4.497863,9.526279,5.5
2260,-8.08544,-4.50333,9.526279,5.5
2261,-8.072778,-4.508611,9.526279,5.5
2262,-8.056174,-4.512322,9.526279,5.5
2263,-8.038936,-4.512639,9.526279,5.5
2264,-8.025179,-4.510766,9.526279,5.5
2265,-8.009821,-4.508039,9.526279,5.5
2266,-7.992899,-4.506988,9.526279,5.5
2267,-7.976839,-4.504923,9.526279,5.5
2268,-7.963855,-4.504794,9.526279,5.5
2269,-7.950305,-4.504971,9.526279,5.5
2270,-7.936996,-4.506834,9.526279,5.5
2271,-7.922945,-4.507926,9.526279,5.5
2272,-7.904237,-4.509207,9.526279,5.5
2273,-7.884704,-4.508428,9.526279,5.5
2274,-7.865034,-4.508433,9.526279,5.5
2275,-7.845666,-4.508013,9.526279,5.5
2276,-7.828,-4.509755,9.526279,5.5
2277,-7.808948,-4.511639,9.526279,5.5
2278,-7.788906,-4.514915,9.526279,5.5
2279,-7.766037,-4.519931,9.526279,5.5
2280,-7.74093,-4.525728,9.526279,5.5
2281,-7.715703,-4.532192,9.526279,5.5
2282,-7.69146,-4.539589,9.526279,5.5
2283,-7.667999,-4.546774,9.526279,5.5
2284,-7.646842,-4.552394,9.526279,5.5
2285,-7.626846,-4.558973,9.526279,5.5
2286,-7.603556,-4.563702,9.526279,5.5
2287,-7.579578,-4.568636,9.526279,5.5
2288,-7.556958,-4.573521,9.526279,5.5
2289,-7.532568,-4.580202,9.526279,5.5
2290,-7.511855,-4.584857,9.526279,5.5
2291,-7.494851,-4.588676,9.526279,5.5
2292,-7.479399,-4.590244,9.526279,5.5
2293,-7.462408,-4.593114,9.526279,5.5
2294,-7.44148,-4.596476,9.526279,5.5
2295,-7.424431,-4.59844,9.526279,5.5
2296,-7.408662,-4.599894,9.526279,5.5
2297,-7.391475,-4.602932,9.526279,5.5
2298,-7.373332,-4.604936,9.526279,5.5
2299,-7.356226,-4.604693,9.526279,5.5
2300,-7.340812,-4.604134,9.526279,5.5
2301,-7.321594,-4.603745,9.526279,5.5
2302,-7.298534,-4.603497,9.526279,5.5
2303,-7.278485,-4.603075,9.526279,5.5
2304,-7.259501,-4.602239,9.526279,5.5
2305,-7.24312,-4.601941,9.526279,5.5
2306,-7.226509,-4.601509,9.526279,5.5
2307,-7.208886,-4.598941,9.526279,5.5
2308,-7.189623,-4.598518,9.526279,5.5
2309,-7.168198,-4.596552,9.526279,5.5
2310,-7.145383,-4.593488,9.526279,5.5
2311,-7.123512,-4.592251,9.526279,5.5
2312,-7.102731,-4.592228,9.526279,5.5
2313,-7.078951,-4.590927,9.526279,5.5
2314,-7.054927,-4.587328,9.526279,5.5
2315,-7.028976,-4.584125,9.526279,5.5
2316,-7.000648,-4.580165,9.526279,5.5
2317,-6.969882,-4.572663,9.526279,5.5
2318,-6.938257,-4.56443,9.526279,5.5
2319,-6.909334,-4.555688,9.526279,5.5
2320,-6.886378,-4.550923,9.526279,5.5
2321,-6.864903,-4.546114,9.526279,5.5
2322,-6.842457,-4.539787,9.526279,5.5
2323,-6.818362,-4.53603,9.526279,5.5
2324,-6.791732,-4.530703,9.526279,5.5
2325,-6.764672,-4.524563,9.526279,5.5
2326,-6.735505,-4.52073,9.526279,5.5
2327,-6.707397,-4.512943,9.526279,5.5
2328,-6.681026,-4.505883,9.526279,5.5
2329,-6.654962,-4.49855,9.526279,5.5
2330,-6.628164,-4.4917,9.526279,5.5
2331,-6.601552,-4.486485,9.526279,5.5
2332,-6.576372,-4.484159,9.526279,5.5
2333,-6.550074,-4.48289,9.526279,5.5
2334,-6.518553,-4.481545,9.526279,5.5
2335,-6.487195,-4.479635,9.526279,5.5
2336,-6.452581,-4.478168,9.526279,5.5
2337,-6.419036,-4.477405,9.526279,5.5
2338,-6.386318,-4.477814,9.526279,5.5
2339,-6.352321,-4.477967,9.526279,5.5
2340,-6.321864,-4.478399,9.526279,5.5
2341,-6.291145,-4.479381,9.526279,5.5
2342,-6.262653,-4.480396,9.526279,5.5
2343,-6.232806,-4.481951,9.526279,5.5
2344,-6.202499,-4.484532,9.526279,5.5
2345,-6.170409,-4.48573,9.526279,5.5
2346,-6.140077,-4.484724,9.526279,5.5
2347,-6.10983,-4.483429,9.526279,5.5
2348,-6.082758,-4.482024,9.526279,5.5
2349,-6.057142,-4.481517,9.526279,5.5
2350,-6.033058,-4.479675,9.526279,5.5
2351,-6.014019,-4.477518,9.526279,5.5
2352,-5.992526,-4.475671,9.526279,5.5
2353,-5.97277,-4.474049,9.526279,5.5
2354,-5.951407,-4.471276,9.526279,5.5
2355,-5.929029,-4.46697,9.526279,5.5
2356,-5.903611,-4.461994,9.526279,5.5
2357,-5.881219,-4.454666,9.526279,5.5
2358,-5.858705,-4.448815,9.526279,5.5
2359,-5.834651,-4.444903,9.526279,5.5
2360,-5.814236,-4.440518,9.526279,5.5
2361,-5.79321,-4.433458,9.526279,5.5
2362,-5.770934,-4.427096,9.526279,5.5
2363,-5.748547,-4.423977,9.526279,5.5
2364,-5.725369,-4.41983,9.526279,5.5
2365,-5.700391,-4.412827,9.526279,5.5
2366,-5.67426,-4.40408,9.526279,5.5
2367,-5.646058,-4.392472,9.526279,5.5
2368,-5.622863,-4.382892,9.526279,5.5
2369,-5.600106,-4.372711,9.526279,5.5
2370,-5.574371,-4.358675,9.526279,5.5
2371,-5.54574,-4.341332,9.526279,5.5
2372,-5.516254,-4.325194,9.526279,5.5
2373,-5.486821,-4.310245,9.526279,5.5
2374,-5.459611,-4.297406,9.526279,5.5
2375,-5.436038,-4.286732,9.526279,5.5
2376,-5.413631,-4.272746,9.526279,5.5
2377,-5.391737,-4.260154,9.526279,5.5
2378,-5.365491,-4.250165,9.526279,5.5
2379,-5.339431,-4.238728,9.526279,5.5
2380,-5.31397,-4.226754,9.526279,5.5
2381,-5.289775,-4.213696,9.526279,5.5
2382,-5.265235,-4.199734,9.526279,5.5
2383,-5.239094,-4.185501,9.526279,5.5
2384,-5.21541,-4.174443,9.526279,5.5
2385,-5.189301,-4.161777,9.526279,5.5
2386,-5.163051,-4.15055,9.526279,5.5
2387,-5.132048,-4.140732,9.526279,5.5
2388,-5.101873,-4.130669,9.526279,5.5
2389,-5.074402,-4.121215,9.526279,5.5
2390,-5.042825,-4.113049,9.526279,5.5
2391,-5.013083,-4.104544,9.526279,5.5
2392,-4.9817,-4.097017,9.526279,5.5
2393,-4.951993,-4.090465,9.526279,5.5
2394,-4.92276,-4.08382,9.526279,5.5
2395,-4.893754,-4.077029,9.526279,5.5
2396,-4.863965,-4.069355,9.526279,5.5
2397,-4.834671,-4.062852,9.526279,5.5
2398,-4.804028,-4.058893,9.526279,5.5
2399,-4.775632,-4.0539,9.526279,5.5
2400,-4.749743,-4.049139,9.526279,5.5
2401,-4.725683,-4.04528,-11,0
2402,-4.697925,-4.036056,-11,0
2403,-4.670568,-4.024717,-11,0
2404,-4.644355,-4.009101,-11,0
2405,-4.619742,-3.993755,-11,0
2406,-4.599416,-3.982076,-11,0
2407,-4.581457,-3.974573,-11,0
2408,-4.563432,-3.965401,-11,0
2409,-4.546363,-3.95586,-11,0
2410,-4.528936,-3.952811,-11,0
2411,-4.511184,-3.950998,-11,0
2412,-4.491586,-3.950572,-11,0
2413,-4.468164,-3.94725,-11,0
2414,-4.447451,-3.942918,-11,0
2415,-4.42958,-3.93877,-11,0
2416,-4.412937,-3.93328,-11,0
2417,-4.396821,-3.928309,-11,0
2418,-4.385113,-3.92325,-11,0
2419,-4.376206,-3.917618,-11,0
2420,-4.368482,-3.913075,-11,0
2421,-4.3641,-3.905371,-11,0
2422,-4.361726,-3.895232,-11,0
2423,-4.360415,-3.88328,-11,0
2424,-4.359851,-3.872504,-11,0
2425,-4.363015,-3.861438,-11,0
2426,-4.365154,-3.849409,-11,0
2427,-4.370368,-3.837086,-11,0
2428,-4.378106,-3.826605,-11,0
2429,-4.383868,-3.817079,-11,0
2430,-4.392249,-3.808609,-11,0
2431,-4.400259,-3.799186,-11,0
2432,-4.411247,-3.788707,-11,0
2433,-4.422513,-3.778489,-11,0
2434,-4.430852,-3.770364,-11,0
2435,-4.442714,-3.757629,-11,0
2436,-4.456268,-3.743298,-11,0
2437,-4.469626,-3.729891,-11,0
2438,-4.48173,-3.716608,-11,0
2439,-4.492639,-3.703309,-11,0
2440,-4.502206,-3.688991,-11,0
2441,-4.512161,-3.673118,-11,0
2442,-4.521949,-3.65305,-11,0
2443,-4.532689,-3.631112,-11,0
2444,-4.541679,-3.610129,-11,0
2445,-4.548618,-3.590557,-11,0
2446,-4.556223,-3.569165,-11,0
2447,-4.560583,-3.551398,-11,0
2448,-4.565805,-3.53271,-11,0
2449,-4.571641,-3.514135,-11,0
2450,-4.576627,-3.496486,-11,0
2451,-4.582505,-3.481257,-11,0
2452,-4.590622,-3.461667,-11,0
2453,-4.597674,-3.441871,-11,0
2454,-4.605678,-3.425677,-11,0
2455,-4.613644,-3.409487,-11,0
2456,-4.62193,-3.395955,-11,0
2457,-4.629658,-3.383932,-11,0
2458,-4.639182,-3.368713,-11,0
2459,-4.650083,-3.353541,-11,0
2460,-4.660863,-3.340687,-11,0
2461,-4.671124,-3.32933,-11,0
2462,-4.684085,-3.312477,-11,0
2463,-4.69913,-3.295306,-11,0
2464,-4.713648,-3.280956,-11,0
2465,-4.725718,-3.269351,-11,0
2466,-4.737388,-3.259255,-11,0
2467,-4.753201,-3.247305,-11,0
2468,-4.767298,-3.232815,-11,0
2469,-4.780867,-3.217252,-11,0
2470,-4.792868,-3.200753,-11,0
2471,-4.809453,-3.183526,-11,0
2472,-4.823279,-3.167506,-11,0
2473,-4.840815,-3.150063,-11,0
2474,-4.859577,-3.13378,-11,0
2475,-4.88151,-3.115093,-11,0
2476,-4.905085,-3.099444,-11,0
2477,-4.926845,-3.081501,-11,0
2478,-4.950662,-3.063872,-11,0
2479,-4.974996,-3.048246,-11,0
2480,-4.996858,-3.034176,-11,0
2481,-5.01761,-3.018582,-11,0
2482,-5.03823,-3.004455,-11,0
2483,-5.059932,-2.989185,-11,0
2484,-5.082029,-2.97302,-11,0
2485,-5.103642,-2.956941,-11,0
2486,-5.12426,-2.944175,-11,0
2487,-5.143928,-2.932858,-11,0
2488,-5.165411,-2.917435,-11,0
2489,-5.184658,-2.900694,-11,0
2490,-5.203211,-2.884687,-11,0
2491,-5.223667,-2.867108,-11,0
2492,-5.244399,-2.851135,-11,0
2493,-5.266654,-2.832128,-11,0
2494,-5.289042,-2.812193,-11,0
2495,-5.312533,-2.789196,-11,0
2496,-5.336031,-2.764679,-11,0
2497,-5.356126,-2.743214,-11,0
2498,-5.377476,-2.721042,-11,0
2499,-5.398081,-2.697648,-11,0
2500,-5.417904,-2.67162,-11,0
2501,-5.437978,-2.644588,-11,0
2502,-5.456697,-2.620927,-11,0
2503,-5.47411,-2.597085,-11,0
2504,-5.491564,-2.574012,-11,0
2505,-5.509943,-2.551594,-11,0
2506,-5.528517,-2.528081,-11,0
2507,-5.545101,-2.504462,-11,0
2508,-5.561885,-2.484293,-11,0
2509,-5.579427,-2.464286,-11,0
2510,-5.594673,-2.449339,-11,0
2511,-5.612468,-2.430559,-11,0
2512,-5.629582,-2.415833,-11,0
2513,-5.648201,-2.404176,-11,0
2514,-5.664526,-2.389864,-11,0
2515,-5.68051,-2.376106,-11,0
2516,-5.699167,-2.361679,-11,0
2517,-5.721167,-2.34492,-11,0
2518,-5.737866,-2.330715,-11,0
2519,-5.755097,-2.316204,-11,0
2520,-5.777749,-2.302116,-11,0
2521,-5.799306,-2.29154,-11,0
2522,-5.817536,-2.27996,-11,0
2523,-5.835159,-2.266198,-11,0
2524,-5.855745,-2.250262,-11,0
2525,-5.874971,-2.234056,-11,0
2526,-5.895577,-2.219339,-11,0
2527,-5.917779,-2.206212,-11,0
2528,-5.940968,-2.192708,-11,0
2529,-5.964463,-2.179367,-11,0
2530,-5.988238,-2.166819,-11,0
2531,-6.014795,-2.155389,-11,0
2532,-6.040351,-2.14431,-11,0
2533,-6.066412,-2.132521,-11,0
2534,-6.093719,-2.120168,-11,0
2535,-6.120842,-2.10935,-11,0
2536,-6.143867,-2.100833,-11,0
2537,-6.167422,-2.092457,-11,0
2538,-6.189651,-2.085521,-11,0
2539,-6.21141,-2.077488,-11,0
2540,-6.23623,-2.068623,-11,0
2541,-6.262065,-2.061351,-11,0
2542,-6.289763,-2.053481,-11,0
2543,-6.317417,-2.043415,-11,0
2544,-6.344443,-2.032521,-11,0
2545,-6.369944,-2.020849,-11,0
2546,-6.395943,-2.009602,-11,0
2547,-6.421963,-1.996921,-11,0
2548,-6.448451,-1.982647,-11,0
2549,-6.473777,-1.965681,-11,0
2550,-6.500599,-1.945913,-11,0
2551,-6.528168,-1.927598,-11,0
2552,-6.554071,-1.908319,-11,0
2553,-6.578689,-1.88911,-11,0
2554,-6.604228,-1.86895,-11,0
2555,-6.627058,-1.850613,-11,0
2556,-6.652142,-1.832506,-11,0
2557,-6.676626,-1.814262,-11,0
2558,-6.701722,-1.794702,-11,0
2559,-6.726541,-1.775746,-11,0
2560,-6.74859,-1.757099,-11,0
2561,-6.767955,-1.740622,-11,0
2562,-6.788574,-1.724914,-11,0
2563,-6.808871,-1.710051,-11,0
2564,-6.829255,-1.696759,-11,0
2565,-6.850746,-1.684222,-11,0
2566,-6.868717,-1.673889,-11,0
2567,-6.886859,-1.664047,-11,0
2568,-6.903827,-1.656802,-11,0
2569,-6.921793,-1.648748,-11,0
2570,-6.942447,-1.638005,-11,0
2571,-6.961833,-1.627337,-11,0
2572,-6.981286,-1.615961,-11,0
2573,-7.001306,-1.606411,-11,0
2574,-7.024051,-1.597593,-11,0
2575,-7.048234,-1.587422,-11,0
2576,-7.069796,-1.57749,11,0
2577,-7.089375,-1.572207,11,0
2578,-7.111853,-1.568574,11,0
2579,-7.135659,-1.567973,11,0
2580,-7.15919,-1.568566,11,0
2581,-7.184623,-1.570963,11,0
2582,-7.2096,-1.572955,11,0
2583,-7.232929,-1.571393,11,0
2584,-7.255988,-1.567606,11,0
2585,-7.278825,-1.559596,11,0
2586,-7.299739,-1.54923,11,0
2587,-7.320507,-1.533373,11,0
2588,-7.3392,-1.515085,11,0
2589,-7.355376,-1.497475,11,0
2590,-7.371062,-1.486017,11,0
2591,-7.386042,-1.472674,11,0
2592,-7.397326,-1.46092,11,0
2593,-7.405456,-1.448457,11,0
2594,-7.413806,-1.436942,11,0
2595,-7.42306,-1.422566,11,0
2596,-7.430016,-1.406354,11,0
2597,-7.435099,-1.389151,11,0
2598,-7.438407,-1.371563,11,0
2599,-7.436038,-1.355115,11,0
2600,-7.433403,-1.340636,11,0
2601,-7.429593,-1.32569,11,0
2602,-7.423405,-1.308671,11,0
2603,-7.41598,-1.29261,11,0
2604,-7.406062,-1.278044,11,0
2605,-7.394569,-1.263728,11,0
2606,-7.380226,-1.247019,11,0
2607,-7.363852,-1.22652,11,0
2608,-7.347014,-1.206805,11,0
2609,-7.330949,-1.189359,11,0
2610,-7.315314,-1.172171,11,0
2611,-7.29908,-1.154227,11,0
2612,-7.283047,-1.13697,11,0
2613,-7.265583,-1.120241,11,0
2614,-7.248652,-1.105893,11,0
2615,-7.23459,-1.09342,11,0
2616,-7.222749,-1.080995,11,0
2617,-7.212379,-1.066382,11,0
2618,-7.200122,-1.04937,11,0
2619,-7.187938,-1.033758,11,0
2620,-7.177636,-1.020247,11,0
2621,-7.170071,-1.007485,11,0
2622,-7.160956,-0.9912775,11,0
2623,-7.15039,-0.9715515,11,0
2624,-7.138532,-0.953633,11,0
2625,-7.128031,-0.9373343,11,0
2626,-7.117245,-0.9202805,11,0
2627,-7.110035,-0.9044442,11,0
2628,-7.100424,-0.8856721,11,0
2629,-7.090367,-0.8699523,11,0
2630,-7.080659,-0.8532116,11,0
2631,-7.071875,-0.8362976,11,0
2632,-7.061989,-0.8189825,11,0
2633,-7.052068,-0.8002523,11,0
2634,-7.040809,-0.7818641,11,0
2635,-7.031666,-0.7633512,11,0
2636,-7.023794,-0.7458031,11,0
2637,-7.014968,-0.7270799,11,0
2638,-7.004281,-0.708963,11,0
2639,-6.992298,-0.6912815,11,0
2640,-6.981378,-0.6749946,11,0
2641,-6.968725,-0.6560252,11,0
2642,-6.955884,-0.6369463,11,0
2643,-6.943351,-0.6186367,11,0
2644,-6.929497,-0.6025227,11,0
2645,-6.914394,-0.5853121,11,0
2646,-6.900323,-0.5676863,11,0
2647,-6.886751,-0.5494739,11,0
2648,-6.872651,-0.5317323,11,0
2649,-6.857219,-0.5144425,11,0
2650,-6.838221,-0.4957214,-9.526278,5.5
2651,-6.824802,-0.4796781,-9.526278,5.5
2652,-6.812189,-0.4626405,-9.526278,5.5
2653,-6.799442,-0.4492828,-9.526278,5.5
2654,-6.786906,-0.4384241,-9.526278,5.5
2655,-6.771764,-0.4325603,-9.526278,5.5
2656,-6.755728,-0.4296039,-9.526278,5.5
2657,-6.73737,-0.4258204,-9.526278,5.5
2658,-6.718343,-0.4218204,-9.526278,5.5
2659,-6.700724,-0.4162405,-9.526278,5.5
2660,-6.684793,-0.4098722,-9.526278,5.5
2661,-6.672997,-0.4057953,-9.526278,5.5
2662,-6.663134,-0.4052795,-9.526278,5.5
2663,-6.653275,-0.4033692,-9.526278,5.5
2664,-6.640897,-0.3986779,-9.526278,5.5
2665,-6.628352,-0.3958435,-9.526278,5.5
2666,-6.61437,-0.3939478,-9.526278,5.5
2667,-6.60228,-0.3867652,-9.526278,5.5
2668,-6.592124,-0.3790832,-9.526278,5.5
2669,-6.585999,-0.3712095,-9.526278,5.5
2670,-6.580678,-0.3636947,-9.526278,5.5
2671,-6.575005,-0.354519,-9.526278,5.5
2672,-6.568005,-0.3433267,-9.526278,5.5
2673,-6.561415,-0.3328515,-9.526278,5.5
2674,-6.556396,-0.3236688,-9.526278,5.5
2675,-6.553335,-0.3106897,-9.526278,5.5
2676,-6.552877,-0.298481,-9.526278,5.5
2677,-6.552635,-0.2866995,-9.526278,5.5
2678,-6.552346,-0.273224,-9.526278,5.5
2679,-6.552675,-0.2615442,-9.526278,5.5
2680,-6.552265,-0.250387,-9.526278,5.5
2681,-6.551032,-0.2397225,-9.526278,5.5
2682,-6.548485,-0.2303652,-9.526278,5.5
2683,-6.547434,-0.2191593,-9.526278,5.5
2684,-6.547731,-0.2031958,-9.526278,5.5
2685,-6.548986,-0.1857069,-9.526278,5.5
2686,-6.549207,-0.1707556,-9.526278,5.5
2687,-6.552987,-0.1524996,-9.526278,5.5
2688,-6.557399,-0.1312377,-9.526278,5.5
2689,-6.561654,-0.1087789,-9.526278,5.5
2690,-6.566803,-0.08645672,-9.526278,5.5
2691,-6.57109,-0.0648424,-9.526278,5.5
2692,-6.574879,-0.0464654,-9.526278,5.5
2693,-6.577985,-0.02587014,-9.526278,5.5
2694,-6.58028,-0.005621374,-9.526278,5.5
2695,-6.583236,0.01155949,-9.526278,5.5
2696,-6.587456,0.0289495,-9.526278,5.5
2697,-6.592987,0.05094898,-9.526278,5.5
2698,-6.596009,0.07053745,-9.526278,5.5
2699,-6.59955,0.08862233,-9.526278,5.5
2700,-6.603132,0.1086103,-9.526278,5.5
2701,-6.609245,0.1292117,-9.526278,5.5
2702,-6.617635,0.1505471,-9.526278,5.5
2703,-6.62265,0.1732543,-9.526278,5.5
2704,-6.627139,0.1930277,-9.526278,5.5
2705,-6.632256,0.2155601,-9.526278,5.5
2706,-6.637052,0.2415044,-9.526278,5.5
2707,-6.640707,0.2672412,-9.526278,5.5
2708,-6.643339,0.2953711,-9.526278,5.5
2709,-6.645216,0.3244525,-9.526278,5.5
2710,-6.646,0.3526571,-9.526278,5.5
2711,-6.645885,0.3802143,-9.526278,5.5
2712,-6.646173,0.4055011,-9.526278,5.5
2713,-6.645852,0.4324367,-9.526278,5.5
2714,-6.644316,0.4593298,-9.526278,5.5
2715,-6.642899,0.4842142,-9.526278,5.5
2716,-6.640686,0.5111003,-9.526278,5.5
2717,-6.638554,0.538335,-9.526278,5.5
2718,-6.637118,0.5644727,-9.526278,5.5
2719,-6.634223,0.5914819,-9.526278,5.5
2720,-6.631645,0.6135123,-9.526278,5.5
2721,-6.630843,0.6335828,-9.526278,5.5
2722,-6.630282,0.6589592,9.526278,-5.5
2723,-6.629805,0.6798236,9.526278,-5.5
2724,-6.63067,0.7011355,9.526278,-5.5
2725,-6.632413,0.7194321,9.526278,-5.5
2726,-6.636503,0.7358782,9.526278,-5.5
2727,-6.641621,0.7564511,9.526278,-5.5
2728,-6.644673,0.7722164,9.526278,-5.5
2729,-6.646877,0.7912163,9.526278,-5.5
2730,-6.650971,0.8096516,9.526278,-5.5
2731,-6.655163,0.828384,9.526278,-5.5
2732,-6.660344,0.8440651,9.526278,-5.5
2733,-6.666553,0.8593831,9.526278,-5.5
2734,-6.673841,0.8760552,9.526278,-5.5
2735,-6.682006,0.8910348,9.526278,-5.5
2736,-6.689738,0.9075308,9.526278,-5.5
2737,-6.699249,0.9221917,9.526278,-5.5
2738,-6.708378,0.9366788,9.526278,-5.5
2739,-6.717933,0.9511966,9.526278,-5.5
2740,-6.727489,0.9668708,9.526278,-5.5
2741,-6.733835,0.9777964,9.526278,-5.5
2742,-6.737837,0.9879352,9.526278,-5.5
2743,-6.738346,0.9989777,9.526278,-5.5
2744,-6.73755,1.014307,9.526278,-5.5
2745,-6.733418,1.033948,9.526278,-5.5
2746,-6.728717,1.053666,9.526278,-5.5
2747,-6.723794,1.068383,9.526278,-5.5
2748,-6.719779,1.082807,9.526278,-5.5
2749,-6.716151,1.095725,9.526278,-5.5
2750,-6.715712,1.106601,9.526278,-5.5
2751,-6.713672,1.115985,9.526278,-5.5
2752,-6.710254,1.126537,9.526278,-5.5
2753,-6.704725,1.136464,9.526278,-5.5
2754,-6.694039,1.146167,9.526278,-5.5
2755,-6.684785,1.156876,9.526278,-5.5
2756,-6.672469,1.166208,9.526278,-5.5
2757,-6.658991,1.172399,9.526278,-5.5
2758,-6.643035,1.174806,9.526278,-5.5
2759,-6.627521,1.177258,9.526278,-5.5
2760,-6.610124,1.176828,9.526278,-5.5
2761,-6.590636,1.175352,9.526278,-5.5
2762,-6.568768,1.171728,9.526278,-5.5
2763,-6.547786,1.167042,9.526278,-5.5
2764,-6.529244,1.16023,9.526278,-5.5
2765,-6.510479,1.152252,9.526278,-5.5
2766,-6.490744,1.144664,9.526278,-5.5
2767,-6.471768,1.136804,9.526278,-5.5
2768,-6.451212,1.130688,9.526278,-5.5
2769,-6.429338,1.12385,9.526278,-5.5
2770,-6.407707,1.116494,9.526278,-5.5
2771,-6.384349,1.108519,9.526278,-5.5
2772,-6.357379,1.10137,9.526278,-5.5
2773,-6.326989,1.092632,9.526278,-5.5
2774,-6.301667,1.084537,9.526278,-5.5
2775,-6.281043,1.076945,9.526278,-5.5
2776,-6.266019,1.072151,9.526278,-5.5
2777,-6.248344,1.067328,9.526278,-5.5
2778,-6.2311,1.061212,9.526278,-5.5
2779,-6.213284,1.057467,9.526278,-5.5
2780,-6.191752,1.053629,9.526278,-5.5
2781,-6.171267,1.049193,9.526278,-5.5
2782,-6.147763,1.042728,9.526278,-5.5
2783,-6.125936,1.038472,9.526278,-5.5
2784,-6.105044,1.035544,9.526278,-5.5
2785,-6.082262,1.033148,9.526278,-5.5
2786,-6.059685,1.029834,9.526278,-5.5
2787,-6.036711,1.026847,9.526278,-5.5
2788,-6.014346,1.025914,9.526278,-5.5
2789,-5.992005,1.024516,9.526278,-5.5
2790,-5.969475,1.022855,9.526278,-5.5
2791,-5.94843,1.022098,9.526278,-5.5
2792,-5.925328,1.019169,9.526278,-5.5
2793,-5.903747,1.01604,9.526278,-5.5
2794,-5.879448,1.014389,9.526278,-5.5
2795,-5.855091,1.012858,9.526278,-5.5
2796,-5.828533,1.011533,9.526278,-5.5
2797,-5.803843,1.009261,9.526278,-5.5
2798,-5.776684,1.007447,9.526278,-5.5
2799,-5.749327,1.005906,9.526278,-5.5
2800,-5.717488,1.003039,9.526278,-5.5
2801,-5.685821,1.000709,9.526278,-5.5
2802,-5.656838,0.9993501,9.526278,-5.5
2803,-5.62913,0.9985611,9.526278,-5.5
2804,-5.601362,0.9979448,9.526278,-5.5
2805,-5.572172,0.9971073,9.526278,-5.5
2806,-5.541734,0.9965345,9.526278,-5.5
2807,-5.513473,0.9951025,9.526278,-5.5
2808,-5.48694,0.9940662,9.526278,-5.5
2809,-5.456903,0.9909658,9.526278,-5.5
2810,-5.430325,0.9876211,9.526278,-5.5
2811,-5.403104,0.9851439,9.526278,-5.5
2812,-5.373489,0.9783169,9.526278,-5.5
2813,-5.3469,0.9720815,9.526278,-5.5
2814,-5.322309,0.9661472,9.526278,-5.5
2815,-5.295598,0.9607416,9.526278,-5.5
2816,-5.267762,0.9525743,9.526278,-5.5
2817,-5.241311,0.9446273,9.526278,-5.5
2818,-5.213871,0.9347532,9.526278,-5.5
2819,-5.188478,0.9246055,9.526278,-5.5
2820,-5.160795,0.9129665,9.526278,-5.5
2821,-5.133921,0.9013302,9.526278,-5.5
2822,-5.106744,0.8881618,9.526278,-5.5
2823,-5.082786,0.8764609,9.526278,-5.5
2824,-5.057384,0.8632202,9.526278,-5.5
2825,-5.029182,0.8500712,9.526278,-5.5
2826,-5.00034,0.8336008,9.526278,-5.5
2827,-4.971395,0.8172047,9.526278,-5.5
2828,-4.944814,0.8026339,9.526278,-5.5
2829,-4.920061,0.7879894,9.526278,-5.5
2830,-4.895544,0.7739959,9.526278,-5.5
2831,-4.872863,0.761917,9.526278,-5.5
2832,-4.849716,0.7524652,9.526278,-5.5
2833,-4.830009,0.7432981,9.526278,-5.5
2834,-4.811533,0.7340283,9.526278,-5.5
2835,-4.791872,0.72651,9.526278,-5.5
2836,-4.770861,0.720768,9.526278,-5.5
2837,-4.74824,0.7159591,9.526278,-5.5
2838,-4.724853,0.7096264,9.526278,-5.5
2839,-4.700621,0.7026815,9.526278,-5.5
2840,-4.674775,0.6955147,9.526278,-5.5
2841,-4.647011,0.6922204,9.526278,-5.5
2842,-4.621737,0.688236,9.526278,-5.5
2843,-4.601195,0.6846843,9.526278,-5.5
2844,-4.578342,0.6803463,9.526278,-5.5
2845,-4.556305,0.673456,9.526278,-5.5
2846,-4.536899,0.6650705,9.526278,-5.5
2847,-4.514372,0.6571929,9.526278,-5.5
2848,-4.489207,0.6490917,9.526278,-5.5
2849,-4.465906,0.6429096,9.526278,-5.5
2850,-4.440845,0.6365983,9.526278,-5.5
2851,-4.413394,0.6316164,9.526278,-5.5
2852,-4.386522,0.6261399,9.526278,-5.5
2853,-4.361173,0.6207917,9.526278,-5.5
2854,-4.330802,0.615178,9.526278,-5.5
2855,-4.300406,0.6104465,9.526278,-5.5
2856,-4.272814,0.6053582,9.526278,-5.5
2857,-4.247488,0.6032445,9.526278,-5.5
2858,-4.220201,0.60157,9.526278,-5.5
2859,-4.192431,0.5978227,9.526278,-5.5
2860,-4.162967,0.5963706,9.526278,-5.5
2861,-4.133027,0.5943339,9.526278,-5.5
2862,-4.103966,0.5901632,9.526278,-5.5
2863,-4.075108,0.5894251,9.526278,-5.5
2864,-4.044878,0.5848935,9.526278,-5.5
2865,-4.016416,0.5789027,9.526278,-5.5
2866,-3.988058,0.5719199,9.526278,-5.5
2867,-3.960635,0.5641358,9.526278,-5.5
2868,-3.931898,0.556608,9.526278,-5.5
2869,-3.903116,0.5493071,9.526278,-5.5
2870,-3.876651,0.5396699,-5.5,9.526279
2871,-3.849487,0.5286605,-5.5,9.526279
2872,-3.82392,0.5150324,-5.5,9.526279
2873,-3.79648,0.5009074,-5.5,9.526279
2874,-3.766111,0.4866571,-5.5,9.526279
2875,-3.730808,0.4713342,-5.5,9.526279
2876,-3.698902,0.4581902,-5.5,9.526279
2877,-3.669964,0.4474652,-5.5,9.526279
2878,-3.646672,0.4411409,-5.5,9.526279
2879,-3.628609,0.4359151,-5.5,9.526279
2880,-3.613986,0.4307865,-5.5,9.526279
2881,-3.594986,0.4262321,-5.5,9.526279
2882,-3.574898,0.423297,-5.5,9.526279
2883,-3.555406,0.4194816,-5.5,9.526279
2884,-3.535955,0.4136077,-5.5,9.526279
2885,-3.51692,0.4074246,-5.5,9.526279
2886,-3.497372,0.4058427,-5.5,9.526279
2887,-3.479014,0.4087121,-5.5,9.526279
2888,-3.4643,0.4138675,-5.5,9.526279
2889,-3.452299,0.4209187,-5.5,9.526279
2890,-3.441569,0.4262766,-5.5,9.526279
2891,-3.4284,0.4337752,-5.5,9.526279
2892,-3.413516,0.4439466,-5.5,9.526279
2893,-3.398773,0.4555125,-5.5,9.526279
2894,-3.388805,0.4684576,-5.5,9.526279
2895,-3.3807,0.4797974,-5.5,9.526279
2896,-3.374345,0.4897101,-5.5,9.526279
2897,-3.368642,0.5007507,-5.5,9.526279
2898,-3.361927,0.5139463,-5.5,9.526279
2899,-3.355345,0.5250216,-5.5,9.526279
2900,-3.346348,0.5391402,-5.5,9.526279
2901,-3.339662,0.5564796,-5.5,9.526279
2902,-3.332612,0.5744808,-5.5,9.526279
2903,-3.325616,0.5940199,-5.5,9.526279
2904,-3.322158,0.6150463,-5.5,9.526279
2905,-3.319057,0.634253,-5.5,9.526279
2906,-3.314545,0.6553472,-5.5,9.526279
2907,-3.311758,0.6727149,-5.5,9.526279
2908,-3.308856,0.6913598,-5.5,9.526279
2909,-3.306647,0.7087615,-5.5,9.526279
2910,-3.30481,0.7290199,-5.5,9.526279
2911,-3.302071,0.7505407,-5.5,9.526279
2912,-3.300814,0.7743225,-5.5,9.526279
2913,-3.298176,0.7978077,-5.5,9.526279
2914,-3.295719,0.8236113,-5.5,9.526279
2915,-3.295424,0.8489344,-5.5,9.526279
2916,-3.297548,0.8706074,-5.5,9.526279
2917,-3.297253,0.8923628,-5.5,9.526279
2918,-3.296813,0.9134881,-5.5,9.526279
2919,-3.297776,0.9339602,-5.5,9.526279
2920,-3.298871,0.9553583,-5.5,9.526279
2921,-3.29631,0.9776264,-5.5,9.526279
2922,-3.292521,0.9999868,-5.5,9.526279
2923,-3.290758,1.025685,-5.5,9.526279
2924,-3.287886,1.052589,-5.5,9.526279
2925,-3.280962,1.081492,-5.5,9.526279
2926,-3.273117,1.111487,-5.5,9.526279
2927,-3.26591,1.13924,-5.5,9.526279
2928,-3.257641,1.167677,-5.5,9.526279
2929,-3.248055,1.195689,-5.5,9.526279
2930,-3.238519,1.223411,-5.5,9.526279
2931,-3.228136,1.253252,-5.5,9.526279
2932,-3.215934,1.282381,-5.5,9.526279
2933,-3.204267,1.30807,-5.5,9.526279
2934,-3.194078,1.333674,-5.5,9.526279
2935,-3.185044,1.3571,-5.5,9.526279
2936,-3.176338,1.378704,-5.5,9.526279
2937,-3.166171,1.402122,-5.5,9.526279
2938,-3.156851,1.422841,-5.5,9.526279
2939,-3.149833,1.444184,-5.5,9.526279
2940,-3.143564,1.465332,-5.5,9.526279
2941,-3.138769,1.48909,-5.5,9.526279
2942,-3.136515,1.506003,-5.5,9.526279
2943,-3.132944,1.520552,-5.5,9.526279
2944,-3.126915,1.536376,-5.5,9.526279
2945,-3.123979,1.553371,-5.5,9.526279
2946,-3.120246,1.574073,-5.5,9.526279
2947,-3.117276,1.594793,-5.5,9.526279
2948,-3.113334,1.61871,-5.5,9.526279
2949,-3.11039,1.642885,-5.5,9.526279
2950,-3.106714,1.661438,-5.5,9.526279
2951,-3.103297,1.679792,-5.5,9.526279
2952,-3.100955,1.700294,-5.5,9.526279
2953,-3.099144,1.722231,-5.5,9.526279
2954,-3.096945,1.745332,-5.5,9.526279
2955,-3.095681,1.771225,-5.5,9.526279
2956,-3.094489,1.794725,-5.5,9.526279
2957,-3.094863,1.81714,-5.5,9.526279
2958,-3.094069,1.843638,-5.5,9.526279
2959,-3.094966,1.870368,-5.5,9.526279
2960,-3.097073,1.897999,-5.5,9.526279
2961,-3.098994,1.927213,-5.5,9.526279
2962,-3.101743,1.954943,-5.5,9.526279
2963,-3.103622,1.985504,-5.5,9.526279
2964,-3.106621,2.012803,-5.5,9.526279
2965,-3.108587,2.039206,-5.5,9.526279
2966,-3.109977,2.063681,-5.5,9.526279
2967,-3.111766,2.088801,-5.5,9.526279
2968,-3.113154,2.115796,-5.5,9.526279
2969,-3.114759,2.140441,-5.5,9.526279
2970,-3.118213,2.16435,-5.5,9.526279
2971,-3.119203,2.192743,-5.5,9.526279
2972,-3.120922,2.220854,-5.5,9.526279
2973,-3.124277,2.246945,-5.5,9.526279
2974,-3.125594,2.273565,-5.5,9.526279
2975,-3.125233,2.301806,-5.5,9.526279
2976,-3.123683,2.331047,-5.5,9.526279
2977,-3.121385,2.361038,-5.5,9.526279
2978,-3.120012,2.390993,-5.5,9.526279
2979,-3.119048,2.418763,-5.5,9.526279
2980,-3.116144,2.447302,-5.5,9.526279
2981,-3.111367,2.478343,-5.5,9.526279
2982,-3.107631,2.510686,-5.5,9.526279
2983,-3.101678,2.544779,-5.5,9.526279
2984,-3.095935,2.57643,-5.5,9.526279
2985,-3.090358,2.605811,-5.5,9.526279
2986,-3.083419,2.634678,-5.5,9.526279
2987,-3.074954,2.662169,-5.5,9.526279
2988,-3.067058,2.691469,-5.5,9.526279
2989,-3.060746,2.72424,-5.5,9.526279
2990,-3.056337,2.757638,-5.5,9.526279
2991,-3.052472,2.785198,-5.5,9.526279
2992,-3.048815,2.811366,-5.5,9.526279
2993,-3.04586,2.834187,-5.5,9.526279
2994,-3.043441,2.85985,5.5,-9.526279
2995,-3.040521,2.883726,5.5,-9.526279
2996,-3.038975,2.908711,5.5,-9.526279
2997,-3.036628,2.93377,5.5,-9.526279
2998,-3.031918,2.958622,5.5,-9.526279
2999,-3.032023,2.985009,5.5,-9.526279
3000,-3.030129,3.011029,5.5,-9.526279
3001,-3.027866,3.039474,5.5,-9.526279
3002,-3.024272,3.059263,5.5,-9.526279
3003,-3.022183,3.075414,5.5,-9.526279
3004,-3.023179,3.089348,5.5,-9.526279
3005,-3.026322,3.100842,5.5,-9.526279
3006,-3.033349,3.113811,5.5,-9.526279
3007,-3.042155,3.126385,5.5,-9.526279
3008,-3.054338,3.139989,5.5,-9.526279
3009,-3.069044,3.155959,5.5,-9.526279
3010,-3.082074,3.174864,5.5,-9.526279
3011,-3.08971,3.195408,5.5,-9.526279
3012,-3.098431,3.209694,5.5,-9.526279
3013,-3.104054,3.222739,5.5,-9.526279
3014,-3.107432,3.2359,5.5,-9.526279
3015,-3.10778,3.25026,5.5,-9.526279
3016,-3.104966,3.268221,5.5,-9.526279
3017,-3.099833,3.286257,5.5,-9.526279
3018,-3.09385,3.301728,5.5,-9.526279
3019,-3.087065,3.313307,5.5,-9.526279
3020,-3.080375,3.319266,5.5,-9.526279
3021,-3.070466,3.324694,5.5,-9.526279
3022,-3.060382,3.330511,5.5,-9.526279
3023,-3.050821,3.334825,5.5,-9.526279
3024,-3.041275,3.338254,5.5,-9.526279
3025,-3.031411,3.342209,5.5,-9.526279
3026,-3.017996,3.341896,5.5,-9.526279
3027,-3.006251,3.338781,5.5,-9.526279
3028,-2.997488,3.336431,5.5,-9.526279
3029,-2.989029,3.331944,5.5,-9.526279
3030,-2.981244,3.32598,5.5,-9.526279
3031,-2.971372,3.319932,5.5,-9.526279
3032,-2.956804,3.31278,5.5,-9.526279
3033,-2.941087,3.302755,5.5,-9.526279
3034,-2.926314,3.292328,5.5,-9.526279
3035,-2.913767,3.279309,5.5,-9.526279
3036,-2.901494,3.267288,5.5,-9.526279
3037,-2.886686,3.255836,5.5,-9.526279
3038,-2.874194,3.241754,5.5,-9.526279
3039,-2.860908,3.226103,5.5,-9.526279
3040,-2.848694,3.214756,5.5,-9.526279
3041,-2.833418,3.205406,5.5,-9.526279
3042,-2.820013,3.194911,5.5,-9.526279
3043,-2.805841,3.18457,5.5,-9.526279
3044,-2.790808,3.175332,5.5,-9.526279
3045,-2.774572,3.165583,5.5,-9.526279
3046,-2.758406,3.153536,5.5,-9.526279
3047,-2.74457,3.142766,5.5,-9.526279
3048,-2.730539,3.131159,5.5,-9.526279
3049,-2.717005,3.120546,5.5,-9.526279
3050,-2.704567,3.110792,5.5,-9.526279
3051,-2.687958,3.098898,5.5,-9.526279
3052,-2.671105,3.084998,5.5,-9.526279
3053,-2.656507,3.071384,5.5,-9.526279
3054,-2.643716,3.061234,5.5,-9.526279
3055,-2.625429,3.049154,5.5,-9.526279
3056,-2.609765,3.036719,5.5,-9.526279
3057,-2.591231,3.025035,5.5,-9.526279
3058,-2.573541,3.013724,5.5,-9.526279
3059,-2.556041,3.001796,5.5,-9.526279
3060,-2.541583,2.993682,5.5,-9.526279
3061,-2.526699,2.983739,5.5,-9.526279
3062,-2.513243,2.973033,5.5,-9.526279
3063,-2.494665,2.957398,5.5,-9.526279
3064,-2.478879,2.941831,5.5,-9.526279
3065,-2.462142,2.927671,5.5,-9.526279
3066,-2.443183,2.91406,5.5,-9.526279
3067,-2.42294,2.899485,5.5,-9.526279
3068,-2.39542,2.881256,5.5,-9.526279
3069,-2.371127,2.864446,5.5,-9.526279
3070,-2.346254,2.849225,5.5,-9.526279
3071,-2.322921,2.833189,5.5,-9.526279
3072,-2.299463,2.815957,5.5,-9.526279
3073,-2.275094,2.798495,5.5,-9.526279
3074,-2.250812,2.779796,5.5,-9.526279
3075,-2.226913,2.761871,5.5,-9.526279
3076,-2.201378,2.746243,5.5,-9.526279
3077,-2.177715,2.729105,5.5,-9.526279
3078,-2.157676,2.713067,5.5,-9.526279
3079,-2.137043,2.695616,5.5,-9.526279
3080,-2.115032,2.676788,5.5,-9.526279
3081,-2.094542,2.656486,5.5,-9.526279
3082,-2.075424,2.638634,5.5,-9.526279
3083,-2.058336,2.618446,5.5,-9.526279
3084,-2.042135,2.59705,5.5,-9.526279
3085,-2.027319,2.572753,5.5,-9.526279
3086,-2.012053,2.545477,5.5,-9.526279
3087,-1.998706,2.517937,5.5,-9.526279
3088,-1.987087,2.489718,5.5,-9.526279
3089,-1.975073,2.460815,5.5,-9.526279
3090,-1.965447,2.436595,5.5,-9.526279
3091,-1.954224,2.409212,5.5,-9.526279
3092,-1.941582,2.377772,5.5,-9.526279
3093,-1.929956,2.347215,5.5,-9.526279
3094,-1.919759,2.317838,5.5,-9.526279
3095,-1.908039,2.290124,5.5,-9.526279
3096,-1.895889,2.263385,5.5,-9.526279
3097,-1.883846,2.238521,5.5,-9.526279
3098,-1.871957,2.215014,5.5,-9.526279
3099,-1.861527,2.193751,5.5,-9.526279
3100,-1.850942,2.175663,5.5,-9.526279
3101,-1.84006,2.156572,5.5,-9.526279
3102,-1.826573,2.138176,5.5,-9.526279
3103,-1.812544,2.120892,5.5,-9.526279
3104,-1.802282,2.10275,5.5,-9.526279
3105,-1.790632,2.086742,5.5,-9.526279
3106,-1.779373,2.070305,5.5,-9.526279
3107,-1.765971,2.052243,5.5,-9.526279
3108,-1.752496,2.032618,5.5,-9.526279
3109,-1.738971,2.012185,5.5,-9.526279
3110,-1.723922,1.993752,5.5,-9.526279
3111,-1.711989,1.978973,5.5,-9.526279
3112,-1.697595,1.958902,5.5,-9.526279
3113,-1.683007,1.939836,5.5,-9.526279
3114,-1.667583,1.921071,5.5,-9.526279
3115,-1.652275,1.903168,5.5,-9.526279
3116,-1.63579,1.883997,5.5,-9.526279
3117,-1.619252,1.862634,5.5,-9.526279
3118,-1.600322,1.838917,5.5,-9.526279
3119,-1.582339,1.818379,5.5,-9.526279
3120,-1.561889,1.798164,5.5,-9.526279
3121,-1.536995,1.774694,5.5,-9.526279
3122,-1.513726,1.750941,5.5,-9.526279
3123,-1.490637,1.727952,5.5,-9.526279
3124,-1.467769,1.70487,5.5,-9.526279
3125,-1.447056,1.682644,5.5,-9.526279
3126,-1.425683,1.66337,5.5,-9.526279
3127,-1.404042,1.642421,5.5,-9.526279
3128,-1.382885,1.619725,5.5,-9.526279
3129,-1.359362,1.597862,5.5,-9.526279
3130,-1.338056,1.575295,5.5,-9.526279
3131,-1.316975,1.555393,5.5,-9.526279
3132,-1.294789,1.531642,5.5,-9.526279
3133,-1.27544,1.511947,5.5,-9.526279
3134,-1.255539,1.491339,5.5,-9.526279
3135,-1.237342,1.470137,5.5,-9.526279
3136,-1.2192,1.449327,5.5,-9.526279
3137,-1.199526,1.426642,5.5,-9.526279
3138,-1.181851,1.40405,5.5,-9.526279
3139,-1.167067,1.381704,5.5,-9.526279
3140,-1.152919,1.354011,5.5,-9.526279
3141,-1.1392,1.326583,5.5,-9.526279
3142,-1.124822,1.297904,5.5,-9.526279
3143,-1.11017,1.269365,5.5,-9.526279
3144,-1.095653,1.240708,5.5,-9.526279
3145,-1.081243,1.210855,5.5,-9.526279
3146,-1.066082,1.180479,5.5,-9.526279
3147,-1.051545,1.148193,5.5,-9.526279
3148,-1.036846,1.116761,5.5,-9.526279
3149,-1.022926,1.083504,5.5,-9.526279
3150,-1.010971,1.052047,5.5,-9.526279
3151,-0.9998413,1.020261,5.5,-9.526279
3152,-0.986775,0.9903885,5.5,-9.526279
3153,-0.9762554,0.9664096,0,11
3154,-0.9604729,0.9407576,0,11
3155,-0.9388746,0.9110148,0,11
3156,-0.9152317,0.8877063,0,11
3157,-0.8901671,0.8717704,0,11
3158,-0.8664742,0.8583925,0,11
3159,-0.8504227,0.8454485,0,11
3160,-0.8379786,0.8315742,0,11
3161,-0.8305299,0.8164999,0,11
3162,-0.823215,0.7983866,0,11
3163,-0.8146464,0.7779837,0,11
3164,-0.803964,0.7555711,0,11
3165,-0.7940264,0.7349627,0,11
3166,-0.7879099,0.7093005,0,11
3167,-0.781964,0.6848552,0,11
3168,-0.7729051,0.6613601,0,11
3169,-0.760958,0.6404197,0,11
3170,-0.7487081,0.6255177,0,11
3171,-0.7390431,0.6144488,0,11
3172,-0.7305135,0.6053195,0,11
3173,-0.7231855,0.5975614,0,11
3174,-0.7157942,0.5913649,0,11
3175,-0.7077745,0.5884924,0,11
3176,-0.7025008,0.5871274,0,11
3177,-0.6981297,0.5838534,0,11
3178,-0.6930766,0.5806556,0,11
3179,-0.6867828,0.5809941,0,11
3180,-0.677676,0.5834376,0,11
3181,-0.6662416,0.5861366,0,11
3182,-0.6527312,0.5898001,0,11
3183,-0.641301,0.597299,0,11
3184,-0.6337451,0.6070294,0,11
3185,-0.6247856,0.6158017,0,11
3186,-0.6135216,0.6235416,0,11
3187,-0.6035619,0.6283413,0,11
3188,-0.5920411,0.6362081,0,11
3189,-0.5805459,0.6459376,0,11
3190,-0.5698247,0.655302,0,11
3191,-0.5578704,0.6641392,0,11
3192,-0.5431065,0.6723189,0,11
3193,-0.5251921,0.6779823,0,11
3194,-0.5006125,0.6831431,0,11
3195,-0.4793069,0.6887276,0,11
3196,-0.4606887,0.6935122,0,11
3197,-0.442406,0.7000843,0,11
3198,-0.4288223,0.7090654,0,11
3199,-0.4147095,0.7188469,0,11
3200,-0.4019983,0.7293434,0,11
3201,-0.390826,0.7412336,0,11
3202,-0.377446,0.7504808,0,11
3203,-0.3638194,0.7570434,0,11
3204,-0.3488566,0.764737,0,11
3205,-0.3349302,0.7720323,0,11
3206,-0.3217279,0.7799048,0,11
3207,-0.3088054,0.7884769,0,11
3208,-0.2961632,0.7948951,0,11
3209,-0.2854352,0.8033905,0,11
3210,-0.274263,0.8119471,0,11
3211,-0.2644432,0.8239055,0,11
3212,-0.2562791,0.8326435,0,11
3213,-0.2477704,0.8412607,0,11
3214,-0.2373072,0.8530233,0,11
3215,-0.2258995,0.8653085,0,11
3216,-0.2171239,0.8782759,0,11
3217,-0.2082247,0.8890135,0,11
3218,-0.1998952,0.9014524,0,11
3219,-0.1913455,0.9147652,0,11
3220,-0.1822929,0.9267453,0,11
3221,-0.1711719,0.940012,0,11
3222,-0.1608564,0.9522692,0,11
3223,-0.1520485,0.9622288,0,11
3224,-0.1407095,0.9756147,0,11
3225,-0.1300043,0.9898677,0,11
3226,-0.1186888,1.006258,0,11
3227,-0.1098484,1.023347,0,11
3228,-0.09870347,1.043461,0,11
3229,-0.08709726,1.064561,0,11
3230,-0.07523414,1.086854,0,11
3231,-0.06265788,1.108995,0,11
3232,-0.05177537,1.129596,0,11
3233,-0.04280103,1.147347,0,11
3234,-0.03493414,1.164831,0,11
3235,-0.02608182,1.186028,0,11
3236,-0.01605989,1.206426,0,11
3237,-0.006503499,1.22739,0,11
3238,0.004441164,1.248929,0,11
3239,0.01654609,1.265927,0,11
3240,0.027723,1.282751,0,11
3241,0.040132,1.30021,0,11
3242,0.05291432,1.319098,0,11
3243,0.0677257,1.339647,0,11
3244,0.08248579,1.360496,0,11
3245,0.09775367,1.381466,0,11
3246,0.1131972,1.403521,0,11
3247,0.1318344,1.424405,0,11
3248,0.1516519,1.44325,0,11
3249,0.171413,1.459616,0,11
3250,0.1939231,1.47812,0,11
3251,0.214325,1.494002,0,11
3252,0.2317368,1.509605,0,11
3253,0.2501607,1.524869,0,11
3254,0.2673273,1.543281,0,11
3255,0.285477,1.561724,0,11
3256,0.3042708,1.578942,0,11
3257,0.3233989,1.597274,0,11
3258,0.3424982,1.615025,0,11
3259,0.3602039,1.634338,0,11
3260,0.3742546,1.654827,0,11
3261,0.3890085,1.673927,0,11
3262,0.4041132,1.695413,0,11
3263,0.4151944,1.715073,0,11
3264,0.4263583,1.730851,0,11
3265,0.4369156,1.750614,0,11
3266,0.4472435,1.769088,0,11
3267,0.4556934,1.78765,0,11
3268,0.4652352,1.810423,0,11
3269,0.4765328,1.833181,0,11
3270,0.4836932,1.852425,0,11
3271,0.489578,1.872058,0,11
3272,0.4970784,1.89249,0,11
3273,0.5045755,1.912259,0,11
3274,0.5131223,1.934809,0,11
3275,0.5214949,1.956159,0,11
3276,0.5301038,1.975738,0,11
3277,0.5393202,1.997872,0,11
3278,0.5483623,2.021992,0,11
3279,0.5563206,2.048398,0,11
3280,0.5641158,2.075501,0,11
3281,0.5696221,2.103428,0,11
3282,0.5767874,2.131709,0,11
3283,0.5837077,2.161189,0,11
3284,0.5891752,2.188996,0,-11
3285,0.5926771,2.211895,0,-11
3286,0.592203,2.226483,0,-11
3287,0.5896055,2.242467,0,-11
3288,0.5864997,2.261229,0,-11
3289,0.5877373,2.284473,0,-11
3290,0.5932443,2.310386,0,-11
3291,0.6027738,2.337097,0,-11
3292,0.6139109,2.363804,0,-11
3293,0.6283011,2.390097,0,-11
3294,0.6442032,2.417458,0,-11
3295,0.6602547,2.446848,0,-11
3296,0.6799524,2.477154,0,-11
3297,0.6988782,2.506961,0,-11
3298,0.7192104,2.536157,0,-11
3299,0.7384538,2.569323,0,-11
3300,0.7553766,2.600349,0,-11
3301,0.7691358,2.628181,0,-11
3302,0.7802226,2.65287,0,-11
3303,0.7890801,2.677855,0,-11
3304,0.7964493,2.705479,0,-11
3305,0.8010669,2.735979,0,-11
3306,0.7999609,2.761297,0,-11
3307,0.7939618,2.779117,0,-11
3308,0.7910221,2.790147,0,-11
3309,0.7893865,2.800676,0,-11
3310,0.7902286,2.807627,0,-11
3311,0.7916146,2.813134,0,-11
3312,0.7967321,2.821619,0,-11
3313,0.7990485,2.832074,0,-11
3314,0.7980643,2.840647,0,-11
3315,0.8011624,2.846958,0,-11
3316,0.8078591,2.851058,0,-11
3317,0.8151064,2.85595,0,-11
3318,0.8232989,2.859517,0,-11
3319,0.832212,2.86283,0,-11
3320,0.8396238,2.863431,0,-11
3321,0.8422058,2.864372,0,-11
3322,0.8445346,2.861096,0,-11
3323,0.846504,2.858381,0,-11
3324,0.8475658,2.853689,0,-11
3325,0.8459118,2.846597,0,-11
3326,0.8477722,2.836603,0,-11
3327,0.8498775,2.82883,0,-11
3328,0.8527598,2.822692,0,-11
3329,0.8543816,2.815318,0,-11
3330,0.855602,2.805403,0,-11
3331,0.857837,2.792749,0,-11
3332,0.8594373,2.780282,0,-11
3333,0.8615487,2.766104,0,-11
3334,0.8649423,2.748496,0,-11
3335,0.8679474,2.730632,0,-11
3336,0.8713121,2.711492,0,-11
3337,0.8747584,2.692695,0,-11
3338,0.876422,2.67456,0,-11
3339,0.8775766,2.655238,0,-11
3340,0.8778142,2.637581,0,-11
3341,0.8809517,2.617265,0,-11
3342,0.881974,2.594467,0,-11
3343,0.8832943,2.5696,0,-11
3344,0.8857173,2.547453,0,-11
3345,0.8886048,2.525508,0,-11
3346,0.8918414,2.503516,0,-11
3347,0.8952509,2.480993,0,-11
3348,0.8973075,2.458633,0,-11
3349,0.8991843,2.435367,0,-11
3350,0.9019204,2.412559,0,-11
3351,0.9043494,2.388192,0,-11
3352,0.90442,2.365232,0,-11
3353,0.9042038,2.343112,0,-11
3354,0.9012926,2.31984,0,-11
3355,0.8974029,2.293301,0,-11
3356,0.8915178,2.264807,0,-11
3357,0.8844643,2.23656,0,-11
3358,0.8759177,2.21055,0,-11
3359,0.8674284,2.186819,0,-11
3360,0.8588341,2.163793,0,-11
3361,0.8503995,2.136124,0,-11
3362,0.8416286,2.108135,0,-11
3363,0.833287,2.080644,0,-11
3364,0.8261892,2.053096,0,-11
3365,0.8179852,2.025061,0,-11
3366,0.8094313,1.99674,0,-11
3367,0.8008376,1.971469,0,-11
3368,0.793671,1.946046,0,-11
3369,0.7891262,1.9259,0,-11
3370,0.7831977,1.905143,0,-11
3371,0.77859,1.89051,0,-11
3372,0.7732476,1.873799,0,-11
3373,0.7701461,1.853698,0,-11
3374,0.7671661,1.834441,0,-11
3375,0.765301,1.81274,0,-11
3376,0.7632266,1.790912,0,-11
3377,0.7613297,1.76877,0,-11
3378,0.7601813,1.745119,0,-11
3379,0.7583659,1.72103,0,-11
3380,0.7559918,1.698647,0,-11
3381,0.7531307,1.680042,0,-11
3382,0.7528189,1.659245,0,-11
3383,0.7518966,1.635486,0,-11
3384,0.7497604,1.610458,0,-11
3385,0.7495651,1.582511,0,-11
3386,0.7507189,1.557607,0,-11
3387,0.7534403,1.53505,0,-11
3388,0.7570262,1.508747,0,-11
3389,0.7613161,1.479496,0,-11
3390,0.7652852,1.450194,0,-11
3391,0.7679766,1.416853,0,-11
3392,0.7695696,1.384852,0,-11
3393,0.7701951,1.354136,0,-11
3394,0.7706851,1.326951,0,-11
3395,0.7719613,1.302089,0,-11
3396,0.7731305,1.276354,0,-11
3397,0.7778805,1.25024,0,-11
3398,0.7848823,1.227214,0,-11
3399,0.7895392,1.201722,0,-11
3400,0.7953049,1.175722,0,-11
3401,0.8010594,1.146359,0,-11
3402,0.8052917,1.116726,0,-11
3403,0.8078457,1.086177,0,-11
3404,0.8112246,1.055329,0,-11
3405,0.8132626,1.026788,0,-11
3406,0.814261,1.000611,0,-11
3407,0.8158306,0.9727926,0,-11
3408,0.8146107,0.9428267,0,-11
3409,0.8123809,0.9121625,0,-11
3410,0.8096368,0.8797486,0,-11
3411,0.8065884,0.8495796,0,-11
3412,0.8013142,0.8155564,0,-11
3413,0.7951475,0.7823293,0,-11
3414,0.7898943,0.7540424,0,-11
3415,0.7841772,0.7238805,0,-11
3416,0.7779173,0.6917946,0,-11
3417,0.7708878,0.6608243,0,-11
3418,0.7637531,0.6315219,0,-11
3419,0.7565755,0.6001523,0,-11
3420,0.7503523,0.5710845,0,-11
3421,0.7464626,0.5446043,0,-11
3422,0.7424905,0.5174074,0,-11
3423,0.7403626,0.491327,0,-11
3424,0.736833,0.4680347,0,-11
3425,0.7351828,0.4477293,0,-11
3426,0.7349799,0.4284555,0,-11
3427,0.7361192,0.4067329,0,-11
3428,0.734139,0.3831081,0,-11
3429,0.7345539,0.3596631,0,-11
3430,0.7352276,0.3354926,0,-11
3431,0.7372322,0.3112843,0,-11
3432,0.7402207,0.2887102,0,-11
3433,0.74291,0.2654496,0,-11
3434,0.7460822,0.242986,0,-11
3435,0.7478074,0.2193946,0,-11
3436,0.7503021,0.1951257,0,-11
3437,0.752784,0.1688491,0,-11
3438,0.7530268,0.1425606,0,-11
3439,0.7541699,0.1161005,0,-11
3440,0.756376,0.08996129,0,-11
3441,0.759342,0.0643419,0,-11
3442,0.763096,0.03778398,0,-11
3443,0.7686725,0.009562373,0,-11
3444,0.7752236,-0.01874107,0,-11
3445,0.7818274,-0.04988116,0,-11
3446,0.7894945,-0.08135659,0,-11
3447,0.797233,-0.1101366,0,-11
3448,0.8021024,-0.1415945,0,-11
3449,0.8069773,-0.1687809,0,-11
3450,0.8147838,-0.1952016,0,-11
3451,0.823199,-0.2226308,0,-11
3452,0.8305367,-0.2517903,0,-11
3453,0.8378757,-0.2826287,0,-11
3454,0.8468797,-0.3143047,0,-11
3455,0.8552328,-0.3448743,0,-11
3456,0.8628069,-0.3745268,0,-11
3457,0.8700807,-0.4042573,0,-11
3458,0.8763999,-0.4311901,0,-11
3459,0.8810918,-0.4583759,0,-11
3460,0.8835715,-0.4865497,0,-11
3461,0.8839855,-0.5166551,0,-11
3462,0.8831227,-0.5486202,0,-11
3463,0.8827074,-0.5799537,0,-11
3464,0.8810241,-0.6133888,0,-11
3465,0.8775005,-0.6459053,0,-11
3466,0.8735969,-0.6766264,0,-11
3467,0.8684877,-0.7083207,0,-11
3468,0.8648742,-0.7379033,0,-11
3469,0.8631718,-0.767422,0,-11
3470,0.8623751,-0.797101,0,-11
3471,0.8598583,-0.8281326,0,-11
3472,0.8583286,-0.8592415,0,-11
3473,0.8565437,-0.8905898,0,-11
3474,0.8549604,-0.9189087,0,-11
3475,0.8528449,-0.9456772,0,-11
3476,0.8507783,-0.9702517,0,-11
3477,0.8508258,-0.9927067,0,-11
3478,0.8499601,-1.013305,0,-11
3479,0.8490926,-1.032198,0,-11
3480,0.8505348,-1.056106,0,-11
3481,0.8528152,-1.077769,0,-11
3482,0.857931,-1.099356,0,-11
3483,0.8612839,-1.123389,0,-11
3484,0.8647883,-1.144927,0,-11
3485,0.8668659,-1.164993,0,-11
3486,0.8719398,-1.184825,0,-11
3487,0.8768753,-1.208532,0,-11
3488,0.883385,-1.234313,0,-11
3489,0.8877161,-1.259181,0,-11
3490,0.89117,-1.282449,0,-11
3491,0.896496,-1.308279,0,-11
3492,0.9006379,-1.332512,0,-11
3493,0.905802,-1.35731,0,-11
3494,0.9118615,-1.383942,0,-11
3495,0.9179286,-1.410629,0,-11
3496,0.9248155,-1.437461,0,-11
3497,0.9333386,-1.466789,0,-11
3498,0.9424167,-1.498103,0,-11
3499,0.9530423,-1.526394,0,-11
3500,0.963183,-1.556262,0,-11
3501,0.9752578,-1.585317,0,-11
3502,0.9855928,-1.607138,0,-11
3503,0.9955831,-1.629594,0,-11
3504,1.004544,-1.654592,0,-11
3505,1.013321,-1.68033,0,-11
3506,1.023214,-1.703972,0,-11
3507,1.031841,-1.726692,0,-11
3508,1.041907,-1.752159,0,-11
3509,1.052213,-1.779506,0,-11
3510,1.061512,-1.804525,0,-11
3511,1.069402,-1.828769,0,-11
3512,1.075452,-1.85593,0,-11
3513,1.081772,-1.884076,0,-11
3514,1.086831,-1.910426,0,-11
3515,1.089751,-1.938028,0,-11
3516,1.092428,-1.964695,0,-11
3517,1.093245,-1.993656,0,-11
3518,1.092275,-2.023948,0,-11
3519,1.09161,-2.052437,0,-11
3520,1.089006,-2.081458,0,-11
3521,1.085919,-2.108088,0,-11
3522,1.083417,-2.135598,0,-11
3523,1.082232,-2.16535,5.5,9.526279
3524,1.083583,-2.194014,5.5,9.526279
3525,1.088242,-2.225461,5.5,9.526279
3526,1.095702,-2.258162,5.5,9.526279
3527,1.102803,-2.289254,5.5,9.526279
3528,1.109797,-2.31875,5.5,9.526279
3529,1.117862,-2.343741,5.5,9.526279
3530,1.119723,-2.361348,5.5,9.526279
3531,1.121341,-2.379419,5.5,9.526279
3532,1.123791,-2.393008,5.5,9.526279
3533,1.122627,-2.409681,5.5,9.526279
3534,1.120421,-2.429365,5.5,9.526279
3535,1.117259,-2.451421,5.5,9.526279
3536,1.11788,-2.473616,5.5,9.526279
3537,1.119238,-2.491502,5.5,9.526279
3538,1.122046,-2.506966,5.5,9.526279
3539,1.125362,-2.521715,5.5,9.526279
3540,1.128634,-2.533266,5.5,9.526279
3541,1.130989,-2.542539,5.5,9.526279
3542,1.133748,-2.549971,5.5,9.526279
3543,1.13786,-2.556195,5.5,9.526279
3544,1.142472,-2.560885,5.5,9.526279
3545,1.149695,-2.561743,5.5,9.526279
3546,1.15884,-2.562026,5.5,9.526279
3547,1.167756,-2.559131,5.5,9.526279
3548,1.17639,-2.557245,5.5,9.526279
3549,1.18719,-2.555341,5.5,9.526279
3550,1.198527,-2.550412,5.5,9.526279
3551,1.208604,-2.54483,5.5,9.526279
3552,1.21977,-2.538457,5.5,9.526279
3553,1.235671,-2.528828,5.5,9.526279
3554,1.246909,-2.519115,5.5,9.526279
3555,1.255046,-2.510682,5.5,9.526279
3556,1.264701,-2.503701,5.5,9.526279
3557,1.274039,-2.49401,5.5,9.526279
3558,1.283119,-2.482663,5.5,9.526279
3559,1.294519,-2.472587,5.5,9.526279
3560,1.305341,-2.459808,5.5,9.526279
3561,1.313956,-2.445981,5.5,9.526279
3562,1.324581,-2.433215,5.5,9.526279
3563,1.335523,-2.420587,5.5,9.526279
3564,1.34601,-2.406709,5.5,9.526279
3565,1.357224,-2.39252,5.5,9.526279
3566,1.368903,-2.379514,5.5,9.526279
3567,1.383651,-2.368133,5.5,9.526279
3568,1.398575,-2.355908,5.5,9.526279
3569,1.416631,-2.342191,5.5,9.526279
3570,1.435427,-2.327854,5.5,9.526279
3571,1.457191,-2.314445,5.5,9.526279
3572,1.478581,-2.300403,5.5,9.526279
3573,1.498958,-2.288138,5.5,9.526279
3574,1.520504,-2.278594,5.5,9.526279
3575,1.54016,-2.271292,5.5,9.526279
3576,1.559069,-2.264046,5.5,9.526279
3577,1.578501,-2.255345,5.5,9.526279
3578,1.595409,-2.248161,5.5,9.526279
3579,1.614289,-2.239691,5.5,9.526279
3580,1.636104,-2.227388,5.5,9.526279
3581,1.655544,-2.217286,5.5,9.526279
3582,1.673788,-2.209145,5.5,9.526279
3583,1.690777,-2.198793,5.5,9.526279
3584,1.708063,-2.188322,5.5,9.526279
3585,1.726723,-2.178949,5.5,9.526279
3586,1.74028,-2.168804,5.5,9.526279
3587,1.755012,-2.157626,5.5,9.526279
3588,1.769014,-2.146821,5.5,9.526279
3589,1.781399,-2.136642,5.5,9.526279
3590,1.800285,-2.123452,5.5,9.526279
3591,1.817358,-2.108164,5.5,9.526279
3592,1.831868,-2.092955,5.5,9.526279
3593,1.845933,-2.079284,5.5,9.526279
3594,1.859092,-2.06182,5.5,9.526279
3595,1.870127,-2.046723,5.5,9.526279
3596,1.882534,-2.031828,5.5,9.526279
3597,1.895318,-2.020449,5.5,9.526279
3598,1.909777,-2.005237,5.5,9.526279
3599,1.925879,-1.989157,5.5,9.526279
3600,1.942129,-1.973463,5.5,9.526279
3601,1.957047,-1.956887,5.5,9.526279
3602,1.971267,-1.940305,5.5,9.526279
3603,1.987394,-1.921237,5.5,9.526279
3604,2.004734,-1.900451,5.5,9.526279
3605,2.018254,-1.882781,5.5,9.526279
3606,2.03508,-1.858688,5.5,9.526279
3607,2.049981,-1.832553,5.5,9.526279
3608,2.064975,-1.805129,5.5,9.526279
3609,2.080536,-1.781322,5.5,9.526279
3610,2.095189,-1.758055,5.5,9.526279
3611,2.106946,-1.736145,5.5,9.526279
3612,2.119672,-1.716038,5.5,9.526279
3613,2.133163,-1.693693,5.5,9.526279
3614,2.150114,-1.669819,5.5,9.526279
3615,2.162998,-1.648266,5.5,9.526279
3616,2.175826,-1.628824,5.5,9.526279
3617,2.192187,-1.607712,5.5,9.526279
3618,2.209557,-1.585096,5.5,9.526279
3619,2.225746,-1.560355,5.5,9.526279
3620,2.241819,-1.53954,5.5,9.526279
3621,2.260089,-1.5181,5.5,9.526279
3622,2.280812,-1.495892,5.5,9.526279
3623,2.30197,-1.472875,5.5,9.526279
3624,2.322463,-1.451441,5.5,9.526279
3625,2.341959,-1.431188,5.5,9.526279
3626,2.365088,-1.411113,5.5,9.526279
3627,2.388186,-1.390588,5.5,9.526279
3628,2.411485,-1.369467,5.5,9.526279
3629,2.436019,-1.346845,5.5,9.526279
3630,2.462175,-1.322932,5.5,9.526279
3631,2.485908,-1.299772,5.5,9.526279
3632,2.509337,-1.27809,5.5,9.526279
3633,2.531659,-1.257664,5.5,9.526279
3634,2.556251,-1.235853,5.5,9.526279
3635,2.579685,-1.217469,5.5,9.526279
3636,2.603706,-1.19811,5.5,9.526279
3637,2.623386,-1.177498,5.5,9.526279
3638,2.640901,-1.158342,5.5,9.526279
3639,2.656739,-1.139135,5.5,9.526279
3640,2.672041,-1.121949,5.5,9.526279
3641,2.687053,-1.103423,5.5,9.526279
3642,2.702646,-1.08424,5.5,9.526279
3643,2.718754,-1.061855,5.5,9.526279
3644,2.732425,-1.041041,5.5,9.526279
3645,2.74548,-1.020059,5.5,9.526279
3646,2.760118,-1.000458,5.5,9.526279
3647,2.773229,-0.981572,5.5,9.526279
3648,2.786158,-0.9612279,5.5,9.526279
3649,2.797551,-0.9413497,5.5,9.526279
3650,2.808198,-0.9208812,5.5,9.526279
3651,2.820604,-0.8995633,5.5,9.526279
3652,2.835095,-0.8761253,5.5,9.526279
3653,2.848773,-0.8549493,5.5,9.526279
3654,2.860843,-0.8333022,5.5,9.526279
3655,2.871971,-0.8096603,5.5,9.526279
3656,2.882123,-0.7874932,5.5,9.526279
3657,2.893526,-0.7609057,5.5,9.526279
3658,2.905419,-0.7321351,5.5,9.526279
3659,2.918341,-0.702076,5.5,9.526279
3660,2.93167,-0.6726156,5.5,9.526279
3661,2.942174,-0.6453212,5.5,9.526279
3662,2.953923,-0.6173076,5.5,9.526279
3663,2.96524,-0.5890821,5.5,9.526279
3664,2.972878,-0.5644361,5.5,9.526279
3665,2.979794,-0.5381848,5.5,9.526279
3666,2.98769,-0.5127062,5.5,9.526279
3667,2.999217,-0.4851837,5.5,9.526279
3668,3.011651,-0.4572436,5.5,9.526279
3669,3.022135,-0.429261,5.5,9.526279
3670,3.03203,-0.4021493,5.5,9.526279
3671,3.041368,-0.3740009,5.5,9.526279
3672,3.05067,-0.3480458,5.5,9.526279
3673,3.06,-0.3221571,5.5,9.526279
3674,3.070858,-0.2961169,5.5,9.526279
3675,3.081109,-0.2712883,5.5,9.526279
3676,3.094247,-0.2445002,5.5,9.526279
3677,3.108121,-0.2179854,5.5,9.526279
3678,3.124084,-0.1905438,5.5,9.526279
3679,3.141063,-0.1635607,5.5,9.526279
3680,3.15785,-0.1366556,5.5,9.526279
3681,3.174836,-0.1089256,5.5,9.526279
3682,3.192548,-0.08157098,5.5,9.526279
3683,3.212705,-0.05392474,5.5,9.526279
3684,3.231694,-0.02894181,5.5,9.526279
3685,3.250271,-0.004585326,5.5,9.526279
3686,3.271079,0.02240717,5.5,9.526279
3687,3.28984,0.04523098,5.5,9.526279
3688,3.309433,0.06687713,5.5,9.526279
3689,3.326313,0.08735049,5.5,9.526279
3690,3.342238,0.108288,5.5,9.526279
3691,3.355368,0.1245306,5.5,9.526279
3692,3.37092,0.1444801,5.5,9.526279
3693,3.385158,0.1660554,5.5,9.526279
3694,3.396511,0.1867285,5.5,9.526279
3695,3.406389,0.203186,5.5,9.526279
3696,3.41783,0.2207016,5.5,9.526279
3697,3.429141,0.2421973,5.5,9.526279
3698,3.442131,0.2687025,5.5,9.526279
3699,3.455073,0.2927986,5.5,9.526279
3700,3.465285,0.3135154,5.5,9.526279
3701,3.475039,0.3333864,5.5,9.526279
3702,3.485928,0.3577185,5.5,9.526279
3703,3.495526,0.37992,5.5,9.526279
3704,3.505609,0.4026573,5.5,9.526279
3705,3.516979,0.4241183,5.5,9.526279
3706,3.529505,0.4458566,5.5,9.526279
3707,3.541942,0.4695671,5.5,9.526279
3708,3.553669,0.4962292,5.5,9.526279
3709,3.562425,0.5222806,5.5,9.526279
3710,3.572923,0.5489085,5.5,9.526279
3711,3.584097,0.5796423,5.5,9.526279
3712,3.593368,0.6103244,5.5,9.526279
3713,3.601047,0.6399657,5.5,9.526279
3714,3.612094,0.6725235,5.5,9.526279
3715,3.622241,0.7022706,5.5,9.526279
3716,3.630507,0.7277557,5.5,9.526279
3717,3.635117,0.7509639,5.5,9.526279
3718,3.640779,0.7741461,5.5,9.526279
3719,3.648838,0.7980535,5.5,9.526279
3720,3.656852,0.8207939,5.5,9.526279
3721,3.667384,0.8487042,5.5,9.526279
3722,3.675944,0.8768156,5.5,9.526279
3723,3.685286,0.9046383,5.5,9.526279
3724,3.694071,0.9298766,5.5,9.526279
3725,3.702437,0.9541945,5.5,9.526279
3726,3.710392,0.9791206,5.5,9.526279
3727,3.72001,1.007127,5.5,9.526279
3728,3.730478,1.033621,5.5,9.526279
3729,3.743217,1.060965,5.5,9.526279
3730,3.756012,1.087857,5.5,9.526279
3731,3.766643,1.113457,5.5,9.526279
3732,3.781857,1.141967,5.5,9.526279
3733,3.797956,1.169898,5.5,9.526279
3734,3.814417,1.196094,5.5,9.526279
3735,3.830388,1.221102,5.5,9.526279
3736,3.847108,1.248013,5.5,9.526279
3737,3.863856,1.276178,5.5,9.526279
3738,3.881459,1.302472,5.5,9.526279
3739,3.899806,1.329794,5.5,9.526279
3740,3.919157,1.358323,5.5,9.526279
3741,3.939053,1.385891,5.5,9.526279
3742,3.956734,1.411711,5.5,9.526279
3743,3.974112,1.434938,5.5,9.526279
3744,3.989115,1.454967,5.5,9.526279
3745,4.001374,1.476765,5.5,9.526279
3746,4.01417,1.500404,5.5,9.526279
3747,4.024613,1.520872,5.5,9.526279
3748,4.035367,1.538388,5.5,9.526279
3749,4.045111,1.553216,5.5,9.526279
3750,4.05616,1.570658,5.5,9.526279
3751,4.066659,1.595261,5.5,9.526279
3752,4.077179,1.620375,5.5,9.526279
3753,4.087335,1.64538,5.5,9.526279
3754,4.096815,1.667511,5.5,9.526279
3755,4.105574,1.690804,5.5,9.526279
3756,4.115275,1.71068,5.5,9.526279
3757,4.124509,1.732202,5.5,9.526279
3758,4.132652,1.75459,5.5,9.526279
3759,4.141087,1.779192,5.5,9.526279
3760,4.14738,1.799985,5.5,9.526279
3761,4.153222,1.821668,5.5,9.526279
3762,4.158477,1.850084,5.5,9.526279
3763,4.16538,1.877169,5.5,9.526279
3764,4.171299,1.903536,5.5,9.526279
3765,4.17779,1.930037,5.5,9.526279
3766,4.183536,1.956047,5.5,9.526279
3767,4.188437,1.985804,5.5,9.526279
3768,4.195102,2.016428,5.5,9.526279
3769,4.201399,2.051463,5.5,9.526279
3770,4.207317,2.085565,5.5,9.526279
3771,4.210579,2.116085,5.5,9.526279
3772,4.214773,2.140957,5.5,9.526279
3773,4.218305,2.164946,5.5,9.526279
3774,4.222333,2.191958,5.5,9.526279
3775,4.229326,2.218594,5.5,9.526279
3776,4.234658,2.247057,5.5,9.526279
3777,4.242035,2.273499,5.5,9.526279
3778,4.247758,2.302661,5.5,9.526279
3779,4.253523,2.333332,5.5,9.526279
3780,4.258431,2.360373,5.5,9.526279
3781,4.265276,2.38596,5.5,9.526279
3782,4.272854,2.412468,-5.5,-9.526279
3783,4.283628,2.436661,-5.5,-9.526279
3784,4.295664,2.460967,-5.5,-9.526279
3785,4.309441,2.489897,-5.5,-9.526279
3786,4.32787,2.524729,-5.5,-9.526279
3787,4.344657,2.562855,-5.5,-9.526279
3788,4.356531,2.600248,-5.5,-9.526279
3789,4.361795,2.63537,-5.5,-9.526279
3790,4.363786,2.663856,-5.5,-9.526279
3791,4.367538,2.686568,-5.5,-9.526279
3792,4.374142,2.703285,-5.5,-9.526279
3793,4.38133,2.717245,-5.5,-9.526279
3794,4.389773,2.731197,-5.5,-9.526279
3795,4.401515,2.747872,-5.5,-9.526279
3796,4.413814,2.766434,-5.5,-9.526279
3797,4.42095,2.786998,-5.5,-9.526279
3798,4.42389,2.809961,-5.5,-9.526279
3799,4.424534,2.829608,-5.5,-9.526279
3800,4.426091,2.845432,-5.5,-9.526279
3801,4.429377,2.859153,-5.5,-9.526279
3802,4.43111,2.87098,-5.5,-9.526279
3803,4.426356,2.879138,-5.5,-9.526279
3804,4.418421,2.887262,-5.5,-9.526279
3805,4.406853,2.892699,-5.5,-9.526279
3806,4.392919,2.895921,-5.5,-9.526279
3807,4.380129,2.898084,-5.5,-9.526279
3808,4.369751,2.899857,-5.5,-9.526279
3809,4.362539,2.901135,-5.5,-9.526279
3810,4.354341,2.900442,-5.5,-9.526279
3811,4.348525,2.902605,-5.5,-9.526279
3812,4.340409,2.903796,-5.5,-9.526279
3813,4.33098,2.905584,-5.5,-9.526279
3814,4.319144,2.907161,-5.5,-9.526279
3815,4.309361,2.908232,-5.5,-9.526279
3816,4.29693,2.906493,-5.5,-9.526279
3817,4.284843,2.903671,-5.5,-9.526279
3818,4.272209,2.899683,-5.5,-9.526279
3819,4.258581,2.895515,-5.5,-9.526279
3820,4.242461,2.887405,-5.5,-9.526279
3821,4.229785,2.878145,-5.5,-9.526279
3822,4.218145,2.86875,-5.5,-9.526279
3823,4.205495,2.861279,-5.5,-9.526279
3824,4.191468,2.855287,-5.5,-9.526279
3825,4.1766,2.847886,-5.5,-9.526279
3826,4.164021,2.838207,-5.5,-9.526279
3827,4.150756,2.828704,-5.5,-9.526279
3828,4.136565,2.819718,-5.5,-9.526279
3829,4.121072,2.810204,-5.5,-9.526279
3830,4.10419,2.800004,-5.5,-9.526279
3831,4.086987,2.790576,-5.5,-9.526279
3832,4.070753,2.781914,-5.5,-9.526279
3833,4.053514,2.774005,-5.5,-9.526279
3834,4.032718,2.766257,-5.5,-9.526279
3835,4.012722,2.75814,-5.5,-9.526279
3836,3.994452,2.751134,-5.5,-9.526279
3837,3.975702,2.744288,-5.5,-9.526279
3838,3.954746,2.737366,-5.5,-9.526279
3839,3.933589,2.731033,-5.5,-9.526279
3840,3.910143,2.725339,-5.5,-9.526279
3841,3.884695,2.720325,-5.5,-9.526279
3842,3.862142,2.716493,-5.5,-9.526279
3843,3.837955,2.714567,-5.5,-9.526279
3844,3.814401,2.713011,-5.5,-9.526279
3845,3.792448,2.707844,-5.5,-9.526279
3846,3.769642,2.701191,-5.5,-9.526279
3847,3.746597,2.696925,-5.5,-9.526279
3848,3.724365,2.693221,-5.5,-9.526279
3849,3.701916,2.68975,-5.5,-9.526279
3850,3.680601,2.684812,-5.5,-9.526279
3851,3.660908,2.682601,-5.5,-9.526279
3852,3.643119,2.680059,-5.5,-9.526279
3853,3.62464,2.673284,-5.5,-9.526279
3854,3.603217,2.663786,-5.5,-9.526279
3855,3.583652,2.658331,-5.5,-9.526279
3856,3.567428,2.65366,-5.5,-9.526279
3857,3.553143,2.644471,-5.5,-9.526279
3858,3.536206,2.636837,-5.5,-9.526279
3859,3.519092,2.625053,-5.5,-9.526279
3860,3.499805,2.612438,-5.5,-9.526279
3861,3.479826,2.600138,-5.5,-9.526279
3862,3.460627,2.589097,-5.5,-9.526279
3863,3.442626,2.574168,-5.5,-9.526279
3864,3.427613,2.563361,-5.5,-9.526279
3865,3.415465,2.55619,-5.5,-9.526279
3866,3.401143,2.548764,-5.5,-9.526279
3867,3.383908,2.540787,-5.5,-9.526279
3868,3.362191,2.52838,-5.5,-9.526279
3869,3.340619,2.516332,-5.5,-9.526279
3870,3.322443,2.506124,-5.5,-9.526279
3871,3.303288,2.493936,-5.5,-9.526279
3872,3.283595,2.481193,-5.5,-9.526279
3873,3.26308,2.465385,-5.5,-9.526279
3874,3.241682,2.449372,-5.5,-9.526279
3875,3.218295,2.430383,-5.5,-9.526279
3876,3.196048,2.412277,-5.5,-9.526279
3877,3.174261,2.394825,-5.5,-9.526279
3878,3.153881,2.376967,-5.5,-9.526279
3879,3.134501,2.359904,-5.5,-9.526279
3880,3.116483,2.341886,-5.5,-9.526279
3881,3.097855,2.326274,-5.5,-9.526279
3882,3.079938,2.314708,-5.5,-9.526279
3883,3.060899,2.299244,-5.5,-9.526279
3884,3.040556,2.285204,-5.5,-9.526279
3885,3.020535,2.268507,-5.5,-9.526279
3886,2.998295,2.250369,-5.5,-9.526279
3887,2.978186,2.231983,-5.5,-9.526279
3888,2.958067,2.215089,-5.5,-9.526279
3889,2.936078,2.199135,-5.5,-9.526279
3890,2.914038,2.184009,-5.5,-9.526279
3891,2.892042,2.168888,-5.5,-9.526279
3892,2.865645,2.153017,-5.5,-9.526279
3893,2.838125,2.137485,-5.5,-9.526279
3894,2.810723,2.122479,-5.5,-9.526279
3895,2.784603,2.108171,-5.5,-9.526279
3896,2.756087,2.094818,-5.5,-9.526279
3897,2.727103,2.082555,-5.5,-9.526279
3898,2.698741,2.070273,-5.5,-9.526279
3899,2.670384,2.059124,-5.5,-9.526279
3900,2.642783,2.048281,-5.5,-9.526279
3901,2.614823,2.037422,-5.5,-9.526279
3902,2.584978,2.027098,-5.5,-9.526279
3903,2.555748,2.017348,-5.5,-9.526279
3904,2.527556,2.005687,-5.5,-9.526279
3905,2.503919,1.993408,-5.5,-9.526279
3906,2.483536,1.982787,-5.5,-9.526279
3907,2.46606,1.971831,-5.5,-9.526279
3908,2.446369,1.960314,-5.5,-9.526279
3909,2.428861,1.950096,-5.5,-9.526279
3910,2.409896,1.939723,-5.5,-9.526279
3911,2.391523,1.926835,-5.5,-9.526279
3912,2.372145,1.911918,-5.5,-9.526279
3913,2.349371,1.896001,-5.5,-9.526279
3914,2.329384,1.881928,-5.5,-9.526279
3915,2.310496,1.868236,-5.5,-9.526279
3916,2.292204,1.854994,-5.5,-9.526279
3917,2.275233,1.843146,-5.5,-9.526279
3918,2.256652,1.831368,-5.5,-9.526279
3919,2.235411,1.818009,-5.5,-9.526279
3920,2.214432,1.803476,-5.5,-9.526279
3921,2.191767,1.789463,-5.5,-9.526279
3922,2.17082,1.77335,-5.5,-9.526279
3923,2.149705,1.75634,-5.5,-9.526279
3924,2.130065,1.739146,-5.5,-9.526279
3925,2.110277,1.719129,-5.5,-9.526279
3926,2.090164,1.698732,-5.5,-9.526279
3927,2.06686,1.677645,-5.5,-9.526279
3928,2.043351,1.65535,-5.5,-9.526279
3929,2.020966,1.631499,-5.5,-9.526279
3930,1.998951,1.60696,-5.5,-9.526279
3931,1.978278,1.584221,-5.5,-9.526279
3932,1.959109,1.565172,-5.5,-9.526279
3933,1.939211,1.550235,-5.5,-9.526279
3934,1.921523,1.532639,-5.5,-9.526279
3935,1.903826,1.510906,-5.5,-9.526279
3936,1.882554,1.490631,-5.5,-9.526279
3937,1.860906,1.469319,-5.5,-9.526279
3938,1.840815,1.449682,-5.5,-9.526279
3939,1.820601,1.428668,-5.5,-9.526279
3940,1.800847,1.408477,-5.5,-9.526279
3941,1.780553,1.388357,-5.5,-9.526279
3942,1.758624,1.369524,-5.5,-9.526279
3943,1.735399,1.350795,-5.5,-9.526279
3944,1.714564,1.335593,-5.5,-9.526279
3945,1.695002,1.321895,-5.5,-9.526279
3946,1.66851,1.304851,-5.5,-9.526279
3947,1.639469,1.287547,-5.5,-9.526279
3948,1.612325,1.271961,-5.5,-9.526279
3949,1.584821,1.256105,-5.5,-9.526279
3950,1.554829,1.240945,-5.5,-9.526279
3951,1.527095,1.227506,-5.5,-9.526279
3952,1.499292,1.215986,-5.5,-9.526279
3953,1.471883,1.205128,-5.5,-9.526279
3954,1.445889,1.195192,-5.5,-9.526279
3955,1.41875,1.184095,-5.5,-9.526279
3956,1.390919,1.173007,-5.5,-9.526279
3957,1.363368,1.161854,-5.5,-9.526279
3958,1.338179,1.149601,-5.5,-9.526279
3959,1.313829,1.134515,-5.5,-9.526279
3960,1.293185,1.120433,-5.5,-9.526279
3961,1.272224,1.107452,-5.5,-9.526279
3962,1.249392,1.094691,-5.5,-9.526279
3963,1.229842,1.083512,-5.5,-9.526279
3964,1.210677,1.072321,-5.5,-9.526279
3965,1.195238,1.064148,-5.5,-9.526279
3966,1.172927,1.049926,-5.5,-9.526279
3967,1.149215,1.032955,-5.5,-9.526279
3968,1.132265,1.017676,-5.5,-9.526279
3969,1.114994,1.002182,-5.5,-9.526279
3970,1.098487,0.9864963,-5.5,-9.526279
3971,1.080427,0.9717019,-5.5,-9.526279
3972,1.060593,0.9565232,-5.5,-9.526279
3973,1.040563,0.9401352,-5.5,-9.526279
3974,1.021146,0.92594,-5.5,-9.526279
3975,1.003358,0.909225,9.526279,5.5
3976,0.9827564,0.8944817,9.526279,5.5
3977,0.9570361,0.8789672,9.526279,5.5
3978,0.9270126,0.8588867,9.526279,5.5
3979,0.9023863,0.8427172,9.526279,5.5
3980,0.8788956,0.8295152,9.526279,5.5
3981,0.8578158,0.8178072,9.526279,5.5
3982,0.8415762,0.8095634,9.526279,5.5
3983,0.8267127,0.8022518,9.526279,5.5
3984,0.8116409,0.7921674,9.526279,5.5
3985,0.7924246,0.7792617,9.526279,5.5
3986,0.7703497,0.766952,9.526279,5.5
3987,0.7457402,0.7563531,9.526279,5.5
3988,0.7165512,0.7479562,9.526279,5.5
3989,0.6818551,0.7358791,9.526279,5.5
3990,0.6460724,0.7182307,9.526279,5.5
3991,0.616771,0.6963785,9.526279,5.5
3992,0.5941737,0.6741351,9.526279,5.5
3993,0.5752388,0.6519945,9.526279,5.5
3994,0.5610015,0.6309023,9.526279,5.5
3995,0.550439,0.6154029,9.526279,5.5
3996,0.5422534,0.6031984,9.526279,5.5
3997,0.532523,0.5938842,9.526279,5.5
3998,0.5226854,0.5891539,9.526279,5.5
3999,0.5130296,0.5803461,9.526279,5.5
4000,0.4989582,0.5705024,9.526279,5.5
4001,0.4799083,0.5635184,9.526279,5.5
4002,0.4595135,0.5591164,9.526279,5.5
4003,0.438177,0.555764,9.526279,5.5
4004,0.4127567,0.553774,9.526279,5.5
4005,0.3891442,0.5539407,9.526279,5.5
4006,0.3689595,0.5514343,9.526279,5.5
4007,0.3547654,0.5454613,9.526279,5.5
4008,0.3460192,0.5404378,9.526279,5.5
4009,0.3393551,0.5330584,9.526279,5.5
4010,0.3347913,0.523232,9.526279,5.5
4011,0.3340655,0.5151392,9.526279,5.5
4012,0.3332343,0.506017,9.526279,5.5
4013,0.3345176,0.4968174,9.526279,5.5
4014,0.335494,0.4903414,9.526279,5.5
4015,0.3332063,0.4837995,9.526279,5.5
4016,0.3313194,0.4753845,9.526279,5.5
4017,0.3316016,0.4649891,9.526279,5.5
4018,0.3324652,0.4582695,9.526279,5.5
4019,0.3362319,0.4526647,9.526279,5.5
4020,0.342841,0.4485837,9.526279,5.5
4021,0.3516623,0.4462608,9.526279,5.5
4022,0.3566302,0.443506,9.526279,5.5
4023,0.3599524,0.4417349,9.526279,5.5
4024,0.3652781,0.4428815,9.526279,5.5
4025,0.374,0.4455689,9.526279,5.5
4026,0.3842792,0.4485803,9.526279,5.5
4027,0.3908587,0.4489207,9.526279,5.5
4028,0.3977107,0.4487814,9.526279,5.5
4029,0.4055711,0.4504851,9.526279,5.5
4030,0.4118574,0.4510643,9.526279,5.5
4031,0.4187504,0.4535608,9.526279,5.5
4032,0.4268731,0.4551154,9.526279,5.5
4033,0.4366912,0.4556741,9.526279,5.5
4034,0.4503787,0.4575424,9.526279,5.5
4035,0.4638316,0.4597363,9.526279,5.5
4036,0.4759937,0.4635675,9.526279,5.5
4037,0.4921223,0.4710349,9.526279,5.5
4038,0.5097052,0.4777011,9.526279,5.5
4039,0.5269971,0.4857391,9.526279,5.5
4040,0.5424229,0.4957829,9.526279,5.5
4041,0.5596836,0.5043731,9.526279,5.5
4042,0.5735632,0.5094064,9.526279,5.5
4043,0.5917452,0.5158451,9.526279,5.5
4044,0.6102436,0.5220209,9.526279,5.5
4045,0.6326612,0.531332,9.526279,5.5
4046,0.6566741,0.5423615,9.526279,5.5
4047,0.6819216,0.5519958,9.526279,5.5
4048,0.7059209,0.5612435,9.526279,5.5
4049,0.7293401,0.5715166,9.526279,5.5
4050,0.7538638,0.5796298,9.526279,5.5
4051,0.7778336,0.5877454,9.526279,5.5
4052,0.8048118,0.5949912,9.526279,5.5
4053,0.8318354,0.603617,9.526279,5.5
4054,0.857886,0.6103851,9.526279,5.5
4055,0.882919,0.6147604,9.526279,5.5
4056,0.9085007,0.6183989,9.526279,5.5
4057,0.9345735,0.6200343,9.526279,5.5
4058,0.9544864,0.6204212,9.526279,5.5
4059,0.9763506,0.6204224,9.526279,5.5
4060,1.000316,0.6203731,9.526279,5.5
4061,1.022121,0.6223471,9.526279,5.5
4062,1.045951,0.6246092,9.526279,5.5
4063,1.067957,0.6260078,9.526279,5.5
4064,1.0932,0.6260879,9.526279,5.5
4065,1.119442,0.6254609,9.526279,5.5
4066,1.144438,0.6271002,9.526279,5.5
4067,1.170201,0.6263496,9.526279,5.5
4068,1.192681,0.6260861,9.526279,5.5
4069,1.214607,0.6257558,9.526279,5.5
4070,1.235743,0.6275613,9.526279,5.5
4071,1.257542,0.6319108,9.526279,5.5
4072,1.276869,0.636905,9.526279,5.5
4073,1.297825,0.6421995,9.526279,5.5
4074,1.322484,0.6465018,9.526279,5.5
4075,1.347237,0.6521441,9.526279,5.5
4076,1.368483,0.6555035,9.526279,5.5
4077,1.388672,0.6628079,9.526279,5.5
4078,1.407884,0.6692517,9.526279,5.5
4079,1.431243,0.6764696,9.526279,5.5
4080,1.456021,0.6839955,9.526279,5.5
4081,1.479434,0.6910641,9.526279,5.5
4082,1.501861,0.6957265,9.526279,5.5
4083,1.52545,0.7034776,9.526279,5.5
4084,1.552985,0.7120895,9.526279,5.5
4085,1.577398,0.719891,9.526279,5.5
4086,1.603728,0.7289875,9.526279,5.5
4087,1.633791,0.7417872,9.526279,5.5
4088,1.661189,0.7532969,9.526279,5.5
4089,1.690728,0.7667731,9.526279,5.5
4090,1.720503,0.7802198,9.526279,5.5
4091,1.747632,0.7924397,9.526279,5.5
4092,1.7729,0.8040252,9.526279,5.5
4093,1.795618,0.8132603,9.526279,5.5
4094,1.817393,0.8215016,9.526279,5.5
4095,1.844086,0.8319631,9.526279,5.5
4096,1.872547,0.8418324,9.526279,5.5
4097,1.897822,0.8529842,9.526279,5.5
4098,1.925471,0.8647236,9.526279,5.5
4099,1.951335,0.8790376,9.526279,5.5
4100,1.976343,0.8934039,9.526279,5.5
4101,2.004512,0.9043322,9.526279,5.5
4102,2.033594,0.9153738,9.526279,5.5
4103,2.063742,0.9258451,9.526279,5.5
4104,2.092167,0.9350679,9.526279,5.5
4105,2.119222,0.9452428,9.526279,5.5
4106,2.148832,0.9545867,9.526279,5.5
4107,2.179395,0.9630389,9.526279,5.5
4108,2.210605,0.9697411,9.526279,5.5
4109,2.243981,0.9752531,9.526279,5.5
4110,2.277116,0.9797277,9.526279,5.5
4111,2.309262,0.9843712,9.526279,5.5
4112,2.338605,0.9879186,9.526279,5.5
4113,2.369931,0.9900837,9.526279,5.5
4114,2.400567,0.9917687,9.526279,5.5
4115,2.430364,0.9956346,9.526279,5.5
4116,2.461577,0.9995377,9.526279,5.5
4117,2.491042,1.001927,9.526279,5.5
4118,2.521105,1.006581,9.526279,5.5
4119,2.549258,1.012998,9.526279,5.5
4120,2.578053,1.018917,9.526279,5.5
4121,2.603568,1.023912,9.526279,5.5
4122,2.625244,1.029986,9.526279,5.5
4123,2.650837,1.035217,9.526279,5.5
4124,2.673481,1.041736,9.526279,5.5
4125,2.694415,1.046173,9.526279,5.5
4126,2.71303,1.049425,9.526279,5.5
4127,2.734744,1.056094,9.526279,5.5
4128,2.759433,1.06339,9.526279,5.5
4129,2.783661,1.072708,9.526279,5.5
4130,2.805364,1.081522,9.526279,5.5
4131,2.826392,1.091556,9.526279,5.5
4132,2.848003,1.099575,9.526279,5.5
4133,2.868526,1.1069,9.526279,5.5
4134,2.889067,1.113751,9.526279,5.5
4135,2.913259,1.120539,9.526279,5.5
4136,2.939123,1.130799,9.526279,5.5
4137,2.964602,1.140622,9.526279,5.5
4138,2.989343,1.151536,9.526279,5.5
4139,3.016862,1.164708,9.526279,5.5
4140,3.04551,1.177177,9.526279,5.5
4141,3.073855,1.189924,9.526279,5.5
4142,3.105133,1.202944,9.526279,5.5
4143,3.134623,1.217814,9.526279,5.5
4144,3.162984,1.233922,9.526279,5.5
4145,3.191384,1.248223,9.526279,5.5
4146,3.216869,1.261698,9.526279,5.5
4147,3.239594,1.275261,9.526279,5.5
4148,3.262533,1.286379,9.526279,5.5
4149,3.284982,1.298987,9.526279,5.5
4150,3.30996,1.311508,9.526279,5.5
4151,3.33678,1.325075,9.526279,5.5
4152,3.36182,1.338713,9.526279,5.5
4153,3.387284,1.351913,9.526279,5.5
4154,3.412754,1.366092,9.526279,5.5
4155,3.438897,1.379153,9.526279,5.5
4156,3.464677,1.39169,9.526279,5.5
4157,3.490618,1.406231,9.526279,5.5
4158,3.5152,1.417851,9.526279,5.5
4159,3.541743,1.429829,9.526279,5.5
4160,3.569524,1.443211,9.526279,5.5
4161,3.600416,1.455229,9.526279,5.5
4162,3.632127,1.46528,9.526279,5.5
4163,3.66594,1.474391,9.526279,5.5
4164,3.699298,1.482814,9.526279,5.5
4165,3.731388,1.491089,9.526279,5.5
4166,3.763652,1.498784,9.526279,5.5
4167,3.791822,1.505835,9.526279,5.5
4168,3.818484,1.512056,9.526279,5.5
4169,3.848022,1.518678,9.526279,5.5
4170,3.879598,1.528895,9.526279,5.5
4171,3.915132,1.539995,9.526279,5.5
4172,3.949856,1.549687,9.526279,5.5
4173,3.978623,1.555295,9.526279,5.5
4174,4.00311,1.560424,9.526279,5.5
4175,4.028497,1.568034,9.526279,5.5
4176,4.052785,1.5759,9.526279,5.5
4177,4.077834,1.585016,9.526279,5.5
4178,4.10124,1.593173,9.526279,5.5
4179,4.122979,1.601839,9.526279,5.5
4180,4.144133,1.608906,9.526279,5.5
4181,4.165945,1.619701,9.526279,5.5
4182,4.189394,1.628718,9.526279,5.5
4183,4.212558,1.64183,9.526279,5.5
4184,4.235588,1.654966,9.526279,5.5
4185,4.259815,1.669205,9.526279,5.5
4186,4.283178,1.681038,9.526279,5.5
4187,4.309109,1.693309,9.526279,5.5
4188,4.334895,1.708559,9.526279,5.5
4189,4.359467,1.72146,9.526279,5.5
4190,4.384363,1.733145,9.526279,5.5
4191,4.411204,1.745944,9.526279,5.5
4192,4.434454,1.756103,9.526279,5.5
4193,4.456422,1.770517,9.526279,5.5
4194,4.47942,1.787825,9.526279,5.5
4195,4.504132,1.805148,9.526279,5.5
4196,4.528899,1.823089,9.526279,5.5
4197,4.554363,1.8444,9.526279,5.5
4198,4.582419,1.863312,9.526279,5.5
4199,4.607612,1.881321,9.526279,5.5
4200,4.629222,1.898857,9.526279,5.5
4201,4.650556,1.916195,9.526279,5.5
4202,4.672739,1.932885,9.526279,5.5
4203,4.696258,1.952051,9.526279,5.5
4204,4.720499,1.971681,9.526279,5.5
4205,4.742897,1.990726,9.526279,5.5
4206,4.768626,2.007721,9.526279,5.5
4207,4.795139,2.025207,9.526279,5.5
4208,4.821981,2.043569,9.526279,5.5
4209,4.847106,2.060695,-9.526279,-5.5
4210,4.867918,2.074113,-9.526279,-5.5
4211,4.890064,2.085973,-9.526279,-5.5
4212,4.913847,2.098589,-9.526279,-5.5
4213,4.9408,2.109323,-9.526279,-5.5
4214,4.971709,2.117218,-9.526279,-5.5
4215,5.007125,2.13094,-9.526279,-5.5
4216,5.044004,2.147974,-9.526279,-5.5
4217,5.075416,2.166499,-9.526279,-5.5
4218,5.100524,2.185178,-9.526279,-5.5
4219,5.123378,2.201648,-9.526279,-5.5
4220,5.142302,2.216365,-9.526279,-5.5
4221,5.157999,2.226445,-9.526279,-5.5
4222,5.173491,2.231115,-9.526279,-5.5
4223,5.190027,2.23653,-9.526279,-5.5
4224,5.209454,2.24564,-9.526279,-5.5
4225,5.228342,2.256281,-9.526279,-5.5
4226,5.244843,2.266185,-9.526279,-5.5
4227,5.263446,2.272862,-9.526279,-5.5
4228,5.281032,2.279765,-9.526279,-5.5
4229,5.296175,2.28559,-9.526279,-5.5
4230,5.30789,2.290195,-9.526279,-5.5
4231,5.314075,2.295122,-9.526279,-5.5
4232,5.316143,2.300303,-9.526279,-5.5
4233,5.31435,2.305841,-9.526279,-5.5
4234,5.312548,2.313279,-9.526279,-5.5
4235,5.304394,2.317203,-9.526279,-5.5
4236,5.293005,2.318287,-9.526279,-5.5
4237,5.28495,2.315488,-9.526279,-5.5
4238,5.279677,2.312013,-9.526279,-5.5
4239,5.277112,2.311349,-9.526279,-5.5
4240,5.269317,2.310468,-9.526279,-5.5
4241,5.261333,2.309376,-9.526279,-5.5
4242,5.251465,2.307629,-9.526279,-5.5
4243,5.242487,2.305016,-9.526279,-5.5
4244,5.229735,2.303596,-9.526279,-5.5
4245,5.216414,2.299959,-9.526279,-5.5
4246,5.201838,2.296622,-9.526279,-5.5
4247,5.187173,2.291256,-9.526279,-5.5
4248,5.1747,2.286853,-9.526279,-5.5
4249,5.163821,2.280953,-9.526279,-5.5
4250,5.149521,2.274679,-9.526279,-5.5
4251,5.134181,2.269926,-9.526279,-5.5
4252,5.120391,2.262213,-9.526279,-5.5
4253,5.106892,2.25644,-9.526279,-5.5
4254,5.091231,2.249454,-9.526279,-5.5
4255,5.074942,2.244226,-9.526279,-5.5
4256,5.060777,2.239038,-9.526279,-5.5
4257,5.047741,2.234283,-9.526279,-5.5
4258,5.032357,2.227165,-9.526279,-5.5
4259,5.014235,2.219927,-9.526279,-5.5
4260,4.997676,2.213177,-9.526279,-5.5
4261,4.979705,2.207223,-9.526279,-5.5
4262,4.962597,2.202834,-9.526279,-5.5
4263,4.945397,2.197758,-9.526279,-5.5
4264,4.924541,2.193493,-9.526279,-5.5
4265,4.900303,2.18811,-9.526279,-5.5
4266,4.878659,2.182739,-9.526279,-5.5
4267,4.85788,2.179441,-9.526279,-5.5
4268,4.836606,2.177094,-9.526279,-5.5
4269,4.813328,2.175782,-9.526279,-5.5
4270,4.790033,2.174613,-9.526279,-5.5
4271,4.763652,2.173639,-9.526279,-5.5
4272,4.733871,2.172561,-9.526279,-5.5
4273,4.705486,2.170923,-9.526279,-5.5
4274,4.676107,2.168643,-9.526279,-5.5
4275,4.646842,2.166108,-9.526279,-5.5
4276,4.617858,2.166417,-9.526279,-5.5
4277,4.591098,2.165335,-9.526279,-5.5
4278,4.5599,2.162217,-9.526279,-5.5
4279,4.532077,2.162673,-9.526279,-5.5
4280,4.510709,2.162051,-9.526279,-5.5
4281,4.486762,2.158281,-9.526279,-5.5
4282,4.465102,2.156839,-9.526279,-5.5
4283,4.448296,2.156682,-9.526279,-5.5
4284,4.432597,2.153721,-9.526279,-5.5
4285,4.415146,2.149131,-9.526279,-5.5
4286,4.395685,2.144785,-9.526279,-5.5
4287,4.377954,2.141195,-9.526279,-5.5
4288,4.355224,2.135596,-9.526279,-5.5
4289,4.33204,2.129965,-9.526279,-5.5
4290,4.3115,2.121056,-9.526279,-5.5
4291,4.289402,2.114013,-9.526279,-5.5
4292,4.267915,2.106813,-9.526279,-5.5
4293,4.247977,2.102094,-9.526279,-5.5
4294,4.227284,2.0941,-9.526279,-5.5
4295,4.205843,2.084636,-9.526279,-5.5
4296,4.181914,2.076586,-9.526279,-5.5
4297,4.158782,2.066691,-9.526279,-5.5
4298,4.137813,2.058134,-9.526279,-5.5
4299,4.116372,2.049416,-9.526279,-5.5
4300,4.091776,2.040695,-9.526279,-5.5
4301,4.069056,2.031765,-9.526279,-5.5
4302,4.043089,2.019838,-9.526279,-5.5
4303,4.01626,2.008383,-9.526279,-5.5
4304,3.989242,1.993921,-9.526279,-5.5
4305,3.960715,1.9773,-9.526279,-5.5
4306,3.931877,1.962932,-9.526279,-5.5
4307,3.900233,1.948626,-9.526279,-5.5
4308,3.876418,1.936061,-9.526279,-5.5
4309,3.856504,1.927004,-9.526279,-5.5
4310,3.838528,1.914762,-9.526279,-5.5
4311,3.81957,1.902882,-9.526279,-5.5
4312,3.798991,1.893987,-9.526279,-5.5
4313,3.777621,1.881331,-9.526279,-5.5
4314,3.75426,1.866708,-9.526279,-5.5
4315,3.729376,1.853362,-9.526279,-5.5
4316,3.706477,1.841491,-9.526279,-5.5
4317,3.682007,1.828595,-9.526279,-5.5
4318,3.657635,1.81759,-9.526279,-5.5
4319,3.633482,1.806266,-9.526279,-5.5
4320,3.607435,1.796743,-9.526279,-5.5
4321,3.582593,1.788929,-9.526279,-5.5
4322,3.553718,1.781971,-9.526279,-5.5
4323,3.524796,1.775241,-9.526279,-5.5
4324,3.495731,1.768728,-9.526279,-5.5
4325,3.466963,1.765556,-9.526279,-5.5
4326,3.437171,1.762852,-9.526279,-5.5
4327,3.405563,1.759467,-9.526279,-5.5
4328,3.374604,1.755451,-9.526279,-5.5
4329,3.34118,1.751268,-9.526279,-5.5
4330,3.311282,1.748673,-9.526279,-5.5
4331,3.278742,1.742615,-9.526279,-5.5
4332,3.246045,1.736993,-9.526279,-5.5
4333,3.217367,1.732247,-9.526279,-5.5
4334,3.190508,1.72614,-9.526279,-5.5
4335,3.161858,1.720586,-9.526279,-5.5
4336,3.136709,1.714101,-9.526279,-5.5
4337,3.112856,1.706909,-9.526279,-5.5
4338,3.09009,1.699674,-9.526279,-5.5
4339,3.071571,1.694069,-9.526279,-5.5
4340,3.054011,1.687877,-9.526279,-5.5
4341,3.031358,1.679581,-9.526279,-5.5
4342,3.011369,1.669033,-9.526279,-5.5
4343,2.990954,1.660891,-9.526279,-5.5
4344,2.968767,1.65287,-9.526279,-5.5
4345,2.947599,1.642931,-9.526279,-5.5
4346,2.92601,1.631608,-9.526279,-5.5
4347,2.901963,1.61955,-9.526279,-5.5
4348,2.879555,1.608481,-9.526279,-5.5
4349,2.857276,1.597539,-9.526279,-5.5
4350,2.835025,1.586916,-9.526279,-5.5
4351,2.812971,1.576438,-9.526279,-5.5
4352,2.791015,1.566138,-9.526279,-5.5
4353,2.766579,1.55266,-9.526279,-5.5
4354,2.741295,1.540278,-9.526279,-5.5
4355,2.71644,1.525645,-9.526279,-5.5
4356,2.690874,1.50927,-9.526279,-5.5
4357,2.663653,1.490984,-9.526279,-5.5
4358,2.635967,1.473424,-9.526279,-5.5
4359,2.605685,1.454963,-9.526279,-5.5
4360,2.57826,1.440951,-9.526279,-5.5
4361,2.554827,1.428094,-9.526279,-5.5
4362,2.530567,1.416137,-9.526279,-5.5
4363,2.508819,1.40239,-9.526279,-5.5
4364,2.485095,1.389372,-9.526279,-5.5
4365,2.460125,1.379371,-9.526279,-5.5
4366,2.435666,1.367935,-9.526279,-5.5
4367,2.410798,1.355693,-9.526279,-5.5
4368,2.38703,1.341535,-9.526279,-5.5
4369,2.363049,1.326497,-9.526279,-5.5
4370,2.341345,1.31292,-9.526279,-5.5
4371,2.317735,1.299701,-9.526279,-5.5
4372,2.292785,1.287025,-9.526279,-5.5
4373,2.269354,1.277102,-9.526279,-5.5
4374,2.243,1.265845,-9.526279,-5.5
4375,2.215225,1.258086,-9.526279,-5.5
4376,2.187491,1.250367,-9.526279,-5.5
4377,2.157715,1.242985,-9.526279,-5.5
4378,2.125601,1.234534,-9.526279,-5.5
4379,2.093162,1.227923,-9.526279,-5.5
4380,2.061979,1.223043,-9.526279,-5.5
4381,2.033074,1.217475,-9.526279,-5.5
4382,2.002218,1.210807,-9.526279,-5.5
4383,1.972826,1.204849,-9.526279,-5.5
4384,1.940942,1.19867,-9.526279,-5.5
4385,1.910763,1.191479,-9.526279,-5.5
4386,1.883774,1.187053,-9.526279,-5.5
4387,1.85455,1.182617,-9.526279,-5.5
4388,1.828447,1.176108,-9.526279,-5.5
4389,1.802622,1.168154,-9.526279,-5.5
4390,1.778872,1.16023,-9.526279,-5.5
4391,1.757676,1.150669,-9.526279,-5.5
4392,1.738597,1.144566,-9.526279,-5.5
4393,1.720542,1.138117,-9.526279,-5.5
4394,1.702708,1.129344,-9.526279,-5.5
4395,1.6838,1.121652,-9.526279,-5.5
4396,1.661023,1.111894,-9.526279,-5.5
4397,1.637031,1.10246,-9.526279,-5.5
4398,1.615468,1.093325,-9.526279,-5.5
4399,1.597119,1.084546,-9.526279,-5.5
4400,1.575982,1.075261,-9.526279,-5.5
4401,1.551993,1.064147,-9.526279,-5.5
4402,1.529011,1.052248,-9.526279,-5.5
4403,1.505465,1.040173,-9.526279,-5.5
4404,1.480376,1.027492,-9.526279,-5.5
4405,1.457603,1.016869,-9.526279,-5.5
4406,1.436826,1.00582,-9.526279,-5.5
4407,1.413741,0.9934125,-9.526279,-5.5
4408,1.393334,0.9824773,-9.526279,-5.5
4409,1.369729,0.9675109,-9.526279,-5.5
4410,1.343865,0.9501166,-9.526279,-5.5
4411,1.314429,0.9322646,-9.526279,-5.5
4412,1.285745,0.9150376,-9.526279,-5.5
4413,1.259689,0.8999181,-9.526279,-5.5
4414,1.237458,0.8849568,-9.526279,-5.5
4415,1.212767,0.8686901,-9.526279,-5.5
4416,1.190006,0.8545022,-9.526279,-5.5
4417,1.166728,0.8398106,-9.526279,-5.5
4418,1.14456,0.8264589,-9.526279,-5.5
4419,1.119977,0.8125823,-9.526279,-5.5
4420,1.097136,0.800447,-9.526279,-5.5
4421,1.072565,0.7863193,-9.526279,-5.5
4422,1.047694,0.7734079,-9.526279,-5.5
4423,1.022485,0.7607894,-9.526279,-5.5
4424,0.9938099,0.7460999,-9.526279,-5.5
4425,0.9664702,0.733681,-9.526279,-5.5
4426,0.9411114,0.7226079,-9.526279,-5.5
4427,0.9163795,0.710654,-9.526279,-5.5
4428,0.888709,0.7002811,-9.526279,-5.5
4429,0.8591785,0.6901519,-9.526279,-5.5
4430,0.8287417,0.6799657,-9.526279,-5.5
4431,0.7971315,0.6708851,-9.526279,-5.5
4432,0.7650902,0.6632016,-9.526279,-5.5
4433,0.7348548,0.6573038,-9.526279,-5.5
4434,0.7042486,0.6515255,-9.526279,-5.5
4435,0.6735081,0.6462243,-9.526279,-5.5
4436,0.6399808,0.6423359,-9.526279,-5.5
4437,0.6090065,0.6391349,-9.526279,-5.5
4438,0.5765822,0.6354327,-9.526279,-5.5
4439,0.5476296,0.6304877,-9.526279,-5.5
4440,0.522026,0.624911,-9.526279,-5.5
4441,0.4955395,0.6187396,-9.526279,-5.5
4442,0.4721006,0.6134017,-9.526279,-5.5
4443,0.4490262,0.607044,-9.526279,-5.5
4444,0.4295379,0.6000068,-9.526279,-5.5
4445,0.409159,0.5948992,-9.526279,-5.5
4446,0.3909132,0.587477,-9.526279,-5.5
4447,0.3734502,0.579973,-9.526279,-5.5
4448,0.3540122,0.5724412,-9.526279,-5.5
4449,0.3299621,0.5661137,-9.526279,-5.5
4450,0.3051164,0.5572844,-9.526279,-5.5
4451,0.2808081,0.5472196,-9.526279,-5.5
4452,0.2581309,0.5352347,-9.526279,-5.5
4453,0.2359198,0.5242467,-9.526279,-5.5
4454,0.2165759,0.515018,-9.526279,-5.5
4455,0.1975002,0.5053797,-9.526279,-5.5
4456,0.1761586,0.4960424,-9.526279,-5.5
4457,0.1547958,0.4870988,-9.526279,-5.5
4458,0.1338285,0.4758863,-9.526279,-5.5
4459,0.1094337,0.4637043,-9.526279,-5.5
4460,0.08644664,0.4540621,-9.526279,-5.5
4461,0.06348126,0.4427619,-9.526279,-5.5
4462,0.03944182,0.4300948,-9.526279,-5.5
4463,0.01614361,0.4136025,-9.526279,-5.5
4464,-0.007487878,0.3964605,-9.526279,-5.5
4465,-0.03642519,0.3775971,-9.526279,-5.5
4466,-0.06508657,0.3578076,-9.526279,-5.5
4467,-0.09250065,0.3404527,-9.526279,-5.5
4468,-0.1191394,0.3237492,-9.526279,-5.5
4469,-0.1399185,0.31162,-9.526279,-5.5
4470,-0.1609669,0.2983778,-9.526279,-5.5
4471,-0.1822169,0.2836412,-9.526279,-5.5
4472,-0.2039777,0.2692447,-9.526279,-5.5
4473,-0.2262475,0.2525051,-9.526279,-5.5
4474,-0.2501145,0.2376008,-9.526279,-5.5
4475,-0.2723423,0.2214013,-9.526279,-5.5
4476,-0.2947797,0.2055098,-9.526279,-5.5
4477,-0.3186986,0.1899887,-9.526279,-5.5
4478,-0.3423097,0.1756984,-9.526279,-5.5
4479,-0.3641427,0.1621351,-9.526279,-5.5
4480,-0.3897333,0.1514655,-9.526279,-5.5
4481,-0.4151262,0.1390864,-9.526279,-5.5
4482,-0.44372,0.1280684,-9.526279,-5.5
4483,-0.4719507,0.1193991,-9.526279,-5.5
4484,-0.4999807,0.1109731,11,0
4485,-0.5249035,0.1020787,11,0
4486,-0.5549267,0.09218633,11,0
4487,-0.586827,0.0819844,11,0
4488,-0.6189187,0.07329488,11,0
4489,-0.6482505,0.06208134,11,0
4490,-0.6761508,0.0519222,11,0
4491,-0.7020203,0.04033566,11,0
4492,-0.7211128,0.0303874,11,0
4493,-0.7372981,0.02588952,11,0
4494,-0.7532592,0.02297246,11,0
4495,-0.770829,0.01589155,11,0
4496,-0.7881666,0.005650401,11,0
4497,-0.805138,-0.002796113,11,0
4498,-0.8245401,-0.007579148,11,0
4499,-0.8413,-0.01346886,11,0
4500,-0.8545762,-0.01862723,11,0
4501,-0.862836,-0.02288985,11,0
4502,-0.8701047,-0.02713281,11,0
4503,-0.8734526,-0.03217202,11,0
4504,-0.8714599,-0.03659761,11,0
4505,-0.869403,-0.04223371,11,0
4506,-0.8640946,-0.04980797,11,0
4507,-0.8578708,-0.0564481,11,0
4508,-0.8499554,-0.06324297,11,0
4509,-0.843255,-0.06993246,11,0
4510,-0.8345435,-0.07854789,11,0
4511,-0.8224168,-0.08626759,11,0
4512,-0.8115963,-0.09329182,11,0
4513,-0.7993036,-0.100526,11,0
4514,-0.7863956,-0.1067981,11,0
4515,-0.771449,-0.112942,11,0
4516,-0.7561709,-0.1170255,11,0
4517,-0.740796,-0.1208909,11,0
4518,-0.7239639,-0.121939,11,0
4519,-0.7067288,-0.1243402,11,0
4520,-0.689158,-0.1270655,11,0
4521,-0.6698309,-0.1300385,11,0
4522,-0.6485223,-0.1315432,11,0
4523,-0.6252946,-0.1303722,11,0
4524,-0.6008914,-0.1294366,11,0
4525,-0.5806431,-0.1271175,11,0
4526,-0.5595232,-0.127138,11,0
4527,-0.5373545,-0.1288109,11,0
4528,-0.5123824,-0.1303082,11,0
4529,-0.4897299,-0.1321751,11,0
4530,-0.4693754,-0.1349574,11,0
4531,-0.4500335,-0.1372002,11,0
4532,-0.429708,-0.1380987,11,0
4533,-0.4084744,-0.1379123,11,0
4534,-0.3851422,-0.1392061,11,0
4535,-0.3589614,-0.1420076,11,0
4536,-0.3317424,-0.1455376,11,0
4537,-0.3053691,-0.1519663,11,0
4538,-0.2810619,-0.1581948,11,0
4539,-0.2546401,-0.1655245,11,0
4540,-0.2266421,-0.1725046,11,0
4541,-0.1988778,-0.1798087,11,0
4542,-0.1725944,-0.1871315,11,0
4543,-0.148178,-0.1945405,11,0
4544,-0.121287,-0.2029781,11,0
4545,-0.09380476,-0.2119276,11,0
4546,-0.06524767,-0.2202287,11,0
4547,-0.03535122,-0.2286728,11,0
4548,-0.005425556,-0.2370455,11,0
4549,0.02387811,-0.244808,11,0
4550,0.05139369,-0.2512679,11,0
4551,0.076814,-0.2573325,11,0
4552,0.09996901,-0.2612665,11,0
4553,0.1204526,-0.2639079,11,0
4554,0.1407225,-0.2655746,11,0
4555,0.1618072,-0.2675675,11,0
4556,0.1848377,-0.2698872,11,0
4557,0.2077625,-0.2698717,11,0
4558,0.2310039,-0.2724138,11,0
4559,0.2547998,-0.2715963,11,0
4560,0.2768588,-0.2715955,11,0
4561,0.2983251,-0.2716638,11,0
4562,0.3215908,-0.2709324,11,0
4563,0.3437323,-0.2694352,11,0
4564,0.3666216,-0.2684935,11,0
4565,0.389045,-0.2687874,11,0
4566,0.4128615,-0.2695053,11,0
4567,0.4366477,-0.2701197,11,0
4568,0.4629965,-0.270208,11,0
4569,0.4882537,-0.2691267,11,0
4570,0.5132625,-0.2661389,11,0
4571,0.5396209,-0.2606411,11,0
4572,0.5665572,-0.2530946,11,0
4573,0.5957519,-0.2453735,11,0
4574,0.623668,-0.2385038,11,0
4575,0.6520762,-0.2313504,11,0
4576,0.6795793,-0.2230297,11,0
4577,0.7055942,-0.2165856,11,0
4578,0.7312444,-0.2079807,11,0
4579,0.760295,-0.200422,11,0
4580,0.7861897,-0.1922748,11,0
4581,0.8117365,-0.1829217,11,0
4582,0.8368415,-0.1749747,11,0
4583,0.8667641,-0.1660866,11,0
4584,0.8964674,-0.1572291,11,0
4585,0.923612,-0.1507672,11,0
4586,0.949876,-0.1450469,11,0
4587,0.9776841,-0.140664,11,0
4588,1.006284,-0.1374202,11,0
4589,1.033763,-0.1348503,11,0
4590,1.060245,-0.1330153,11,0
4591,1.089238,-0.1332523,11,0
4592,1.122506,-0.1362046,11,0
4593,1.156031,-0.1383049,11,0
4594,1.18801,-0.1406515,11,0
4595,1.218626,-0.144771,11,0
4596,1.249722,-0.1482252,11,0
4597,1.280372,-0.1519049,11,0
4598,1.31302,-0.1564416,11,0
4599,1.344959,-0.1607016,11,0
4600,1.379352,-0.1652676,11,0
4601,1.410368,-0.1699447,11,0
4602,1.438812,-0.1736526,11,0
4603,1.469365,-0.1763245,11,0
4604,1.4979,-0.1773802,11,0
4605,1.524926,-0.1780145,11,0
4606,1.548617,-0.1766733,11,0
4607,1.573902,-0.1737897,11,0
4608,1.596913,-0.1691555,11,0
4609,1.618473,-0.1659288,11,0
4610,1.640021,-0.1628175,11,0
4611,1.663872,-0.1570973,11,0
4612,1.686509,-0.1524937,11,0
4613,1.711776,-0.1453815,11,0
4614,1.732581,-0.1419002,11,0
4615,1.75603,-0.1360824,11,0
4616,1.777998,-0.1317189,11,0
4617,1.799235,-0.1268491,11,0
4618,1.825315,-0.120544,11,0
4619,1.852237,-0.1135008,11,0
4620,1.877514,-0.1065361,11,0
4621,1.9045,-0.09788889,11,0
4622,1.930935,-0.09048122,11,0
4623,1.959978,-0.08107829,11,0
4624,1.988898,-0.07151425,11,0
4625,2.015587,-0.06185961,11,0
4626,2.043678,-0.05043018,11,0
4627,2.069926,-0.03863478,11,0
4628,2.100254,-0.02515978,11,0
4629,2.127079,-0.01346171,11,0
4630,2.155207,-0.001434088,11,0
4631,2.18273,0.009483695,11,0
4632,2.21089,0.02276576,11,0
4633,2.239783,0.03851807,11,0
4634,2.267988,0.05166352,11,0
4635,2.294168,0.06449032,11,0
4636,2.319926,0.07600319,11,0
4637,2.346549,0.08734274,11,0
4638,2.372648,0.09825063,11,0
4639,2.402895,0.1099728,11,0
4640,2.430346,0.1190815,11,0
4641,2.456546,0.1261384,11,0
4642,2.484838,0.1334325,11,0
4643,2.513963,0.138786,11,0
4644,2.541324,0.1437223,11,0
4645,2.572453,0.147815,11,0
4646,2.603831,0.1528764,11,0
4647,2.635743,0.1576259,11,0
4648,2.667369,0.1603893,11,0
4649,2.70013,0.1626171,11,0
4650,2.732907,0.1635331,11,0
4651,2.763908,0.1670481,11,0
4652,2.79633,0.1699557,11,0
4653,2.8314,0.1715623,11,0
4654,2.861682,0.1722071,11,0
4655,2.891346,0.1736122,11,0
4656,2.920095,0.1744539,11,0
4657,2.945521,0.1772058,11,0
4658,2.972788,0.181674,11,0
4659,2.998311,0.1859287,11,0
4660,3.019898,0.191555,11,0
4661,3.0429,0.1955953,11,0
4662,3.067574,0.2002994,11,0
4663,3.092079,0.20726,11,0
4664,3.119096,0.2146606,11,0
4665,3.143332,0.2195119,11,0
4666,3.16715,0.2240357,11,0
4667,3.191631,0.2302084,11,0
4668,3.213704,0.2388377,11,0
4669,3.234359,0.2456343,11,0
4670,3.255427,0.2518932,11,0
4671,3.278327,0.2595812,11,0
4672,3.301171,0.267732,11,0
4673,3.323698,0.2761627,11,0
4674,3.347217,0.2839615,11,0
4675,3.374148,0.2925357,11,0
4676,3.402645,0.3031394,11,0
4677,3.431087,0.314285,11,0
4678,3.456877,0.3264972,11,0
4679,3.481693,0.3378065,11,0
4680,3.508973,0.3500383,11,0
4681,3.537327,0.3621733,11,0
4682,3.563885,0.3729742,11,0
4683,3.592394,0.3859837,11,0
4684,3.618119,0.3981562,11,0
4685,3.6438,0.4109203,11,0
4686,3.671397,0.423478,11,0
4687,3.701708,0.4372985,11,0
4688,3.731331,0.4499335,11,0
4689,3.759727,0.4609046,11,0
4690,3.787765,0.4730121,11,0
4691,3.814092,0.4853929,11,0
4692,3.841915,0.4959905,11,0
4693,3.867793,0.5064242,11,0
4694,3.895315,0.5145739,11,0
4695,3.924728,0.520488,11,0
4696,3.956526,0.525598,11,0
4697,3.98755,0.5295584,11,0
4698,4.016777,0.533242,11,0
4699,4.045348,0.5360727,11,0
4700,4.075129,0.5373013,11,0
4701,4.105605,0.5373057,11,0
4702,4.138047,0.5387374,11,0
4703,4.169256,0.5399516,11,0
4704,4.203726,0.5401478,11,0
4705,4.238523,0.5406294,11,0
4706,4.27389,0.5408404,11,0
4707,4.309864,0.5408149,11,0
4708,4.344584,0.5396153,11,0
4709,4.377467,0.5410821,11,0
4710,4.409081,0.5422747,11,0
4711,4.435872,0.5430501,11,0
4712,4.460734,0.5456252,11,0
4713,4.489585,0.5468946,11,0
4714,4.515977,0.5487716,11,0
4715,4.539351,0.5509965,11,0
4716,4.558938,0.5534098,11,0
4717,4.580694,0.5577905,11,0
4718,4.603116,0.5617802,11,0
4719,4.628098,0.5673535,11,0
4720,4.652595,0.5727056,11,0
4721,4.677567,0.5779216,11,0
4722,4.699465,0.5852021,11,0
4723,4.721588,0.5901902,11,0
4724,4.745391,0.5963867,11,0
4725,4.770977,0.6029842,11,0
4726,4.794617,0.6087595,11,0
4727,4.818998,0.6152511,11,0
4728,4.844162,0.6225803,11,0
4729,4.869821,0.629705,11,0
4730,4.896611,0.636687,11,0
4731,4.922217,0.6451929,11,0
4732,4.94979,0.6537068,11,0
4733,4.980098,0.6639203,11,0
4734,5.008922,0.6736826,11,0
4735,5.038158,0.6831342,11,0
4736,5.065027,0.6926003,11,0
4737,5.0911,0.7004795,11,0
4738,5.116162,0.7093694,11,0
4739,5.141177,0.7197094,11,0
4740,5.169085,0.7310503,11,0
4741,5.195873,0.740083,11,0
4742,5.222657,0.7498497,11,0
4743,5.254217,0.7604929,11,0
4744,5.281895,0.7690798,11,0
4745,5.307553,0.777012,11,0
4746,5.333936,0.7862506,11,0
4747,5.364548,0.7935485,11,0
4748,5.392342,0.7996274,-11,0
4749,5.417189,0.8046463,-11,0
4750,5.444437,0.8071587,-11,0
4751,5.474346,0.806834,-11,0
4752,5.509656,0.8048638,-11,0
4753,5.54861,0.8020177,-11,0
4754,5.588734,0.8020575,-11,0
4755,5.627498,0.8052889,-11,0
4756,5.662705,0.8128366,-11,0
4757,5.693445,0.8211926,-11,0
4758,5.71742,0.8315824,-11,0
4759,5.735587,0.8384092,-11,0
4760,5.751554,0.8402078,-11,0
4761,5.766655,0.8412375,-11,0
4762,5.786523,0.8396598,-11,0
4763,5.807431,0.8410031,-11,0
4764,5.829538,0.8434057,-11,0
4765,5.849316,0.8483191,-11,0
4766,5.867161,0.8536139,-11,0
4767,5.880377,0.8594229,-11,0
4768,5.889753,0.8652601,-11,0
4769,5.896552,0.8715061,-11,0
4770,5.90022,0.8776202,-11,0
4771,5.902498,0.8853078,-11,0
4772,5.901361,0.8960323,-11,0
4773,5.900636,0.9063075,-11,0
4774,5.897168,0.9152398,-11,0
4775,5.89294,0.9232929,-11,0
4776,5.889686,0.9289606,-11,0
4777,5.888592,0.9351485,-11,0
4778,5.889725,0.9408869,-11,0
4779,5.888679,0.9477644,-11,0
4780,5.882222,0.9578679,-11,0
4781,5.875619,0.9647467,-11,0
4782,5.870131,0.9716759,-11,0
4783,5.859818,0.9777007,-11,0
4784,5.849221,0.9841723,-11,0
4785,5.839499,0.9926744,-11,0
4786,5.828801,1.000208,-11,0
4787,5.816426,1.005182,-11,0
4788,5.805332,1.008646,-11,0
4789,5.793846,1.012007,-11,0
4790,5.78307,1.014653,-11,0
4791,5.771917,1.017168,-11,0
4792,5.761096,1.021874,-11,0
4793,5.749886,1.027462,-11,0
4794,5.740279,1.033124,-11,0
4795,5.726983,1.041226,-11,0
4796,5.712314,1.046304,-11,0
4797,5.696171,1.053114,-11,0
4798,5.681026,1.061531,-11,0
4799,5.663438,1.069565,-11,0
4800,5.64739,1.075929,-11,0
4801,5.631186,1.082651,-11,0
4802,5.612636,1.090703,-11,0
4803,5.59269,1.102618,-11,0
4804,5.572828,1.116831,-11,0
4805,5.553161,1.131012,-11,0
4806,5.537694,1.143838,-11,0
4807,5.523168,1.15757,-11,0
4808,5.508352,1.172083,-11,0
4809,5.49245,1.187372,-11,0
4810,5.475317,1.200531,-11,0
4811,5.457854,1.213603,-11,0
4812,5.44054,1.227912,-11,0
4813,5.421192,1.239863,-11,0
4814,5.40146,1.252889,-11,0
4815,5.382432,1.266562,-11,0
4816,5.365606,1.276775,-11,0
4817,5.349427,1.287242,-11,0
4818,5.329325,1.29741,-11,0
4819,5.312579,1.306643,-11,0
4820,5.296159,1.316605,-11,0
4821,5.276701,1.326334,-11,0
4822,5.261339,1.334366,-11,0
4823,5.245236,1.343634,-11,0
4824,5.228869,1.35122,-11,0
4825,5.211088,1.356551,-11,0
4826,5.193571,1.361518,-11,0
4827,5.17728,1.367924,-11,0
4828,5.15903,1.374267,-11,0
4829,5.140079,1.379966,-11,0
4830,5.119562,1.383757,-11,0
4831,5.098114,1.388556,-11,0
4832,5.076416,1.393987,-11,0
4833,5.055113,1.398488,-11,0
4834,5.032144,1.402108,-11,0
4835,5.010853,1.406547,-11,0
4836,4.985532,1.410759,-11,0
4837,4.961278,1.414121,-11,0
4838,4.933282,1.418624,-11,0
4839,4.904125,1.424426,-11,0
4840,4.874768,1.429527,-11,0
4841,4.846152,1.435312,-11,0
4842,4.818382,1.439021,-11,0
4843,4.791608,1.444475,-11,0
4844,4.768159,1.449193,-11,0
4845,4.746199,1.451339,-11,0
4846,4.721119,1.455512,-11,0
4847,4.694783,1.460154,-11,0
4848,4.669345,1.463633,-11,0
4849,4.645534,1.467428,-11,0
4850,4.619228,1.47156,-11,0
4851,4.59181,1.47538,-11,0
4852,4.566195,1.478351,-11,0
4853,4.540988,1.479282,-11,0
4854,4.515283,1.481773,-11,0
4855,4.488785,1.486702,-11,0
4856,4.462353,1.493166,-11,0
4857,4.434762,1.501145,-11,0
4858,4.405835,1.511761,-11,0
4859,4.377879,1.521348,-11,0
4860,4.349704,1.531705,-11,0
4861,4.319161,1.543232,-11,0
4862,4.289901,1.557024,-11,0
4863,4.264651,1.56926,-11,0
4864,4.239446,1.582124,-11,0
4865,4.212596,1.593471,-11,0
4866,4.184479,1.60753,-11,0
4867,4.156816,1.622625,-11,0
4868,4.128738,1.637578,-11,0
4869,4.102757,1.650339,-11,0
4870,4.076694,1.663539,-11,0
4871,4.05001,1.675675,-11,0
4872,4.027702,1.687032,-11,0
4873,4.005522,1.69715,-11,0
4874,3.987012,1.706844,-11,0
4875,3.966994,1.715728,-11,0
4876,3.94853,1.721881,-11,0
4877,3.92716,1.729785,-11,0
4878,3.907093,1.736788,-11,0
4879,3.882406,1.743296,-11,0
4880,3.857194,1.7519,-11,0
4881,3.831047,1.755833,-11,0
4882,3.80374,1.760232,-11,0
4883,3.779303,1.764295,-11,0
4884,3.757071,1.770321,-11,0
4885,3.736428,1.776423,-11,0
4886,3.715176,1.781558,-11,0
4887,3.692312,1.787941,-11,0
4888,3.669079,1.793787,-11,0
4889,3.644982,1.799377,-11,0
4890,3.619301,1.803731,-11,0
4891,3.594607,1.808043,-11,0
4892,3.567881,1.812566,-11,0
4893,3.538031,1.814744,-11,0
4894,3.508353,1.817611,-11,0
4895,3.475636,1.820081,-11,0
4896,3.44288,1.822003,-11,0
4897,3.414782,1.82503,-11,0
4898,3.387136,1.826712,-11,0
4899,3.361177,1.828742,-11,0
4900,3.334696,1.829952,-11,0
4901,3.307134,1.832105,-11,0
4902,3.276207,1.833832,-11,0
4903,3.244666,1.836017,-11,0
4904,3.214,1.836093,-11,0
4905,3.186895,1.838521,-11,0
4906,3.161107,1.84216,-11,0
4907,3.13541,1.844899,-11,0
4908,3.107504,1.847845,-11,0
4909,3.080143,1.851743,-11,0
4910,3.051493,1.856145,-11,0
4911,3.021852,1.86043,-11,0
4912,2.991765,1.86722,-11,0
4913,2.961934,1.874658,-11,0
4914,2.93143,1.882778,-11,0
4915,2.899657,1.892629,-11,0
4916,2.868737,1.904111,-11,0
4917,2.841236,1.916611,-11,0
4918,2.813226,1.928493,-11,0
4919,2.783363,1.939774,-11,0
4920,2.753822,1.952505,-11,0
4921,2.725894,1.964715,-11,0
4922,2.695029,1.976783,-11,0
4923,2.667485,1.988888,-11,0
4924,2.642979,1.999997,-11,0
4925,2.619577,2.009258,-11,0
4926,2.59538,2.017332,-11,0
4927,2.574866,2.023289,-11,0
4928,2.5548,2.029847,-11,0
4929,2.533287,2.034881,-11,0
4930,2.507939,2.039564,-11,0
4931,2.487265,2.040506,-11,0
4932,2.468799,2.044636,-11,0
4933,2.451474,2.050524,-11,0
4934,2.424755,2.054476,-11,0
4935,2.400727,2.057166,-11,0
4936,2.376105,2.060311,-11,0
4937,2.353579,2.062183,-11,0
4938,2.332711,2.065922,-11,0
4939,2.310061,2.068906,-11,0
4940,2.287993,2.071146,-11,0
4941,2.263794,2.071925,-11,0
4942,2.238809,2.071107,-11,0
4943,2.21313,2.071911,-11,0
4944,2.185965,2.07355,-11,0
4945,2.161058,2.074848,-11,0
4946,2.137876,2.075979,-11,0
4947,2.112388,2.075989,-11,0
4948,2.085144,2.074836,-11,0
4949,2.052995,2.070669,-11,0
4950,2.019133,2.066241,-11,0
4951,1.984807,2.063562,-11,0
4952,1.955869,2.061907,-11,0
4953,1.92829,2.0605,-11,0
4954,1.902727,2.059246,-11,0
4955,1.875748,2.055475,-11,0
4956,1.847369,2.051425,-11,0
4957,1.818984,2.047184,-11,0
4958,1.791061,2.044487,-11,0
4959,1.761296,2.041619,-11,0
4960,1.728651,2.040184,-11,0
4961,1.696864,2.039057,-11,0
4962,1.666633,2.038001,-11,0
4963,1.635335,2.039037,-11,0
4964,1.601833,2.041803,9.526278,-5.5
4965,1.574726,2.045594,9.526278,-5.5
4966,1.546884,2.051678,9.526278,-5.5
4967,1.509036,2.059404,9.526278,-5.5
4968,1.466448,2.067058,9.526278,-5.5
4969,1.427403,2.07348,9.526278,-5.5
4970,1.391338,2.075302,9.526278,-5.5
4971,1.362867,2.075188,9.526278,-5.5
4972,1.337387,2.076006,9.526278,-5.5
4973,1.315147,2.07953,9.526278,-5.5
4974,1.296723,2.083192,9.526278,-5.5
4975,1.279806,2.088812,9.526278,-5.5
4976,1.262238,2.094084,9.526278,-5.5
4977,1.242662,2.097935,9.526278,-5.5
4978,1.222692,2.102418,9.526278,-5.5
4979,1.203164,2.107478,9.526278,-5.5
4980,1.184264,2.108768,9.526278,-5.5
4981,1.169714,2.108187,9.526278,-5.5
4982,1.156234,2.107058,9.526278,-5.5
4983,1.145867,2.102192,9.526278,-5.5
4984,1.137869,2.094872,9.526278,-5.5
4985,1.129582,2.087625,9.526278,-5.5
4986,1.12159,2.077958,9.526278,-5.5
4987,1.116233,2.065672,9.526278,-5.5
4988,1.113859,2.052686,9.526278,-5.5
4989,1.111749,2.045184,9.526278,-5.5
4990,1.109072,2.039888,9.526278,-5.5
4991,1.10677,2.032878,9.526278,-5.5
4992,1.103365,2.024488,9.526278,-5.5
4993,1.102198,2.014705,9.526278,-5.5
4994,1.100795,2.00481,9.526278,-5.5
4995,1.102452,1.989567,9.526278,-5.5
4996,1.104019,1.977472,9.526278,-5.5
4997,1.107529,1.964871,9.526278,-5.5
4998,1.111024,1.950244,9.526278,-5.5
4999,1.114575,1.933172,9.526278,-5.5
