Step,Hip_X,Hip_Z,Target_X,Target_Z
0,0,0,8.8,0
1,-0.004600861,0.0007838946,8.8,0
2,-0.007837515,0.000625003,8.8,0
3,-0.009212537,-0.0009353227,8.8,0
4,-0.008563748,-0.0001468698,8.8,0
5,-0.008195161,-0.000442056,8.8,0
6,-0.005461199,0.0007867792,8.8,0
7,-0.003976389,0.004262802,8.8,0
8,-0.003588179,0.006816593,8.8,0
9,-0.004330822,0.008617584,8.8,0
10,-0.004795489,0.01079743,8.8,0
11,-0.004138615,0.01424124,8.8,0
12,-0.002781849,0.01729641,8.8,0
13,-0.002300161,0.02088081,8.8,0
14,-0.001713429,0.02477934,8.8,0
15,0.001350766,0.0283851,8.8,0
16,0.007223322,0.02899415,8.8,0
17,0.01407269,0.02891253,8.8,0
18,0.02457749,0.02688691,8.8,0
19,0.03634195,0.02231046,8.8,0
20,0.04701019,0.01742652,8.8,0
21,0.05625233,0.007991804,8.8,0
22,0.06608035,-0.002491548,8.8,0
23,0.07640072,-0.01416995,8.8,0
24,0.08746704,-0.02643441,8.8,0
25,0.0975593,-0.03735996,8.8,0
26,0.1072215,-0.0492067,8.8,0
27,0.1179339,-0.06365497,8.8,0
28,0.1276766,-0.07527494,8.8,0
29,0.1385318,-0.08889306,8.8,0
30,0.148164,-0.1056994,8.8,0
31,0.1567015,-0.1219965,8.8,0
32,0.166041,-0.1386377,8.8,0
33,0.176207,-0.156242,8.8,0
34,0.1871025,-0.1745655,8.8,0
35,0.2000233,-0.1882469,8.8,0
36,0.2141839,-0.1996595,8.8,0
37,0.2277051,-0.2122458,8.8,0
38,0.243098,-0.2221586,8.8,0
39,0.2601502,-0.2303007,8.8,0
40,0.2756149,-0.2381467,8.8,0
41,0.2939676,-0.2460302,8.8,0
42,0.3141472,-0.2522622,8.8,0
43,0.3331909,-0.2577267,8.8,0
44,0.3503058,-0.2638397,8.8,0
45,0.3651361,-0.268829,8.8,0
46,0.3795528,-0.2769099,8.8,0
47,0.3951877,-0.2850197,8.8,0
48,0.4165022,-0.2940493,8.8,0
49,0.4323408,-0.3018583,8.8,0
50,0.4525895,-0.3074675,8.8,0
51,0.4739204,-0.3117768,8.8,0
52,0.4941444,-0.3162267,8.8,0
53,0.5171703,-0.3196287,8.8,0
54,0.5407587,-0.3239191,8.8,0
55,0.5648394,-0.326903,8.8,0
56,0.5901161,-0.3312773,8.8,0
57,0.6173334,-0.3362621,8.8,0
58,0.6412843,-0.3411849,8.8,0
59,0.6650599,-0.3456784,8.8,0
60,0.6888443,-0.349434,8.8,0
61,0.7123913,-0.3530361,8.8,0
62,0.7368196,-0.3569168,8.8,0
63,0.7650291,-0.3581542,8.8,0
64,0.7911329,-0.3613601,8.8,0
65,0.8180877,-0.3637643,8.8,0
66,0.8476089,-0.3676608,8.8,0
67,0.8772654,-0.3715509,8.8,0
68,0.9046171,-0.3752002,8.8,0
69,0.9309623,-0.3794312,8.8,0
70,0.9574786,-0.3848036,8.8,0
71,0.9848939,-0.3916078,8.8,0
72,1.012429,-0.3976063,8.8,0
73,1.042385,-0.4039918,8.8,0
74,1.071207,-0.4126303,8.8,0
75,1.099375,-0.424005,8.8,0
76,1.129167,-0.4352748,8.8,0
77,1.159635,-0.4480261,8.8,0
78,1.188064,-0.4612924,8.8,0
79,1.217832,-0.4741931,8.8,0
80,1.244928,-0.4885966,8.8,0
81,1.27054,-0.5011989,8.8,0
82,1.299533,-0.5130633,8.8,0
83,1.329081,-0.5260594,8.8,0
84,1.357071,-0.5365893,8.8,0
85,1.385905,-0.5473893,8.8,0
86,1.411385,-0.5547594,8.8,0
87,1.433421,-0.5597069,8.8,0
88,1.454437,-0.5660284,8.8,0
89,1.477747,-0.5726451,8.8,0
90,1.500159,-0.5765384,8.8,0
91,1.521839,-0.5810353,8.8,0
92,1.541292,-0.5851358,8.8,0
93,1.565486,-0.5892373,8.8,0
94,1.590099,-0.5936449,8.8,0
95,1.614228,-0.5978521,8.8,0
96,1.637634,-0.6008697,8.8,0
97,1.660912,-0.6038032,8.8,0
98,1.684443,-0.6061279,8.8,0
99,1.70679,-0.6086913,8.8,0
100,1.729639,-0.6126915,8.8,0
101,1.755859,-0.6166314,8.8,0
102,1.782958,-0.6206616,8.8,0
103,1.807302,-0.6251656,8.8,0
104,1.831667,-0.6286414,8.8,0
105,1.855287,-0.6305051,8.8,0
106,1.880751,-0.6300255,8.8,0
107,1.911682,-0.6300642,8.8,0
108,1.944779,-0.6297076,8.8,0
109,1.97826,-0.6286789,8.8,0
110,2.012779,-0.6290662,8.8,0
111,2.043765,-0.6287239,8.8,0
112,2.070799,-0.6270618,8.8,0
113,2.09599,-0.6250031,8.8,0
114,2.123279,-0.6247336,8.8,0
115,2.150652,-0.6225308,8.8,0
116,2.179332,-0.6206555,8.8,0
117,2.206778,-0.6189491,8.8,0
118,2.236433,-0.6195957,8.8,0
119,2.266974,-0.6190972,8.8,0
120,2.299031,-0.6190413,8.8,0
121,2.329293,-0.6186747,8.8,0
122,2.356684,-0.6185098,8.8,0
123,2.384089,-0.620409,8.8,0
124,2.412318,-0.6237306,8.8,0
125,2.440875,-0.6276152,8.8,0
126,2.471665,-0.6325361,8.8,0
127,2.50244,-0.6379429,8.8,0
128,2.531241,-0.6423208,8.8,0
129,2.559464,-0.6482844,8.8,0
130,2.590589,-0.6568097,8.8,0
131,2.621805,-0.6652014,8.8,0
132,2.651777,-0.6731246,8.8,0
133,2.682436,-0.6820748,8.8,0
134,2.713207,-0.6907547,8.8,0
135,2.744495,-0.699844,8.8,0
136,2.771466,-0.7074664,8.8,0
137,2.796501,-0.7145483,8.8,0
138,2.819728,-0.718451,8.8,0
139,2.846545,-0.7253491,8.8,0
140,2.87166,-0.7337196,8.8,0
141,2.896593,-0.7379224,8.8,0
142,2.923383,-0.7406217,8.8,0
143,2.944066,-0.7441677,8.8,0
144,2.960266,-0.7464116,8.8,0
145,2.981731,-0.74639,8.8,0
146,3.004344,-0.7467893,8.8,0
147,3.029927,-0.7473359,8.8,0
148,3.055946,-0.7476839,8.8,0
149,3.077962,-0.7479633,8.8,0
150,3.101264,-0.7481631,8.8,0
151,3.124747,-0.7492305,8.8,0
152,3.14468,-0.7503567,8.8,0
153,3.166166,-0.748655,8.8,0
154,3.191341,-0.7476346,8.8,0
155,3.216518,-0.7464674,8.8,0
156,3.240181,-0.7450182,8.8,0
157,3.265615,-0.743528,8.8,0
158,3.294255,-0.7416596,8.8,0
159,3.325071,-0.738035,8.8,0
160,3.356284,-0.7344046,8.8,0
161,3.385669,-0.7308487,8.8,0
162,3.417229,-0.7280759,8.8,0
163,3.446766,-0.7243692,8.8,0
164,3.47423,-0.7215047,8.8,0
165,3.501277,-0.7167242,8.8,0
166,3.527619,-0.7118351,8.8,0
167,3.5548,-0.7086855,8.8,0
168,3.584116,-0.7045345,8.8,0
169,3.608815,-0.7009297,8.8,0
170,3.633613,-0.6981032,8.8,0
171,3.660017,-0.6936116,8.8,0
172,3.686721,-0.6876511,8.8,0
173,3.714595,-0.6820792,8.8,0
174,3.739518,-0.6749782,8.8,0
175,3.768868,-0.6705265,8.8,0
176,3.799296,-0.6673647,8.8,0
177,3.827642,-0.6646546,8.8,0
178,3.856111,-0.6652038,8.8,0
179,3.884469,-0.6667171,8.8,0
180,3.914721,-0.6671224,8.8,0
181,3.945451,-0.6684355,8.8,0
182,3.978369,-0.6709461,8.8,0
183,4.011256,-0.6733819,8.8,0
184,4.039011,-0.6764832,8.8,0
185,4.066724,-0.6783321,8.8,0
186,4.096939,-0.6813343,8.8,0
187,4.124267,-0.6859881,8.8,0
188,4.15175,-0.692893,8.8,0
189,4.177509,-0.698524,8.8,0
190,4.203836,-0.7032397,8.8,0
191,4.229625,-0.7067679,8.8,0
192,4.253816,-0.7092202,8.8,0
193,4.277806,-0.7124796,8.8,0
194,4.302231,-0.7133093,8.8,0
195,4.323236,-0.7154727,8.8,0
196,4.34403,-0.7165192,8.8,0
197,4.364249,-0.7159646,8.8,0
198,4.383538,-0.7175143,8.8,0
199,4.403272,-0.7180081,8.8,0
200,4.427138,-0.7166525,8.8,0
201,4.451525,-0.7174279,8.8,0
202,4.474413,-0.7147902,8.8,0
203,4.498686,-0.7111805,8.8,0
204,4.523028,-0.7085153,8.8,0
205,4.545298,-0.7054132,8.8,0
206,4.565233,-0.704304,8.8,0
207,4.58745,-0.703046,8.8,0
208,4.611598,-0.7020901,8.8,0
209,4.639109,-0.6997031,8.8,0
210,4.663372,-0.6988803,8.8,0
211,4.690226,-0.6950821,8.8,0
212,4.717077,-0.69076,8.8,0
213,4.745289,-0.6846633,8.8,0
214,4.77319,-0.6769133,8.8,0
215,4.803089,-0.6688752,8.8,0
216,4.833792,-0.6610471,8.8,0
217,4.861241,-0.653173,8.8,0
218,4.890522,-0.6459111,8.8,0
219,4.918442,-0.6384388,8.8,0
220,4.944254,-0.6297334,8.8,0
221,4.968353,-0.6236381,8.8,0
222,4.992414,-0.6165442,8.8,0
223,5.01563,-0.6108394,8.8,0
224,5.041431,-0.6018788,8.8,0
225,5.06811,-0.593177,8.8,0
226,5.094152,-0.5832224,8.8,0
227,5.120188,-0.5737671,8.8,0
228,5.146062,-0.5652363,8.8,0
229,5.172269,-0.5592458,8.8,0
230,5.199361,-0.5557474,8.8,0
231,5.228198,-0.5526955,8.8,0
232,5.257884,-0.5521685,8.8,0
233,5.287719,-0.5519848,8.8,0
234,5.319651,-0.552719,8.8,0
235,5.350016,-0.551981,8.8,0
236,5.378801,-0.5516143,8.8,0
237,5.410259,-0.5514104,8.8,0
238,5.439502,-0.5497978,8.8,0
239,5.465726,-0.5498055,8.8,0
240,5.492134,-0.5508463,8.8,0
241,5.519863,-0.5511897,8.8,0
242,5.548819,-0.5518749,8.8,0
243,5.576102,-0.551385,8.8,0
244,5.606546,-0.549534,8.8,0
245,5.635443,-0.5505933,8.8,0
246,5.663776,-0.5511016,8.8,0
247,5.692193,-0.5511035,8.8,0
248,5.71628,-0.5511013,8.8,0
249,5.738661,-0.5523848,8.8,0
250,5.760837,-0.5514639,8.8,0
251,5.784901,-0.5489471,8.8,0
252,5.80451,-0.5484941,8.8,0
253,5.823335,-0.5440617,8.8,0
254,5.847836,-0.5394583,8.8,0
255,5.868935,-0.5345767,8.8,0
256,5.894214,-0.5273116,8.8,0
257,5.916096,-0.5216097,8.8,0
258,5.939819,-0.5141861,8.8,0
259,5.961859,-0.5081823,8.8,0
260,5.986064,-0.502481,8.8,0
261,6.008578,-0.4991266,8.8,0
262,6.03051,-0.4948785,8.8,0
263,6.054341,-0.487781,8.8,0
264,6.079678,-0.4805409,8.8,0
265,6.10415,-0.4742619,8.8,0
266,6.129341,-0.4652335,8.8,0
267,6.153399,-0.4563248,8.8,0
268,6.178555,-0.4463795,8.8,0
269,6.206398,-0.4353754,8.8,0
270,6.235804,-0.424751,8.8,0
271,6.264415,-0.4133166,8.8,0
272,6.290863,-0.4011348,8.8,0
273,6.316335,-0.388558,8.8,0
274,6.341105,-0.3750892,8.8,0
275,6.362796,-0.3634644,8.8,0
276,6.385858,-0.351718,8.8,0
277,6.409622,-0.3415419,8.8,0
278,6.434918,-0.3284859,8.8,0
279,6.457812,-0.3173184,8.8,0
280,6.482132,-0.3068542,8.8,0
281,6.508379,-0.2959593,8.8,0
282,6.534932,-0.284719,8.8,0
283,6.561929,-0.2747532,8.8,0
284,6.587157,-0.2649581,8.8,0
285,6.612434,-0.2593825,8.8,0
286,6.640131,-0.2530426,8.8,0
287,6.671248,-0.2464687,8.8,0
288,6.702774,-0.2415342,8.8,0
289,6.733007,-0.2379959,8.8,0
290,6.762574,-0.2352846,8.8,0
291,6.793165,-0.2333588,8.8,0
292,6.824387,-0.231461,8.8,0
293,6.85359,-0.2274352,8.8,0
294,6.886351,-0.2240718,8.8,0
295,6.916425,-0.2210425,8.8,0
296,6.947608,-0.217465,8.8,0
297,6.981049,-0.2142067,8.8,0
298,7.015138,-0.21129,8.8,0
299,7.044771,-0.2109838,8.8,0
300,7.071106,-0.2098494,8.8,0
301,7.09804,-0.2074914,8.8,0
302,7.12148,-0.2057771,8.8,0
303,7.138822,-0.2015159,8.8,0
304,7.15792,-0.1968869,8.8,0
305,7.181967,-0.1927778,8.8,0
306,7.205276,-0.1870346,8.8,0
307,7.226376,-0.1821484,8.8,0
308,7.249372,-0.1750431,8.8,0
309,7.269584,-0.1686325,8.8,0
310,7.290679,-0.1608875,8.8,0
311,7.312051,-0.1521786,8.8,0
312,7.330873,-0.1435845,8.8,0
313,7.350395,-0.1336914,8.8,0
314,7.373483,-0.1246531,8.8,0
315,7.393877,-0.1173882,8.8,0
316,7.41609,-0.1094915,8.8,0
317,7.436756,-0.1013282,8.8,0
318,7.46033,-0.09053951,8.8,0
319,7.482883,-0.07961525,8.8,0
320,7.503881,-0.06808807,8.8,0
321,7.525927,-0.05644337,8.8,0
322,7.548234,-0.04451157,8.8,0
323,7.572935,-0.03442241,8.8,0
324,7.601095,-0.02276792,8.8,0
325,7.624439,-0.01293312,8.8,0
326,7.646826,-0.003341004,8.8,0
327,7.672201,0.008616846,8.8,0
328,7.697021,0.02029059,8.8,0
329,7.719413,0.03025106,8.8,0
330,7.742368,0.04050016,8.8,0
331,7.764133,0.05448009,8.8,0
332,7.787553,0.06654009,8.8,0
333,7.8115,0.0773205,8.8,0
334,7.835969,0.08815499,8.8,0
335,7.862152,0.0988791,8.8,0
336,7.886433,0.1083634,8.8,0
337,7.912894,0.1172729,8.8,0
338,7.939096,0.1246548,8.8,0
339,7.963942,0.1318225,8.8,0
340,7.988693,0.137895,8.8,0
341,8.016715,0.1419591,8.8,0
342,8.045668,0.1446151,8.8,0
343,8.073865,0.14728,8.8,0
344,8.100576,0.1493651,8.8,0
345,8.130135,0.1506194,8.8,0
346,8.1591,0.151841,8.8,0
347,8.187517,0.1516055,8.8,0
348,8.21573,0.1506241,8.8,0
349,8.24336,0.1493118,8.8,0
350,8.27287,0.1470529,8.8,0
351,8.301794,0.1457878,8.8,0
352,8.331729,0.1444074,8.8,0
353,8.365909,0.1409818,8.8,0
354,8.397117,0.1359343,8.8,0
355,8.423908,0.1315705,8.8,0
356,8.447879,0.1280424,8.8,0
357,8.471712,0.1255109,8.8,0
358,8.496118,0.1206003,8.8,0
359,8.518692,0.1181571,8.8,0
360,8.538834,0.1174184,8.8,0
361,8.560273,0.1173307,8.8,0
362,8.582709,0.1192164,8.8,0
363,8.603429,0.1203248,8.8,0
364,8.626216,0.1230175,7.621023,-4.4
365,8.644508,0.1285178,7.621023,-4.4
366,8.661728,0.1345238,7.621023,-4.4
367,8.68307,0.1380694,7.621023,-4.4
368,8.70149,0.1401841,7.621023,-4.4
369,8.716628,0.1434554,7.621023,-4.4
370,8.734526,0.1462231,7.621023,-4.4
371,8.750328,0.1506516,7.621023,-4.4
372,8.766272,0.1559634,7.621023,-4.4
373,8.783061,0.1622073,7.621023,-4.4
374,8.802206,0.1672421,7.621023,-4.4
375,8.81903,0.1729401,7.621023,-4.4
376,8.831689,0.1758018,7.621023,-4.4
377,8.842837,0.1774478,7.621023,-4.4
378,8.859329,0.175787,7.621023,-4.4
379,8.879344,0.1715891,7.621023,-4.4
380,8.902196,0.1659852,7.621023,-4.4
381,8.925426,0.1579489,7.621023,-4.4
382,8.947888,0.1497763,7.621023,-4.4
383,8.965871,0.1413793,7.621023,-4.4
384,8.983136,0.1310399,7.621023,-4.4
385,8.999107,0.1207338,7.621023,-4.4
386,9.012488,0.1141882,7.621023,-4.4
387,9.025401,0.1079176,7.621023,-4.4
388,9.036523,0.1018553,7.621023,-4.4
389,9.048446,0.09439478,7.621023,-4.4
390,9.057748,0.0857853,7.621023,-4.4
391,9.065706,0.07565787,7.621023,-4.4
392,9.072537,0.06541595,7.621023,-4.4
393,9.076886,0.0511895,7.621023,-4.4
394,9.0805,0.03526464,7.621023,-4.4
395,9.080984,0.01704665,7.621023,-4.4
396,9.078362,-0.002922472,7.621023,-4.4
397,9.073788,-0.02038216,7.621023,-4.4
398,9.068314,-0.03597629,7.621023,-4.4
399,9.062965,-0.05340909,7.621023,-4.4
400,9.058411,-0.0750781,7.621023,-4.4
401,9.05197,-0.09896611,7.621023,-4.4
402,9.043628,-0.1248188,7.621023,-4.4
403,9.035803,-0.1504657,7.621023,-4.4
404,9.028684,-0.178585,7.621023,-4.4
405,9.020605,-0.2052717,7.621023,-4.4
406,9.012111,-0.2311307,7.621023,-4.4
407,9.00489,-0.2554303,7.621023,-4.4
408,8.998259,-0.2769621,7.621023,-4.4
409,8.993616,-0.2938434,7.621023,-4.4
410,8.99098,-0.3124028,7.621023,-4.4
411,8.990217,-0.3294035,7.621023,-4.4
412,8.987072,-0.3441414,7.621023,-4.4
413,8.98441,-0.3582826,7.621023,-4.4
414,8.982637,-0.3740305,7.621023,-4.4
415,8.981318,-0.3954428,7.621023,-4.4
416,8.979822,-0.4180566,7.621023,-4.4
417,8.978832,-0.442969,7.621023,-4.4
418,8.978141,-0.4633745,7.621023,-4.4
419,8.977061,-0.481691,7.621023,-4.4
420,8.976906,-0.5018087,7.621023,-4.4
421,8.976389,-0.5249417,7.621023,-4.4
422,8.973325,-0.5477062,7.621023,-4.4
423,8.969545,-0.5698394,7.621023,-4.4
424,8.968472,-0.59237,7.621023,-4.4
425,8.967772,-0.6149572,7.621023,-4.4
426,8.967348,-0.6369402,7.621023,-4.4
427,8.967128,-0.6603379,7.621023,-4.4
428,8.969152,-0.6834136,7.621023,-4.4
429,8.968915,-0.7106537,7.621023,-4.4
430,8.969537,-0.7386489,7.621023,-4.4
431,8.972052,-0.7677332,7.621023,-4.4
432,8.9723,-0.7948855,7.621023,-4.4
433,8.970879,-0.8234968,7.621023,-4.4
434,8.972785,-0.8493858,7.621023,-4.4
435,8.975453,-0.8761206,7.621023,-4.4
436,8.977105,-0.903897,7.621023,-4.4
437,8.98034,-0.9333746,7.621023,-4.4
438,8.98299,-0.9596892,7.621023,-4.4
439,8.983167,-0.9875657,7.621023,-4.4
440,8.98532,-1.015527,7.621023,-4.4
441,8.985753,-1.045532,7.621023,-4.4
442,8.984051,-1.07426,7.621023,-4.4
443,8.983354,-1.101918,7.621023,-4.4
444,8.981077,-1.130447,7.621023,-4.4
445,8.976888,-1.15965,7.621023,-4.4
446,8.971346,-1.187804,7.621023,-4.4
447,8.965377,-1.21519,7.621023,-4.4
448,8.957633,-1.243173,7.621023,-4.4
449,8.949948,-1.269626,7.621023,-4.4
450,8.941322,-1.297531,7.621023,-4.4
451,8.932146,-1.32536,7.621023,-4.4
452,8.920635,-1.354442,7.621023,-4.4
453,8.910143,-1.381233,7.621023,-4.4
454,8.897795,-1.410118,7.621023,-4.4
455,8.886261,-1.439841,7.621023,-4.4
456,8.874259,-1.472353,7.621023,-4.4
457,8.864347,-1.502632,7.621023,-4.4
458,8.852928,-1.53193,7.621023,-4.4
459,8.84115,-1.5604,7.621023,-4.4
460,8.827426,-1.589074,7.621023,-4.4
461,8.816696,-1.612839,7.621023,-4.4
462,8.804661,-1.635994,7.621023,-4.4
463,8.796401,-1.658741,7.621023,-4.4
464,8.790299,-1.680237,7.621023,-4.4
465,8.785669,-1.70032,7.621023,-4.4
466,8.782966,-1.717847,7.621023,-4.4
467,8.780893,-1.733897,7.621023,-4.4
468,8.777265,-1.753883,7.621023,-4.4
469,8.771304,-1.779229,7.621023,-4.4
470,8.767116,-1.803367,7.621023,-4.4
471,8.763097,-1.825903,7.621023,-4.4
472,8.758815,-1.848798,7.621023,-4.4
473,8.755426,-1.87098,7.621023,-4.4
474,8.754152,-1.890509,7.621023,-4.4
475,8.751219,-1.912468,7.621023,-4.4
476,8.748866,-1.938332,7.621023,-4.4
477,8.745877,-1.964639,7.621023,-4.4
478,8.740937,-1.990783,7.621023,-4.4
479,8.737556,-2.016429,7.621023,-4.4
480,8.734707,-2.042635,7.621023,-4.4
481,8.730931,-2.068704,7.621023,-4.4
482,8.728292,-2.094826,7.621023,-4.4
483,8.727961,-2.124326,7.621023,-4.4
484,8.727622,-2.154511,7.621023,-4.4
485,8.726826,-2.183793,7.621023,-4.4
486,8.724332,-2.21334,7.621023,-4.4
487,8.721617,-2.241756,7.621023,-4.4
488,8.720872,-2.268533,7.621023,-4.4
489,8.721134,-2.29435,7.621023,-4.4
490,8.718438,-2.320498,7.621023,-4.4
491,8.719628,-2.348264,7.621023,-4.4
492,8.718648,-2.377468,7.621023,-4.4
493,8.716122,-2.40591,7.621023,-4.4
494,8.713366,-2.435525,7.621023,-4.4
495,8.710443,-2.463121,7.621023,-4.4
496,8.709103,-2.49135,7.621023,-4.4
497,8.706179,-2.520185,7.621023,-4.4
498,8.699769,-2.548786,7.621023,-4.4
499,8.693579,-2.574092,7.621023,-4.4
500,8.68641,-2.598549,7.621023,-4.4
501,8.679131,-2.623599,7.621023,-4.4
502,8.669888,-2.651179,7.621023,-4.4
503,8.659369,-2.680074,7.621023,-4.4
504,8.647851,-2.709077,7.621023,-4.4
505,8.635869,-2.737496,7.621023,-4.4
506,8.621304,-2.76446,7.621023,-4.4
507,8.607139,-2.788818,7.621023,-4.4
508,8.59306,-2.810989,7.621023,-4.4
509,8.579267,-2.834786,7.621023,-4.4
510,8.563997,-2.861117,7.621023,-4.4
511,8.547135,-2.889951,7.621023,-4.4
512,8.530339,-2.918367,7.621023,-4.4
513,8.513341,-2.945079,7.621023,-4.4
514,8.496802,-2.971393,7.621023,-4.4
515,8.481847,-2.998076,7.621023,-4.4
516,8.471392,-3.020567,7.621023,-4.4
517,8.460553,-3.045752,7.621023,-4.4
518,8.453469,-3.066268,7.621023,-4.4
519,8.44597,-3.083168,7.621023,-4.4
520,8.439653,-3.099431,7.621023,-4.4
521,8.432993,-3.117932,7.621023,-4.4
522,8.424927,-3.138789,7.621023,-4.4
523,8.41588,-3.163576,7.621023,-4.4
524,8.405816,-3.18706,7.621023,-4.4
525,8.398598,-3.206007,7.621023,-4.4
526,8.391968,-3.23052,7.621023,-4.4
527,8.386093,-3.253175,7.621023,-4.4
528,8.380967,-3.276415,7.621023,-4.4
529,8.375042,-3.302001,7.621023,-4.4
530,8.369026,-3.322772,7.621023,-4.4
531,8.362588,-3.345737,7.621023,-4.4
532,8.355907,-3.36894,7.621023,-4.4
533,8.349255,-3.394122,7.621023,-4.4
534,8.342441,-3.419384,7.621023,-4.4
535,8.334976,-3.444432,7.621023,-4.4
536,8.328187,-3.469175,7.621023,-4.4
537,8.319797,-3.497895,7.621023,-4.4
538,8.311125,-3.529292,7.621023,-4.4
539,8.302712,-3.560568,7.621023,-4.4
540,8.295921,-3.587801,7.621023,-4.4
541,8.288477,-3.613762,7.621023,-4.4
542,8.281715,-3.639973,7.621023,-4.4
543,8.27487,-3.668912,7.621023,-4.4
544,8.266223,-3.696957,7.621023,-4.4
545,8.26117,-3.722784,7.621023,-4.4
546,8.255051,-3.7507,7.621023,-4.4
547,8.247836,-3.776047,7.621023,-4.4
548,8.241447,-3.80251,7.621023,-4.4
549,8.234915,-3.830688,7.621023,-4.4
550,8.22731,-3.857025,7.621023,-4.4
551,8.218423,-3.883344,7.621023,-4.4
552,8.208771,-3.908426,7.621023,-4.4
553,8.197947,-3.932482,7.621023,-4.4
554,8.185571,-3.956194,7.621023,-4.4
555,8.170604,-3.978606,7.621023,-4.4
556,8.153614,-4.002654,7.621023,-4.4
557,8.135195,-4.025481,7.621023,-4.4
558,8.115816,-4.048318,7.621023,-4.4
559,8.093994,-4.071474,7.621023,-4.4
560,8.07163,-4.092422,7.621023,-4.4
561,8.051816,-4.111862,7.621023,-4.4
562,8.030827,-4.134636,7.621023,-4.4
563,8.007406,-4.160262,7.621023,-4.4
564,7.98285,-4.184073,7.621023,-4.4
565,7.957038,-4.20713,7.621023,-4.4
566,7.93157,-4.232783,7.621023,-4.4
567,7.906075,-4.257235,7.621023,-4.4
568,7.881712,-4.279668,7.621023,-4.4
569,7.858249,-4.299639,7.621023,-4.4
570,7.839677,-4.315928,7.621023,-4.4
571,7.822689,-4.33269,7.621023,-4.4
572,7.807736,-4.350169,7.621023,-4.4
573,7.792662,-4.367975,-7.621023,4.4
574,7.77947,-4.383811,-7.621023,4.4
575,7.766642,-4.400561,-7.621023,4.4
576,7.75204,-4.421468,-7.621023,4.4
577,7.73556,-4.440303,-7.621023,4.4
578,7.719159,-4.457264,-7.621023,4.4
579,7.705837,-4.472278,-7.621023,4.4
580,7.692118,-4.48761,-7.621023,4.4
581,7.678683,-4.504838,-7.621023,4.4
582,7.666594,-4.521054,-7.621023,4.4
583,7.652696,-4.540499,-7.621023,4.4
584,7.638974,-4.559241,-7.621023,4.4
585,7.627633,-4.57852,-7.621023,4.4
586,7.61557,-4.598108,-7.621023,4.4
587,7.602334,-4.617949,-7.621023,4.4
588,7.586646,-4.635624,-7.621023,4.4
589,7.574453,-4.646416,-7.621023,4.4
590,7.56127,-4.659789,-7.621023,4.4
591,7.54779,-4.671224,-7.621023,4.4
592,7.535157,-4.68265,-7.621023,4.4
593,7.520346,-4.694995,-7.621023,4.4
594,7.503533,-4.709441,-7.621023,4.4
595,7.485452,-4.724118,-7.621023,4.4
596,7.464247,-4.7371,-7.621023,4.4
597,7.444513,-4.747993,-7.621023,4.4
598,7.428726,-4.757306,-7.621023,4.4
599,7.414238,-4.76882,-7.621023,4.4
600,7.398823,-4.779515,-7.621023,4.4
601,7.381419,-4.788838,-7.621023,4.4
602,7.360831,-4.797131,-7.621023,4.4
603,7.34096,-4.805218,-7.621023,4.4
604,7.324078,-4.81134,-7.621023,4.4
605,7.307269,-4.816407,-7.621023,4.4
606,7.287218,-4.820163,-7.621023,4.4
607,7.268402,-4.822256,-7.621023,4.4
608,7.247512,-4.823194,-7.621023,4.4
609,7.22512,-4.820279,-7.621023,4.4
610,7.204,-4.814718,-7.621023,4.4
611,7.181162,-4.807892,-7.621023,4.4
612,7.157417,-4.799594,-7.621023,4.4
613,7.133883,-4.790458,-7.621023,4.4
614,7.108022,-4.779943,-7.621023,4.4
615,7.082509,-4.767657,-7.621023,4.4
616,7.05692,-4.754631,-7.621023,4.4
617,7.031667,-4.740769,-7.621023,4.4
618,7.006513,-4.727237,-7.621023,4.4
619,6.979233,-4.715158,-7.621023,4.4
620,6.948392,-4.702143,-7.621023,4.4
621,6.919226,-4.688396,-7.621023,4.4
622,6.887892,-4.672188,-7.621023,4.4
623,6.860528,-4.658299,-7.621023,4.4
624,6.838099,-4.646669,-7.621023,4.4
625,6.821151,-4.638878,-7.621023,4.4
626,6.802013,-4.632918,-7.621023,4.4
627,6.78392,-4.627477,-7.621023,4.4
628,6.764093,-4.621643,-7.621023,4.4
629,6.743606,-4.614253,-7.621023,4.4
630,6.721279,-4.608765,-7.621023,4.4
631,6.697908,-4.604352,-7.621023,4.4
632,6.676134,-4.598097,-7.621023,4.4
633,6.656471,-4.593446,-7.621023,4.4
634,6.630725,-4.587757,-7.621023,4.4
635,6.607005,-4.58024,-7.621023,4.4
636,6.583924,-4.574286,-7.621023,4.4
637,6.5595,-4.569269,-7.621023,4.4
638,6.536005,-4.562844,-7.621023,4.4
639,6.512095,-4.558803,-7.621023,4.4
640,6.484806,-4.55487,-7.621023,4.4
641,6.45705,-4.551892,-7.621023,4.4
642,6.430206,-4.547729,-7.621023,4.4
643,6.403044,-4.542529,-7.621023,4.4
644,6.373276,-4.538969,-7.621023,4.4
645,6.342726,-4.535151,-7.621023,4.4
646,6.31155,-4.530038,-7.621023,4.4
647,6.280449,-4.526712,-7.621023,4.4
648,6.248935,-4.523589,-7.621023,4.4
649,6.217198,-4.518574,-7.621023,4.4
650,6.186129,-4.51332,-7.621023,4.4
651,6.160486,-4.509426,-7.621023,4.4
652,6.13415,-4.505167,-7.621023,4.4
653,6.106277,-4.503179,-7.621023,4.4
654,6.076715,-4.500021,-7.621023,4.4
655,6.045618,-4.491122,-7.621023,4.4
656,6.017574,-4.482398,-7.621023,4.4
657,5.990836,-4.474023,-7.621023,4.4
658,5.962603,-4.46483,-7.621023,4.4
659,5.936588,-4.454781,-7.621023,4.4
660,5.910214,-4.444414,-7.621023,4.4
661,5.881769,-4.429597,-7.621023,4.4
662,5.854062,-4.41509,-7.621023,4.4
663,5.82754,-4.398856,-7.621023,4.4
664,5.802299,-4.382569,-7.621023,4.4
665,5.775906,-4.364808,-7.621023,4.4
666,5.749389,-4.348806,-7.621023,4.4
667,5.723929,-4.333149,-7.621023,4.4
668,5.696133,-4.31328,-7.621023,4.4
669,5.668187,-4.293906,-7.621023,4.4
670,5.6398,-4.275982,-7.621023,4.4
671,5.613705,-4.254715,-7.621023,4.4
672,5.589697,-4.234259,-7.621023,4.4
673,5.567699,-4.214699,-7.621023,4.4
674,5.546105,-4.198505,-7.621023,4.4
675,5.521801,-4.180357,-7.621023,4.4
676,5.49987,-4.165579,-7.621023,4.4
677,5.480336,-4.152049,-7.621023,4.4
678,5.460772,-4.140211,-7.621023,4.4
679,5.441867,-4.126876,-7.621023,4.4
680,5.422783,-4.117392,-7.621023,4.4
681,5.402654,-4.108937,-7.621023,4.4
682,5.380181,-4.099076,-7.621023,4.4
683,5.359874,-4.091506,-7.621023,4.4
684,5.338206,-4.081725,-7.621023,4.4
685,5.313796,-4.072111,-7.621023,4.4
686,5.292721,-4.062804,-7.621023,4.4
687,5.270907,-4.05368,-7.621023,4.4
688,5.249166,-4.044846,-7.621023,4.4
689,5.228234,-4.035709,-7.621023,4.4
690,5.204458,-4.025678,-7.621023,4.4
691,5.184293,-4.015979,-7.621023,4.4
692,5.166141,-4.00792,-7.621023,4.4
693,5.142648,-3.999731,-7.621023,4.4
694,5.114593,-3.990164,-7.621023,4.4
695,5.091279,-3.982082,-7.621023,4.4
696,5.06638,-3.972836,-7.621023,4.4
697,5.038928,-3.965307,-7.621023,4.4
698,5.009283,-3.955845,-7.621023,4.4
699,4.978252,-3.94589,-7.621023,4.4
700,4.944964,-3.935248,-7.621023,4.4
701,4.916783,-3.925056,-7.621023,4.4
702,4.88761,-3.915016,-7.621023,4.4
703,4.858877,-3.90703,-7.621023,4.4
704,4.833488,-3.898664,-7.621023,4.4
705,4.80582,-3.888586,-7.621023,4.4
706,4.777184,-3.882893,-7.621023,4.4
707,4.746088,-3.874991,-7.621023,4.4
708,4.71429,-3.86619,-7.621023,4.4
709,4.684062,-3.856488,-7.621023,4.4
710,4.651323,-3.846456,-7.621023,4.4
711,4.619939,-3.832499,-7.621023,4.4
712,4.592622,-3.82202,-7.621023,4.4
713,4.567567,-3.809925,-7.621023,4.4
714,4.542372,-3.798603,-7.621023,4.4
715,4.517778,-3.784815,-7.621023,4.4
716,4.493623,-3.769991,-7.621023,4.4
717,4.468165,-3.754323,-7.621023,4.4
718,4.44338,-3.738263,-7.621023,4.4
719,4.418482,-3.719362,-7.621023,4.4
720,4.39342,-3.699559,-7.621023,4.4
721,4.367553,-3.679715,-7.621023,4.4
722,4.340631,-3.660438,-7.621023,4.4
723,4.313636,-3.640119,-7.621023,4.4
724,4.288693,-3.618545,-7.621023,4.4
725,4.261886,-3.596562,-7.621023,4.4
726,4.23591,-3.576825,-7.621023,4.4
727,4.210086,-3.557843,-7.621023,4.4
728,4.187612,-3.538372,-7.621023,4.4
729,4.165629,-3.520772,-7.621023,4.4
730,4.144092,-3.504433,-7.621023,4.4
731,4.126009,-3.492383,-7.621023,4.4
732,4.109114,-3.481,-7.621023,4.4
733,4.092522,-3.470629,-7.621023,4.4
734,4.074033,-3.458113,-7.621023,4.4
735,4.052918,-3.447048,-7.621023,4.4
736,4.028484,-3.434874,-7.621023,4.4
737,4.004914,-3.423615,-7.621023,4.4
738,3.983419,-3.410609,-7.621023,4.4
739,3.962946,-3.400079,-7.621023,4.4
740,3.942396,-3.391987,-7.621023,4.4
741,3.923705,-3.383508,-7.621023,4.4
742,3.901304,-3.373229,-7.621023,4.4
743,3.878739,-3.36308,-7.621023,4.4
744,3.856568,-3.354173,-7.621023,4.4
745,3.834072,-3.344393,-7.621023,4.4
746,3.812989,-3.333927,-7.621023,4.4
747,3.789986,-3.32327,-7.621023,4.4
748,3.767606,-3.312552,-7.621023,4.4
749,3.74386,-3.30208,-7.621023,4.4
750,3.71659,-3.289995,-7.621023,4.4
751,3.690398,-3.278899,-7.621023,4.4
752,3.659886,-3.26865,-7.621023,4.4
753,3.62748,-3.259401,-7.621023,4.4
754,3.597862,-3.248142,-7.621023,4.4
755,3.571002,-3.239377,-7.621023,4.4
756,3.544209,-3.231861,-7.621023,4.4
757,3.514169,-3.221857,-7.621023,4.4
758,3.485846,-3.213385,-7.621023,4.4
759,3.460277,-3.202266,-7.621023,4.4
760,3.432314,-3.192631,-7.621023,4.4
761,3.406967,-3.187188,-7.621023,4.4
762,3.379797,-3.177269,-7.621023,4.4
763,3.351574,-3.16718,-7.621023,4.4
764,3.323692,-3.155288,-7.621023,4.4
765,3.298903,-3.146439,-7.621023,4.4
766,3.275315,-3.138381,-7.621023,4.4
767,3.251511,-3.128316,-7.621023,4.4
768,3.229101,-3.113533,-7.621023,4.4
769,3.20556,-3.098295,-7.621023,4.4
770,3.18146,-3.083173,-7.621023,4.4
771,3.156282,-3.066312,-7.621023,4.4
772,3.13108,-3.048169,-7.621023,4.4
773,3.106447,-3.028769,-7.621023,4.4
774,3.082174,-3.009586,-7.621023,4.4
775,3.057815,-2.989886,-7.621023,4.4
776,3.033462,-2.968047,-7.621023,4.4
777,3.01172,-2.947053,-7.621023,4.4
778,2.986857,-2.926195,-7.621023,4.4
779,2.962503,-2.904794,-7.621023,4.4
780,2.939247,-2.883846,-7.621023,4.4
781,2.914275,-2.862178,-7.621023,4.4
782,2.891397,-2.844082,-7.621023,4.4
783,2.866351,-2.824474,-7.621023,4.4
784,2.842913,-2.806688,-7.621023,4.4
785,2.822816,-2.791554,-7.621023,4.4
786,2.806293,-2.778552,-7.621023,4.4
787,2.789155,-2.765347,-7.621023,4.4
788,2.770241,-2.752495,-7.621023,4.4
789,2.750363,-2.742333,-7.621023,4.4
790,2.729605,-2.731678,-7.621023,4.4
791,2.706837,-2.719135,-7.621023,4.4
792,2.685403,-2.70898,-7.621023,4.4
793,2.661833,-2.699667,-7.621023,4.4
794,2.638897,-2.689533,-7.621023,4.4
795,2.617859,-2.681159,-7.621023,4.4
796,2.596157,-2.671622,-7.621023,4.4
797,2.575855,-2.661276,-7.621023,4.4
798,2.556338,-2.649249,-7.621023,4.4
799,2.536363,-2.63646,-7.621023,4.4
800,2.512848,-2.623984,-7.621023,4.4
801,2.491315,-2.613401,-7.621023,4.4
802,2.467716,-2.602356,-7.621023,4.4
803,2.439001,-2.589343,-7.621023,4.4
804,2.408518,-2.574772,-7.621023,4.4
805,2.381161,-2.561434,-7.621023,4.4
806,2.351793,-2.548602,-7.621023,4.4
807,2.322673,-2.536161,-7.621023,4.4
808,2.295911,-2.525756,-7.621023,4.4
809,2.26948,-2.516191,-7.621023,4.4
810,2.24013,-2.507009,-7.621023,4.4
811,2.213699,-2.497616,-7.621023,4.4
812,2.185958,-2.48854,-7.621023,4.4
813,2.156593,-2.478952,-7.621023,4.4
814,2.1274,-2.468842,-7.621023,4.4
815,2.099209,-2.457778,-7.621023,4.4
816,2.071444,-2.446541,-7.621023,4.4
817,2.045808,-2.437282,-7.621023,4.4
818,2.019436,-2.426505,-7.621023,4.4
819,1.992208,-2.413583,-7.621023,4.4
820,1.966182,-2.400229,-7.621023,4.4
821,1.941395,-2.387261,-7.621023,4.4
822,1.915842,-2.373688,-7.621023,4.4
823,1.888713,-2.356366,-7.621023,4.4
824,1.860637,-2.337884,-7.621023,4.4
825,1.832938,-2.3191,-7.621023,4.4
826,1.807194,-2.300803,-7.621023,4.4
827,1.780968,-2.282204,-7.621023,4.4
828,1.756733,-2.263297,-7.621023,4.4
829,1.731909,-2.244119,-7.621023,4.4
830,1.705886,-2.223476,-7.621023,4.4
831,1.67992,-2.202734,-7.621023,4.4
832,1.655232,-2.182175,-7.621023,4.4
833,1.632681,-2.161909,-7.621023,4.4
834,1.610402,-2.140209,-7.621023,4.4
835,1.588451,-2.12274,-7.621023,4.4
836,1.567151,-2.107628,-7.621023,4.4
837,1.547183,-2.094705,-7.621023,4.4
838,1.530257,-2.080898,-7.621023,4.4
839,1.512079,-2.069261,-7.621023,4.4
840,1.494383,-2.056991,-7.621023,4.4
841,1.477008,-2.043956,-7.621023,4.4
842,1.458459,-2.031881,-7.621023,4.4
843,1.44056,-2.02226,-7.621023,4.4
844,1.422072,-2.011172,-7.621023,4.4
845,1.400469,-2.000452,-7.621023,4.4
846,1.380263,-1.987447,-7.621023,4.4
847,1.357581,-1.973818,-7.621023,4.4
848,1.337482,-1.963186,-7.621023,4.4
849,1.318022,-1.951803,-7.621023,4.4
850,1.296883,-1.940223,-7.621023,4.4
851,1.2762,-1.930007,-7.621023,4.4
852,1.255089,-1.917957,-7.621023,4.4
853,1.23305,-1.90627,-7.621023,4.4
854,1.209394,-1.894575,-7.621023,4.4
855,1.186519,-1.882844,-7.621023,4.4
856,1.164462,-1.870817,-7.621023,4.4
857,1.139653,-1.858342,-7.621023,4.4
858,1.116611,-1.847368,-7.621023,4.4
859,1.091893,-1.834944,-7.621023,4.4
860,1.066704,-1.82144,-7.621023,4.4
861,1.034208,-1.80728,-7.621023,4.4
862,1.004836,-1.794509,-7.621023,4.4
863,0.979144,-1.780611,-7.621023,4.4
864,0.9545912,-1.767611,-7.621023,4.4
865,0.931173,-1.757099,-7.621023,4.4
866,0.9052887,-1.74707,-7.621023,4.4
867,0.878958,-1.738167,-7.621023,4.4
868,0.8524016,-1.72872,-7.621023,4.4
869,0.8252193,-1.716333,-7.621023,4.4
870,0.7978898,-1.703737,-7.621023,4.4
871,0.7694886,-1.69244,-7.621023,4.4
872,0.7434478,-1.679773,-7.621023,4.4
873,0.7165934,-1.666224,-7.621023,4.4
874,0.6921089,-1.651539,-7.621023,4.4
875,0.6679934,-1.635709,-7.621023,4.4
876,0.644398,-1.619369,-7.621023,4.4
877,0.6219996,-1.603312,-7.621023,4.4
878,0.5975245,-1.583203,-7.621023,4.4
879,0.5719785,-1.562768,-7.621023,4.4
880,0.5487434,-1.540807,-7.621023,4.4
881,0.5271344,-1.517197,-7.621023,4.4
882,0.5054683,-1.49334,-7.621023,4.4
883,0.4820209,-1.470018,-7.621023,4.4
884,0.4585991,-1.446462,-7.621023,4.4
885,0.4353726,-1.423388,-7.621023,4.4
886,0.4131624,-1.402365,-7.621023,4.4
887,0.3900319,-1.379749,-7.621023,4.4
888,0.3691766,-1.356477,-7.621023,4.4
889,0.3482789,-1.334345,-7.621023,4.4
890,0.3284573,-1.315661,-7.621023,4.4
891,0.3111734,-1.298252,-7.621023,4.4
892,0.2936171,-1.284837,-7.621023,4.4
893,0.2730656,-1.26834,-7.621023,4.4
894,0.2560974,-1.253911,-7.621023,4.4
895,0.2392607,-1.239592,-7.621023,4.4
896,0.2210389,-1.22686,-7.621023,4.4
897,0.2025413,-1.212849,-7.621023,4.4
898,0.184729,-1.201501,-7.621023,4.4
899,0.164124,-1.188247,-7.621023,4.4
900,0.1428634,-1.173555,-7.621023,4.4
901,0.1207347,-1.160324,-7.621023,4.4
902,0.09849849,-1.150564,-7.621023,4.4
903,0.07649899,-1.139458,-7.621023,4.4
904,0.05810211,-1.128544,-7.621023,4.4
905,0.03875998,-1.117358,-7.621023,4.4
906,0.01845223,-1.105163,-7.621023,4.4
907,-0.001652258,-1.094372,-7.621023,4.4
908,-0.02179282,-1.082859,-7.621023,4.4
909,-0.04363731,-1.069424,-7.621023,4.4
910,-0.06650379,-1.056841,-7.621023,4.4
911,-0.08893956,-1.044669,-7.621023,4.4
912,-0.1133397,-1.03375,-7.621023,4.4
913,-0.1393476,-1.022776,-7.621023,4.4
914,-0.1653816,-1.011005,-7.621023,4.4
915,-0.1922582,-0.9992933,-7.621023,4.4
916,-0.2212868,-0.9861465,-7.621023,4.4
917,-0.2486236,-0.9725035,-7.621023,4.4
918,-0.2757469,-0.9617854,-7.621023,4.4
919,-0.3012768,-0.953898,-7.621023,4.4
920,-0.3256303,-0.9461007,-7.621023,4.4
921,-0.3519101,-0.9349177,-7.621023,4.4
922,-0.3759558,-0.9259428,-7.621023,4.4
923,-0.4010326,-0.917657,-7.621023,4.4
924,-0.4271526,-0.9063646,-7.621023,4.4
925,-0.4542757,-0.8927592,-7.621023,4.4
926,-0.4804954,-0.8816416,-7.621023,4.4
927,-0.5063242,-0.8684565,-7.621023,4.4
928,-0.5300375,-0.8547604,-7.621023,4.4
929,-0.5545095,-0.8407757,-7.621023,4.4
930,-0.5778352,-0.8254509,-7.621023,4.4
931,-0.6013742,-0.8100237,-7.621023,4.4
932,-0.626987,-0.7936506,-7.621023,4.4
933,-0.652568,-0.7754328,-7.621023,4.4
934,-0.6773612,-0.7559633,-7.621023,4.4
935,-0.701561,-0.7354638,-7.621023,4.4
936,-0.7254544,-0.7148951,-7.621023,4.4
937,-0.749602,-0.6939427,-7.621023,4.4
938,-0.7738207,-0.6741329,-7.621023,4.4
939,-0.7987682,-0.6541179,-7.621023,4.4
940,-0.8233112,-0.6326281,-7.621023,4.4
941,-0.8472964,-0.6109146,-7.621023,4.4
942,-0.8734214,-0.5892392,-7.621023,4.4
943,-0.8971014,-0.5683346,-7.621023,4.4
944,-0.9193497,-0.5483133,-7.621023,4.4
945,-0.9421076,-0.5291646,-7.621023,4.4
946,-0.9619401,-0.5123335,-7.621023,4.4
947,-0.9812194,-0.4978608,-7.621023,4.4
948,-1.001272,-0.4840837,-7.621023,4.4
949,-1.020356,-0.470857,-7.621023,4.4
950,-1.036686,-0.4600744,-7.621023,4.4
951,-1.053348,-0.4498913,-7.621023,4.4
952,-1.070816,-0.4377493,-7.621023,4.4
953,-1.090452,-0.4280841,-7.621023,4.4
954,-1.112854,-0.4173353,-7.621023,4.4
955,-1.133521,-0.4077486,-7.621023,4.4
956,-1.15452,-0.3959875,-7.621023,4.4
957,-1.174969,-0.386389,-7.621023,4.4
958,-1.196154,-0.3775278,-7.621023,4.4
959,-1.216762,-0.3674377,-7.621023,4.4
960,-1.240091,-0.3576262,-7.621023,4.4
961,-1.264726,-0.3455104,-7.621023,4.4
962,-1.286748,-0.3342849,-7.621023,4.4
963,-1.307151,-0.3240109,-7.621023,4.4
964,-1.329988,-0.3155544,-7.621023,4.4
965,-1.353449,-0.305899,-7.621023,4.4
966,-1.380362,-0.2952523,-7.621023,4.4
967,-1.409078,-0.283248,-7.621023,4.4
968,-1.438384,-0.270931,-7.621023,4.4
969,-1.46721,-0.2579227,-7.621023,4.4
970,-1.495113,-0.2462055,-7.621023,4.4
971,-1.522998,-0.2351702,-7.621023,4.4
972,-1.547889,-0.2240773,-7.621023,4.4
973,-1.570117,-0.2137491,-7.621023,4.4
974,-1.594544,-0.205491,-7.621023,4.4
975,-1.618327,-0.1986899,-7.621023,4.4
976,-1.641798,-0.1894932,-7.621023,4.4
977,-1.668563,-0.1783208,-7.621023,4.4
978,-1.693986,-0.1688139,-7.621023,4.4
979,-1.72219,-0.1580961,-7.621023,4.4
980,-1.752747,-0.1456851,-7.621023,4.4
981,-1.781455,-0.132388,-7.621023,4.4
982,-1.806997,-0.1195353,-7.621023,4.4
983,-1.832291,-0.1070229,-7.621023,4.4
984,-1.857813,-0.09210064,-7.621023,4.4
985,-1.883896,-0.0737715,-7.621023,4.4
986,-1.908974,-0.05544496,-7.621023,4.4
987,-1.933996,-0.03810405,-7.621023,4.4
988,-1.958419,-0.01907196,-7.621023,4.4
989,-1.984888,0.00216005,-7.621023,4.4
990,-2.010195,0.02328421,-7.621023,4.4
991,-2.037882,0.04630237,-7.621023,4.4
992,-2.063141,0.06844785,-7.621023,4.4
993,-2.085276,0.0892148,-7.621023,4.4
994,-2.110045,0.1134079,-7.621023,4.4
995,-2.133966,0.1362427,-7.621023,4.4
996,-2.158446,0.1571944,-7.621023,4.4
997,-2.181954,0.1795291,-7.621023,4.4
998,-2.20299,0.2001743,-7.621023,4.4
999,-2.224025,0.2188344,-7.621023,4.4
1000,-2.241415,0.2357621,-7.621023,4.4
1001,-2.259403,0.2508355,-7.621023,4.4
1002,-2.277033,0.2638852,-7.621023,4.4
1003,-2.293195,0.2781885,-7.621023,4.4
1004,-2.308798,0.2898593,-7.621023,4.4
1005,-2.324095,0.3006461,-7.621023,4.4
1006,-2.344726,0.3163121,-7.621023,4.4
1007,-2.368263,0.3330329,-7.621023,4.4
1008,-2.389369,0.3485094,-7.621023,4.4
1009,-2.40975,0.3619501,-7.621023,4.4
1010,-2.430036,0.3747483,-7.621023,4.4
1011,-2.452888,0.3889911,-7.621023,4.4
1012,-2.474677,0.4017124,-7.621023,4.4
1013,-2.497371,0.4143718,-7.621023,4.4
1014,-2.518538,0.4286833,-7.621023,4.4
1015,-2.537355,0.4417107,-7.621023,4.4
1016,-2.5595,0.4556101,-7.621023,4.4
1017,-2.582874,0.4689808,-7.621023,4.4
1018,-2.604318,0.4819188,-7.621023,4.4
1019,-2.625846,0.4944446,-7.621023,4.4
1020,-2.652094,0.5070789,-7.621023,4.4
1021,-2.67784,0.5209737,-7.621023,4.4
1022,-2.708873,0.5373982,-7.621023,4.4
1023,-2.739434,0.5541448,-7.621023,4.4
1024,-2.767089,0.5700075,-7.621023,4.4
1025,-2.791466,0.5831961,-7.621023,4.4
1026,-2.812762,0.5938137,-7.621023,4.4
1027,-2.834498,0.6046411,-7.621023,4.4
1028,-2.858141,0.6178534,-7.621023,4.4
1029,-2.879071,0.6302254,-7.621023,4.4
1030,-2.900407,0.644685,-7.621023,4.4
1031,-2.925122,0.660162,-7.621023,4.4
1032,-2.94982,0.675818,-7.621023,4.4
1033,-2.973888,0.6931778,-7.621023,4.4
1034,-2.998042,0.7119793,-7.621023,4.4
1035,-3.020634,0.7306185,-7.621023,4.4
1036,-3.040061,0.7479287,-7.621023,4.4
1037,-3.061712,0.7691501,-7.621023,4.4
1038,-3.082066,0.7902695,-7.621023,4.4
1039,-3.102376,0.8133329,-7.621023,4.4
1040,-3.122386,0.8370489,-7.621023,4.4
1041,-3.143184,0.8593665,-7.621023,4.4
1042,-3.163158,0.8840031,-7.621023,4.4
1043,-3.182772,0.9070978,-7.621023,4.4
1044,-3.199486,0.930663,-7.621023,4.4
1045,-3.214609,0.9549891,-7.621023,4.4
1046,-3.22933,0.9800559,-7.621023,4.4
1047,-3.244399,1.005383,-7.621023,4.4
1048,-3.262719,1.031986,-7.621023,4.4
1049,-3.281738,1.057589,-7.621023,4.4
1050,-3.29652,1.07853,-7.621023,4.4
1051,-3.310571,1.099617,-7.621023,4.4
1052,-3.32705,1.119549,-7.621023,4.4
1053,-3.34156,1.13974,-7.621023,4.4
1054,-3.356038,1.156927,-7.621023,4.4
1055,-3.371983,1.171947,-7.621023,4.4
1056,-3.390501,1.189749,-7.621023,4.4
1057,-3.404454,1.206016,-7.621023,4.4
1058,-3.417062,1.219591,-7.621023,4.4
1059,-3.431803,1.234465,-7.621023,4.4
1060,-3.448967,1.250669,-7.621023,4.4
1061,-3.467284,1.266277,-7.621023,4.4
1062,-3.483232,1.28139,-7.621023,4.4
1063,-3.499912,1.297953,-7.621023,4.4
1064,-3.516706,1.312627,-7.621023,4.4
1065,-3.533984,1.327708,-7.621023,4.4
1066,-3.552424,1.343291,-7.621023,4.4
1067,-3.570449,1.359868,-7.621023,4.4
1068,-3.588562,1.378286,-7.621023,4.4
1069,-3.608757,1.396524,-7.621023,4.4
1070,-3.625747,1.409663,-7.621023,4.4
1071,-3.641922,1.422017,-7.621023,4.4
1072,-3.659857,1.435529,-7.621023,4.4
1073,-3.680349,1.449996,-7.621023,4.4
1074,-3.704374,1.4651,-7.621023,4.4
1075,-3.729091,1.48032,-7.621023,4.4
1076,-3.758517,1.50052,-7.621023,4.4
1077,-3.787596,1.522899,-7.621023,4.4
1078,-3.811908,1.544494,-7.621023,4.4
1079,-3.835836,1.560757,-7.621023,4.4
1080,-3.859147,1.576098,-7.621023,4.4
1081,-3.880566,1.588208,-7.621023,4.4
1082,-3.900028,1.601028,-7.621023,4.4
1083,-3.919758,1.614897,-7.621023,4.4
1084,-3.940139,1.63159,-7.621023,4.4
1085,-3.961686,1.64991,-7.621023,4.4
1086,-3.985194,1.668819,-7.621023,4.4
1087,-4.008105,1.688131,-7.621023,4.4
1088,-4.030115,1.705921,-7.621023,4.4
1089,-4.05152,1.722812,-7.621023,4.4
1090,-4.072377,1.741627,-7.621023,4.4
1091,-4.093462,1.76352,-7.621023,4.4
1092,-4.113858,1.786806,-7.621023,4.4
1093,-4.133871,1.810664,-7.621023,4.4
1094,-4.153092,1.833643,-7.621023,4.4
1095,-4.172513,1.85644,-7.621023,4.4
1096,-4.191062,1.877928,-7.621023,4.4
1097,-4.207924,1.898846,-7.621023,4.4
1098,-4.225898,1.922302,-7.621023,4.4
1099,-4.242305,1.94565,-7.621023,4.4
1100,-4.259056,1.970036,-7.621023,4.4
1101,-4.275522,1.995834,-7.621023,4.4
1102,-4.292796,2.02015,-7.621023,4.4
1103,-4.309301,2.043224,-7.621023,4.4
1104,-4.324317,2.068601,-7.621023,4.4
1105,-4.338089,2.08795,-7.621023,4.4
1106,-4.351604,2.106693,-7.621023,4.4
1107,-4.368148,2.12883,-7.621023,4.4
1108,-4.381946,2.14671,-7.621023,4.4
1109,-4.395663,2.163912,-7.621023,4.4
1110,-4.409387,2.179756,-7.621023,4.4
1111,-4.424613,2.195412,-7.621023,4.4
1112,-4.437706,2.206735,-7.621023,4.4
1113,-4.45461,2.221898,-7.621023,4.4
1114,-4.471266,2.237703,-7.621023,4.4
1115,-4.488209,2.253077,-7.621023,4.4
1116,-4.50421,2.267385,-7.621023,4.4
1117,-4.520494,2.281527,-7.621023,4.4
1118,-4.536789,2.295588,-7.621023,4.4
1119,-4.552462,2.310033,-7.621023,4.4
1120,-4.571657,2.323975,-7.621023,4.4
1121,-4.590702,2.339021,-7.621023,4.4
1122,-4.608211,2.355238,-7.621023,4.4
1123,-4.625794,2.371244,-7.621023,4.4
1124,-4.648656,2.387807,-7.621023,4.4
1125,-4.671871,2.405398,-7.621023,4.4
1126,-4.69372,2.422185,-7.621023,4.4
1127,-4.719142,2.441117,-7.621023,4.4
1128,-4.744694,2.457114,-7.621023,4.4
1129,-4.770765,2.472764,-7.621023,4.4
1130,-4.795046,2.487996,-7.621023,4.4
1131,-4.817229,2.501224,-7.621023,4.4
1132,-4.836501,2.511758,-7.621023,4.4
1133,-4.857272,2.520981,-7.621023,4.4
1134,-4.881063,2.532389,-7.621023,4.4
1135,-4.903103,2.547791,-7.621023,4.4
1136,-4.92517,2.561472,-7.621023,4.4
1137,-4.945715,2.574784,-7.621023,4.4
1138,-4.972281,2.590203,-7.621023,4.4
1139,-4.997769,2.606133,-7.621023,4.4
1140,-5.022777,2.621149,-7.621023,4.4
1141,-5.045871,2.635333,-7.621023,4.4
1142,-5.069773,2.651883,-7.621023,4.4
1143,-5.093902,2.669749,-7.621023,4.4
1144,-5.116505,2.687531,-7.621023,4.4
1145,-5.139132,2.705365,-7.621023,4.4
1146,-5.162147,2.725024,-7.621023,4.4
1147,-5.186149,2.747726,-7.621023,4.4
1148,-5.21033,2.769657,-7.621023,4.4
1149,-5.232306,2.789145,-7.621023,4.4
1150,-5.253369,2.809056,-7.621023,4.4
1151,-5.274449,2.829178,-7.621023,4.4
1152,-5.296481,2.850568,-7.621023,4.4
1153,-5.318917,2.872902,-7.621023,4.4
1154,-5.342487,2.894323,-7.621023,4.4
1155,-5.363588,2.916008,-7.621023,4.4
1156,-5.379932,2.934477,-7.621023,4.4
1157,-5.398463,2.953116,-7.621023,4.4
1158,-5.41781,2.973801,-7.621023,4.4
1159,-5.433809,2.993134,-7.621023,4.4
1160,-5.449899,3.00841,-7.621023,4.4
1161,-5.465907,3.022994,-7.621023,4.4
1162,-5.480093,3.03573,-7.621023,4.4
1163,-5.495884,3.049281,-7.621023,4.4
1164,-5.51036,3.060521,-7.621023,4.4
1165,-5.525137,3.070757,-7.621023,4.4
1166,-5.54129,3.083724,-7.621023,4.4
1167,-5.560589,3.098591,-7.621023,4.4
1168,-5.581028,3.112953,-7.621023,4.4
1169,-5.602765,3.126413,-7.621023,4.4
1170,-5.622603,3.138022,-7.621023,4.4
1171,-5.638369,3.147278,-7.621023,4.4
1172,-5.654456,3.157681,-7.621023,4.4
1173,-5.67138,3.169169,-7.621023,4.4
1174,-5.689585,3.180039,-7.621023,4.4
1175,-5.708512,3.189764,-7.621023,4.4
1176,-5.727458,3.20061,-7.621023,4.4
1177,-5.745301,3.21196,-7.621023,4.4
1178,-5.763886,3.224515,-7.621023,4.4
1179,-5.780546,3.235934,-7.621023,4.4
1180,-5.798082,3.247322,-7.621023,4.4
1181,-5.819885,3.259789,-7.621023,4.4
1182,-5.844925,3.27172,-7.621023,4.4
1183,-5.87241,3.283625,-7.621023,4.4
1184,-5.896923,3.294016,-7.621023,4.4
1185,-5.923594,3.308288,-7.621023,4.4
1186,-5.94418,3.320177,-7.621023,4.4
1187,-5.965159,3.327998,-7.621023,4.4
1188,-5.985465,3.336355,-7.621023,4.4
1189,-6.00404,3.344633,-7.621023,4.4
1190,-6.024806,3.353267,-7.621023,4.4
1191,-6.050423,3.36325,-7.621023,4.4
1192,-6.073311,3.373911,-7.621023,4.4
1193,-6.097183,3.383671,-7.621023,4.4
1194,-6.124139,3.395282,-7.621023,4.4
1195,-6.151486,3.409531,-7.621023,4.4
1196,-6.175736,3.42236,-7.621023,4.4
1197,-6.202342,3.437743,-7.621023,4.4
1198,-6.22926,3.455166,-7.621023,4.4
1199,-6.253675,3.473507,-7.621023,4.4
1200,-6.277257,3.490366,-7.621023,4.4
1201,-6.303198,3.509682,-7.621023,4.4
1202,-6.328965,3.529238,-7.621023,4.4
1203,-6.351343,3.549833,-7.621023,4.4
1204,-6.371889,3.570554,-7.621023,4.4
1205,-6.392882,3.592718,-7.621023,4.4
1206,-6.414047,3.613389,-7.621023,4.4
1207,-6.434518,3.634881,-7.621023,4.4
1208,-6.455744,3.655241,-7.621023,4.4
1209,-6.47718,3.675259,-7.621023,4.4
1210,-6.49989,3.695882,-7.621023,4.4
1211,-6.52141,3.718254,-7.621023,4.4
1212,-6.540239,3.73772,-7.621023,4.4
1213,-6.559444,3.756162,-7.621023,4.4
1214,-6.57845,3.773285,-7.621023,4.4
1215,-6.597539,3.787604,-7.621023,4.4
1216,-6.614395,3.800089,-7.621023,4.4
1217,-6.629064,3.812593,-7.621023,4.4
1218,-6.645547,3.82517,-7.621023,4.4
1219,-6.660501,3.832012,-7.621023,4.4
1220,-6.680307,3.843683,-7.621023,4.4
1221,-6.701194,3.857676,-7.621023,4.4
1222,-6.719425,3.871331,-7.621023,4.4
1223,-6.74403,3.88656,-7.621023,4.4
1224,-6.76595,3.898054,-7.621023,4.4
1225,-6.784907,3.907634,-7.621023,4.4
1226,-6.806382,3.918076,-7.621023,4.4
1227,-6.826266,3.930322,-7.621023,4.4
1228,-6.849193,3.942643,-7.621023,4.4
1229,-6.871733,3.953953,-7.621023,4.4
1230,-6.894193,3.9666,-7.621023,4.4
1231,-6.918398,3.978964,-7.621023,4.4
1232,-6.943076,3.991142,-7.621023,4.4
1233,-6.972451,4.004732,-7.621023,4.4
1234,-6.998353,4.015652,-7.621023,4.4
1235,-7.029092,4.028119,-7.621023,4.4
1236,-7.058282,4.041415,-7.621023,4.4
1237,-7.088655,4.055499,-7.621023,4.4
1238,-7.115625,4.067981,-7.621023,4.4
1239,-7.139493,4.078652,-7.621023,4.4
1240,-7.162331,4.08851,-7.621023,4.4
1241,-7.186978,4.098674,-7.621023,4.4
1242,-7.21308,4.107745,-7.621023,4.4
1243,-7.238835,4.115738,-7.621023,4.4
1244,-7.265042,4.123871,-7.621023,4.4
1245,-7.292845,4.132376,-7.621023,4.4
1246,-7.322098,4.142951,-7.621023,4.4
1247,-7.348168,4.153953,-7.621023,4.4
1248,-7.374297,4.162636,-7.621023,4.4
1249,-7.400379,4.173705,-7.621023,4.4
1250,-7.423758,4.186741,-7.621023,4.4
1251,-7.446232,4.201087,-7.621023,4.4
1252,-7.468119,4.214204,-7.621023,4.4
1253,-7.491032,4.227545,-7.621023,4.4
1254,-7.513701,4.242518,-7.621023,4.4
1255,-7.537825,4.258158,4.4,-7.621024
1256,-7.559334,4.271851,4.4,-7.621024
1257,-7.584268,4.291771,4.4,-7.621024
1258,-7.613253,4.317936,4.4,-7.621024
1259,-7.644894,4.34425,4.4,-7.621024
1260,-7.675082,4.365394,4.4,-7.621024
1261,-7.702518,4.382021,4.4,-7.621024
1262,-7.727536,4.395907,4.4,-7.621024
1263,-7.749692,4.408322,4.4,-7.621024
1264,-7.768279,4.417428,4.4,-7.621024
1265,-7.783386,4.424691,4.4,-7.621024
1266,-7.79659,4.432249,4.4,-7.621024
1267,-7.810123,4.437211,4.4,-7.621024
1268,-7.82653,4.441277,4.4,-7.621024
1269,-7.842872,4.450339,4.4,-7.621024
1270,-7.86041,4.458142,4.4,-7.621024
1271,-7.87787,4.458874,4.4,-7.621024
1272,-7.891657,4.452397,4.4,-7.621024
1273,-7.902167,4.441679,4.4,-7.621024
1274,-7.906985,4.433475,4.4,-7.621024
1275,-7.912703,4.421453,4.4,-7.621024
1276,-7.918164,4.411684,4.4,-7.621024
1277,-7.922072,4.406679,4.4,-7.621024
1278,-7.925946,4.403211,4.4,-7.621024
1279,-7.931277,4.3966,4.4,-7.621024
1280,-7.936361,4.38883,4.4,-7.621024
1281,-7.942273,4.383577,4.4,-7.621024
1282,-7.946743,4.37473,4.4,-7.621024
1283,-7.950419,4.364017,4.4,-7.621024
1284,-7.952364,4.350413,4.4,-7.621024
1285,-7.954158,4.335466,4.4,-7.621024
1286,-7.954666,4.316597,4.4,-7.621024
1287,-7.955348,4.29463,4.4,-7.621024
1288,-7.955391,4.272311,4.4,-7.621024
1289,-7.954484,4.250395,4.4,-7.621024
1290,-7.950167,4.227336,4.4,-7.621024
1291,-7.945218,4.205504,4.4,-7.621024
1292,-7.939892,4.181883,4.4,-7.621024
1293,-7.937432,4.159813,4.4,-7.621024
1294,-7.93714,4.138136,4.4,-7.621024
1295,-7.936661,4.112819,4.4,-7.621024
1296,-7.9375,4.093719,4.4,-7.621024
1297,-7.937631,4.073618,4.4,-7.621024
1298,-7.936401,4.052318,4.4,-7.621024
1299,-7.934114,4.029728,4.4,-7.621024
1300,-7.9322,4.008641,4.4,-7.621024
1301,-7.930711,3.987155,4.4,-7.621024
1302,-7.930809,3.963141,4.4,-7.621024
1303,-7.93217,3.937322,4.4,-7.621024
1304,-7.934859,3.90936,4.4,-7.621024
1305,-7.939976,3.879281,4.4,-7.621024
1306,-7.947326,3.849509,4.4,-7.621024
1307,-7.956053,3.824234,4.4,-7.621024
1308,-7.962438,3.802281,4.4,-7.621024
1309,-7.965601,3.780123,4.4,-7.621024
1310,-7.969043,3.758973,4.4,-7.621024
1311,-7.971711,3.736979,4.4,-7.621024
1312,-7.974291,3.713572,4.4,-7.621024
1313,-7.974639,3.69199,4.4,-7.621024
1314,-7.974631,3.669579,4.4,-7.621024
1315,-7.976501,3.650729,4.4,-7.621024
1316,-7.977624,3.635066,4.4,-7.621024
1317,-7.979759,3.620368,4.4,-7.621024
1318,-7.981974,3.605785,4.4,-7.621024
1319,-7.98478,3.58928,4.4,-7.621024
1320,-7.986047,3.573012,4.4,-7.621024
1321,-7.985299,3.558274,4.4,-7.621024
1322,-7.983156,3.546615,4.4,-7.621024
1323,-7.980287,3.532174,4.4,-7.621024
1324,-7.978849,3.512215,4.4,-7.621024
1325,-7.978147,3.497615,4.4,-7.621024
1326,-7.977728,3.484017,4.4,-7.621024
1327,-7.977104,3.469285,4.4,-7.621024
1328,-7.972748,3.449344,4.4,-7.621024
1329,-7.969346,3.432961,4.4,-7.621024
1330,-7.964924,3.41292,4.4,-7.621024
1331,-7.960678,3.397262,4.4,-7.621024
1332,-7.95751,3.382506,4.4,-7.621024
1333,-7.954212,3.369391,4.4,-7.621024
1334,-7.951757,3.356516,4.4,-7.621024
1335,-7.950525,3.345546,4.4,-7.621024
1336,-7.947922,3.329486,4.4,-7.621024
1337,-7.943633,3.31037,4.4,-7.621024
1338,-7.938464,3.287147,4.4,-7.621024
1339,-7.932924,3.264048,4.4,-7.621024
1340,-7.92736,3.239266,4.4,-7.621024
1341,-7.922482,3.217149,4.4,-7.621024
1342,-7.915331,3.193599,4.4,-7.621024
1343,-7.907079,3.169713,4.4,-7.621024
1344,-7.898737,3.143809,4.4,-7.621024
1345,-7.890104,3.120816,4.4,-7.621024
1346,-7.879777,3.103509,4.4,-7.621024
1347,-7.869608,3.083818,4.4,-7.621024
1348,-7.862446,3.063277,4.4,-7.621024
1349,-7.853384,3.041495,4.4,-7.621024
1350,-7.84321,3.019337,4.4,-7.621024
1351,-7.835159,2.996516,4.4,-7.621024
1352,-7.824111,2.973199,4.4,-7.621024
1353,-7.814264,2.95043,4.4,-7.621024
1354,-7.805632,2.92961,4.4,-7.621024
1355,-7.797612,2.905501,4.4,-7.621024
1356,-7.790592,2.882885,4.4,-7.621024
1357,-7.782022,2.859641,4.4,-7.621024
1358,-7.774648,2.836334,4.4,-7.621024
1359,-7.767318,2.812184,4.4,-7.621024
1360,-7.760157,2.78611,4.4,-7.621024
1361,-7.752891,2.757796,4.4,-7.621024
1362,-7.748625,2.729601,4.4,-7.621024
1363,-7.746161,2.701033,4.4,-7.621024
1364,-7.745651,2.672494,4.4,-7.621024
1365,-7.745426,2.646331,4.4,-7.621024
1366,-7.74482,2.615473,4.4,-7.621024
1367,-7.743481,2.584538,4.4,-7.621024
1368,-7.741117,2.55459,4.4,-7.621024
1369,-7.738347,2.52702,4.4,-7.621024
1370,-7.736662,2.49636,4.4,-7.621024
1371,-7.734127,2.466074,4.4,-7.621024
1372,-7.732256,2.437369,4.4,-7.621024
1373,-7.730722,2.411878,4.4,-7.621024
1374,-7.728521,2.387895,4.4,-7.621024
1375,-7.726148,2.365499,4.4,-7.621024
1376,-7.722528,2.34105,4.4,-7.621024
1377,-7.717689,2.318084,4.4,-7.621024
1378,-7.712794,2.296613,4.4,-7.621024
1379,-7.707286,2.275503,4.4,-7.621024
1380,-7.700842,2.252607,4.4,-7.621024
1381,-7.694424,2.232231,4.4,-7.621024
1382,-7.685956,2.20774,4.4,-7.621024
1383,-7.677052,2.186711,4.4,-7.621024
1384,-7.667653,2.167035,4.4,-7.621024
1385,-7.660343,2.148545,4.4,-7.621024
1386,-7.650972,2.128904,4.4,-7.621024
1387,-7.644612,2.11039,4.4,-7.621024
1388,-7.635416,2.088842,4.4,-7.621024
1389,-7.626278,2.064509,4.4,-7.621024
1390,-7.617174,2.040124,4.4,-7.621024
1391,-7.605799,2.014477,4.4,-7.621024
1392,-7.593585,1.989778,4.4,-7.621024
1393,-7.581295,1.962852,4.4,-7.621024
1394,-7.565786,1.936482,4.4,-7.621024
1395,-7.55022,1.908819,4.4,-7.621024
1396,-7.533462,1.881828,4.4,-7.621024
1397,-7.515048,1.85244,4.4,-7.621024
1398,-7.497506,1.824676,4.4,-7.621024
1399,-7.481516,1.798432,4.4,-7.621024
1400,-7.467527,1.774663,4.4,-7.621024
1401,-7.454497,1.752828,4.4,-7.621024
1402,-7.439927,1.730897,4.4,-7.621024
1403,-7.425478,1.708566,4.4,-7.621024
1404,-7.41108,1.682758,4.4,-7.621024
1405,-7.394366,1.66008,4.4,-7.621024
1406,-7.379166,1.637289,4.4,-7.621024
1407,-7.366045,1.612704,4.4,-7.621024
1408,-7.350148,1.589509,4.4,-7.621024
1409,-7.334568,1.564993,4.4,-7.621024
1410,-7.321226,1.539853,4.4,-7.621024
1411,-7.309839,1.5156,4.4,-7.621024
1412,-7.296831,1.492277,4.4,-7.621024
1413,-7.283258,1.467578,4.4,-7.621024
1414,-7.271039,1.443248,4.4,-7.621024
1415,-7.258685,1.418101,4.4,-7.621024
1416,-7.247962,1.390622,4.4,-7.621024
1417,-7.237176,1.362713,4.4,-7.621024
1418,-7.226964,1.333132,4.4,-7.621024
1419,-7.216337,1.301229,4.4,-7.621024
1420,-7.204808,1.267939,4.4,-7.621024
1421,-7.191949,1.236594,4.4,-7.621024
1422,-7.177942,1.20503,4.4,-7.621024
1423,-7.16462,1.175747,4.4,-7.621024
1424,-7.150476,1.144688,4.4,-7.621024
1425,-7.138886,1.111398,4.4,-7.621024
1426,-7.13004,1.082807,4.4,-7.621024
1427,-7.12158,1.05769,4.4,-7.621024
1428,-7.111282,1.033492,4.4,-7.621024
1429,-7.099115,1.009745,4.4,-7.621024
1430,-7.08678,0.9877225,4.4,-7.621024
1431,-7.075752,0.967308,4.4,-7.621024
1432,-7.062367,0.9485346,4.4,-7.621024
1433,-7.052528,0.9299605,4.4,-7.621024
1434,-7.043282,0.9117209,4.4,-7.621024
1435,-7.03243,0.893701,4.4,-7.621024
1436,-7.017596,0.8716798,4.4,-7.621024
1437,-7.005448,0.8487629,4.4,-7.621024
1438,-6.993376,0.8292325,4.4,-7.621024
1439,-6.97884,0.8083255,4.4,-7.621024
1440,-6.963256,0.7869829,4.4,-7.621024
1441,-6.945317,0.7667404,4.4,-7.621024
1442,-6.930846,0.7477927,4.4,-7.621024
1443,-6.916981,0.7276575,4.4,-7.621024
1444,-6.902131,0.7060362,4.4,-7.621024
1445,-6.887457,0.6841646,4.4,-7.621024
1446,-6.869381,0.6622271,4.4,-7.621024
1447,-6.850065,0.6399742,4.4,-7.621024
1448,-6.831942,0.6175865,4.4,-7.621024
1449,-6.812799,0.5956386,4.4,-7.621024
1450,-6.78987,0.5721949,4.4,-7.621024
1451,-6.766365,0.5461459,4.4,-7.621024
1452,-6.743735,0.5203658,4.4,-7.621024
1453,-6.721005,0.4943708,4.4,-7.621024
1454,-6.698249,0.4724902,4.4,-7.621024
1455,-6.679096,0.4557051,4.4,-7.621024
1456,-6.660996,0.4398191,4.4,-7.621024
1457,-6.643151,0.4211008,4.4,-7.621024
1458,-6.622386,0.4009977,4.4,-7.621024
1459,-6.600061,0.3797388,4.4,-7.621024
1460,-6.57883,0.3590002,4.4,-7.621024
1461,-6.556748,0.3371635,4.4,-7.621024
1462,-6.534127,0.3158334,4.4,-7.621024
1463,-6.511253,0.2950562,4.4,-7.621024
1464,-6.490294,0.2729595,4.4,-7.621024
1465,-6.472665,0.2508818,4.4,-7.621024
1466,-6.457237,0.231835,4.4,-7.621024
1467,-6.440657,0.2117372,4.4,-7.621024
1468,-6.425439,0.188204,4.4,-7.621024
1469,-6.409361,0.1615483,4.4,-7.621024
1470,-6.393207,0.1346939,4.4,-7.621024
1471,-6.376654,0.1080674,4.4,-7.621024
1472,-6.359805,0.08072988,4.4,-7.621024
1473,-6.34381,0.05265278,4.4,-7.621024
1474,-6.328027,0.02048492,4.4,-7.621024
1475,-6.313374,-0.009882443,4.4,-7.621024
1476,-6.297146,-0.0392234,4.4,-7.621024
1477,-6.280235,-0.06984061,4.4,-7.621024
1478,-6.262005,-0.1001967,4.4,-7.621024
1479,-6.243148,-0.1288156,4.4,-7.621024
1480,-6.230076,-0.15558,4.4,-7.621024
1481,-6.218311,-0.1790562,4.4,-7.621024
1482,-6.203912,-0.2014979,4.4,-7.621024
1483,-6.188451,-0.2221362,4.4,-7.621024
1484,-6.175029,-0.241631,4.4,-7.621024
1485,-6.162471,-0.2601608,4.4,-7.621024
1486,-6.14861,-0.2777223,4.4,-7.621024
1487,-6.132482,-0.2965713,4.4,-7.621024
1488,-6.11902,-0.3126015,4.4,-7.621024
1489,-6.105958,-0.33065,4.4,-7.621024
1490,-6.090787,-0.3483601,4.4,-7.621024
1491,-6.073149,-0.3657348,4.4,-7.621024
1492,-6.056123,-0.3820521,4.4,-7.621024
1493,-6.041281,-0.3993824,4.4,-7.621024
1494,-6.022875,-0.4164244,4.4,-7.621024
1495,-6.007825,-0.4331103,4.4,-7.621024
1496,-5.992862,-0.4502477,4.4,-7.621024
1497,-5.973701,-0.4682784,4.4,-7.621024
1498,-5.954184,-0.4861785,4.4,-7.621024
1499,-5.933678,-0.5047536,4.4,-7.621024
1500,-5.912359,-0.5226318,4.4,-7.621024
1501,-5.890679,-0.5382012,4.4,-7.621024
1502,-5.870958,-0.5525955,4.4,-7.621024
1503,-5.849222,-0.5684232,4.4,-7.621024
1504,-5.824138,-0.5857868,4.4,-7.621024
1505,-5.796176,-0.6055766,4.4,-7.621024
1506,-5.770231,-0.6255149,4.4,-7.621024
1507,-5.743866,-0.6463698,4.4,-7.621024
1508,-5.717524,-0.6625276,4.4,-7.621024
1509,-5.693042,-0.6773705,4.4,-7.621024
1510,-5.668781,-0.6925141,4.4,-7.621024
1511,-5.647773,-0.7072634,4.4,-7.621024
1512,-5.627954,-0.7217312,4.4,-7.621024
1513,-5.608108,-0.7344161,4.4,-7.621024
1514,-5.586847,-0.7526758,4.4,-7.621024
1515,-5.560624,-0.7682016,4.4,-7.621024
1516,-5.534587,-0.7851894,4.4,-7.621024
1517,-5.509527,-0.8026099,4.4,-7.621024
1518,-5.483632,-0.8206121,4.4,-7.621024
1519,-5.459851,-0.8379844,4.4,-7.621024
1520,-5.435946,-0.8558667,4.4,-7.621024
1521,-5.413679,-0.8732768,4.4,-7.621024
1522,-5.392695,-0.8925901,4.4,-7.621024
1523,-5.371491,-0.9127607,4.4,-7.621024
1524,-5.349158,-0.9330902,4.4,-7.621024
1525,-5.326876,-0.9564078,4.4,-7.621024
1526,-5.305486,-0.9806168,4.4,-7.621024
1527,-5.284914,-1.005537,4.4,-7.621024
1528,-5.266403,-1.030725,4.4,-7.621024
1529,-5.249496,-1.054291,4.4,-7.621024
1530,-5.230621,-1.080095,4.4,-7.621024
1531,-5.210338,-1.10403,4.4,-7.621024
1532,-5.187761,-1.127044,4.4,-7.621024
1533,-5.164385,-1.151114,4.4,-7.621024
1534,-5.143083,-1.173797,4.4,-7.621024
1535,-5.123575,-1.19574,4.4,-7.621024
1536,-5.105027,-1.217931,4.4,-7.621024
1537,-5.089692,-1.235192,4.4,-7.621024
1538,-5.071424,-1.254874,4.4,-7.621024
1539,-5.057674,-1.271914,4.4,-7.621024
1540,-5.046017,-1.285505,4.4,-7.621024
1541,-5.034284,-1.29941,4.4,-7.621024
1542,-5.018314,-1.313972,4.4,-7.621024
1543,-4.994937,-1.329687,4.4,-7.621024
1544,-4.973489,-1.346386,4.4,-7.621024
1545,-4.953078,-1.361292,4.4,-7.621024
1546,-4.935184,-1.372836,4.4,-7.621024
1547,-4.915273,-1.385566,4.4,-7.621024
1548,-4.896408,-1.400021,4.4,-7.621024
1549,-4.876933,-1.416122,4.4,-7.621024
1550,-4.857578,-1.433363,4.4,-7.621024
1551,-4.838483,-1.450157,4.4,-7.621024
1552,-4.818341,-1.466422,4.4,-7.621024
1553,-4.797226,-1.48303,4.4,-7.621024
1554,-4.774287,-1.498981,4.4,-7.621024
1555,-4.751949,-1.513348,4.4,-7.621024
1556,-4.726861,-1.529518,4.4,-7.621024
1557,-4.699077,-1.548396,4.4,-7.621024
1558,-4.669055,-1.565947,4.4,-7.621024
1559,-4.640993,-1.582662,4.4,-7.621024
1560,-4.615376,-1.59909,4.4,-7.621024
1561,-4.5885,-1.615806,4.4,-7.621024
1562,-4.563172,-1.631655,4.4,-7.621024
1563,-4.534986,-1.647332,4.4,-7.621024
1564,-4.508547,-1.6607,4.4,-7.621024
1565,-4.483634,-1.674225,4.4,-7.621024
1566,-4.458265,-1.690053,4.4,-7.621024
1567,-4.433513,-1.702983,4.4,-7.621024
1568,-4.411905,-1.718352,4.4,-7.621024
1569,-4.388734,-1.73209,4.4,-7.621024
1570,-4.366306,-1.747737,4.4,-7.621024
1571,-4.344635,-1.763548,4.4,-7.621024
1572,-4.322148,-1.780608,4.4,-7.621024
1573,-4.302165,-1.797399,4.4,-7.621024
1574,-4.283223,-1.813121,4.4,-7.621024
1575,-4.263142,-1.832758,4.4,-7.621024
1576,-4.24117,-1.854024,4.4,-7.621024
1577,-4.222,-1.875043,4.4,-7.621024
1578,-4.203746,-1.898864,4.4,-7.621024
1579,-4.184404,-1.9254,4.4,-7.621024
1580,-4.164802,-1.951695,4.4,-7.621024
1581,-4.145142,-1.976555,4.4,-7.621024
1582,-4.125617,-2.000106,4.4,-7.621024
1583,-4.105906,-2.022861,4.4,-7.621024
1584,-4.085711,-2.04795,4.4,-7.621024
1585,-4.063848,-2.075038,4.4,-7.621024
1586,-4.04199,-2.101382,4.4,-7.621024
1587,-4.023277,-2.124497,4.4,-7.621024
1588,-4.004522,-2.146025,4.4,-7.621024
1589,-3.989147,-2.164929,4.4,-7.621024
1590,-3.970783,-2.184783,4.4,-7.621024
1591,-3.954465,-2.203984,4.4,-7.621024
1592,-3.93743,-2.219324,4.4,-7.621024
1593,-3.920895,-2.232776,4.4,-7.621024
1594,-3.906773,-2.245986,4.4,-7.621024
1595,-3.892027,-2.258283,4.4,-7.621024
1596,-3.874748,-2.269745,4.4,-7.621024
1597,-3.854232,-2.282916,4.4,-7.621024
1598,-3.832138,-2.297942,4.4,-7.621024
1599,-3.813689,-2.312744,4.4,-7.621024
1600,-3.792831,-2.327649,4.4,-7.621024
1601,-3.774002,-2.341716,4.4,-7.621024
1602,-3.754896,-2.355151,4.4,-7.621024
1603,-3.735872,-2.367493,4.4,-7.621024
1604,-3.719032,-2.377418,4.4,-7.621024
1605,-3.698793,-2.389446,4.4,-7.621024
1606,-3.681152,-2.402531,4.4,-7.621024
1607,-3.661894,-2.41583,4.4,-7.621024
1608,-3.641963,-2.429102,4.4,-7.621024
1609,-3.620907,-2.441764,4.4,-7.621024
1610,-3.59861,-2.454669,4.4,-7.621024
1611,-3.575269,-2.466617,4.4,-7.621024
1612,-3.550143,-2.48037,4.4,-7.621024
1613,-3.524751,-2.496172,4.4,-7.621024
1614,-3.497744,-2.512047,4.4,-7.621024
1615,-3.472625,-2.526778,4.4,-7.621024
1616,-3.448551,-2.538535,4.4,-7.621024
1617,-3.425785,-2.547365,4.4,-7.621024
1618,-3.402253,-2.556449,4.4,-7.621024
1619,-3.378488,-2.568673,4.4,-7.621024
1620,-3.353892,-2.581547,4.4,-7.621024
1621,-3.326778,-2.596296,4.4,-7.621024
1622,-3.3005,-2.60878,4.4,-7.621024
1623,-3.273559,-2.623969,4.4,-7.621024
1624,-3.247047,-2.638023,4.4,-7.621024
1625,-3.222941,-2.651064,4.4,-7.621024
1626,-3.198459,-2.666509,4.4,-7.621024
1627,-3.174165,-2.682257,4.4,-7.621024
1628,-3.150919,-2.697531,4.4,-7.621024
1629,-3.13046,-2.715107,4.4,-7.621024
1630,-3.108908,-2.733628,4.4,-7.621024
1631,-3.085901,-2.75511,4.4,-7.621024
1632,-3.066074,-2.775381,4.4,-7.621024
1633,-3.045585,-2.796454,4.4,-7.621024
1634,-3.024458,-2.817967,4.4,-7.621024
1635,-3.00413,-2.839646,4.4,-7.621024
1636,-2.986293,-2.857393,4.4,-7.621024
1637,-2.966571,-2.879841,4.4,-7.621024
1638,-2.946149,-2.902961,4.4,-7.621024
1639,-2.927809,-2.925627,4.4,-7.621024
1640,-2.909225,-2.948156,4.4,-7.621024
1641,-2.888772,-2.970674,4.4,-7.621024
1642,-2.869538,-2.993196,4.4,-7.621024
1643,-2.852895,-3.013581,4.4,-7.621024
1644,-2.83175,-3.0343,4.4,-7.621024
1645,-2.813283,-3.050093,4.4,-7.621024
1646,-2.796193,-3.06611,4.4,-7.621024
1647,-2.780358,-3.079717,4.4,-7.621024
1648,-2.766711,-3.092692,4.4,-7.621024
1649,-2.754317,-3.105335,4.4,-7.621024
1650,-2.73809,-3.121703,4.4,-7.621024
1651,-2.719167,-3.139525,4.4,-7.621024
1652,-2.696951,-3.156642,4.4,-7.621024
1653,-2.677105,-3.169429,4.4,-7.621024
1654,-2.660069,-3.18037,4.4,-7.621024
1655,-2.645305,-3.191829,4.4,-7.621024
1656,-2.629955,-3.203174,4.4,-7.621024
1657,-2.610822,-3.217718,4.4,-7.621024
1658,-2.588324,-3.2334,4.4,-7.621024
1659,-2.566094,-3.251152,4.4,-7.621024
1660,-2.543692,-3.268416,4.4,-7.621024
1661,-2.522671,-3.284122,4.4,-7.621024
1662,-2.498618,-3.299311,4.4,-7.621024
1663,-2.471898,-3.315591,4.4,-7.621024
1664,-2.447069,-3.330059,4.4,-7.621024
1665,-2.420415,-3.344953,4.4,-7.621024
1666,-2.393059,-3.359421,4.4,-7.621024
1667,-2.364806,-3.375053,4.4,-7.621024
1668,-2.334509,-3.389573,4.4,-7.621024
1669,-2.308376,-3.407211,4.4,-7.621024
1670,-2.286313,-3.422204,4.4,-7.621024
1671,-2.264881,-3.434212,4.4,-7.621024
1672,-2.241381,-3.445368,4.4,-7.621024
1673,-2.217735,-3.457368,4.4,-7.621024
1674,-2.193255,-3.474892,4.4,-7.621024
1675,-2.168102,-3.490995,4.4,-7.621024
1676,-2.145748,-3.505808,4.4,-7.621024
1677,-2.122706,-3.522933,4.4,-7.621024
1678,-2.100393,-3.539447,4.4,-7.621024
1679,-2.078646,-3.554967,4.4,-7.621024
1680,-2.058559,-3.571344,4.4,-7.621024
1681,-2.036315,-3.590152,4.4,-7.621024
1682,-2.014616,-3.610282,4.4,-7.621024
1683,-1.993949,-3.630453,4.4,-7.621024
1684,-1.972517,-3.651483,4.4,-7.621024
1685,-1.951269,-3.673722,4.4,-7.621024
1686,-1.929951,-3.695346,4.4,-7.621024
1687,-1.908088,-3.720396,4.4,-7.621024
1688,-1.886428,-3.746449,4.4,-7.621024
1689,-1.867249,-3.771138,4.4,-7.621024
1690,-1.848819,-3.79483,4.4,-7.621024
1691,-1.829576,-3.817642,4.4,-7.621024
1692,-1.80821,-3.844358,4.4,-7.621024
1693,-1.787113,-3.869144,4.4,-7.621024
1694,-1.766954,-3.892928,4.4,-7.621024
1695,-1.747044,-3.915859,4.4,-7.621024
1696,-1.728326,-3.937068,4.4,-7.621024
1697,-1.71072,-3.955489,4.4,-7.621024
1698,-1.694784,-3.972507,4.4,-7.621024
1699,-1.680708,-3.986917,4.4,-7.621024
1700,-1.665193,-4.003494,4.4,-7.621024
1701,-1.648624,-4.019053,4.4,-7.621024
1702,-1.629459,-4.032101,4.4,-7.621024
1703,-1.60963,-4.047954,4.4,-7.621024
1704,-1.589668,-4.065279,4.4,-7.621024
1705,-1.567806,-4.080655,4.4,-7.621024
1706,-1.548754,-4.096301,4.4,-7.621024
1707,-1.530327,-4.11207,4.4,-7.621024
1708,-1.510367,-4.126629,4.4,-7.621024
1709,-1.490327,-4.140487,4.4,-7.621024
1710,-1.468763,-4.155417,4.4,-7.621024
1711,-1.449264,-4.16889,4.4,-7.621024
1712,-1.42933,-4.181763,4.4,-7.621024
1713,-1.407954,-4.197273,4.4,-7.621024
1714,-1.385705,-4.213873,4.4,-7.621024
1715,-1.363643,-4.228392,4.4,-7.621024
1716,-1.340714,-4.242891,4.4,-7.621024
1717,-1.315927,-4.258848,4.4,-7.621024
1718,-1.290051,-4.274073,4.4,-7.621024
1719,-1.263528,-4.288904,4.4,-7.621024
1720,-1.233588,-4.305309,4.4,-7.621024
1721,-1.204179,-4.323568,4.4,-7.621024
1722,-1.174986,-4.339568,4.4,-7.621024
1723,-1.14582,-4.353671,4.4,-7.621024
1724,-1.120673,-4.365113,4.4,-7.621024
1725,-1.097275,-4.377169,4.4,-7.621024
1726,-1.075958,-4.387353,4.4,-7.621024
1727,-1.05256,-4.397199,4.4,-7.621024
1728,-1.026934,-4.409194,4.4,-7.621024
1729,-1.00153,-4.421658,4.4,-7.621024
1730,-0.9738377,-4.436637,4.4,-7.621024
1731,-0.947014,-4.451836,4.4,-7.621024
1732,-0.9214866,-4.467907,4.4,-7.621024
1733,-0.8973202,-4.484302,4.4,-7.621024
1734,-0.873847,-4.500119,4.4,-7.621024
1735,-0.8479016,-4.517019,4.4,-7.621024
1736,-0.8237879,-4.534692,4.4,-7.621024
1737,-0.7999975,-4.552703,4.4,-7.621024
1738,-0.7764111,-4.572644,4.4,-7.621024
1739,-0.7509296,-4.591849,4.4,-7.621024
1740,-0.7248405,-4.61277,4.4,-7.621024
1741,-0.6994724,-4.632184,4.4,-7.621024
1742,-0.6760821,-4.650962,4.4,-7.621024
1743,-0.6547688,-4.670427,4.4,-7.621024
1744,-0.6348736,-4.690059,4.4,-7.621024
1745,-0.613649,-4.710603,4.4,-7.621024
1746,-0.590713,-4.732458,4.4,-7.621024
1747,-0.5694974,-4.754173,4.4,-7.621024
1748,-0.5463015,-4.775209,4.4,-7.621024
1749,-0.5234005,-4.792747,4.4,-7.621024
1750,-0.5004804,-4.809985,4.4,-7.621024
1751,-0.4780876,-4.829028,4.4,-7.621024
1752,-0.4587353,-4.847796,4.4,-7.621024
1753,-0.4382526,-4.864298,4.4,-7.621024
1754,-0.4208308,-4.877253,4.4,-7.621024
1755,-0.4068652,-4.888838,4.4,-7.621024
1756,-0.3898532,-4.901856,4.4,-7.621024
1757,-0.3714504,-4.915834,4.4,-7.621024
1758,-0.3490066,-4.929496,4.4,-7.621024
1759,-0.3266956,-4.942193,4.4,-7.621024
1760,-0.306367,-4.954091,4.4,-7.621024
1761,-0.2872883,-4.964433,4.4,-7.621024
1762,-0.2678832,-4.975977,4.4,-7.621024
1763,-0.2474962,-4.989047,4.4,-7.621024
1764,-0.2276882,-5.003206,4.4,-7.621024
1765,-0.2070455,-5.016613,4.4,-7.621024
1766,-0.185966,-5.027898,4.4,-7.621024
1767,-0.1633867,-5.039376,4.4,-7.621024
1768,-0.1413347,-5.050975,4.4,-7.621024
1769,-0.1200937,-5.062702,4.4,-7.621024
1770,-0.09818637,-5.074265,4.4,-7.621024
1771,-0.07594681,-5.086668,4.4,-7.621024
1772,-0.05296126,-5.099618,4.4,-7.621024
1773,-0.03040954,-5.111279,4.4,-7.621024
1774,-0.002132632,-5.124082,4.4,-7.621024
1775,0.02748038,-5.13827,4.4,-7.621024
1776,0.05508644,-5.149791,4.4,-7.621024
1777,0.08064525,-5.161738,4.4,-7.621024
1778,0.1065973,-5.174306,4.4,-7.621024
1779,0.1339265,-5.186266,4.4,-7.621024
1780,0.161005,-5.19736,4.4,-7.621024
1781,0.1863468,-5.208859,4.4,-7.621024
1782,0.2131162,-5.220463,4.4,-7.621024
1783,0.2389168,-5.23392,4.4,-7.621024
1784,0.2641471,-5.248875,4.4,-7.621024
1785,0.2862789,-5.261968,4.4,-7.621024
1786,0.3118983,-5.276579,4.4,-7.621024
1787,0.3385734,-5.293401,4.4,-7.621024
1788,0.3636282,-5.308843,4.4,-7.621024
1789,0.3880847,-5.32562,4.4,-7.621024
1790,0.4113726,-5.341887,4.4,-7.621024
1791,0.4359244,-5.361259,4.4,-7.621024
1792,0.4619818,-5.382395,4.4,-7.621024
1793,0.4874307,-5.402478,4.4,-7.621024
1794,0.5099806,-5.42146,4.4,-7.621024
1795,0.5345631,-5.44164,4.4,-7.621024
1796,0.5583187,-5.463491,4.4,-7.621024
1797,0.5817222,-5.485355,4.4,-7.621024
1798,0.6040193,-5.507739,4.4,-7.621024
1799,0.626505,-5.529852,4.4,-7.621024
1800,0.6497731,-5.551682,4.4,-7.621024
1801,0.669064,-5.573024,4.4,-7.621024
1802,0.6883602,-5.591065,4.4,-7.621024
1803,0.7066072,-5.607875,4.4,-7.621024
1804,0.7264052,-5.622945,4.4,-7.621024
1805,0.7431749,-5.635507,4.4,-7.621024
1806,0.7644293,-5.64847,4.4,-7.621024
1807,0.7857345,-5.66466,4.4,-7.621024
1808,0.8022298,-5.6776,4.4,-7.621024
1809,0.81705,-5.690421,4.4,-7.621024
1810,0.8292899,-5.701647,4.4,-7.621024
1811,0.8442906,-5.71018,4.4,-7.621024
1812,0.8644927,-5.720343,4.4,-7.621024
1813,0.8868714,-5.73271,4.4,-7.621024
1814,0.902624,-5.743601,4.4,-7.621024
1815,0.9223162,-5.752424,4.4,-7.621024
1816,0.9411809,-5.764521,4.4,-7.621024
1817,0.960334,-5.775152,4.4,-7.621024
1818,0.9803609,-5.784792,4.4,-7.621024
1819,1.003303,-5.796315,4.4,-7.621024
1820,1.025828,-5.808654,4.4,-7.621024
1821,1.044211,-5.819639,4.4,-7.621024
1822,1.065372,-5.830757,4.4,-7.621024
1823,1.086758,-5.841034,4.4,-7.621024
1824,1.108323,-5.850992,4.4,-7.621024
1825,1.129876,-5.861974,4.4,-7.621024
1826,1.152987,-5.872533,4.4,-7.621024
1827,1.17886,-5.883102,4.4,-7.621024
1828,1.209138,-5.896072,4.4,-7.621024
1829,1.237106,-5.907874,4.4,-7.621024
1830,1.264783,-5.92048,4.4,-7.621024
1831,1.290224,-5.929873,4.4,-7.621024
1832,1.313402,-5.939401,4.4,-7.621024
1833,1.332513,-5.947131,4.4,-7.621024
1834,1.354615,-5.956326,4.4,-7.621024
1835,1.377552,-5.965049,4.4,-7.621024
1836,1.400615,-5.975745,4.4,-7.621024
1837,1.427975,-5.986757,4.4,-7.621024
1838,1.45394,-5.99803,4.4,-7.621024
1839,1.478637,-6.008418,4.4,-7.621024
1840,1.50499,-6.020829,4.4,-7.621024
1841,1.530805,-6.034428,4.4,-7.621024
1842,1.558383,-6.046394,4.4,-7.621024
1843,1.585797,-6.059876,4.4,-7.621024
1844,1.611209,-6.076058,4.4,-7.621024
1845,1.63732,-6.093018,4.4,-7.621024
1846,1.66369,-6.112212,4.4,-7.621024
1847,1.690319,-6.134008,4.4,-7.621024
1848,1.714245,-6.154693,4.4,-7.621024
1849,1.736263,-6.174973,4.4,-7.621024
1850,1.757778,-6.195077,4.4,-7.621024
1851,1.77793,-6.214141,4.4,-7.621024
1852,1.797525,-6.2332,4.4,-7.621024
1853,1.81881,-6.253572,4.4,-7.621024
1854,1.838935,-6.275226,4.4,-7.621024
1855,1.860697,-6.297607,4.4,-7.621024
1856,1.88533,-6.319809,4.4,-7.621024
1857,1.908514,-6.338544,4.4,-7.621024
1858,1.928811,-6.357305,4.4,-7.621024
1859,1.947414,-6.373419,4.4,-7.621024
1860,1.969591,-6.391493,4.4,-7.621024
1861,1.988509,-6.407027,4.4,-7.621024
1862,2.004359,-6.418956,4.4,-7.621024
1863,2.020206,-6.432192,4.4,-7.621024
1864,2.034373,-6.443838,4.4,-7.621024
1865,2.051302,-6.456524,4.4,-7.621024
1866,2.071825,-6.471343,4.4,-7.621024
1867,2.095381,-6.486839,4.4,-7.621024
1868,2.11804,-6.498159,4.4,-7.621024
1869,2.138967,-6.509795,4.4,-7.621024
1870,2.157894,-6.523076,4.4,-7.621024
1871,2.176604,-6.53682,4.4,-7.621024
1872,2.196706,-6.548832,4.4,-7.621024
1873,2.216492,-6.56276,4.4,-7.621024
1874,2.237797,-6.577462,4.4,-7.621024
1875,2.258865,-6.592272,4.4,-7.621024
1876,2.279716,-6.604322,4.4,-7.621024
1877,2.304804,-6.61725,4.4,-7.621024
1878,2.328857,-6.628363,4.4,-7.621024
1879,2.354688,-6.640557,4.4,-7.621024
1880,2.379946,-6.653065,4.4,-7.621024
1881,2.405519,-6.665201,4.4,-7.621024
1882,2.430452,-6.676131,4.4,-7.621024
1883,2.45984,-6.689665,4.4,-7.621024
1884,2.48658,-6.703708,4.4,-7.621024
1885,2.511496,-6.717615,4.4,-7.621024
1886,2.535433,-6.730259,4.4,-7.621024
1887,2.558264,-6.742493,4.4,-7.621024
1888,2.576471,-6.751213,4.4,-7.621024
1889,2.599877,-6.764251,4.4,-7.621024
1890,2.624693,-6.777013,4.4,-7.621024
1891,2.65227,-6.790066,4.4,-7.621024
1892,2.677577,-6.804394,4.4,-7.621024
1893,2.703961,-6.817511,4.4,-7.621024
1894,2.731964,-6.831475,4.4,-7.621024
1895,2.758143,-6.845556,4.4,-7.621024
1896,2.782083,-6.859777,4.4,-7.621024
1897,2.804376,-6.875206,4.4,-7.621024
1898,2.82609,-6.89057,4.4,-7.621024
1899,2.849037,-6.90951,4.4,-7.621024
1900,2.871069,-6.928051,4.4,-7.621024
1901,2.894593,-6.94861,4.4,-7.621024
1902,2.917335,-6.970294,4.4,-7.621024
1903,2.938491,-6.992174,4.4,-7.621024
1904,2.959578,-7.012435,4.4,-7.621024
1905,2.981487,-7.034473,4.4,-7.621024
1906,3.001149,-7.052781,4.4,-7.621024
1907,3.021139,-7.073533,4.4,-7.621024
1908,3.041964,-7.094149,4.4,-7.621024
1909,3.063583,-7.11672,4.4,-7.621024
1910,3.082117,-7.135093,4.4,-7.621024
1911,3.102265,-7.154164,4.4,-7.621024
1912,3.123078,-7.171946,4.4,-7.621024
1913,3.142026,-7.190429,4.4,-7.621024
1914,3.160121,-7.206895,4.4,-7.621024
1915,3.174654,-7.220267,4.4,-7.621024
1916,3.187615,-7.229438,4.4,-7.621024
1917,3.204251,-7.241018,4.4,-7.621024
1918,3.222788,-7.252448,4.4,-7.621024
1919,3.242769,-7.26689,4.4,-7.621024
1920,3.264722,-7.279304,4.4,-7.621024
1921,3.285701,-7.288686,4.4,-7.621024
1922,3.307645,-7.297694,4.4,-7.621024
1923,3.327229,-7.306583,4.4,-7.621024
1924,3.345801,-7.3162,4.4,-7.621024
1925,3.368022,-7.325474,4.4,-7.621024
1926,3.388141,-7.335651,4.4,-7.621024
1927,3.412356,-7.346135,4.4,-7.621024
1928,3.437207,-7.356891,4.4,-7.621024
1929,3.459324,-7.365996,4.4,-7.621024
1930,3.482861,-7.375553,4.4,-7.621024
1931,3.506809,-7.383453,4.4,-7.621024
1932,3.534814,-7.391133,4.4,-7.621024
1933,3.563171,-7.40086,4.4,-7.621024
1934,3.594174,-7.409743,4.4,-7.621024
1935,3.622092,-7.41718,4.4,-7.621024
1936,3.648474,-7.425233,4.4,-7.621024
1937,3.673651,-7.431699,4.4,-7.621024
1938,3.696927,-7.433851,4.4,-7.621024
1939,3.722813,-7.439729,4.4,-7.621024
1940,3.750556,-7.445653,4.4,-7.621024
1941,3.775241,-7.448092,4.4,-7.621024
1942,3.802046,-7.450957,4.4,-7.621024
1943,3.831745,-7.456429,4.4,-7.621024
1944,3.860963,-7.461959,4.4,-7.621024
1945,3.889433,-7.468101,4.4,-7.621024
1946,3.912745,-7.472667,4.4,-7.621024
1947,3.935633,-7.47795,4.4,-7.621024
1948,3.96431,-7.485833,4.4,-7.621024
1949,3.991399,-7.495285,4.4,-7.621024
1950,4.018892,-7.505006,4.4,-7.621024
1951,4.042257,-7.514456,4.4,-7.621024
1952,4.067623,-7.526258,-4.4,7.621024
1953,4.09049,-7.535292,-4.4,7.621024
1954,4.115829,-7.547511,-4.4,7.621024
1955,4.146217,-7.562467,-4.4,7.621024
1956,4.17859,-7.578724,-4.4,7.621024
1957,4.210841,-7.594169,-4.4,7.621024
1958,4.239954,-7.60638,-4.4,7.621024
1959,4.264883,-7.617082,-4.4,7.621024
1960,4.290113,-7.624758,-4.4,7.621024
1961,4.310985,-7.633628,-4.4,7.621024
1962,4.33057,-7.641304,-4.4,7.621024
1963,4.34756,-7.648315,-4.4,7.621024
1964,4.363637,-7.654867,-4.4,7.621024
1965,4.381523,-7.662312,-4.4,7.621024
1966,4.398503,-7.666864,-4.4,7.621024
1967,4.41469,-7.670333,-4.4,7.621024
1968,4.42882,-7.671771,-4.4,7.621024
1969,4.439484,-7.669692,-4.4,7.621024
1970,4.446933,-7.664632,-4.4,7.621024
1971,4.453115,-7.660222,-4.4,7.621024
1972,4.461211,-7.655159,-4.4,7.621024
1973,4.470631,-7.646134,-4.4,7.621024
1974,4.478774,-7.636445,-4.4,7.621024
1975,4.486427,-7.627537,-4.4,7.621024
1976,4.492098,-7.619586,-4.4,7.621024
1977,4.496689,-7.608844,-4.4,7.621024
1978,4.500018,-7.597539,-4.4,7.621024
1979,4.501345,-7.58574,-4.4,7.621024
1980,4.503211,-7.577064,-4.4,7.621024
1981,4.507652,-7.565402,-4.4,7.621024
1982,4.513102,-7.556403,-4.4,7.621024
1983,4.518372,-7.54402,-4.4,7.621024
1984,4.522323,-7.528898,-4.4,7.621024
1985,4.525636,-7.515677,-4.4,7.621024
1986,4.526839,-7.501245,-4.4,7.621024
1987,4.527948,-7.487417,-4.4,7.621024
1988,4.529251,-7.475449,-4.4,7.621024
1989,4.529242,-7.464362,-4.4,7.621024
1990,4.529006,-7.452313,-4.4,7.621024
1991,4.529854,-7.439559,-4.4,7.621024
1992,4.532265,-7.426631,-4.4,7.621024
1993,4.53168,-7.41397,-4.4,7.621024
1994,4.531493,-7.398963,-4.4,7.621024
1995,4.530821,-7.380991,-4.4,7.621024
1996,4.529967,-7.36524,-4.4,7.621024
1997,4.529837,-7.350185,-4.4,7.621024
1998,4.529332,-7.332016,-4.4,7.621024
1999,4.527903,-7.311827,-4.4,7.621024
2000,4.531282,-7.292523,-4.4,7.621024
2001,4.536429,-7.274522,-4.4,7.621024
2002,4.543538,-7.252324,-4.4,7.621024
2003,4.550435,-7.226255,-4.4,7.621024
2004,4.55764,-7.198259,-4.4,7.621024
2005,4.563973,-7.16699,-4.4,7.621024
2006,4.571539,-7.134323,-4.4,7.621024
2007,4.578998,-7.102865,-4.4,7.621024
2008,4.585506,-7.077809,-4.4,7.621024
2009,4.594024,-7.051216,-4.4,7.621024
2010,4.60133,-7.026697,-4.4,7.621024
2011,4.608039,-7.001357,-4.4,7.621024
2012,4.614537,-6.978319,-4.4,7.621024
2013,4.621617,-6.954884,-4.4,7.621024
2014,4.626716,-6.930053,-4.4,7.621024
2015,4.630609,-6.906452,-4.4,7.621024
2016,4.63353,-6.887579,-4.4,7.621024
2017,4.632097,-6.868514,-4.4,7.621024
2018,4.632718,-6.846907,-4.4,7.621024
2019,4.632082,-6.823077,-4.4,7.621024
2020,4.632184,-6.802476,-4.4,7.621024
2021,4.630963,-6.783312,-4.4,7.621024
2022,4.629396,-6.767251,-4.4,7.621024
2023,4.627974,-6.754496,-4.4,7.621024
2024,4.630497,-6.736157,-4.4,7.621024
2025,4.633417,-6.720336,-4.4,7.621024
2026,4.63197,-6.701355,-4.4,7.621024
2027,4.62882,-6.679527,-4.4,7.621024
2028,4.624124,-6.660008,-4.4,7.621024
2029,4.62065,-6.642672,-4.4,7.621024
2030,4.615926,-6.624433,-4.4,7.621024
2031,4.609723,-6.605894,-4.4,7.621024
2032,4.604841,-6.586983,-4.4,7.621024
2033,4.60031,-6.566592,-4.4,7.621024
2034,4.597981,-6.545616,-4.4,7.621024
2035,4.594147,-6.524344,-4.4,7.621024
2036,4.589748,-6.502987,-4.4,7.621024
2037,4.584073,-6.480616,-4.4,7.621024
2038,4.577634,-6.459918,-4.4,7.621024
2039,4.569532,-6.440382,-4.4,7.621024
2040,4.561599,-6.419673,-4.4,7.621024
2041,4.552626,-6.397267,-4.4,7.621024
2042,4.542685,-6.372895,-4.4,7.621024
2043,4.531794,-6.347601,-4.4,7.621024
2044,4.519357,-6.321012,-4.4,7.621024
2045,4.507911,-6.294561,-4.4,7.621024
2046,4.498902,-6.271126,-4.4,7.621024
2047,4.490614,-6.248818,-4.4,7.621024
2048,4.484225,-6.227842,-4.4,7.621024
2049,4.475442,-6.204463,-4.4,7.621024
2050,4.467237,-6.181578,-4.4,7.621024
2051,4.457116,-6.1586,-4.4,7.621024
2052,4.446637,-6.132605,-4.4,7.621024
2053,4.437393,-6.106015,-4.4,7.621024
2054,4.427167,-6.077909,-4.4,7.621024
2055,4.418091,-6.052025,-4.4,7.621024
2056,4.410512,-6.025455,-4.4,7.621024
2057,4.401831,-5.997189,-4.4,7.621024
2058,4.395064,-5.969098,-4.4,7.621024
2059,4.390403,-5.943122,-4.4,7.621024
2060,4.3879,-5.913956,-4.4,7.621024
2061,4.384747,-5.885757,-4.4,7.621024
2062,4.382861,-5.855427,-4.4,7.621024
2063,4.382193,-5.823234,-4.4,7.621024
2064,4.38123,-5.792726,-4.4,7.621024
2065,4.380219,-5.761334,-4.4,7.621024
2066,4.378938,-5.72832,-4.4,7.621024
2067,4.377645,-5.695998,-4.4,7.621024
2068,4.376222,-5.662072,-4.4,7.621024
2069,4.374147,-5.628128,-4.4,7.621024
2070,4.372216,-5.595657,-4.4,7.621024
2071,4.369292,-5.564038,-4.4,7.621024
2072,4.368109,-5.531216,-4.4,7.621024
2073,4.36577,-5.503813,-4.4,7.621024
2074,4.360636,-5.478046,-4.4,7.621024
2075,4.35776,-5.455812,-4.4,7.621024
2076,4.353793,-5.430326,-4.4,7.621024
2077,4.349468,-5.408716,-4.4,7.621024
2078,4.344713,-5.385561,-4.4,7.621024
2079,4.336948,-5.359679,-4.4,7.621024
2080,4.329281,-5.336782,-4.4,7.621024
2081,4.323805,-5.312321,-4.4,7.621024
2082,4.318637,-5.290398,-4.4,7.621024
2083,4.313181,-5.266723,-4.4,7.621024
2084,4.306579,-5.244724,-4.4,7.621024
2085,4.300242,-5.221543,-4.4,7.621024
2086,4.29194,-5.195274,-4.4,7.621024
2087,4.285497,-5.166843,-4.4,7.621024
2088,4.279538,-5.140618,-4.4,7.621024
2089,4.269516,-5.114423,-4.4,7.621024
2090,4.259527,-5.088531,-4.4,7.621024
2091,4.247478,-5.061183,-4.4,7.621024
2092,4.23545,-5.032756,-4.4,7.621024
2093,4.2233,-5.005198,-4.4,7.621024
2094,4.211805,-4.977492,-4.4,7.621024
2095,4.198558,-4.947502,-4.4,7.621024
2096,4.185877,-4.917848,-4.4,7.621024
2097,4.170983,-4.88703,-4.4,7.621024
2098,4.158183,-4.854447,-4.4,7.621024
2099,4.146091,-4.825503,-4.4,7.621024
2100,4.137604,-4.800509,-4.4,7.621024
2101,4.127581,-4.773735,-4.4,7.621024
2102,4.116604,-4.748457,-4.4,7.621024
2103,4.102557,-4.721009,-4.4,7.621024
2104,4.09046,-4.694033,-4.4,7.621024
2105,4.079079,-4.668186,-4.4,7.621024
2106,4.069584,-4.639931,-4.4,7.621024
2107,4.059451,-4.612902,-4.4,7.621024
2108,4.047655,-4.585629,-4.4,7.621024
2109,4.03592,-4.557502,-4.4,7.621024
2110,4.024681,-4.528521,-4.4,7.621024
2111,4.013743,-4.501279,-4.4,7.621024
2112,4.004873,-4.47253,-4.4,7.621024
2113,3.997695,-4.442315,-4.4,7.621024
2114,3.989763,-4.41236,-4.4,7.621024
2115,3.980969,-4.378697,-4.4,7.621024
2116,3.972147,-4.343812,-4.4,7.621024
2117,3.966896,-4.308918,-4.4,7.621024
2118,3.962419,-4.277326,-4.4,7.621024
2119,3.96006,-4.24723,-4.4,7.621024
2120,3.956185,-4.219695,-4.4,7.621024
2121,3.953351,-4.19047,-4.4,7.621024
2122,3.95012,-4.159591,-4.4,7.621024
2123,3.947252,-4.129801,-4.4,7.621024
2124,3.945149,-4.100757,-4.4,7.621024
2125,3.943361,-4.073759,-4.4,7.621024
2126,3.938266,-4.047278,-4.4,7.621024
2127,3.934188,-4.021684,-4.4,7.621024
2128,3.930108,-3.996916,-4.4,7.621024
2129,3.929155,-3.9745,-4.4,7.621024
2130,3.927169,-3.952388,-4.4,7.621024
2131,3.922242,-3.92752,-4.4,7.621024
2132,3.915632,-3.903387,-4.4,7.621024
2133,3.912364,-3.882223,-4.4,7.621024
2134,3.905231,-3.856983,-4.4,7.621024
2135,3.897121,-3.832714,-4.4,7.621024
2136,3.889365,-3.811126,-4.4,7.621024
2137,3.881402,-3.791015,-4.4,7.621024
2138,3.8738,-3.768548,-4.4,7.621024
2139,3.86584,-3.744717,-4.4,7.621024
2140,3.859729,-3.720313,-4.4,7.621024
2141,3.85163,-3.695825,-4.4,7.621024
2142,3.846636,-3.671722,-4.4,7.621024
2143,3.841036,-3.646983,-4.4,7.621024
2144,3.8324,-3.622808,-4.4,7.621024
2145,3.823364,-3.596505,-4.4,7.621024
2146,3.813674,-3.572047,-4.4,7.621024
2147,3.805306,-3.545536,-4.4,7.621024
2148,3.795153,-3.51733,-4.4,7.621024
2149,3.783058,-3.488398,-4.4,7.621024
2150,3.768511,-3.458587,-4.4,7.621024
2151,3.752349,-3.426159,-4.4,7.621024
2152,3.739395,-3.396553,-4.4,7.621024
2153,3.727149,-3.368273,-4.4,7.621024
2154,3.71591,-3.34321,-4.4,7.621024
2155,3.703194,-3.319397,-4.4,7.621024
2156,3.69224,-3.29435,-4.4,7.621024
2157,3.6794,-3.270246,-4.4,7.621024
2158,3.665416,-3.241204,-4.4,7.621024
2159,3.65305,-3.212881,-4.4,7.621024
2160,3.641547,-3.185743,-4.4,7.621024
2161,3.631528,-3.157397,-4.4,7.621024
2162,3.622346,-3.129807,-4.4,7.621024
2163,3.613882,-3.101657,-4.4,7.621024
2164,3.604962,-3.073428,-4.4,7.621024
2165,3.597038,-3.044805,-4.4,7.621024
2166,3.589686,-3.017373,-4.4,7.621024
2167,3.583791,-2.986212,-4.4,7.621024
2168,3.578228,-2.953409,-4.4,7.621024
2169,3.572488,-2.919213,-4.4,7.621024
2170,3.56625,-2.885734,-4.4,7.621024
2171,3.56101,-2.853818,-4.4,7.621024
2172,3.554939,-2.822191,-4.4,7.621024
2173,3.5498,-2.789707,-4.4,7.621024
2174,3.546096,-2.760774,-4.4,7.621024
2175,3.541317,-2.729809,-4.4,7.621024
2176,3.534883,-2.70051,-4.4,7.621024
2177,3.52815,-2.669247,-4.4,7.621024
2178,3.522565,-2.639286,-4.4,7.621024
2179,3.517061,-2.613004,-4.4,7.621024
2180,3.512118,-2.590004,-4.4,7.621024
2181,3.507746,-2.567123,-4.4,7.621024
2182,3.505049,-2.546277,-4.4,7.621024
2183,3.499131,-2.522947,-4.4,7.621024
2184,3.491857,-2.496197,-4.4,7.621024
2185,3.48327,-2.474148,-4.4,7.621024
2186,3.476148,-2.456055,-4.4,7.621024
2187,3.468065,-2.432909,-4.4,7.621024
2188,3.457728,-2.408159,-4.4,7.621024
2189,3.447434,-2.383294,-4.4,7.621024
2190,3.436362,-2.362974,-4.4,7.621024
2191,3.428175,-2.342374,-4.4,7.621024
2192,3.421258,-2.320002,-4.4,7.621024
2193,3.414613,-2.296743,-4.4,7.621024
2194,3.407129,-2.270901,-4.4,7.621024
2195,3.39834,-2.246222,-4.4,7.621024
2196,3.38913,-2.221074,-4.4,7.621024
2197,3.378911,-2.197,-4.4,7.621024
2198,3.367749,-2.173399,-4.4,7.621024
2199,3.355404,-2.149161,-4.4,7.621024
2200,3.344126,-2.123154,-4.4,7.621024
2201,3.328847,-2.094527,-4.4,7.621024
2202,3.312038,-2.066586,-4.4,7.621024
2203,3.294938,-2.037838,-4.4,7.621024
2204,3.277809,-2.010955,-4.4,7.621024
2205,3.259792,-1.983767,-4.4,7.621024
2206,3.243726,-1.959986,-4.4,7.621024
2207,3.227815,-1.936543,-4.4,7.621024
2208,3.214195,-1.915933,-4.4,7.621024
2209,3.200271,-1.892772,-4.4,7.621024
2210,3.185052,-1.866094,-4.4,7.621024
2211,3.169256,-1.839924,-4.4,7.621024
2212,3.153293,-1.815636,-4.4,7.621024
2213,3.137162,-1.791137,-4.4,7.621024
2214,3.120252,-1.764647,-4.4,7.621024
2215,3.104326,-1.738578,-4.4,7.621024
2216,3.088609,-1.713367,-4.4,7.621024
2217,3.074024,-1.687971,-4.4,7.621024
2218,3.059681,-1.659693,-4.4,7.621024
2219,3.047653,-1.631598,-4.4,7.621024
2220,3.034352,-1.602826,-4.4,7.621024
2221,3.022329,-1.573237,-4.4,7.621024
2222,3.010283,-1.54334,-4.4,7.621024
2223,2.998487,-1.514657,-4.4,7.621024
2224,2.986549,-1.483872,-4.4,7.621024
2225,2.974099,-1.450049,-4.4,7.621024
2226,2.962579,-1.418155,-4.4,7.621024
2227,2.950648,-1.385926,-4.4,7.621024
2228,2.940363,-1.354344,-4.4,7.621024
2229,2.930914,-1.323949,-4.4,7.621024
2230,2.921476,-1.293385,-4.4,7.621024
2231,2.912586,-1.266121,-4.4,7.621024
2232,2.90454,-1.241167,-4.4,7.621024
2233,2.894473,-1.219214,-4.4,7.621024
2234,2.88236,-1.194822,-4.4,7.621024
2235,2.87227,-1.174157,-4.4,7.621024
2236,2.86505,-1.155706,-4.4,7.621024
2237,2.856683,-1.136207,-4.4,7.621024
2238,2.847352,-1.116219,-4.4,7.621024
2239,2.834127,-1.096921,-4.4,7.621024
2240,2.821068,-1.076046,-4.4,7.621024
2241,2.807709,-1.05269,-4.4,7.621024
2242,2.79423,-1.02951,-4.4,7.621024
2243,2.781083,-1.007939,-4.4,7.621024
2244,2.770098,-0.9885742,-4.4,7.621024
2245,2.757581,-0.9688224,-4.4,7.621024
2246,2.743066,-0.9487388,-4.4,7.621024
2247,2.728588,-0.9288518,-4.4,7.621024
2248,2.71375,-0.9077035,-4.4,7.621024
2249,2.695759,-0.8846684,-4.4,7.621024
2250,2.678077,-0.8623802,-4.4,7.621024
2251,2.660429,-0.8410296,-4.4,7.621024
2252,2.642658,-0.8186291,-4.4,7.621024
2253,2.62174,-0.7941274,-4.4,7.621024
2254,2.598138,-0.7684209,-4.4,7.621024
2255,2.574452,-0.7445388,-4.4,7.621024
2256,2.554726,-0.7201735,-4.4,7.621024
2257,2.536063,-0.6937006,-4.4,7.621024
2258,2.519519,-0.6706485,-4.4,7.621024
2259,2.502092,-0.6505603,-4.4,7.621024
2260,2.48237,-0.6298134,-4.4,7.621024
2261,2.462946,-0.6058293,-4.4,7.621024
2262,2.44345,-0.5835785,-4.4,7.621024
2263,2.423905,-0.5629973,-4.4,7.621024
2264,2.40623,-0.5413498,-4.4,7.621024
2265,2.386583,-0.5197266,-4.4,7.621024
2266,2.367379,-0.4986663,-4.4,7.621024
2267,2.348183,-0.4773132,-4.4,7.621024
2268,2.331288,-0.4554826,-4.4,7.621024
2269,2.31537,-0.4317429,-4.4,7.621024
2270,2.299691,-0.4094793,-4.4,7.621024
2271,2.283437,-0.387687,-4.4,7.621024
2272,2.269481,-0.3635137,-4.4,7.621024
2273,2.253773,-0.3393289,-4.4,7.621024
2274,2.238219,-0.3146357,-4.4,7.621024
2275,2.22245,-0.2883016,-4.4,7.621024
2276,2.20726,-0.2596344,-4.4,7.621024
2277,2.192949,-0.2315383,-4.4,7.621024
2278,2.179272,-0.2024182,-4.4,7.621024
2279,2.166107,-0.1723564,-4.4,7.621024
2280,2.150902,-0.1422481,-4.4,7.621024
2281,2.134509,-0.1116808,-4.4,7.621024
2282,2.118721,-0.08147834,-4.4,7.621024
2283,2.104214,-0.05354874,-4.4,7.621024
2284,2.091426,-0.02599258,-4.4,7.621024
2285,2.077352,0.001979917,-4.4,7.621024
2286,2.064756,0.02909326,-4.4,7.621024
2287,2.054625,0.05014624,-4.4,7.621024
2288,2.042531,0.06931953,-4.4,7.621024
2289,2.031469,0.08694364,-4.4,7.621024
2290,2.020088,0.1075125,-4.4,7.621024
2291,2.010124,0.1258632,-4.4,7.621024
2292,1.997681,0.1436259,-4.4,7.621024
2293,1.983485,0.1611461,-4.4,7.621024
2294,1.969463,0.1803307,-4.4,7.621024
2295,1.954852,0.200408,-4.4,7.621024
2296,1.941772,0.216312,-4.4,7.621024
2297,1.927124,0.236674,-4.4,7.621024
2298,1.913245,0.2560148,-4.4,7.621024
2299,1.898457,0.2745167,-4.4,7.621024
2300,1.884732,0.2918843,-4.4,7.621024
2301,1.868306,0.3112763,-4.4,7.621024
2302,1.853926,0.3308357,-4.4,7.621024
2303,1.837864,0.3507735,-4.4,7.621024
2304,1.822786,0.3701992,-4.4,7.621024
2305,1.804048,0.3898123,-4.4,7.621024
2306,1.78543,0.4079556,-4.4,7.621024
2307,1.765495,0.4279292,-4.4,7.621024
2308,1.744229,0.4492579,-4.4,7.621024
2309,1.720937,0.4720249,-4.4,7.621024
2310,1.698656,0.4943751,-4.4,7.621024
2311,1.675748,0.5171742,-4.4,7.621024
2312,1.653117,0.5412821,-4.4,7.621024
2313,1.630974,0.5617958,-4.4,7.621024
2314,1.610713,0.5798876,-4.4,7.621024
2315,1.590721,0.5971786,-4.4,7.621024
2316,1.570429,0.6136919,-4.4,7.621024
2317,1.551561,0.6305941,-4.4,7.621024
2318,1.529513,0.6496108,-4.4,7.621024
2319,1.507514,0.6679569,-4.4,7.621024
2320,1.488185,0.6861311,-4.4,7.621024
2321,1.468698,0.7052141,-4.4,7.621024
2322,1.450886,0.722905,-4.4,7.621024
2323,1.43293,0.7415217,-4.4,7.621024
2324,1.414698,0.7614723,-4.4,7.621024
2325,1.394274,0.7828635,-4.4,7.621024
2326,1.376262,0.8040646,-4.4,7.621024
2327,1.360595,0.8260362,-4.4,7.621024
2328,1.343377,0.8508914,-4.4,7.621024
2329,1.326053,0.8774089,-4.4,7.621024
2330,1.309827,0.9024205,-4.4,7.621024
2331,1.293327,0.9270273,-4.4,7.621024
2332,1.276629,0.952979,-4.4,7.621024
2333,1.261082,0.9784222,-4.4,7.621024
2334,1.246987,1.003971,-4.4,7.621024
2335,1.231784,1.029643,-4.4,7.621024
2336,1.216712,1.054896,-4.4,7.621024
2337,1.203018,1.081281,-4.4,7.621024
2338,1.188371,1.105822,-4.4,7.621024
2339,1.174597,1.132607,-4.4,7.621024
2340,1.161211,1.158956,-4.4,7.621024
2341,1.146237,1.184734,-4.4,7.621024
2342,1.132661,1.209518,-4.4,7.621024
2343,1.120846,1.23128,-4.4,7.621024
2344,1.107419,1.252396,-4.4,7.621024
2345,1.093786,1.272122,-4.4,7.621024
2346,1.081888,1.291138,-4.4,7.621024
2347,1.071171,1.308198,-4.4,7.621024
2348,1.061399,1.322129,-4.4,7.621024
2349,1.045492,1.33984,-4.4,7.621024
2350,1.028756,1.360123,-4.4,7.621024
2351,1.011335,1.377696,-4.4,7.621024
2352,0.9946548,1.393729,-4.4,7.621024
2353,0.9800017,1.411514,-4.4,7.621024
2354,0.9656805,1.428865,-4.4,7.621024
2355,0.95007,1.449136,-4.4,7.621024
2356,0.9345932,1.469995,-4.4,7.621024
2357,0.9199517,1.490519,-4.4,7.621024
2358,0.9055942,1.510496,-4.4,7.621024
2359,0.8889866,1.530405,-4.4,7.621024
2360,0.8697391,1.551068,-4.4,7.621024
2361,0.8498235,1.572758,-4.4,7.621024
2362,0.8295851,1.592874,-4.4,7.621024
2363,0.8082001,1.614053,-4.4,7.621024
2364,0.7854751,1.636163,-4.4,7.621024
2365,0.7626337,1.659319,-4.4,7.621024
2366,0.7417648,1.678824,-4.4,7.621024
2367,0.7180623,1.697883,-4.4,7.621024
2368,0.6981439,1.714851,-4.4,7.621024
2369,0.676556,1.73131,-4.4,7.621024
2370,0.6549131,1.748972,-4.4,7.621024
2371,0.6341734,1.767734,-4.4,7.621024
2372,0.6118814,1.787083,-4.4,7.621024
2373,0.5902126,1.80506,-4.4,7.621024
2374,0.5654729,1.826004,-4.4,7.621024
2375,0.5436288,1.847369,-4.4,7.621024
2376,0.5234398,1.866113,-4.4,7.621024
2377,0.50213,1.885973,-4.4,7.621024
2378,0.4812375,1.904416,-4.4,7.621024
2379,0.4620212,1.924297,-4.4,7.621024
2380,0.4435894,1.945406,-4.4,7.621024
2381,0.4239326,1.970856,-4.4,7.621024
2382,0.4049244,1.994889,-4.4,7.621024
2383,0.3872932,2.02086,-4.4,7.621024
2384,0.3697925,2.048995,-4.4,7.621024
2385,0.3527901,2.077359,-4.4,7.621024
2386,0.335478,2.1068,-4.4,7.621024
2387,0.3164613,2.13678,-4.4,7.621024
2388,0.2993386,2.164832,-4.4,7.621024
2389,0.283061,2.193275,-4.4,7.621024
2390,0.2667961,2.222515,-4.4,7.621024
2391,0.2505481,2.252699,-4.4,7.621024
2392,0.2331841,2.280554,-4.4,7.621024
2393,0.2166132,2.306558,-4.4,7.621024
2394,0.2014208,2.331868,-4.4,7.621024
2395,0.187564,2.357181,-4.4,7.621024
2396,0.1757995,2.377552,-4.4,7.621024
2397,0.1638608,2.396045,-4.4,7.621024
2398,0.1483226,2.413478,-4.4,7.621024
2399,0.1338378,2.431623,-4.4,7.621024
2400,0.1225045,2.448923,-4.4,7.621024
2401,0.1101604,2.463967,-4.4,7.621024
2402,0.0922953,2.485151,-4.4,7.621024
2403,0.07517467,2.505722,-4.4,7.621024
2404,0.05846769,2.52431,-4.4,7.621024
2405,0.04157424,2.542135,-4.4,7.621024
2406,0.02368231,2.556871,-4.4,7.621024
2407,0.009668103,2.569622,-4.4,7.621024
2408,-0.005075431,2.584394,-4.4,7.621024
2409,-0.01931573,2.599235,-4.4,7.621024
2410,-0.03597741,2.616257,-4.4,7.621024
2411,-0.05191869,2.633393,-4.4,7.621024
2412,-0.06808972,2.653082,-4.4,7.621024
2413,-0.08584176,2.671731,-4.4,7.621024
2414,-0.1072447,2.691102,-4.4,7.621024
2415,-0.1279517,2.710196,-4.4,7.621024
2416,-0.1457673,2.727066,-4.4,7.621024
2417,-0.166464,2.744572,-4.4,7.621024
2418,-0.1914289,2.764224,-4.4,7.621024
2419,-0.2171513,2.784613,-4.4,7.621024
2420,-0.2414352,2.805712,-4.4,7.621024
2421,-0.2610812,2.821101,-4.4,7.621024
2422,-0.2794105,2.837786,-4.4,7.621024
2423,-0.2960903,2.852264,-4.4,7.621024
2424,-0.3159272,2.868293,-4.4,7.621024
2425,-0.3351963,2.884642,-4.4,7.621024
2426,-0.3537447,2.902416,-4.4,7.621024
2427,-0.3734168,2.917982,-4.4,7.621024
2428,-0.3931747,2.934157,-4.4,7.621024
2429,-0.4116661,2.95027,-4.4,7.621024
2430,-0.4324187,2.969267,-4.4,7.621024
2431,-0.4545541,2.990155,-4.4,7.621024
2432,-0.4758477,3.009583,-4.4,7.621024
2433,-0.497337,3.03191,-4.4,7.621024
2434,-0.518356,3.057881,-4.4,7.621024
2435,-0.5360026,3.082975,-4.4,7.621024
2436,-0.5536455,3.105967,-4.4,7.621024
2437,-0.5704279,3.13221,-4.4,7.621024
2438,-0.5863444,3.160411,-4.4,7.621024
2439,-0.5994812,3.186173,-4.4,7.621024
2440,-0.6108935,3.210221,-4.4,7.621024
2441,-0.6233161,3.232758,-4.4,7.621024
2442,-0.6345642,3.257476,-4.4,7.621024
2443,-0.6476889,3.280497,-4.4,7.621024
2444,-0.6618705,3.305382,-4.4,7.621024
2445,-0.6756805,3.332852,-4.4,7.621024
2446,-0.6897425,3.361417,-4.4,7.621024
2447,-0.7017395,3.385441,-4.4,7.621024
2448,-0.7129711,3.408039,-4.4,7.621024
2449,-0.7242835,3.431336,-4.4,7.621024
2450,-0.7355019,3.454996,-4.4,7.621024
2451,-0.7465273,3.476977,-4.4,7.621024
2452,-0.7577417,3.495739,-4.4,7.621024
2453,-0.7718122,3.515508,-4.4,7.621024
2454,-0.7859014,3.5319,-4.4,7.621024
2455,-0.798967,3.547849,-4.4,7.621024
2456,-0.8124533,3.565101,-4.4,7.621024
2457,-0.8278539,3.584421,-4.4,7.621024
2458,-0.8480738,3.60535,-4.4,7.621024
2459,-0.8651989,3.623077,-4.4,7.621024
2460,-0.8817706,3.63962,-4.4,7.621024
2461,-0.8984562,3.657396,-4.4,7.621024
2462,-0.9131673,3.676132,-4.4,7.621024
2463,-0.9290056,3.695364,-4.4,7.621024
2464,-0.9454268,3.715009,-4.4,7.621024
2465,-0.9628077,3.734368,-4.4,7.621024
2466,-0.980124,3.754661,-4.4,7.621024
2467,-0.9987466,3.776544,-4.4,7.621024
2468,-1.019729,3.797966,-4.4,7.621024
2469,-1.040694,3.819223,-4.4,7.621024
2470,-1.063878,3.840706,-4.4,7.621024
2471,-1.086434,3.861823,-4.4,7.621024
2472,-1.109396,3.881773,-4.4,7.621024
2473,-1.131969,3.900814,-4.4,7.621024
2474,-1.152936,3.916717,-4.4,7.621024
2475,-1.174632,3.934811,-4.4,7.621024
2476,-1.193874,3.952218,-4.4,7.621024
2477,-1.216291,3.967624,-4.4,7.621024
2478,-1.234304,3.985236,-4.4,7.621024
2479,-1.256073,4.003497,-4.4,7.621024
2480,-1.279067,4.024434,-4.4,7.621024
2481,-1.300635,4.046598,-4.4,7.621024
2482,-1.323994,4.067801,-4.4,7.621024
2483,-1.346969,4.088341,-4.4,7.621024
2484,-1.368593,4.107016,-4.4,7.621024
2485,-1.390378,4.128522,-4.4,7.621024
2486,-1.40952,4.148693,-4.4,7.621024
2487,-1.428683,4.170329,-4.4,7.621024
2488,-1.448282,4.19546,-4.4,7.621024
2489,-1.465685,4.223868,-4.4,7.621024
2490,-1.482843,4.249841,-4.4,7.621024
2491,-1.501059,4.276639,-4.4,7.621024
2492,-1.519079,4.30111,-4.4,7.621024
2493,-1.535855,4.325334,-4.4,7.621024
2494,-1.552643,4.350986,-4.4,7.621024
2495,-1.569873,4.378075,-4.4,7.621024
2496,-1.585929,4.403834,-4.4,7.621024
2497,-1.601942,4.430878,-4.4,7.621024
2498,-1.621131,4.460185,-4.4,7.621024
2499,-1.640092,4.487036,-4.4,7.621024
2500,-1.658107,4.511779,-4.4,7.621024
2501,-1.672548,4.533562,-4.4,7.621024
2502,-1.686497,4.553695,-4.4,7.621024
2503,-1.702387,4.574069,-4.4,7.621024
2504,-1.716767,4.594198,-4.4,7.621024
2505,-1.72856,4.60899,-4.4,7.621024
2506,-1.742417,4.624135,-4.4,7.621024
2507,-1.758697,4.641714,-4.4,7.621024
2508,-1.772536,4.658226,-4.4,7.621024
2509,-1.787175,4.673766,-4.4,7.621024
2510,-1.803519,4.690857,-4.4,7.621024
2511,-1.82041,4.709009,-4.4,7.621024
2512,-1.836847,4.725742,-4.4,7.621024
2513,-1.852186,4.740089,-4.4,7.621024
2514,-1.870872,4.754843,-4.4,7.621024
2515,-1.887159,4.769137,-4.4,7.621024
2516,-1.90291,4.783682,-4.4,7.621024
2517,-1.918407,4.799539,-4.4,7.621024
2518,-1.934863,4.816967,-4.4,7.621024
2519,-1.957692,4.835264,-4.4,7.621024
2520,-1.978927,4.85079,-4.4,7.621024
2521,-2.000844,4.86759,-4.4,7.621024
2522,-2.022228,4.883659,-4.4,7.621024
2523,-2.042543,4.897563,-4.4,7.621024
2524,-2.066975,4.910912,-4.4,7.621024
2525,-2.094656,4.924755,-4.4,7.621024
2526,-2.122751,4.941641,-4.4,7.621024
2527,-2.15066,4.961124,-4.4,7.621024
2528,-2.175335,4.979907,-4.4,7.621024
2529,-2.198411,4.995152,-4.4,7.621024
2530,-2.221878,5.008847,-4.4,7.621024
2531,-2.243361,5.021423,-4.4,7.621024
2532,-2.266878,5.034854,-4.4,7.621024
2533,-2.292369,5.04685,-4.4,7.621024
2534,-2.318595,5.062002,-4.4,7.621024
2535,-2.345592,5.077205,-4.4,7.621024
2536,-2.36943,5.091548,-4.4,7.621024
2537,-2.391021,5.103994,-4.4,7.621024
2538,-2.414253,5.119215,-4.4,7.621024
2539,-2.435887,5.134374,-4.4,7.621024
2540,-2.455957,5.153083,-4.4,7.621024
2541,-2.476107,5.171782,-4.4,7.621024
2542,-2.496121,5.1926,-4.4,7.621024
2543,-2.51553,5.21592,-4.4,7.621024
2544,-2.534952,5.240262,-4.4,7.621024
2545,-2.554449,5.263317,-4.4,7.621024
2546,-2.570951,5.287804,-4.4,7.621024
2547,-2.589518,5.311326,-4.4,7.621024
2548,-2.608331,5.335983,-4.4,7.621024
2549,-2.625754,5.360127,-4.4,7.621024
2550,-2.64208,5.384945,-4.4,7.621024
2551,-2.662817,5.408781,-4.4,7.621024
2552,-2.684664,5.433564,-4.4,7.621024
2553,-2.70476,5.456279,-4.4,7.621024
2554,-2.724115,5.481794,-4.4,7.621024
2555,-2.742862,5.508335,-4.4,7.621024
2556,-2.761576,5.534294,-4.4,7.621024
2557,-2.776786,5.555268,-4.4,7.621024
2558,-2.789642,5.573305,-4.4,7.621024
2559,-2.805498,5.589908,-4.4,7.621024
2560,-2.822782,5.605312,-4.4,7.621024
2561,-2.839644,5.61961,-4.4,7.621024
2562,-2.85328,5.632851,-4.4,7.621024
2563,-2.871924,5.649193,-4.4,7.621024
2564,-2.892531,5.664834,-4.4,7.621024
2565,-2.912787,5.67746,-4.4,7.621024
2566,-2.930909,5.689616,-4.4,7.621024
2567,-2.949547,5.702234,-4.4,7.621024
2568,-2.969553,5.71584,-4.4,7.621024
2569,-2.988314,5.730784,-4.4,7.621024
2570,-3.007083,5.744946,-4.4,7.621024
2571,-3.026181,5.759181,-4.4,7.621024
2572,-3.047715,5.776057,-4.4,7.621024
2573,-3.070979,5.79396,-4.4,7.621024
2574,-3.09436,5.81125,-4.4,7.621024
2575,-3.117412,5.828523,-4.4,7.621024
2576,-3.142656,5.846832,-4.4,7.621024
2577,-3.16652,5.862946,-4.4,7.621024
2578,-3.190692,5.876267,-4.4,7.621024
2579,-3.217528,5.890952,-4.4,7.621024
2580,-3.244792,5.905372,-4.4,7.621024
2581,-3.269458,5.91959,-4.4,7.621024
2582,-3.290766,5.932689,-4.4,7.621024
2583,-3.309011,5.94047,-4.4,7.621024
2584,-3.329218,5.949565,-4.4,7.621024
2585,-3.354941,5.962373,-4.4,7.621024
2586,-3.377931,5.974142,-4.4,7.621024
2587,-3.401156,5.990526,-4.4,7.621024
2588,-3.423742,6.008251,-4.4,7.621024
2589,-3.445222,6.024071,-4.4,7.621024
2590,-3.468837,6.03912,-4.4,7.621024
2591,-3.493277,6.053395,-4.4,7.621024
2592,-3.516034,6.069128,-4.4,7.621024
2593,-3.535879,6.085685,-4.4,7.621024
2594,-3.554593,6.103055,-4.4,7.621024
2595,-3.572262,6.122825,-4.4,7.621024
2596,-3.59107,6.14171,-4.4,7.621024
2597,-3.608347,6.163025,-4.4,7.621024
2598,-3.625898,6.186471,-4.4,7.621024
2599,-3.641843,6.207273,-4.4,7.621024
2600,-3.658743,6.230511,-4.4,7.621024
2601,-3.675401,6.252763,-4.4,7.621024
2602,-3.692475,6.279336,-4.4,7.621024
2603,-3.71032,6.307515,-4.4,7.621024
2604,-3.727865,6.335335,-4.4,7.621024
2605,-3.745993,6.362839,-4.4,7.621024
2606,-3.762136,6.388253,-4.4,7.621024
2607,-3.778712,6.415702,-4.4,7.621024
2608,-3.796453,6.442686,-4.4,7.621024
2609,-3.812338,6.4671,-4.4,7.621024
2610,-3.825001,6.486803,-4.4,7.621024
2611,-3.83904,6.503163,-4.4,7.621024
2612,-3.853622,6.521199,-4.4,7.621024
2613,-3.86687,6.538147,-4.4,7.621024
2614,-3.877053,6.555594,-4.4,7.621024
2615,-3.889687,6.570231,-4.4,7.621024
2616,-3.902712,6.58464,-4.4,7.621024
2617,-3.916067,6.60116,-4.4,7.621024
2618,-3.928379,6.618349,-4.4,7.621024
2619,-3.942314,6.634628,-4.4,7.621024
2620,-3.955242,6.649476,-4.4,7.621024
2621,-3.968448,6.667474,-4.4,7.621024
2622,-3.982991,6.684109,-4.4,7.621024
2623,-3.997642,6.700216,-4.4,7.621024
2624,-4.012121,6.717206,-4.4,7.621024
2625,-4.025251,6.73409,-4.4,7.621024
2626,-4.038857,6.752301,-4.4,7.621024
2627,-4.05401,6.770498,-4.4,7.621024
2628,-4.070451,6.789747,-4.4,7.621024
2629,-4.086718,6.808019,-4.4,7.621024
2630,-4.105188,6.825955,-4.4,7.621024
2631,-4.124757,6.845068,-4.4,7.621024
2632,-4.144572,6.863734,-4.4,7.621024
2633,-4.165612,6.883581,-4.4,7.621024
2634,-4.185446,6.903223,-4.4,7.621024
2635,-4.203196,6.920496,-4.4,7.621024
2636,-4.221021,6.938953,-4.4,7.621024
2637,-4.239042,6.958297,-4.4,7.621024
2638,-4.257435,6.976352,-4.4,7.621024
2639,-4.276914,6.99215,-4.4,7.621024
2640,-4.294136,7.011379,-4.4,7.621024
2641,-4.311812,7.0282,-4.4,7.621024
2642,-4.329993,7.047175,-4.4,7.621024
2643,-4.348633,7.066682,-4.4,7.621024
2644,-4.365109,7.08695,-4.4,7.621024
2645,-4.380371,7.10755,-4.4,7.621024
2646,-4.396606,7.129203,-4.4,7.621024
2647,-4.411399,7.151183,-4.4,7.621024
2648,-4.422108,7.173031,-4.4,7.621024
2649,-4.432892,7.197424,-4.4,7.621024
2650,-4.442896,7.223069,-4.4,7.621024
2651,-4.452294,7.250206,-4.4,7.621024
2652,-4.461159,7.278965,-4.4,7.621024
2653,-4.469434,7.30896,-4.4,7.621024
2654,-4.475165,7.336477,-4.4,7.621024
2655,-4.482481,7.364573,-4.4,7.621024
2656,-4.489249,7.393851,-4.4,7.621024
2657,-4.497034,7.424065,-4.4,7.621024
2658,-4.504534,7.454319,-4.4,7.621024
2659,-4.513124,7.488901,-4.4,7.621024
2660,-4.51786,7.520857,0,8.8
2661,-4.521976,7.549099,0,8.8
2662,-4.527963,7.58086,0,8.8
2663,-4.533655,7.613007,0,8.8
2664,-4.538201,7.641214,0,8.8
2665,-4.542717,7.664246,0,8.8
2666,-4.546827,7.684987,0,8.8
2667,-4.550671,7.706389,0,8.8
2668,-4.554278,7.723645,0,8.8
2669,-4.558758,7.740274,0,8.8
2670,-4.563966,7.757527,0,8.8
2671,-4.567785,7.778818,0,8.8
2672,-4.574136,7.798411,0,8.8
2673,-4.581603,7.818099,0,8.8
2674,-4.589515,7.837994,0,8.8
2675,-4.598574,7.856266,0,8.8
2676,-4.607502,7.875593,0,8.8
2677,-4.616097,7.896461,0,8.8
2678,-4.625385,7.91362,0,8.8
2679,-4.63566,7.931623,0,8.8
2680,-4.646697,7.951208,0,8.8
2681,-4.654844,7.974859,0,8.8
2682,-4.662357,7.995912,0,8.8
2683,-4.666557,8.015585,0,8.8
2684,-4.670233,8.033377,0,8.8
2685,-4.673486,8.051103,0,8.8
2686,-4.674244,8.070196,0,8.8
2687,-4.672753,8.090229,0,8.8
2688,-4.671779,8.106587,0,8.8
2689,-4.670061,8.122246,0,8.8
2690,-4.669864,8.139432,0,8.8
2691,-4.668581,8.153405,0,8.8
2692,-4.666395,8.16974,0,8.8
2693,-4.663931,8.186118,0,8.8
2694,-4.658328,8.2006,0,8.8
2695,-4.651641,8.216167,0,8.8
2696,-4.643809,8.229941,0,8.8
2697,-4.638178,8.242888,0,8.8
2698,-4.631261,8.256267,0,8.8
2699,-4.62356,8.268762,0,8.8
2700,-4.614333,8.280822,0,8.8
2701,-4.609622,8.290748,0,8.8
2702,-4.605485,8.299377,0,8.8
2703,-4.595064,8.308505,0,8.8
2704,-4.58218,8.318002,0,8.8
2705,-4.568492,8.326667,0,8.8
2706,-4.553412,8.335457,0,8.8
2707,-4.536624,8.343595,0,8.8
2708,-4.517259,8.351428,0,8.8
2709,-4.495479,8.357844,0,8.8
2710,-4.474653,8.361802,0,8.8
2711,-4.452331,8.365138,0,8.8
2712,-4.430299,8.369484,0,8.8
2713,-4.406788,8.374324,0,8.8
2714,-4.383579,8.379329,0,8.8
2715,-4.356895,8.386946,0,8.8
2716,-4.332909,8.391944,0,8.8
2717,-4.310256,8.397083,0,8.8
2718,-4.28621,8.402369,0,8.8
2719,-4.263466,8.404501,0,8.8
2720,-4.244846,8.411572,0,8.8
2721,-4.223141,8.419438,0,8.8
2722,-4.201597,8.422249,0,8.8
2723,-4.181511,8.42585,0,8.8
2724,-4.165272,8.430548,0,8.8
2725,-4.144105,8.43616,0,8.8
2726,-4.124553,8.443217,0,8.8
2727,-4.103684,8.449699,0,8.8
2728,-4.081005,8.458596,0,8.8
2729,-4.062421,8.468352,0,8.8
2730,-4.042327,8.478245,0,8.8
2731,-4.02341,8.486701,0,8.8
2732,-4.005733,8.495668,0,8.8
2733,-3.986227,8.503671,0,8.8
2734,-3.967041,8.513209,0,8.8
2735,-3.945856,8.523038,0,8.8
2736,-3.923068,8.532146,0,8.8
2737,-3.902895,8.540661,0,8.8
2738,-3.882478,8.54792,0,8.8
2739,-3.859637,8.557302,0,8.8
2740,-3.833886,8.56721,0,8.8
2741,-3.810008,8.578872,0,8.8
2742,-3.783852,8.591654,0,8.8
2743,-3.758543,8.604017,0,8.8
2744,-3.734966,8.611916,0,8.8
2745,-3.712255,8.617727,0,8.8
2746,-3.692943,8.626423,0,8.8
2747,-3.67513,8.636388,0,8.8
2748,-3.652454,8.644326,0,8.8
2749,-3.627412,8.651682,0,8.8
2750,-3.604663,8.658448,0,8.8
2751,-3.579159,8.66531,0,8.8
2752,-3.55258,8.672722,0,8.8
2753,-3.525405,8.680547,0,8.8
2754,-3.500834,8.686769,0,8.8
2755,-3.476042,8.691664,0,8.8
2756,-3.449075,8.695362,0,8.8
2757,-3.420143,8.698895,0,8.8
2758,-3.390215,8.700461,0,8.8
2759,-3.361958,8.699704,0,8.8
2760,-3.333978,8.697053,0,8.8
2761,-3.305758,8.693198,0,8.8
2762,-3.280042,8.691001,0,8.8
2763,-3.254375,8.687362,0,8.8
2764,-3.227971,8.68364,0,8.8
2765,-3.197824,8.68144,0,8.8
2766,-3.166896,8.67828,0,8.8
2767,-3.138016,8.675038,0,8.8
2768,-3.109943,8.672773,0,8.8
2769,-3.083542,8.670775,0,8.8
2770,-3.05767,8.66844,0,8.8
2771,-3.035767,8.665671,0,8.8
2772,-3.011566,8.665381,0,8.8
2773,-2.989661,8.665895,0,8.8
2774,-2.970915,8.666577,0,8.8
2775,-2.949692,8.667928,0,8.8
2776,-2.928885,8.670527,0,8.8
2777,-2.909224,8.674186,0,8.8
2778,-2.885665,8.678113,0,8.8
2779,-2.865267,8.680232,0,8.8
2780,-2.84627,8.683826,0,8.8
2781,-2.827231,8.687678,0,8.8
2782,-2.807684,8.692325,0,8.8
2783,-2.788419,8.697264,0,8.8
2784,-2.766996,8.7015,0,8.8
2785,-2.743295,8.704167,0,8.8
2786,-2.719014,8.707279,0,8.8
2787,-2.696093,8.708659,0,8.8
2788,-2.669834,8.712089,0,8.8
2789,-2.643275,8.715587,0,8.8
2790,-2.618953,8.719262,0,8.8
2791,-2.59456,8.724187,0,8.8
2792,-2.570827,8.730116,0,8.8
2793,-2.544178,8.738457,0,8.8
2794,-2.51333,8.74759,0,8.8
2795,-2.481179,8.756636,0,8.8
2796,-2.452196,8.763901,0,8.8
2797,-2.424579,8.768294,0,8.8
2798,-2.399282,8.772527,0,8.8
2799,-2.377613,8.778154,0,8.8
2800,-2.359926,8.786196,0,8.8
2801,-2.337419,8.790346,0,8.8
2802,-2.316671,8.796267,0,8.8
2803,-2.291848,8.805393,0,8.8
2804,-2.265491,8.813301,0,8.8
2805,-2.239923,8.820561,0,8.8
2806,-2.212714,8.82731,0,8.8
2807,-2.185389,8.835373,0,8.8
2808,-2.158332,8.841375,0,8.8
2809,-2.129182,8.845573,0,8.8
2810,-2.100373,8.847981,0,8.8
2811,-2.072014,8.850801,0,8.8
2812,-2.042421,8.850935,0,8.8
2813,-2.012338,8.849925,0,8.8
2814,-1.982873,8.848274,0,8.8
2815,-1.951703,8.845201,0,8.8
2816,-1.925891,8.841251,0,8.8
2817,-1.898859,8.836449,0,8.8
2818,-1.87077,8.830204,0,8.8
2819,-1.844775,8.827234,0,8.8
2820,-1.816087,8.822833,0,8.8
2821,-1.785335,8.817749,0,8.8
2822,-1.752648,8.812403,0,8.8
2823,-1.724585,8.807913,0,8.8
2824,-1.700389,8.804951,0,8.8
2825,-1.676241,8.805682,0,8.8
2826,-1.652667,8.804267,0,8.8
2827,-1.628529,8.802322,0,8.8
2828,-1.606734,8.801515,0,8.8
2829,-1.58883,8.800998,0,8.8
2830,-1.569275,8.80009,0,8.8
2831,-1.549878,8.802705,0,8.8
2832,-1.525527,8.804383,0,8.8
2833,-1.501138,8.805812,0,8.8
2834,-1.47776,8.808133,0,8.8
2835,-1.454225,8.810971,0,8.8
2836,-1.430054,8.816738,0,8.8
2837,-1.407218,8.821089,0,8.8
2838,-1.38558,8.825827,0,8.8
2839,-1.363664,8.829551,0,8.8
2840,-1.340752,8.833864,0,8.8
2841,-1.314353,8.839447,0,8.8
2842,-1.290766,8.844594,0,8.8
2843,-1.263751,8.849648,0,8.8
2844,-1.238043,8.854904,0,8.8
2845,-1.212296,8.861799,0,8.8
2846,-1.181805,8.86858,0,8.8
2847,-1.153443,8.877447,0,8.8
2848,-1.124045,8.8856,0,8.8
2849,-1.095151,8.89208,0,8.8
2850,-1.068786,8.89617,0,8.8
2851,-1.043427,8.902847,0,8.8
2852,-1.017894,8.907774,0,8.8
2853,-0.9910912,8.915717,0,8.8
2854,-0.9658729,8.924339,0,8.8
2855,-0.9380331,8.933541,0,8.8
2856,-0.9081576,8.940173,0,8.8
2857,-0.8815751,8.94842,0,8.8
2858,-0.8580731,8.95643,0,8.8
2859,-0.8360744,8.965688,0,8.8
2860,-0.8118483,8.973327,0,8.8
2861,-0.7864059,8.980403,0,8.8
2862,-0.7584188,8.98601,0,8.8
2863,-0.7330762,8.990128,0,8.8
2864,-0.7083334,8.992567,0,8.8
2865,-0.6820911,8.993366,0,8.8
2866,-0.65469,8.993335,0,8.8
2867,-0.6236346,8.994495,0,8.8
2868,-0.5941849,8.993512,0,8.8
2869,-0.5640222,8.989887,0,8.8
2870,-0.5350884,8.987644,0,8.8
2871,-0.5039332,8.985086,0,8.8
2872,-0.4728405,8.981188,0,8.8
2873,-0.4405156,8.977505,0,8.8
2874,-0.4089721,8.973959,0,8.8
2875,-0.3766391,8.968336,0,8.8
2876,-0.3419026,8.963178,0,8.8
2877,-0.31204,8.959475,0,8.8
2878,-0.2863119,8.95751,0,8.8
2879,-0.258805,8.955713,0,8.8
2880,-0.2333517,8.951698,0,8.8
2881,-0.2117466,8.947731,0,8.8
2882,-0.1889522,8.946103,0,8.8
2883,-0.1690166,8.945865,0,8.8
2884,-0.1468322,8.946729,0,8.8
2885,-0.1234137,8.94874,0,8.8
2886,-0.09831531,8.949463,4.4,7.621024
2887,-0.07251417,8.947701,4.4,7.621024
2888,-0.05013987,8.946451,4.4,7.621024
2889,-0.02774384,8.948982,4.4,7.621024
2890,-0.003887519,8.950555,4.4,7.621024
2891,0.02051744,8.95349,4.4,7.621024
2892,0.04596861,8.95597,4.4,7.621024
2893,0.06887898,8.957352,4.4,7.621024
2894,0.09071475,8.95933,4.4,7.621024
2895,0.1122554,8.961076,4.4,7.621024
2896,0.1360596,8.962046,4.4,7.621024
2897,0.1616546,8.963004,4.4,7.621024
2898,0.190508,8.963492,4.4,7.621024
2899,0.2181417,8.965718,4.4,7.621024
2900,0.2477022,8.971774,4.4,7.621024
2901,0.2801228,8.977814,4.4,7.621024
2902,0.3113454,8.98081,4.4,7.621024
2903,0.3420395,8.984338,4.4,7.621024
2904,0.3682289,8.985295,4.4,7.621024
2905,0.3948703,8.987885,4.4,7.621024
2906,0.4200015,8.991534,4.4,7.621024
2907,0.443927,8.99519,4.4,7.621024
2908,0.4664342,8.998237,4.4,7.621024
2909,0.4925639,8.999908,4.4,7.621024
2910,0.5200664,9.003494,4.4,7.621024
2911,0.548916,9.006445,4.4,7.621024
2912,0.5772465,9.010373,4.4,7.621024
2913,0.6081959,9.013848,4.4,7.621024
2914,0.637981,9.015273,4.4,7.621024
2915,0.6673145,9.01555,4.4,7.621024
2916,0.6928282,9.016245,4.4,7.621024
2917,0.718919,9.0148,4.4,7.621024
2918,0.7451807,9.010363,4.4,7.621024
2919,0.7725688,9.006979,4.4,7.621024
2920,0.8031365,9.001595,4.4,7.621024
2921,0.8343759,8.993176,4.4,7.621024
2922,0.8638791,8.982448,4.4,7.621024
2923,0.8912218,8.972701,4.4,7.621024
2924,0.9180863,8.965125,4.4,7.621024
2925,0.9460998,8.957519,4.4,7.621024
2926,0.9760278,8.948746,4.4,7.621024
2927,1.00778,8.939121,4.4,7.621024
2928,1.03865,8.928934,4.4,7.621024
2929,1.070723,8.917503,4.4,7.621024
2930,1.100534,8.90697,4.4,7.621024
2931,1.126933,8.899986,4.4,7.621024
2932,1.152806,8.890038,4.4,7.621024
2933,1.178151,8.881543,4.4,7.621024
2934,1.202742,8.872255,4.4,7.621024
2935,1.225465,8.8641,4.4,7.621024
2936,1.244664,8.857606,4.4,7.621024
2937,1.264341,8.853301,4.4,7.621024
2938,1.282688,8.849165,4.4,7.621024
2939,1.305985,8.845795,4.4,7.621024
2940,1.330856,8.841191,4.4,7.621024
2941,1.355614,8.838545,4.4,7.621024
2942,1.380324,8.837976,4.4,7.621024
2943,1.402999,8.838494,4.4,7.621024
2944,1.42668,8.838734,4.4,7.621024
2945,1.446617,8.83864,4.4,7.621024
2946,1.468941,8.839827,4.4,7.621024
2947,1.49343,8.837701,4.4,7.621024
2948,1.519548,8.834492,4.4,7.621024
2949,1.545742,8.830999,4.4,7.621024
2950,1.571094,8.827166,4.4,7.621024
2951,1.595474,8.824142,4.4,7.621024
2952,1.619879,8.821432,4.4,7.621024
2953,1.647111,8.82127,4.4,7.621024
2954,1.677027,8.822957,4.4,7.621024
2955,1.705784,8.82443,4.4,7.621024
2956,1.736585,8.824571,4.4,7.621024
2957,1.764139,8.822487,4.4,7.621024
2958,1.790938,8.821005,4.4,7.621024
2959,1.816605,8.821088,4.4,7.621024
2960,1.841095,8.823199,4.4,7.621024
2961,1.865507,8.826298,4.4,7.621024
2962,1.892173,8.826518,4.4,7.621024
2963,1.921148,8.827277,4.4,7.621024
2964,1.949362,8.827816,4.4,7.621024
2965,1.977982,8.829642,4.4,7.621024
2966,2.006732,8.829728,4.4,7.621024
2967,2.034043,8.828133,4.4,7.621024
2968,2.061137,8.825223,4.4,7.621024
2969,2.086491,8.820607,4.4,7.621024
2970,2.109141,8.817107,4.4,7.621024
2971,2.134555,8.810267,4.4,7.621024
2972,2.162766,8.801514,4.4,7.621024
2973,2.191787,8.790727,4.4,7.621024
2974,2.223754,8.778039,4.4,7.621024
2975,2.253722,8.765978,4.4,7.621024
2976,2.280489,8.755473,4.4,7.621024
2977,2.306423,8.743371,4.4,7.621024
2978,2.332804,8.731091,4.4,7.621024
2979,2.36293,8.71528,4.4,7.621024
2980,2.392164,8.700618,4.4,7.621024
2981,2.422305,8.68626,4.4,7.621024
2982,2.452516,8.669715,4.4,7.621024
2983,2.481538,8.654205,4.4,7.621024
2984,2.510566,8.639155,4.4,7.621024
2985,2.536738,8.625485,4.4,7.621024
2986,2.559977,8.615558,4.4,7.621024
2987,2.582714,8.606809,4.4,7.621024
2988,2.602046,8.59839,4.4,7.621024
2989,2.623909,8.589603,4.4,7.621024
2990,2.645403,8.584221,4.4,7.621024
2991,2.667492,8.57927,4.4,7.621024
2992,2.689576,8.57115,4.4,7.621024
2993,2.711615,8.563198,4.4,7.621024
2994,2.733856,8.557733,4.4,7.621024
2995,2.757664,8.551751,4.4,7.621024
2996,2.779377,8.54729,4.4,7.621024
2997,2.799221,8.543414,4.4,7.621024
2998,2.821063,8.539247,4.4,7.621024
2999,2.845727,8.534066,4.4,7.621024
3000,2.869338,8.528708,4.4,7.621024
3001,2.890318,8.523301,4.4,7.621024
3002,2.912566,8.516092,4.4,7.621024
3003,2.934003,8.510156,4.4,7.621024
3004,2.95802,8.506764,4.4,7.621024
3005,2.984858,8.504028,4.4,7.621024
3006,3.011377,8.499618,4.4,7.621024
3007,3.039898,8.496155,4.4,7.621024
3008,3.067286,8.492551,4.4,7.621024
3009,3.097744,8.489745,4.4,7.621024
3010,3.130149,8.4851,4.4,7.621024
3011,3.155592,8.480836,4.4,7.621024
3012,3.183105,8.477153,4.4,7.621024
3013,3.209326,8.473658,4.4,7.621024
3014,3.234664,8.470056,4.4,7.621024
3015,3.260129,8.46741,4.4,7.621024
3016,3.285047,8.466407,4.4,7.621024
3017,3.312014,8.463215,4.4,7.621024
3018,3.340749,8.459163,4.4,7.621024
3019,3.367632,8.454066,4.4,7.621024
3020,3.394968,8.447699,4.4,7.621024
3021,3.421371,8.442158,4.4,7.621024
3022,3.447711,8.436989,4.4,7.621024
3023,3.474626,8.428716,4.4,7.621024
3024,3.50159,8.417104,4.4,7.621024
3025,3.528186,8.404986,4.4,7.621024
3026,3.554147,8.390658,4.4,7.621024
3027,3.578015,8.376956,4.4,7.621024
3028,3.604576,8.359664,4.4,7.621024
3029,3.629754,8.342057,4.4,7.621024
3030,3.652319,8.326291,4.4,7.621024
3031,3.675351,8.308641,4.4,7.621024
3032,3.699314,8.291053,4.4,7.621024
3033,3.723655,8.272402,4.4,7.621024
3034,3.747437,8.25321,4.4,7.621024
3035,3.769813,8.232838,4.4,7.621024
3036,3.793742,8.213025,4.4,7.621024
3037,3.816748,8.194633,4.4,7.621024
3038,3.837852,8.176437,4.4,7.621024
3039,3.858257,8.15998,4.4,7.621024
3040,3.876206,8.144771,4.4,7.621024
3041,3.892433,8.130268,4.4,7.621024
3042,3.907384,8.117105,4.4,7.621024
3043,3.92395,8.105167,4.4,7.621024
3044,3.941,8.095819,4.4,7.621024
3045,3.962226,8.085044,4.4,7.621024
3046,3.982922,8.074314,4.4,7.621024
3047,4.004692,8.0641,4.4,7.621024
3048,4.026209,8.054102,4.4,7.621024
3049,4.047235,8.04296,4.4,7.621024
3050,4.068229,8.034137,4.4,7.621024
3051,4.089915,8.023814,4.4,7.621024
3052,4.112368,8.012425,4.4,7.621024
3053,4.131916,8.001613,4.4,7.621024
3054,4.149868,7.992357,-7.621024,-4.4
3055,4.161147,7.986663,-7.621024,-4.4
3056,4.175794,7.980385,-7.621024,-4.4
3057,4.192938,7.975798,-7.621024,-4.4
3058,4.2129,7.971793,-7.621024,-4.4
3059,4.236125,7.967681,-7.621024,-4.4
3060,4.259683,7.962617,-7.621024,-4.4
3061,4.276291,7.957345,-7.621024,-4.4
3062,4.294125,7.949567,-7.621024,-4.4
3063,4.310852,7.938112,-7.621024,-4.4
3064,4.325057,7.926507,-7.621024,-4.4
3065,4.338884,7.914298,-7.621024,-4.4
3066,4.353879,7.902112,-7.621024,-4.4
3067,4.368382,7.888619,-7.621024,-4.4
3068,4.384459,7.873281,-7.621024,-4.4
3069,4.396737,7.859338,-7.621024,-4.4
3070,4.406896,7.844854,-7.621024,-4.4
3071,4.416404,7.832449,-7.621024,-4.4
3072,4.425671,7.81939,-7.621024,-4.4
3073,4.434472,7.807593,-7.621024,-4.4
3074,4.441879,7.79453,-7.621024,-4.4
3075,4.448685,7.781899,-7.621024,-4.4
3076,4.452833,7.763402,-7.621024,-4.4
3077,4.454179,7.745216,-7.621024,-4.4
3078,4.45262,7.725317,-7.621024,-4.4
3079,4.44932,7.705275,-7.621024,-4.4
3080,4.444805,7.685301,-7.621024,-4.4
3081,4.439059,7.663684,-7.621024,-4.4
3082,4.431905,7.647073,-7.621024,-4.4
3083,4.423206,7.628676,-7.621024,-4.4
3084,4.4134,7.60937,-7.621024,-4.4
3085,4.402647,7.590176,-7.621024,-4.4
3086,4.390061,7.570355,-7.621024,-4.4
3087,4.37847,7.549379,-7.621024,-4.4
3088,4.365502,7.527045,-7.621024,-4.4
3089,4.349883,7.501347,-7.621024,-4.4
3090,4.33256,7.474716,-7.621024,-4.4
3091,4.317333,7.451022,-7.621024,-4.4
3092,4.304592,7.432901,-7.621024,-4.4
3093,4.295581,7.417897,-7.621024,-4.4
3094,4.28756,7.401437,-7.621024,-4.4
3095,4.27903,7.385166,-7.621024,-4.4
3096,4.274529,7.368678,-7.621024,-4.4
3097,4.266775,7.348364,-7.621024,-4.4
3098,4.257743,7.3282,-7.621024,-4.4
3099,4.248487,7.309772,-7.621024,-4.4
3100,4.241577,7.28826,-7.621024,-4.4
3101,4.232976,7.265227,-7.621024,-4.4
3102,4.225016,7.241799,-7.621024,-4.4
3103,4.218843,7.221116,-7.621024,-4.4
3104,4.212292,7.20163,-7.621024,-4.4
3105,4.204393,7.17826,-7.621024,-4.4
3106,4.19633,7.156841,-7.621024,-4.4
3107,4.186819,7.136109,-7.621024,-4.4
3108,4.178335,7.116332,-7.621024,-4.4
3109,4.170068,7.095114,-7.621024,-4.4
3110,4.162039,7.074454,-7.621024,-4.4
3111,4.154025,7.053575,-7.621024,-4.4
3112,4.145005,7.028722,-7.621024,-4.4
3113,4.137505,7.005702,-7.621024,-4.4
3114,4.12967,6.981023,-7.621024,-4.4
3115,4.119145,6.954424,-7.621024,-4.4
3116,4.108179,6.925626,-7.621024,-4.4
3117,4.097813,6.898558,-7.621024,-4.4
3118,4.088639,6.870851,-7.621024,-4.4
3119,4.079615,6.843324,-7.621024,-4.4
3120,4.070444,6.816998,-7.621024,-4.4
3121,4.062713,6.790257,-7.621024,-4.4
3122,4.05537,6.765631,-7.621024,-4.4
3123,4.045965,6.739054,-7.621024,-4.4
3124,4.035241,6.710742,-7.621024,-4.4
3125,4.02349,6.682425,-7.621024,-4.4
3126,4.008893,6.655211,-7.621024,-4.4
3127,3.994171,6.629763,-7.621024,-4.4
3128,3.980938,6.606977,-7.621024,-4.4
3129,3.96467,6.585039,-7.621024,-4.4
3130,3.948866,6.565681,-7.621024,-4.4
3131,3.93124,6.546975,-7.621024,-4.4
3132,3.911446,6.525726,-7.621024,-4.4
3133,3.890176,6.503334,-7.621024,-4.4
3134,3.868332,6.480204,-7.621024,-4.4
3135,3.847595,6.456962,-7.621024,-4.4
3136,3.827429,6.436303,-7.621024,-4.4
3137,3.804756,6.415426,-7.621024,-4.4
3138,3.780019,6.393528,-7.621024,-4.4
3139,3.753161,6.370872,-7.621024,-4.4
3140,3.728845,6.34977,-7.621024,-4.4
3141,3.705241,6.327566,-7.621024,-4.4
3142,3.680544,6.304564,-7.621024,-4.4
3143,3.655735,6.282322,-7.621024,-4.4
3144,3.630054,6.259628,-7.621024,-4.4
3145,3.610088,6.24224,-7.621024,-4.4
3146,3.593807,6.226719,-7.621024,-4.4
3147,3.579171,6.211601,-7.621024,-4.4
3148,3.564001,6.196712,-7.621024,-4.4
3149,3.552107,6.182316,-7.621024,-4.4
3150,3.537825,6.165225,-7.621024,-4.4
3151,3.524815,6.147515,-7.621024,-4.4
3152,3.513886,6.129069,-7.621024,-4.4
3153,3.50316,6.109234,-7.621024,-4.4
3154,3.489477,6.090797,-7.621024,-4.4
3155,3.475007,6.072403,-7.621024,-4.4
3156,3.460486,6.051444,-7.621024,-4.4
3157,3.447855,6.030571,-7.621024,-4.4
3158,3.434994,6.01164,-7.621024,-4.4
3159,3.42179,5.991435,-7.621024,-4.4
3160,3.407744,5.972066,-7.621024,-4.4
3161,3.390783,5.951319,-7.621024,-4.4
3162,3.374791,5.930937,-7.621024,-4.4
3163,3.358147,5.910729,-7.621024,-4.4
3164,3.342254,5.889808,-7.621024,-4.4
3165,3.326842,5.869237,-7.621024,-4.4
3166,3.311343,5.848614,-7.621024,-4.4
3167,3.295494,5.821878,-7.621024,-4.4
3168,3.278008,5.793499,-7.621024,-4.4
3169,3.259943,5.765437,-7.621024,-4.4
3170,3.242484,5.735249,-7.621024,-4.4
3171,3.228192,5.708392,-7.621024,-4.4
3172,3.2124,5.68291,-7.621024,-4.4
3173,3.198174,5.661478,-7.621024,-4.4
3174,3.185353,5.63747,-7.621024,-4.4
3175,3.172774,5.614246,-7.621024,-4.4
3176,3.162172,5.591707,-7.621024,-4.4
3177,3.149922,5.567611,-7.621024,-4.4
3178,3.134147,5.544806,-7.621024,-4.4
3179,3.11878,5.521621,-7.621024,-4.4
3180,3.104761,5.498379,-7.621024,-4.4
3181,3.088397,5.474604,-7.621024,-4.4
3182,3.069168,5.452882,-7.621024,-4.4
3183,3.048614,5.430823,-7.621024,-4.4
3184,3.028687,5.409745,-7.621024,-4.4
3185,3.008679,5.392064,-7.621024,-4.4
3186,2.987378,5.373982,-7.621024,-4.4
3187,2.964735,5.355199,-7.621024,-4.4
3188,2.939427,5.33548,-7.621024,-4.4
3189,2.913558,5.317178,-7.621024,-4.4
3190,2.887316,5.29735,-7.621024,-4.4
3191,2.859486,5.276078,-7.621024,-4.4
3192,2.831989,5.257336,-7.621024,-4.4
3193,2.805826,5.23969,-7.621024,-4.4
3194,2.780401,5.221393,-7.621024,-4.4
3195,2.755276,5.20473,-7.621024,-4.4
3196,2.729203,5.18763,-7.621024,-4.4
3197,2.703944,5.171477,-7.621024,-4.4
3198,2.681333,5.157403,-7.621024,-4.4
3199,2.662253,5.144681,-7.621024,-4.4
3200,2.64342,5.131676,-7.621024,-4.4
3201,2.622,5.117953,-7.621024,-4.4
3202,2.602934,5.104911,-7.621024,-4.4
3203,2.587778,5.093223,-7.621024,-4.4
3204,2.574031,5.081103,-7.621024,-4.4
3205,2.560889,5.068594,-7.621024,-4.4
3206,2.546813,5.054563,-7.621024,-4.4
3207,2.533053,5.037326,-7.621024,-4.4
3208,2.5168,5.016032,-7.621024,-4.4
3209,2.496118,4.997766,-7.621024,-4.4
3210,2.478542,4.980518,-7.621024,-4.4
3211,2.46348,4.962852,-7.621024,-4.4
3212,2.449769,4.947619,-7.621024,-4.4
3213,2.435634,4.930982,-7.621024,-4.4
3214,2.420394,4.915808,-7.621024,-4.4
3215,2.406479,4.900319,-7.621024,-4.4
3216,2.391293,4.882182,-7.621024,-4.4
3217,2.373296,4.86447,-7.621024,-4.4
3218,2.35874,4.846254,-7.621024,-4.4
3219,2.343447,4.826497,-7.621024,-4.4
3220,2.32864,4.806845,-7.621024,-4.4
3221,2.311796,4.784986,-7.621024,-4.4
3222,2.296959,4.76354,-7.621024,-4.4
3223,2.282206,4.739795,-7.621024,-4.4
3224,2.264155,4.715535,-7.621024,-4.4
3225,2.241858,4.689722,-7.621024,-4.4
3226,2.223019,4.664191,-7.621024,-4.4
3227,2.204569,4.639344,-7.621024,-4.4
3228,2.188417,4.618316,-7.621024,-4.4
3229,2.170101,4.596484,-7.621024,-4.4
3230,2.152566,4.575609,-7.621024,-4.4
3231,2.135662,4.552706,-7.621024,-4.4
3232,2.119045,4.532089,-7.621024,-4.4
3233,2.100506,4.508743,-7.621024,-4.4
3234,2.079807,4.485695,-7.621024,-4.4
3235,2.061228,4.464423,-7.621024,-4.4
3236,2.042417,4.445316,-7.621024,-4.4
3237,2.021842,4.42737,-7.621024,-4.4
3238,2.002066,4.410061,-7.621024,-4.4
3239,1.979798,4.392241,-7.621024,-4.4
3240,1.956682,4.375508,-7.621024,-4.4
3241,1.933439,4.358448,-7.621024,-4.4
3242,1.908597,4.342628,-7.621024,-4.4
3243,1.884403,4.326388,-7.621024,-4.4
3244,1.862278,4.311513,-7.621024,-4.4
3245,1.837802,4.295912,-7.621024,-4.4
3246,1.814138,4.280562,-7.621024,-4.4
3247,1.791114,4.264049,-7.621024,-4.4
3248,1.76661,4.247969,-7.621024,-4.4
3249,1.74203,4.232566,-7.621024,-4.4
3250,1.717516,4.218503,-7.621024,-4.4
3251,1.692052,4.204078,-7.621024,-4.4
3252,1.667277,4.19016,-7.621024,-4.4
3253,1.644191,4.176671,-7.621024,-4.4
3254,1.62518,4.165022,-7.621024,-4.4
3255,1.60552,4.15233,-7.621024,-4.4
3256,1.58764,4.138991,-7.621024,-4.4
3257,1.571086,4.127776,-7.621024,-4.4
3258,1.556616,4.115939,-7.621024,-4.4
3259,1.540619,4.105257,-7.621024,-4.4
3260,1.525468,4.093879,-7.621024,-4.4
3261,1.508522,4.080115,-7.621024,-4.4
3262,1.488513,4.063954,-7.621024,-4.4
3263,1.468313,4.046896,-7.621024,-4.4
3264,1.451175,4.029863,-7.621024,-4.4
3265,1.437027,4.015215,-7.621024,-4.4
3266,1.421917,4.000427,-7.621024,-4.4
3267,1.404306,3.98282,-7.621024,-4.4
3268,1.38663,3.965622,-7.621024,-4.4
3269,1.369041,3.949324,-7.621024,-4.4
3270,1.349466,3.929823,-7.621024,-4.4
3271,1.332144,3.911885,-7.621024,-4.4
3272,1.314003,3.890254,-7.621024,-4.4
3273,1.296649,3.872299,-7.621024,-4.4
3274,1.277212,3.850364,-7.621024,-4.4
3275,1.257246,3.827805,-7.621024,-4.4
3276,1.238604,3.802463,-7.621024,-4.4
3277,1.219805,3.779859,-7.621024,-4.4
3278,1.199022,3.755983,-7.621024,-4.4
3279,1.18136,3.733156,-7.621024,-4.4
3280,1.164513,3.709686,-7.621024,-4.4
3281,1.145609,3.687345,-7.621024,-4.4
3282,1.127976,3.665406,-7.621024,-4.4
3283,1.111973,3.642108,-7.621024,-4.4
3284,1.093194,3.617435,-7.621024,-4.4
3285,1.075784,3.592685,-7.621024,-4.4
3286,1.058092,3.570562,-7.621024,-4.4
3287,1.039965,3.547265,-7.621024,-4.4
3288,1.024521,3.523675,-7.621024,-4.4
3289,1.007154,3.49897,-7.621024,-4.4
3290,0.988852,3.474672,-7.621024,-4.4
3291,0.9697528,3.452447,-7.621024,-4.4
3292,0.9496523,3.430515,-7.621024,-4.4
3293,0.9293061,3.410757,-7.621024,-4.4
3294,0.9072879,3.389838,-7.621024,-4.4
3295,0.8830172,3.368767,-7.621024,-4.4
3296,0.8588969,3.348501,-7.621024,-4.4
3297,0.831341,3.327893,-7.621024,-4.4
3298,0.8055498,3.308355,-7.621024,-4.4
3299,0.779494,3.290265,-7.621024,-4.4
3300,0.7531815,3.271464,-7.621024,-4.4
3301,0.7243001,3.250951,-7.621024,-4.4
3302,0.696198,3.231858,-7.621024,-4.4
3303,0.669098,3.21477,-7.621024,-4.4
3304,0.6426626,3.196406,-7.621024,-4.4
3305,0.6180806,3.177915,-7.621024,-4.4
3306,0.5957637,3.161781,-7.621024,-4.4
3307,0.575519,3.14467,-7.621024,-4.4
3308,0.5569819,3.129893,-7.621024,-4.4
3309,0.5396358,3.113197,-7.621024,-4.4
3310,0.5221512,3.095006,-7.621024,-4.4
3311,0.5052369,3.078568,-7.621024,-4.4
3312,0.4902172,3.06242,-7.621024,-4.4
3313,0.4774151,3.047132,-7.621024,-4.4
3314,0.4637202,3.032218,-7.621024,-4.4
3315,0.4458397,3.016187,-7.621024,-4.4
3316,0.4308474,3.000742,-7.621024,-4.4
3317,0.4142931,2.981812,-7.621024,-4.4
3318,0.3994867,2.965435,-7.621024,-4.4
3319,0.3899763,2.949314,-7.621024,-4.4
3320,0.3785371,2.931282,-7.621024,-4.4
3321,0.3643765,2.911904,-7.621024,-4.4
3322,0.3496685,2.892216,-7.621024,-4.4
3323,0.333902,2.87151,-7.621024,-4.4
3324,0.3179369,2.850718,-7.621024,-4.4
3325,0.3024319,2.829247,-7.621024,-4.4
3326,0.2857505,2.80753,-7.621024,-4.4
3327,0.2686357,2.784868,-7.621024,-4.4
3328,0.251655,2.759352,-7.621024,-4.4
3329,0.2351649,2.732561,-7.621024,-4.4
3330,0.2197509,2.705749,-7.621024,-4.4
3331,0.2019038,2.675823,-7.621024,-4.4
3332,0.1850258,2.649066,-7.621024,-4.4
3333,0.1688137,2.624629,-7.621024,-4.4
3334,0.1548483,2.600986,-7.621024,-4.4
3335,0.1403795,2.576581,-7.621024,-4.4
3336,0.1271639,2.553515,-7.621024,-4.4
3337,0.1147251,2.527473,-7.621024,-4.4
3338,0.09920634,2.502331,-7.621024,-4.4
3339,0.08580436,2.477607,-7.621024,-4.4
3340,0.07155143,2.452093,-7.621024,-4.4
3341,0.05416956,2.426483,-7.621024,-4.4
3342,0.03597372,2.400878,-7.621024,-4.4
3343,0.01954225,2.376481,-7.621024,-4.4
3344,0.002934394,2.353681,-7.621024,-4.4
3345,-0.01329963,2.333664,-7.621024,-4.4
3346,-0.03026464,2.31391,-7.621024,-4.4
3347,-0.04909478,2.293035,-7.621024,-4.4
3348,-0.06938838,2.271339,-7.621024,-4.4
3349,-0.09277343,2.250435,-7.621024,-4.4
3350,-0.1175005,2.228477,-7.621024,-4.4
3351,-0.1412825,2.207049,-7.621024,-4.4
3352,-0.1670594,2.188058,-7.621024,-4.4
3353,-0.1928985,2.169432,-7.621024,-4.4
3354,-0.2146786,2.152315,-7.621024,-4.4
3355,-0.2376108,2.134505,-7.621024,-4.4
3356,-0.2645702,2.114471,-7.621024,-4.4
3357,-0.2903027,2.094385,-7.621024,-4.4
3358,-0.3143577,2.073152,-7.621024,-4.4
3359,-0.3373582,2.053541,-7.621024,-4.4
3360,-0.3599803,2.035698,-7.621024,-4.4
3361,-0.3803247,2.017025,-7.621024,-4.4
3362,-0.3988423,2.000978,-7.621024,-4.4
3363,-0.4135185,1.985694,-7.621024,-4.4
3364,-0.4269468,1.971213,-7.621024,-4.4
3365,-0.4423388,1.95456,-7.621024,-4.4
3366,-0.4583921,1.939787,-7.621024,-4.4
3367,-0.4726167,1.924962,-7.621024,-4.4
3368,-0.4857785,1.90971,-7.621024,-4.4
3369,-0.5009319,1.892394,-7.621024,-4.4
3370,-0.5149855,1.874676,-7.621024,-4.4
3371,-0.5293802,1.856301,-7.621024,-4.4
3372,-0.5425368,1.83856,-7.621024,-4.4
3373,-0.5528174,1.819139,-7.621024,-4.4
3374,-0.5636426,1.800723,-7.621024,-4.4
3375,-0.5778097,1.782192,-7.621024,-4.4
3376,-0.5940936,1.762475,-7.621024,-4.4
3377,-0.609724,1.744141,-7.621024,-4.4
3378,-0.6263143,1.724891,-7.621024,-4.4
3379,-0.6429214,1.703208,-7.621024,-4.4
3380,-0.6590312,1.680226,-7.621024,-4.4
3381,-0.6771914,1.657031,-7.621024,-4.4
3382,-0.6949857,1.633164,-7.621024,-4.4
3383,-0.7116503,1.607511,-7.621024,-4.4
3384,-0.7277219,1.581397,-7.621024,-4.4
3385,-0.74343,1.553871,-7.621024,-4.4
3386,-0.7594675,1.525848,-7.621024,-4.4
3387,-0.7758456,1.499585,-7.621024,-4.4
3388,-0.7905416,1.474566,-7.621024,-4.4
3389,-0.8018866,1.45117,-7.621024,-4.4
3390,-0.8131657,1.426001,-7.621024,-4.4
3391,-0.8228697,1.402876,-7.621024,-4.4
3392,-0.8356161,1.378403,-7.621024,-4.4
3393,-0.8483339,1.351132,-7.621024,-4.4
3394,-0.8631899,1.324849,-7.621024,-4.4
3395,-0.8803228,1.299629,-7.621024,-4.4
3396,-0.8951842,1.275435,-7.621024,-4.4
3397,-0.9112704,1.252586,-7.621024,-4.4
3398,-0.9300787,1.229344,-7.621024,-4.4
3399,-0.9482477,1.207116,-7.621024,-4.4
3400,-0.9679368,1.186317,-7.621024,-4.4
3401,-0.9872532,1.166145,-7.621024,-4.4
3402,-1.007035,1.145896,-7.621024,-4.4
3403,-1.030216,1.124419,-7.621024,-4.4
3404,-1.054458,1.102431,-7.621024,-4.4
3405,-1.078926,1.081332,-7.621024,-4.4
3406,-1.102466,1.061245,-7.621024,-4.4
3407,-1.125742,1.041396,-7.621024,-4.4
3408,-1.149764,1.022263,-7.621024,-4.4
3409,-1.174051,1.003076,-7.621024,-4.4
3410,-1.199839,0.9834155,-7.621024,-4.4
3411,-1.226795,0.9640681,-7.621024,-4.4
3412,-1.252481,0.9454485,-7.621024,-4.4
3413,-1.274949,0.9282175,-7.621024,-4.4
3414,-1.295548,0.9113908,-7.621024,-4.4
3415,-1.315065,0.8924502,-7.621024,-4.4
3416,-1.333453,0.8756002,-7.621024,-4.4
3417,-1.350996,0.8606738,-7.621024,-4.4
3418,-1.366727,0.8444615,-7.621024,-4.4
3419,-1.383415,0.8296161,-7.621024,-4.4
3420,-1.398217,0.8144087,-7.621024,-4.4
3421,-1.410704,0.8009315,-7.621024,-4.4
3422,-1.423924,0.786096,-7.621024,-4.4
3423,-1.440641,0.7658033,-7.621024,-4.4
3424,-1.457259,0.7475979,-7.621024,-4.4
3425,-1.473912,0.7299548,-7.621024,-4.4
3426,-1.489265,0.7142004,-7.621024,-4.4
3427,-1.503984,0.6986035,-7.621024,-4.4
3428,-1.517518,0.6817048,-7.621024,-4.4
3429,-1.530585,0.6651779,-7.621024,-4.4
3430,-1.544326,0.6461844,-7.621024,-4.4
3431,-1.560367,0.6286694,-7.621024,-4.4
3432,-1.576483,0.6097594,-7.621024,-4.4
3433,-1.591443,0.5901774,-7.621024,-4.4
3434,-1.606922,0.5693011,-7.621024,-4.4
3435,-1.623533,0.5474988,-7.621024,-4.4
3436,-1.639474,0.524223,-7.621024,-4.4
3437,-1.657138,0.4989572,-7.621024,-4.4
3438,-1.675003,0.4734682,-7.621024,-4.4
3439,-1.694339,0.4467981,-7.621024,-4.4
3440,-1.711399,0.4209366,-7.621024,-4.4
3441,-1.729368,0.3959999,-7.621024,-4.4
3442,-1.745844,0.3724784,-7.621024,-4.4
3443,-1.760662,0.3512636,-7.621024,-4.4
3444,-1.775011,0.3327206,-7.621024,-4.4
3445,-1.788414,0.3126143,-7.621024,-4.4
3446,-1.801888,0.2914279,-7.621024,-4.4
3447,-1.815338,0.2703066,-7.621024,-4.4
3448,-1.831617,0.2477258,-7.621024,-4.4
3449,-1.850364,0.2229799,-7.621024,-4.4
3450,-1.865928,0.1989547,-7.621024,-4.4
3451,-1.884739,0.1753435,-7.621024,-4.4
3452,-1.906324,0.1528428,-7.621024,-4.4
3453,-1.928401,0.1320449,-7.621024,-4.4
3454,-1.95101,0.1112736,-7.621024,-4.4
3455,-1.974253,0.09098146,-7.621024,-4.4
3456,-1.998074,0.07309392,-7.621024,-4.4
3457,-2.02286,0.05456128,-7.621024,-4.4
3458,-2.051325,0.03591248,-7.621024,-4.4
3459,-2.078004,0.01716252,-7.621024,-4.4
3460,-2.106752,-0.002711145,-7.621024,-4.4
3461,-2.132675,-0.01993625,-7.621024,-4.4
3462,-2.156528,-0.03554348,-7.621024,-4.4
3463,-2.182106,-0.05042711,-7.621024,-4.4
3464,-2.207377,-0.06516341,-7.621024,-4.4
3465,-2.232872,-0.0791617,-7.621024,-4.4
3466,-2.259079,-0.09309151,-7.621024,-4.4
3467,-2.282955,-0.1061947,-7.621024,-4.4
3468,-2.301536,-0.1170992,-7.621024,-4.4
3469,-2.321552,-0.1304016,-7.621024,-4.4
3470,-2.339223,-0.1444216,-7.621024,-4.4
3471,-2.35626,-0.1580476,-7.621024,-4.4
3472,-2.370152,-0.168181,-7.621024,-4.4
3473,-2.384266,-0.1796556,-7.621024,-4.4
3474,-2.399917,-0.1933615,-7.621024,-4.4
3475,-2.414834,-0.2086014,-7.621024,-4.4
3476,-2.430789,-0.2262527,-7.621024,-4.4
3477,-2.443691,-0.2416267,-7.621024,-4.4
3478,-2.459268,-0.2581585,-7.621024,-4.4
3479,-2.474506,-0.2744506,-7.621024,-4.4
3480,-2.491754,-0.2939626,-7.621024,-4.4
3481,-2.509775,-0.3100438,-7.621024,-4.4
3482,-2.526531,-0.3258744,-7.621024,-4.4
3483,-2.545299,-0.3439048,-7.621024,-4.4
3484,-2.563348,-0.3599159,-7.621024,-4.4
3485,-2.579446,-0.3763369,-7.621024,-4.4
3486,-2.597948,-0.3955434,-7.621024,-4.4
3487,-2.616102,-0.4161595,-7.621024,-4.4
3488,-2.634157,-0.438494,-7.621024,-4.4
3489,-2.652375,-0.4611657,-7.621024,-4.4
3490,-2.671838,-0.4834434,-7.621024,-4.4
3491,-2.691815,-0.5073016,-7.621024,-4.4
3492,-2.710365,-0.5296184,-7.621024,-4.4
3493,-2.728794,-0.5548462,-7.621024,-4.4
3494,-2.743985,-0.5778129,-7.621024,-4.4
3495,-2.762197,-0.6017757,-7.621024,-4.4
3496,-2.777408,-0.6227801,-7.621024,-4.4
3497,-2.792244,-0.6453468,-7.621024,-4.4
3498,-2.810234,-0.6710672,-7.621024,-4.4
3499,-2.825606,-0.6930498,-7.621024,-4.4
3500,-2.839689,-0.7150918,-7.621024,-4.4
3501,-2.855036,-0.7378668,-7.621024,-4.4
3502,-2.871707,-0.7642124,-7.621024,-4.4
3503,-2.89048,-0.7878214,-7.621024,-4.4
3504,-2.909937,-0.8107784,-7.621024,-4.4
3505,-2.929935,-0.8326166,-7.621024,-4.4
3506,-2.950514,-0.8533427,-7.621024,-4.4
3507,-2.96959,-0.8731114,-7.621024,-4.4
3508,-2.989999,-0.8935218,-7.621024,-4.4
3509,-3.012935,-0.9138689,-7.621024,-4.4
3510,-3.036015,-0.9336526,-7.621024,-4.4
3511,-3.060704,-0.9528455,-7.621024,-4.4
3512,-3.085175,-0.9710402,-7.621024,-4.4
3513,-3.111288,-0.9912691,-7.621024,-4.4
3514,-3.13695,-1.011049,-7.621024,-4.4
3515,-3.160775,-1.028291,-7.621024,-4.4
3516,-3.186664,-1.04465,-7.621024,-4.4
3517,-3.213102,-1.062701,-7.621024,-4.4
3518,-3.241247,-1.080969,-7.621024,-4.4
3519,-3.266111,-1.098114,-7.621024,-4.4
3520,-3.293235,-1.116443,-7.621024,-4.4
3521,-3.317358,-1.134444,-7.621024,-4.4
3522,-3.338221,-1.148317,-7.621024,-4.4
3523,-3.358252,-1.161702,-7.621024,-4.4
3524,-3.377643,-1.174027,-7.621024,-4.4
3525,-3.392685,-1.184819,-7.621024,-4.4
3526,-3.409271,-1.201481,-7.621024,-4.4
3527,-3.428516,-1.218251,-7.621024,-4.4
3528,-3.445888,-1.233244,-7.621024,-4.4
3529,-3.462052,-1.249939,-7.621024,-4.4
3530,-3.479387,-1.268115,-7.621024,-4.4
3531,-3.49605,-1.284489,-7.621024,-4.4
3532,-3.511029,-1.300484,-7.621024,-4.4
3533,-3.525763,-1.316703,-7.621024,-4.4
3534,-3.541948,-1.334547,-7.621024,-4.4
3535,-3.55649,-1.350333,-7.621024,-4.4
3536,-3.572273,-1.368648,-7.621024,-4.4
3537,-3.59147,-1.387743,-7.621024,-4.4
3538,-3.609087,-1.406773,-7.621024,-4.4
3539,-3.627768,-1.424901,-7.621024,-4.4
3540,-3.645586,-1.446808,-7.621024,-4.4
3541,-3.662027,-1.468038,-7.621024,-4.4
3542,-3.679619,-1.490204,-7.621024,-4.4
3543,-3.696619,-1.512168,-7.621024,-4.4
3544,-3.714393,-1.536022,-7.621024,-4.4
3545,-3.732948,-1.561179,-7.621024,-4.4
3546,-3.75268,-1.588048,-7.621024,-4.4
3547,-3.772023,-1.612656,-7.621024,-4.4
3548,-3.790489,-1.637319,-7.621024,-4.4
3549,-3.805551,-1.660157,-7.621024,-4.4
3550,-3.822167,-1.686164,-7.621024,-4.4
3551,-3.839045,-1.710812,-7.621024,-4.4
3552,-3.853867,-1.735584,-7.621024,-4.4
3553,-3.866361,-1.759152,-7.621024,-4.4
3554,-3.881377,-1.78075,-7.621024,-4.4
3555,-3.89809,-1.803831,-7.621024,-4.4
3556,-3.914568,-1.829484,-7.621024,-4.4
3557,-3.934885,-1.854219,-7.621024,-4.4
3558,-3.951995,-1.875359,-7.621024,-4.4
3559,-3.969084,-1.896234,-7.621024,-4.4
3560,-3.986358,-1.915443,-7.621024,-4.4
3561,-4.006901,-1.935041,-7.621024,-4.4
3562,-4.028748,-1.953487,-7.621024,-4.4
3563,-4.050807,-1.971994,-7.621024,-4.4
3564,-4.07385,-1.990078,-7.621024,-4.4
3565,-4.096437,-2.00929,-7.621024,-4.4
3566,-4.120225,-2.027819,-7.621024,-4.4
3567,-4.144636,-2.047228,-7.621024,-4.4
3568,-4.16817,-2.065864,-7.621024,-4.4
3569,-4.19459,-2.087491,-7.621024,-4.4
3570,-4.220949,-2.107687,-7.621024,-4.4
3571,-4.247164,-2.127211,-7.621024,-4.4
3572,-4.274059,-2.147335,-7.621024,-4.4
3573,-4.301259,-2.168558,-7.621024,-4.4
3574,-4.3269,-2.188087,-7.621024,-4.4
3575,-4.351974,-2.205627,-7.621024,-4.4
3576,-4.374451,-2.220538,-7.621024,-4.4
3577,-4.394185,-2.237654,-7.621024,-4.4
3578,-4.415471,-2.255158,-7.621024,-4.4
3579,-4.434494,-2.27037,-7.621024,-4.4
3580,-4.452657,-2.285917,-7.621024,-4.4
3581,-4.466731,-2.300129,-7.621024,-4.4
3582,-4.480097,-2.313553,-7.621024,-4.4
3583,-4.49698,-2.331017,-7.621024,-4.4
3584,-4.512903,-2.350348,-7.621024,-4.4
3585,-4.529459,-2.368397,-7.621024,-4.4
3586,-4.543,-2.383446,-7.621024,-4.4
3587,-4.554989,-2.401039,-7.621024,-4.4
3588,-4.568028,-2.419337,-7.621024,-4.4
3589,-4.580184,-2.437396,-7.621024,-4.4
3590,-4.592818,-2.455102,-7.621024,-4.4
3591,-4.607998,-2.476128,-7.621024,-4.4
3592,-4.624928,-2.496637,-7.621024,-4.4
3593,-4.639983,-2.517165,-7.621024,-4.4
3594,-4.657041,-2.538761,-7.621024,-4.4
3595,-4.673396,-2.560295,-7.621024,-4.4
3596,-4.690124,-2.582823,-7.621024,-4.4
3597,-4.707046,-2.607774,-7.621024,-4.4
3598,-4.72324,-2.631251,-7.621024,-4.4
3599,-4.74048,-2.656809,-7.621024,-4.4
3600,-4.75584,-2.682511,-7.621024,-4.4
3601,-4.772082,-2.711404,-7.621024,-4.4
3602,-4.78755,-2.736877,-7.621024,-4.4
3603,-4.801868,-2.760396,-7.621024,-4.4
3604,-4.815793,-2.783049,-7.621024,-4.4
3605,-4.826989,-2.806256,-7.621024,-4.4
3606,-4.838873,-2.826109,-7.621024,-4.4
3607,-4.853063,-2.848126,-7.621024,-4.4
3608,-4.868388,-2.873148,-7.621024,-4.4
3609,-4.881606,-2.89695,-7.621024,-4.4
3610,-4.894667,-2.920269,-7.621024,-4.4
3611,-4.906919,-2.942399,-7.621024,-4.4
3612,-4.92379,-2.963819,-7.621024,-4.4
3613,-4.940145,-2.984815,-7.621024,-4.4
3614,-4.958384,-3.004633,-7.621024,-4.4
3615,-4.974741,-3.021317,-7.621024,-4.4
3616,-4.990915,-3.038608,-7.621024,-4.4
3617,-5.010368,-3.058141,-7.621024,-4.4
3618,-5.035382,-3.075724,-7.621024,-4.4
3619,-5.058757,-3.091576,-7.621024,-4.4
3620,-5.085628,-3.109414,-7.621024,-4.4
3621,-5.111404,-3.126475,-7.621024,-4.4
3622,-5.137987,-3.142872,-7.621024,-4.4
3623,-5.161609,-3.155994,-7.621024,-4.4
3624,-5.18551,-3.168587,-7.621024,-4.4
3625,-5.21258,-3.181516,-7.621024,-4.4
3626,-5.240223,-3.19532,-7.621024,-4.4
3627,-5.265467,-3.210427,-7.621024,-4.4
3628,-5.292163,-3.225974,-7.621024,-4.4
3629,-5.316823,-3.239784,-7.621024,-4.4
3630,-5.33942,-3.253493,-7.621024,-4.4
3631,-5.360409,-3.266198,-7.621024,-4.4
3632,-5.383477,-3.279872,-7.621024,-4.4
3633,-5.405072,-3.293283,-7.621024,-4.4
3634,-5.424068,-3.306632,-7.621024,-4.4
3635,-5.440503,-3.317574,-7.621024,-4.4
3636,-5.454485,-3.327706,-7.621024,-4.4
3637,-5.471324,-3.343146,-7.621024,-4.4
3638,-5.48935,-3.356905,-7.621024,-4.4
3639,-5.507327,-3.37178,-7.621024,-4.4
3640,-5.522785,-3.385896,-7.621024,-4.4
3641,-5.53935,-3.401201,-7.621024,-4.4
3642,-5.553803,-3.415965,-7.621024,-4.4
3643,-5.56908,-3.430117,-7.621024,-4.4
3644,-5.585755,-3.445706,-7.621024,-4.4
3645,-5.603543,-3.461349,-7.621024,-4.4
3646,-5.620844,-3.476744,-7.621024,-4.4
3647,-5.639528,-3.495033,-7.621024,-4.4
3648,-5.658709,-3.513421,-7.621024,-4.4
3649,-5.677674,-3.531215,-7.621024,-4.4
3650,-5.696812,-3.5499,-7.621024,-4.4
3651,-5.716002,-3.569933,-7.621024,-4.4
3652,-5.736093,-3.592294,-7.621024,-4.4
3653,-5.754452,-3.612549,-7.621024,-4.4
3654,-5.77421,-3.633146,-7.621024,-4.4
3655,-5.793713,-3.654806,-7.621024,-4.4
3656,-5.811691,-3.674583,-7.621024,-4.4
3657,-5.82825,-3.694806,-7.621024,-4.4
3658,-5.844532,-3.714504,-7.621024,-4.4
3659,-5.861418,-3.73373,-7.621024,-4.4
3660,-5.875994,-3.750667,-7.621024,-4.4
3661,-5.893339,-3.768248,-7.621024,-4.4
3662,-5.911123,-3.785993,-7.621024,-4.4
3663,-5.929965,-3.804548,-7.621024,-4.4
3664,-5.950277,-3.821635,-7.621024,-4.4
3665,-5.97049,-3.840094,-7.621024,-4.4
3666,-5.990844,-3.858654,-7.621024,-4.4
3667,-6.010842,-3.877395,-7.621024,-4.4
3668,-6.031984,-3.894096,-7.621024,-4.4
3669,-6.054779,-3.910648,-7.621024,-4.4
3670,-6.080937,-3.927573,-7.621024,-4.4
3671,-6.108902,-3.942776,-7.621024,-4.4
3672,-6.136526,-3.957036,-7.621024,-4.4
3673,-6.167979,-3.969699,-7.621024,-4.4
3674,-6.194918,-3.982421,-7.621024,-4.4
3675,-6.220611,-3.992986,-7.621024,-4.4
3676,-6.246332,-4.003374,-7.621024,-4.4
3677,-6.27411,-4.015471,-7.621024,-4.4
3678,-6.304409,-4.026857,-7.621024,-4.4
3679,-6.335814,-4.037721,-7.621024,-4.4
3680,-6.369932,-4.047645,-7.621024,-4.4
3681,-6.397713,-4.053663,-7.621024,-4.4
3682,-6.421594,-4.061094,-7.621024,-4.4
3683,-6.447153,-4.07051,-7.621024,-4.4
3684,-6.473908,-4.080786,-7.621024,-4.4
3685,-6.498816,-4.088392,-7.621024,-4.4
3686,-6.514544,-4.097148,-7.621024,-4.4
3687,-6.531151,-4.108175,-7.621024,-4.4
3688,-6.551841,-4.117797,-7.621024,-4.4
3689,-6.570955,-4.126031,-7.621024,-4.4
3690,-6.590362,-4.134847,-7.621024,-4.4
3691,-6.609338,-4.14347,-7.621024,-4.4
3692,-6.629183,-4.15414,-7.621024,-4.4
3693,-6.648622,-4.166272,-7.621024,-4.4
3694,-6.671038,-4.178002,-7.621024,-4.4
3695,-6.693457,-4.189351,-7.621024,-4.4
3696,-6.712028,-4.200178,-7.621024,-4.4
3697,-6.731071,-4.211846,-7.621024,-4.4
3698,-6.753071,-4.223964,-7.621024,-4.4
3699,-6.772664,-4.237025,-7.621024,-4.4
3700,-6.794627,-4.24971,-7.621024,-4.4
3701,-6.816514,-4.262496,-7.621024,-4.4
3702,-6.839001,-4.275272,-7.621024,-4.4
3703,-6.864383,-4.290092,-7.621024,-4.4
3704,-6.887714,-4.304495,-7.621024,-4.4
3705,-6.911693,-4.3196,-7.621024,-4.4
3706,-6.93731,-4.335373,-7.621024,-4.4
3707,-6.959756,-4.349118,-7.621024,-4.4
3708,-6.979664,-4.363037,-7.621024,-4.4
3709,-6.997333,-4.375007,-7.621024,-4.4
3710,-7.016153,-4.388559,-7.621024,-4.4
3711,-7.03455,-4.401347,-7.621024,-4.4
3712,-7.051828,-4.415138,-7.621024,-4.4
3713,-7.068595,-4.426947,-7.621024,-4.4
3714,-7.088588,-4.44113,-7.621024,-4.4
3715,-7.109568,-4.455254,-7.621024,-4.4
3716,-7.129478,-4.467283,-7.621024,-4.4
3717,-7.154445,-4.481669,-7.621024,-4.4
3718,-7.178156,-4.493578,-7.621024,-4.4
3719,-7.202901,-4.506014,-7.621024,-4.4
3720,-7.227939,-4.516814,-7.621024,-4.4
3721,-7.25325,-4.526697,-7.621024,-4.4
3722,-7.279646,-4.535271,-7.621024,-4.4
3723,-7.305091,-4.541265,-7.621024,-4.4
3724,-7.330836,-4.546164,-7.621024,-4.4
3725,-7.354802,-4.550328,-7.621024,-4.4
3726,-7.379644,-4.553854,-7.621024,-4.4
3727,-7.403838,-4.556433,-7.621024,-4.4
3728,-7.426954,-4.558197,-7.621024,-4.4
3729,-7.449479,-4.560072,-7.621024,-4.4
3730,-7.47527,-4.562894,-7.621024,-4.4
3731,-7.50271,-4.563878,-7.621024,-4.4
3732,-7.530752,-4.563071,-7.621024,-4.4
3733,-7.560707,-4.562998,7.621024,4.4
3734,-7.592105,-4.562934,7.621024,4.4
3735,-7.626074,-4.561563,7.621024,4.4
3736,-7.660104,-4.563675,7.621024,4.4
3737,-7.69332,-4.567324,7.621024,4.4
3738,-7.724024,-4.574017,7.621024,4.4
3739,-7.752829,-4.582327,7.621024,4.4
3740,-7.78264,-4.590693,7.621024,4.4
3741,-7.807689,-4.602149,7.621024,4.4
3742,-7.829358,-4.615266,7.621024,4.4
3743,-7.846675,-4.628842,7.621024,4.4
3744,-7.860888,-4.637281,7.621024,4.4
3745,-7.874799,-4.642299,7.621024,4.4
3746,-7.890381,-4.641147,7.621024,4.4
3747,-7.908339,-4.635308,7.621024,4.4
3748,-7.929423,-4.626817,7.621024,4.4
3749,-7.94971,-4.622972,7.621024,4.4
3750,-7.969867,-4.619345,7.621024,4.4
3751,-7.988096,-4.612298,7.621024,4.4
3752,-8.007248,-4.602539,7.621024,4.4
3753,-8.028124,-4.597586,7.621024,4.4
3754,-8.049408,-4.592796,7.621024,4.4
3755,-8.072609,-4.59164,7.621024,4.4
3756,-8.090996,-4.59027,7.621024,4.4
3757,-8.106123,-4.593161,7.621024,4.4
3758,-8.117272,-4.599147,7.621024,4.4
3759,-8.12701,-4.606003,7.621024,4.4
3760,-8.13693,-4.610094,7.621024,4.4
3761,-8.146028,-4.614501,7.621024,4.4
3762,-8.153412,-4.618547,7.621024,4.4
3763,-8.160009,-4.622563,7.621024,4.4
3764,-8.16816,-4.625404,7.621024,4.4
3765,-8.173952,-4.629382,7.621024,4.4
3766,-8.179894,-4.633049,7.621024,4.4
3767,-8.18702,-4.636129,7.621024,4.4
3768,-8.19506,-4.640317,7.621024,4.4
3769,-8.202959,-4.644028,7.621024,4.4
3770,-8.211031,-4.647536,7.621024,4.4
3771,-8.216127,-4.652151,7.621024,4.4
3772,-8.217902,-4.655724,7.621024,4.4
3773,-8.217217,-4.659842,7.621024,4.4
3774,-8.218061,-4.664039,7.621024,4.4
3775,-8.219767,-4.669291,7.621024,4.4
3776,-8.221979,-4.674642,7.621024,4.4
3777,-8.225402,-4.681947,7.621024,4.4
3778,-8.227231,-4.690761,7.621024,4.4
3779,-8.224979,-4.698051,7.621024,4.4
3780,-8.219953,-4.704647,7.621024,4.4
3781,-8.211904,-4.712013,7.621024,4.4
3782,-8.205443,-4.721015,7.621024,4.4
3783,-8.197197,-4.729723,7.621024,4.4
3784,-8.190911,-4.737559,7.621024,4.4
3785,-8.185668,-4.744607,7.621024,4.4
3786,-8.179537,-4.751769,7.621024,4.4
3787,-8.170558,-4.762834,7.621024,4.4
3788,-8.161819,-4.772631,7.621024,4.4
3789,-8.155097,-4.784524,7.621024,4.4
3790,-8.149216,-4.798029,7.621024,4.4
3791,-8.143929,-4.814105,7.621024,4.4
3792,-8.136571,-4.83075,7.621024,4.4
3793,-8.129377,-4.845369,7.621024,4.4
3794,-8.121361,-4.85812,7.621024,4.4
3795,-8.113999,-4.870094,7.621024,4.4
3796,-8.102851,-4.88332,7.621024,4.4
3797,-8.087242,-4.897381,7.621024,4.4
3798,-8.073328,-4.911781,7.621024,4.4
3799,-8.05917,-4.929976,7.621024,4.4
3800,-8.043936,-4.951106,7.621024,4.4
3801,-8.028971,-4.974162,7.621024,4.4
3802,-8.013531,-4.999196,7.621024,4.4
3803,-7.997867,-5.02468,7.621024,4.4
3804,-7.980237,-5.050356,7.621024,4.4
3805,-7.960998,-5.075387,7.621024,4.4
3806,-7.941217,-5.10118,7.621024,4.4
3807,-7.925803,-5.126888,7.621024,4.4
3808,-7.912239,-5.154007,7.621024,4.4
3809,-7.904219,-5.177539,7.621024,4.4
3810,-7.89743,-5.202971,7.621024,4.4
3811,-7.890393,-5.233066,7.621024,4.4
3812,-7.886384,-5.264387,7.621024,4.4
3813,-7.885843,-5.297659,7.621024,4.4
