Step,Hip_X,Hip_Z,Target_X,Target_Z
0,0,0,8.8,0
1,-0.0075934,0.0008461578,8.8,0
2,-0.0105003,0.002156399,8.8,0
3,-0.01042415,0.004888281,8.8,0
4,-0.008347787,0.007042974,8.8,0
5,-0.008192617,0.007327977,8.8,0
6,-0.007027288,0.007214723,8.8,0
7,-0.005138862,0.005200914,8.8,0
8,-0.002414807,-1.68113E-05,8.8,0
9,0.0001983554,-0.00311928,8.8,0
10,0.003183472,-0.005877474,8.8,0
11,0.008084713,-0.00760056,8.8,0
12,0.01409439,-0.01159063,8.8,0
13,0.01985531,-0.01754319,8.8,0
14,0.02565864,-0.02369596,8.8,0
15,0.03039769,-0.02869964,8.8,0
16,0.0398014,-0.03348135,8.8,0
17,0.05199788,-0.03893382,8.8,0
18,0.06369632,-0.04161427,8.8,0
19,0.07244893,-0.04543743,8.8,0
20,0.07661989,-0.04831276,8.8,0
21,0.08319677,-0.05148757,8.8,0
22,0.09243637,-0.0539671,8.8,0
23,0.1002814,-0.05568306,8.8,0
24,0.1081196,-0.05699246,8.8,0
25,0.1197217,-0.05793291,8.8,0
26,0.1303669,-0.05880011,8.8,0
27,0.141858,-0.06082628,8.8,0
28,0.1534291,-0.06281299,8.8,0
29,0.1675418,-0.06544074,8.8,0
30,0.1840325,-0.0676925,8.8,0
31,0.1986302,-0.06974293,8.8,0
32,0.2130333,-0.07198148,8.8,0
33,0.2299418,-0.07168173,8.8,0
34,0.2499075,-0.07018485,8.8,0
35,0.2725674,-0.06866173,8.8,0
36,0.2907352,-0.06919995,8.8,0
37,0.311156,-0.07067236,8.8,0
38,0.3294071,-0.07157963,8.8,0
39,0.3457614,-0.07117888,8.8,0
40,0.365392,-0.06962521,8.8,0
41,0.3861604,-0.06849256,8.8,0
42,0.407046,-0.06830062,8.8,0
43,0.4292263,-0.06815631,8.8,0
44,0.4539512,-0.06738955,8.8,0
45,0.4782514,-0.06915604,8.8,0
46,0.504127,-0.07265444,8.8,0
47,0.5310652,-0.07649732,8.8,0
48,0.5568948,-0.07954588,8.8,0
49,0.5800635,-0.08392422,8.8,0
50,0.6054993,-0.08862119,8.8,0
51,0.6327405,-0.09376446,8.8,0
52,0.6591496,-0.1000599,8.8,0
53,0.6856867,-0.1081715,8.8,0
54,0.7106733,-0.1151301,8.8,0
55,0.7357342,-0.1240513,8.8,0
56,0.7613034,-0.1330222,8.8,0
57,0.7889294,-0.142082,8.8,0
58,0.8158494,-0.1502953,8.8,0
59,0.8440434,-0.1581458,8.8,0
60,0.8732033,-0.1671393,8.8,0
61,0.8964543,-0.1751621,8.8,0
62,0.9195761,-0.1829738,8.8,0
63,0.9450459,-0.1907991,8.8,0
64,0.9677174,-0.1972749,8.8,0
65,0.9897202,-0.2020186,8.8,0
66,1.012368,-0.2058324,8.8,0
67,1.032616,-0.2070895,8.8,0
68,1.053532,-0.2085844,8.8,0
69,1.073329,-0.2090346,8.8,0
70,1.095958,-0.2093854,8.8,0
71,1.119019,-0.209749,8.8,0
72,1.140441,-0.210703,8.8,0
73,1.161952,-0.2097404,8.8,0
74,1.185579,-0.2072366,8.8,0
75,1.206732,-0.2052625,8.8,0
76,1.227795,-0.2063719,8.8,0
77,1.250591,-0.20736,8.8,0
78,1.275184,-0.208066,8.8,0
79,1.299106,-0.2091353,8.8,0
80,1.324818,-0.2088984,8.8,0
81,1.350554,-0.2107531,8.8,0
82,1.375249,-0.212342,8.8,0
83,1.400819,-0.2124656,8.8,0
84,1.430105,-0.2094949,8.8,0
85,1.461897,-0.2052953,8.8,0
86,1.494346,-0.2000883,8.8,0
87,1.52219,-0.1950395,8.8,0
88,1.550289,-0.1919865,8.8,0
89,1.580097,-0.187841,8.8,0
90,1.605235,-0.1850802,8.8,0
91,1.6294,-0.1799312,8.8,0
92,1.656131,-0.1749954,8.8,0
93,1.6827,-0.1690783,8.8,0
94,1.710466,-0.1629325,8.8,0
95,1.740318,-0.1557773,8.8,0
96,1.769794,-0.1504891,8.8,0
97,1.797968,-0.146053,8.8,0
98,1.82869,-0.1423425,8.8,0
99,1.860913,-0.14101,8.8,0
100,1.891708,-0.1413955,8.8,0
101,1.922457,-0.1404371,8.8,0
102,1.954745,-0.1403574,8.8,0
103,1.984652,-0.1404545,8.8,0
104,2.012865,-0.1414402,8.8,0
105,2.046226,-0.1445222,8.8,0
106,2.080043,-0.1492803,8.8,0
107,2.111049,-0.1525549,8.8,0
108,2.143209,-0.155809,8.8,0
109,2.177905,-0.1603229,8.8,0
110,2.209711,-0.1657046,8.8,0
111,2.244462,-0.1720766,8.8,0
112,2.279339,-0.1776096,8.8,0
113,2.310973,-0.1828716,8.8,0
114,2.337814,-0.185126,8.8,0
115,2.361746,-0.1887114,8.8,0
116,2.38702,-0.1929812,8.8,0
117,2.415335,-0.1969116,8.8,0
118,2.439687,-0.1991215,8.8,0
119,2.461275,-0.2002279,8.8,0
120,2.480521,-0.2020123,8.8,0
121,2.498956,-0.2015273,8.8,0
122,2.517845,-0.2016604,8.8,0
123,2.544551,-0.2002249,8.8,0
124,2.570287,-0.1990711,8.8,0
125,2.594417,-0.196517,8.8,0
126,2.618911,-0.1933201,8.8,0
127,2.643475,-0.1914931,8.8,0
128,2.668012,-0.1900618,8.8,0
129,2.69221,-0.1895486,8.8,0
130,2.717592,-0.1890503,8.8,0
131,2.74339,-0.1901268,8.8,0
132,2.770655,-0.1909209,8.8,0
133,2.799623,-0.190397,8.8,0
134,2.826533,-0.1892267,8.8,0
135,2.855284,-0.1862664,8.8,0
136,2.884058,-0.1839257,8.8,0
137,2.916049,-0.1796121,8.8,0
138,2.951409,-0.1749171,8.8,0
139,2.983821,-0.1677775,8.8,0
140,3.015481,-0.1623931,8.8,0
141,3.046094,-0.1569008,8.8,0
142,3.074369,-0.1510236,8.8,0
143,3.098897,-0.1463989,8.8,0
144,3.125058,-0.1398212,8.8,0
145,3.149636,-0.1359577,8.8,0
146,3.177818,-0.1329929,8.8,0
147,3.207205,-0.1271415,8.8,0
148,3.235594,-0.1226292,8.8,0
149,3.26334,-0.1206105,8.8,0
150,3.290634,-0.1143514,8.8,0
151,3.319729,-0.1088416,8.8,0
152,3.346194,-0.1039826,8.8,0
153,3.373899,-0.09980559,8.8,0
154,3.404443,-0.09721854,8.8,0
155,3.438051,-0.09691442,8.8,0
156,3.469845,-0.09853443,8.8,0
157,3.499151,-0.1011753,8.8,0
158,3.530681,-0.1031991,8.8,0
159,3.564119,-0.1050397,8.8,0
160,3.597819,-0.1081571,8.8,0
161,3.629825,-0.1119862,8.8,0
162,3.662083,-0.1157102,8.8,0
163,3.693148,-0.1197167,8.8,0
164,3.729384,-0.1235376,8.8,0
165,3.764449,-0.1259835,8.8,0
166,3.799001,-0.1305418,8.8,0
167,3.834355,-0.135562,8.8,0
168,3.866355,-0.1389862,8.8,0
169,3.895093,-0.1432366,8.8,0
170,3.920903,-0.1461912,8.8,0
171,3.942994,-0.1454891,8.8,0
172,3.966247,-0.1458055,8.8,0
173,3.987605,-0.1456608,8.8,0
174,4.007848,-0.1440989,8.8,0
175,4.027617,-0.1415833,8.8,0
176,4.049767,-0.1408771,8.8,0
177,4.074167,-0.1384739,8.8,0
178,4.098062,-0.1381688,8.8,0
179,4.122291,-0.1370027,8.8,0
180,4.145895,-0.1341313,8.8,0
181,4.169564,-0.1301856,8.8,0
182,4.191821,-0.1274682,8.8,0
183,4.214784,-0.1234729,8.8,0
184,4.234794,-0.1221372,8.8,0
185,4.256089,-0.1221425,8.8,0
186,4.280786,-0.1185802,8.8,0
187,4.305864,-0.1154547,8.8,0
188,4.328339,-0.1131156,8.8,0
189,4.353469,-0.1090218,8.8,0
190,4.380171,-0.103723,8.8,0
191,4.4068,-0.09859841,8.8,0
192,4.437073,-0.09170338,8.8,0
193,4.47006,-0.08148797,8.8,0
194,4.499275,-0.07234009,8.8,0
195,4.528524,-0.06293027,8.8,0
196,4.557008,-0.05595896,8.8,0
197,4.586271,-0.04794797,8.8,0
198,4.610002,-0.0385986,8.8,0
199,4.633681,-0.03028117,8.8,0
200,4.659244,-0.02125366,8.8,0
201,4.685032,-0.01479521,8.8,0
202,4.713627,-0.006773012,8.8,0
203,4.741438,-0.0006461153,8.8,0
204,4.770845,0.006191362,8.8,0
205,4.799368,0.0106098,8.8,0
206,4.828702,0.01490949,8.8,0
207,4.858166,0.02090721,8.8,0
208,4.888217,0.02692173,8.8,0
209,4.919913,0.03025403,8.8,0
210,4.95171,0.03133751,8.8,0
211,4.983715,0.03146234,8.8,0
212,5.015727,0.03243555,8.8,0
213,5.048205,0.03212484,8.8,0
214,5.078318,0.0316284,8.8,0
215,5.109879,0.03025714,8.8,0
216,5.143868,0.02910018,8.8,0
217,5.178228,0.02826313,8.8,0
218,5.209615,0.02775611,8.8,0
219,5.244342,0.02669159,8.8,0
220,5.279439,0.02426685,8.8,0
221,5.308928,0.02250203,8.8,0
222,5.336319,0.02220283,8.8,0
223,5.361983,0.02146929,8.8,0
224,5.385091,0.02099132,8.8,0
225,5.40766,0.02313896,8.8,0
226,5.427296,0.02416974,8.8,0
227,5.451409,0.02654175,8.8,0
228,5.472117,0.03372489,8.8,0
229,5.49082,0.03999974,8.8,0
230,5.51342,0.04511813,8.8,0
231,5.540097,0.0477453,8.8,0
232,5.563361,0.05066589,8.8,0
233,5.587907,0.05467673,8.8,0
234,5.610884,0.05843281,8.8,0
235,5.632941,0.06251739,8.8,0
236,5.655279,0.06581959,8.8,0
237,5.678451,0.07082096,8.8,0
238,5.704288,0.07642317,8.8,0
239,5.729875,0.082513,8.8,0
240,5.757231,0.08981236,8.8,0
241,5.7823,0.09494995,8.8,0
242,5.805652,0.1014413,8.8,0
243,5.832568,0.1099603,8.8,0
244,5.861101,0.119846,8.8,0
245,5.889801,0.1309774,8.8,0
246,5.91645,0.141212,8.8,0
247,5.943878,0.1512516,8.8,0
248,5.972147,0.1606113,8.8,0
249,5.998866,0.1705343,8.8,0
250,6.022925,0.1815979,8.8,0
251,6.047375,0.1921762,8.8,0
252,6.069032,0.2027335,8.8,0
253,6.092407,0.2149606,8.8,0
254,6.115851,0.2256009,8.8,0
255,6.140513,0.2340445,8.8,0
256,6.16399,0.2400327,8.8,0
257,6.188742,0.2482807,8.8,0
258,6.213699,0.2567693,8.8,0
259,6.240934,0.2641032,8.8,0
260,6.269029,0.270182,8.8,0
261,6.298091,0.2746848,8.8,0
262,6.327226,0.2786203,8.8,0
263,6.354965,0.2820143,8.8,0
264,6.38455,0.2815596,8.8,0
265,6.414722,0.2806906,8.8,0
266,6.444835,0.280182,8.8,0
267,6.473565,0.2776213,8.8,0
268,6.500384,0.2748046,8.8,0
269,6.529093,0.2710779,8.8,0
270,6.557522,0.2678776,8.8,0
271,6.588402,0.2653322,8.8,0
272,6.620254,0.2613953,8.8,0
273,6.650424,0.2576535,8.8,0
274,6.68148,0.2529499,8.8,0
275,6.710521,0.2480398,8.8,0
276,6.742263,0.241869,8.8,0
277,6.768932,0.2361205,8.8,0
278,6.797304,0.2322105,8.8,0
279,6.823929,0.2308106,8.8,0
280,6.846004,0.2298353,8.8,0
281,6.869454,0.2296386,8.8,0
282,6.887083,0.2315374,8.8,0
283,6.903691,0.2320739,8.8,0
284,6.923694,0.2319902,8.8,0
285,6.943151,0.2324995,8.8,0
286,6.966675,0.2331967,8.8,0
287,6.990615,0.2355216,8.8,0
288,7.015531,0.2396958,8.8,0
289,7.038664,0.2407945,8.8,0
290,7.062208,0.2410234,8.8,0
291,7.086962,0.2426312,8.8,0
292,7.11077,0.2465219,8.8,0
293,7.134986,0.2508599,8.8,0
294,7.160972,0.2538063,8.8,0
295,7.185838,0.2564832,8.8,0
296,7.213227,0.2603018,8.8,0
297,7.240759,0.2650084,8.8,0
298,7.270476,0.2710424,8.8,0
299,7.302466,0.2781875,8.8,0
300,7.334331,0.2838466,8.8,0
301,7.363966,0.2883045,8.8,0
302,7.390409,0.2933902,8.8,0
303,7.413793,0.2988003,8.8,0
304,7.437156,0.3022835,8.8,0
305,7.460584,0.3096651,8.8,0
306,7.485029,0.3165666,8.8,0
307,7.512454,0.322515,8.8,0
308,7.541268,0.3294357,8.8,0
309,7.573277,0.3354627,8.8,0
310,7.603838,0.3401423,8.8,0
311,7.631689,0.3447819,8.8,0
312,7.657181,0.3482085,8.8,0
313,7.682607,0.3521023,8.8,0
314,7.707511,0.353563,8.8,0
315,7.735801,0.3547964,8.8,0
316,7.762835,0.3552047,8.8,0
317,7.789675,0.3526311,8.8,0
318,7.819986,0.3477712,8.8,0
319,7.849633,0.3435784,8.8,0
320,7.879693,0.3392585,8.8,0
321,7.908192,0.3338473,8.8,0
322,7.938375,0.3289516,8.8,0
323,7.970646,0.3235789,8.8,0
324,8.002096,0.3169878,8.8,0
325,8.031217,0.3120408,8.8,0
326,8.060577,0.3060004,8.8,0
327,8.093661,0.2976182,8.8,0
328,8.127551,0.288756,8.8,0
329,8.158889,0.2818772,8.8,0
330,8.186552,0.2761115,8.8,0
331,8.212393,0.2714426,8.8,0
332,8.237392,0.2664286,8.8,0
333,8.259882,0.2626004,8.8,0
334,8.279786,0.2599215,8.8,0
335,8.301509,0.2552,8.8,0
336,8.322644,0.2521684,8.8,0
337,8.346311,0.2521817,8.8,0
338,8.373188,0.2533881,8.8,0
339,8.397863,0.251792,8.8,0
340,8.421901,0.2503122,8.8,0
341,8.443727,0.2504171,8.8,0
342,8.463539,0.2509958,-8.8,0
343,8.480638,0.2511408,-8.8,0
344,8.498659,0.2509049,-8.8,0
345,8.517494,0.2519279,-8.8,0
346,8.538252,0.2532307,-8.8,0
347,8.557516,0.2559773,-8.8,0
348,8.580544,0.260468,-8.8,0
349,8.603418,0.2697591,-8.8,0
350,8.628041,0.2794293,-8.8,0
351,8.652969,0.2871137,-8.8,0
352,8.672817,0.2939957,-8.8,0
353,8.685087,0.300497,-8.8,0
354,8.696328,0.3077512,-8.8,0
355,8.714872,0.3083823,-8.8,0
356,8.734579,0.3015187,-8.8,0
357,8.749714,0.293433,-8.8,0
358,8.764157,0.2895811,-8.8,0
359,8.779961,0.2863193,-8.8,0
360,8.794592,0.281506,-8.8,0
361,8.807025,0.2712267,-8.8,0
362,8.817492,0.2576168,-8.8,0
363,8.825933,0.2440527,-8.8,0
364,8.831929,0.231039,-8.8,0
365,8.834298,0.2154927,-8.8,0
366,8.835029,0.2016459,-8.8,0
367,8.835176,0.1859706,-8.8,0
368,8.833021,0.1716169,-8.8,0
369,8.826897,0.1560097,-8.8,0
370,8.816665,0.1395002,-8.8,0
371,8.804172,0.1258123,-8.8,0
372,8.790149,0.1119513,-8.8,0
373,8.776575,0.09844264,-8.8,0
374,8.762407,0.08253293,-8.8,0
375,8.747292,0.06768325,-8.8,0
376,8.732081,0.05378693,-8.8,0
377,8.712905,0.03894825,-8.8,0
378,8.690217,0.02361503,-8.8,0
379,8.6666,0.008342309,-8.8,0
380,8.64839,-0.003906905,-8.8,0
381,8.632627,-0.01562999,-8.8,0
382,8.617229,-0.02653698,-8.8,0
383,8.600884,-0.0380113,-8.8,0
384,8.585924,-0.05027445,-8.8,0
385,8.574067,-0.06193718,-8.8,0
386,8.562773,-0.0728235,-8.8,0
387,8.552005,-0.08460602,-8.8,0
388,8.541508,-0.097464,-8.8,0
389,8.528513,-0.1110891,-8.8,0
390,8.517027,-0.1241518,-8.8,0
391,8.505507,-0.1365172,-8.8,0
392,8.492052,-0.151094,-8.8,0
393,8.480771,-0.1657108,-8.8,0
394,8.468941,-0.182983,-8.8,0
395,8.455806,-0.2007231,-8.8,0
396,8.442756,-0.2177276,-8.8,0
397,8.430733,-0.2355046,-8.8,0
398,8.417823,-0.2533561,-8.8,0
399,8.405487,-0.2677798,-8.8,0
400,8.395381,-0.2826915,-8.8,0
401,8.385731,-0.2992349,-8.8,0
402,8.376014,-0.3161651,-8.8,0
403,8.363426,-0.3344993,-8.8,0
404,8.350499,-0.351748,-8.8,0
405,8.335275,-0.3698017,-8.8,0
406,8.320103,-0.3854801,-8.8,0
407,8.303969,-0.4009072,-8.8,0
408,8.289007,-0.4150589,-8.8,0
409,8.274076,-0.4278555,-8.8,0
410,8.26186,-0.4433304,-8.8,0
411,8.248677,-0.4595407,-8.8,0
412,8.230567,-0.4793591,-8.8,0
413,8.207791,-0.497918,-8.8,0
414,8.189186,-0.5150372,-8.8,0
415,8.172763,-0.5326148,-8.8,0
416,8.153841,-0.5497061,-8.8,0
417,8.133337,-0.5661233,-8.8,0
418,8.114363,-0.581781,-8.8,0
419,8.098134,-0.5952949,-8.8,0
420,8.083115,-0.6072775,-8.8,0
421,8.06521,-0.6180908,-8.8,0
422,8.045993,-0.6291741,-8.8,0
423,8.022902,-0.6375322,-8.8,0
424,7.999527,-0.6462693,-8.8,0
425,7.972752,-0.6541564,-8.8,0
426,7.94526,-0.6595951,-8.8,0
427,7.917178,-0.6636857,-8.8,0
428,7.889015,-0.6671382,-8.8,0
429,7.861807,-0.6676718,-8.8,0
430,7.833422,-0.6678241,-8.8,0
431,7.803,-0.6694193,-8.8,0
432,7.771314,-0.6710441,-8.8,0
433,7.740779,-0.6734489,-8.8,0
434,7.709607,-0.6744621,-8.8,0
435,7.678051,-0.6754992,-8.8,0
436,7.646664,-0.6774981,-8.8,0
437,7.616808,-0.6782035,-8.8,0
438,7.587198,-0.6782358,-8.8,0
439,7.560742,-0.6795327,-8.8,0
440,7.538021,-0.6818302,-8.8,0
441,7.51865,-0.6845641,-8.8,0
442,7.496518,-0.6876463,-8.8,0
443,7.473903,-0.6892315,-8.8,0
444,7.452128,-0.6919566,-8.8,0
445,7.431744,-0.6958597,-8.8,0
446,7.411312,-0.7000567,-8.8,0
447,7.38608,-0.7025187,-8.8,0
448,7.362372,-0.7050955,-8.8,0
449,7.339026,-0.7102977,-8.8,0
450,7.315241,-0.716303,-8.8,0
451,7.292964,-0.720786,-8.8,0
452,7.269567,-0.7271701,-8.8,0
453,7.24551,-0.73204,-8.8,0
454,7.220454,-0.7369061,-8.8,0
455,7.194599,-0.7424105,-8.8,0
456,7.169664,-0.7485054,-8.8,0
457,7.142779,-0.7556747,-8.8,0
458,7.117727,-0.7617883,-8.8,0
459,7.090799,-0.7660021,-8.8,0
460,7.060772,-0.7734428,-8.8,0
461,7.030176,-0.7824373,-8.8,0
462,6.999182,-0.7917736,-8.8,0
463,6.965515,-0.8012941,-8.8,0
464,6.936017,-0.8095859,-8.8,0
465,6.908865,-0.8178134,-8.8,0
466,6.883686,-0.8271928,-8.8,0
467,6.857145,-0.8354504,-8.8,0
468,6.827451,-0.8423663,-8.8,0
469,6.797912,-0.85078,-8.8,0
470,6.767533,-0.8603334,-8.8,0
471,6.735973,-0.8674724,-8.8,0
472,6.705887,-0.8756216,-8.8,0
473,6.678034,-0.8832504,-8.8,0
474,6.650137,-0.8885995,-8.8,0
475,6.620323,-0.892763,-8.8,0
476,6.593048,-0.8969997,-8.8,0
477,6.564727,-0.8985284,-8.8,0
478,6.532852,-0.8981506,-8.8,0
479,6.499242,-0.8985552,-8.8,0
480,6.464585,-0.8980061,-8.8,0
481,6.430861,-0.8972276,-8.8,0
482,6.395393,-0.8951147,-8.8,0
483,6.361775,-0.8922689,-8.8,0
484,6.329544,-0.889349,-8.8,0
485,6.296397,-0.8859445,-8.8,0
486,6.262161,-0.8836253,-8.8,0
487,6.226842,-0.8795562,-8.8,0
488,6.193064,-0.8752772,-8.8,0
489,6.163479,-0.8687302,-8.8,0
490,6.135066,-0.8663689,-8.8,0
491,6.10698,-0.863444,-8.8,0
492,6.080711,-0.8626603,-8.8,0
493,6.051082,-0.8625333,-8.8,0
494,6.028087,-0.8620797,-8.8,0
495,6.006187,-0.8610904,-8.8,0
496,5.985034,-0.8611975,-8.8,0
497,5.962202,-0.8611736,-8.8,0
498,5.938421,-0.8642114,-8.8,0
499,5.912342,-0.8691797,-8.8,0
500,5.888487,-0.8734534,-8.8,0
501,5.865678,-0.8802078,-8.8,0
502,5.8411,-0.8848806,-8.8,0
503,5.817302,-0.8887401,-8.8,0
504,5.793609,-0.8916928,-8.8,0
505,5.768873,-0.8954887,-8.8,0
506,5.746103,-0.8993677,-8.8,0
507,5.719725,-0.9056641,-8.8,0
508,5.693221,-0.9102072,-8.8,0
509,5.666242,-0.9137269,-8.8,0
510,5.641901,-0.9181801,-8.8,0
511,5.61553,-0.925578,-8.8,0
512,5.589203,-0.9329017,-8.8,0
513,5.560841,-0.9416828,-8.8,0
514,5.533217,-0.9502982,-8.8,0
515,5.504828,-0.9583551,-8.8,0
516,5.476898,-0.9645732,-8.8,0
517,5.447392,-0.971455,-8.8,0
518,5.41957,-0.9777074,-8.8,0
519,5.394669,-0.9863384,-8.8,0
520,5.370866,-0.9964742,-8.8,0
521,5.345205,-1.007313,-8.8,0
522,5.316362,-1.018752,-8.8,0
523,5.286901,-1.028493,-8.8,0
524,5.256257,-1.036126,-8.8,0
525,5.227346,-1.044208,-8.8,0
526,5.19748,-1.051967,-8.8,0
527,5.168666,-1.058607,-8.8,0
528,5.142411,-1.064492,-8.8,0
529,5.114884,-1.069269,-8.8,0
530,5.087153,-1.073783,-8.8,0
531,5.059765,-1.075763,-8.8,0
532,5.031593,-1.075224,-8.8,0
533,5.002032,-1.073575,-8.8,0
534,4.97385,-1.07035,-8.8,0
535,4.945683,-1.067513,-8.8,0
536,4.915469,-1.064857,-8.8,0
537,4.885694,-1.061612,-8.8,0
538,4.855143,-1.058137,-8.8,0
539,4.823565,-1.054991,-8.8,0
540,4.79144,-1.052627,-8.8,0
541,4.75983,-1.04964,-8.8,0
542,4.729991,-1.046634,-8.8,0
543,4.700819,-1.0428,-8.8,0
544,4.673689,-1.040599,-8.8,0
545,4.648178,-1.039282,-8.8,0
546,4.626092,-1.036363,-8.8,0
547,4.603041,-1.034117,-8.8,0
548,4.577556,-1.033453,-8.8,0
549,4.556285,-1.032543,-8.8,0
550,4.537192,-1.032912,-8.8,0
551,4.516916,-1.034826,-8.8,0
552,4.494198,-1.036822,-8.8,0
553,4.470397,-1.038333,-8.8,0
554,4.446002,-1.038204,-8.8,0
555,4.42028,-1.039167,-8.8,0
556,4.397397,-1.042965,-8.8,0
557,4.3765,-1.046671,-8.8,0
558,4.356734,-1.050041,-8.8,0
559,4.332543,-1.051851,-8.8,0
560,4.306855,-1.054702,-8.8,0
561,4.28205,-1.058414,-8.8,0
562,4.259084,-1.061183,-8.8,0
563,4.234613,-1.064023,-8.8,0
564,4.209676,-1.067269,-8.8,0
565,4.185556,-1.070374,-8.8,0
566,4.157587,-1.074648,-8.8,0
567,4.129303,-1.078856,-8.8,0
568,4.099059,-1.084442,-8.8,0
569,4.066394,-1.088995,-8.8,0
570,4.035421,-1.093969,-8.8,0
571,4.003485,-1.09954,-8.8,0
572,3.973398,-1.105746,-8.8,0
573,3.943819,-1.112065,-8.8,0
574,3.916702,-1.119034,-8.8,0
575,3.892709,-1.126863,-8.8,0
576,3.868146,-1.131873,-8.8,0
577,3.84102,-1.138613,-8.8,0
578,3.811925,-1.143547,-8.8,0
579,3.78243,-1.147766,-8.8,0
580,3.754327,-1.152661,-8.8,0
581,3.726584,-1.1539,-8.8,0
582,3.701102,-1.154971,-8.8,0
583,3.674119,-1.155123,-8.8,0
584,3.646709,-1.155927,-8.8,0
585,3.619277,-1.153973,-8.8,0
586,3.590465,-1.152953,-8.8,0
587,3.55827,-1.152125,-8.8,0
588,3.526153,-1.149746,-8.8,0
589,3.496503,-1.146295,-8.8,0
590,3.466414,-1.140802,-8.8,0
591,3.43585,-1.135002,-8.8,0
592,3.402313,-1.129809,-8.8,0
593,3.371869,-1.123828,-8.8,0
594,3.344012,-1.119474,-8.8,0
595,3.311548,-1.114043,-8.8,0
596,3.280648,-1.10863,-8.8,0
597,3.249224,-1.104515,-8.8,0
598,3.218184,-1.099741,-8.8,0
599,3.190978,-1.094692,-8.8,0
600,3.165406,-1.091184,-8.8,0
601,3.14113,-1.088155,-8.8,0
602,3.11893,-1.087884,-8.8,0
603,3.094349,-1.085025,-8.8,0
604,3.069467,-1.084707,-8.8,0
605,3.047097,-1.085714,-8.8,0
606,3.026931,-1.088534,-8.8,0
607,3.004536,-1.091252,-8.8,0
608,2.980718,-1.092005,-8.8,0
609,2.958215,-1.092431,-8.8,0
610,2.934932,-1.095968,-8.8,0
611,2.913084,-1.100203,-8.8,0
612,2.888152,-1.103592,-8.8,0
613,2.864907,-1.107011,-8.8,0
614,2.839598,-1.110532,-8.8,0
615,2.814888,-1.112019,-8.8,0
616,2.789523,-1.115183,-8.8,0
617,2.764304,-1.121112,-8.8,0
618,2.740727,-1.126094,-8.8,0
619,2.711457,-1.132713,-8.8,0
620,2.68289,-1.139186,-8.8,0
621,2.654112,-1.143884,-8.8,0
622,2.626134,-1.149492,-8.8,0
623,2.593941,-1.156575,-8.8,0
624,2.56204,-1.163272,-8.8,0
625,2.533779,-1.170431,-8.8,0
626,2.506603,-1.177133,-8.8,0
627,2.482641,-1.183383,-8.8,0
628,2.457395,-1.189793,-8.8,0
629,2.431023,-1.195721,-8.8,0
630,2.405223,-1.202351,-8.8,0
631,2.377146,-1.208951,-8.8,0
632,2.34366,-1.21667,-8.8,0
633,2.312632,-1.223969,-8.8,0
634,2.285822,-1.228665,-8.8,0
635,2.259773,-1.231331,-8.8,0
636,2.23456,-1.233612,-8.8,0
637,2.209796,-1.235167,-8.8,0
638,2.181734,-1.235255,-8.8,0
639,2.150193,-1.23661,-8.8,0
640,2.11844,-1.235665,-8.8,0
641,2.085624,-1.233021,-8.8,0
642,2.050442,-1.230909,-8.8,0
643,2.018806,-1.227708,-8.8,0
644,1.989654,-1.224447,-8.8,0
645,1.958388,-1.219984,-8.8,0
646,1.926455,-1.216029,-8.8,0
647,1.894271,-1.211351,-8.8,0
648,1.859327,-1.20719,-8.8,0
649,1.826953,-1.202605,-8.8,0
650,1.796104,-1.199752,-8.8,0
651,1.76864,-1.196121,-8.8,0
652,1.742562,-1.192365,-8.8,0
653,1.713686,-1.186758,-8.8,0
654,1.689541,-1.184389,-8.8,0
655,1.660711,-1.182852,-8.8,0
656,1.638767,-1.182218,-8.8,0
657,1.616979,-1.183044,-8.8,0
658,1.595874,-1.183785,-8.8,0
659,1.576413,-1.18407,-8.8,0
660,1.553469,-1.186946,-8.8,0
661,1.525072,-1.189463,-8.8,0
662,1.498387,-1.194855,-8.8,0
663,1.473501,-1.20064,-8.8,0
664,1.449568,-1.203941,-8.8,0
665,1.425142,-1.20694,-8.8,0
666,1.40276,-1.209219,-8.8,0
667,1.380959,-1.212661,-8.8,0
668,1.356766,-1.216308,-8.8,0
669,1.330786,-1.219363,-8.8,0
670,1.306838,-1.222685,-8.8,0
671,1.28223,-1.225403,-8.8,0
672,1.255868,-1.229562,-8.8,0
673,1.231097,-1.233526,-8.8,0
674,1.20661,-1.238896,-8.8,0
675,1.180693,-1.246214,-8.8,0
676,1.150318,-1.254156,-8.8,0
677,1.118667,-1.261868,-8.8,0
678,1.088335,-1.267749,-8.8,0
679,1.05818,-1.273923,-8.8,0
680,1.029805,-1.282389,-8.8,0
681,1.002708,-1.288326,-8.8,0
682,0.9775445,-1.295075,-8.8,0
683,0.9522023,-1.302009,-8.8,0
684,0.9232891,-1.309055,-8.8,0
685,0.8921324,-1.315904,-8.8,0
686,0.8594124,-1.321135,-8.8,0
687,0.8326175,-1.325828,-8.8,0
688,0.8069851,-1.32914,-8.8,0
689,0.7800191,-1.333825,-8.8,0
690,0.7516568,-1.336766,-8.8,0
691,0.7241248,-1.338436,-8.8,0
692,0.6969784,-1.341585,-8.8,0
693,0.6670688,-1.342643,-8.8,0
694,0.6355385,-1.341013,-8.8,0
695,0.6025884,-1.337307,-8.8,0
696,0.5698218,-1.331166,-8.8,0
697,0.5368474,-1.32376,-8.8,0
698,0.5043145,-1.317038,-8.8,0
699,0.4723631,-1.309556,-8.8,0
700,0.4418897,-1.301315,-8.8,0
701,0.4101714,-1.29282,-8.8,0
702,0.3801439,-1.285723,-8.8,0
703,0.3484046,-1.278669,-8.8,0
704,0.3176025,-1.270747,-8.8,0
705,0.2910133,-1.265021,-8.8,0
706,0.2667643,-1.260179,-8.8,0
707,0.243,-1.256466,-8.8,0
708,0.2201106,-1.252741,-8.8,0
709,0.2003519,-1.250182,-8.8,0
710,0.179557,-1.247798,-8.8,0
711,0.1576173,-1.245416,-8.8,0
712,0.1393894,-1.24498,-8.8,0
713,0.1190308,-1.244983,-8.8,0
714,0.09216193,-1.242839,-8.8,0
715,0.06632346,-1.242357,-8.8,0
716,0.04238046,-1.242768,-8.8,0
717,0.01977731,-1.244614,-8.8,0
718,0.000237288,-1.245243,-8.8,0
719,-0.02008971,-1.246706,-8.8,0
720,-0.04294696,-1.250339,-8.8,0
721,-0.06572704,-1.252168,-8.8,0
722,-0.0883941,-1.253714,-8.8,0
723,-0.1096103,-1.25459,-8.8,0
724,-0.1341911,-1.254233,-8.8,0
725,-0.1594904,-1.255487,-8.8,0
726,-0.1868445,-1.258269,-8.8,0
727,-0.2160847,-1.260543,-8.8,0
728,-0.2456813,-1.263051,-8.8,0
729,-0.2747468,-1.264362,-8.8,0
730,-0.302311,-1.267945,-8.8,0
731,-0.3292782,-1.270561,-8.8,0
732,-0.3574498,-1.275105,-8.8,0
733,-0.3818151,-1.279747,-8.8,0
734,-0.404048,-1.283031,-8.8,0
735,-0.4268713,-1.285996,-8.8,0
736,-0.4496539,-1.290817,-8.8,0
737,-0.4775546,-1.298886,-8.8,0
738,-0.5079338,-1.305162,-8.8,0
739,-0.5382541,-1.309984,-8.8,0
740,-0.5686752,-1.314126,-8.8,0
741,-0.5984964,-1.320517,-8.8,0
742,-0.6279255,-1.324385,-8.8,0
743,-0.6575427,-1.325883,-8.8,0
744,-0.688463,-1.327922,-8.8,0
745,-0.7168924,-1.32923,-8.8,0
746,-0.745997,-1.328691,-8.8,0
747,-0.7775844,-1.327383,-8.8,0
748,-0.8110355,-1.323749,-8.8,0
749,-0.8460239,-1.318767,-8.8,0
750,-0.8789755,-1.31361,-8.8,0
751,-0.9079502,-1.307828,-8.8,0
752,-0.9385958,-1.301192,-8.8,0
753,-0.9676859,-1.295141,-8.8,0
754,-0.998383,-1.287646,-8.8,0
755,-1.029971,-1.280845,-8.8,0
756,-1.062525,-1.275898,-8.8,0
757,-1.092227,-1.270328,-8.8,0
758,-1.116434,-1.265595,-8.8,0
759,-1.141797,-1.260193,-8.8,0
760,-1.167063,-1.257584,-8.8,0
761,-1.195113,-1.254393,-8.8,0
762,-1.218594,-1.252625,-8.8,0
763,-1.241268,-1.24984,-8.8,0
764,-1.261066,-1.248033,-8.8,0
765,-1.28172,-1.249192,-8.8,0
766,-1.30395,-1.250876,-8.8,0
767,-1.325803,-1.252606,-8.8,0
768,-1.35138,-1.254612,-8.8,0
769,-1.374134,-1.253516,-8.8,0
770,-1.399541,-1.253214,-8.8,0
771,-1.423593,-1.254298,-8.8,0
772,-1.448297,-1.257317,-8.8,0
773,-1.472299,-1.260564,-8.8,0
774,-1.495939,-1.262838,-8.8,0
775,-1.521994,-1.266466,-8.8,0
776,-1.549057,-1.26971,-8.8,0
777,-1.578464,-1.273515,-8.8,0
778,-1.607289,-1.277832,-8.8,0
779,-1.637154,-1.283178,-8.8,0
780,-1.666687,-1.287643,-8.8,0
781,-1.699442,-1.293468,-8.8,0
782,-1.730879,-1.29868,-8.8,0
783,-1.763268,-1.303982,-8.8,0
784,-1.794334,-1.309399,-8.8,0
785,-1.823478,-1.315311,-8.8,0
786,-1.853738,-1.323022,-8.8,0
787,-1.881207,-1.329264,-8.8,0
788,-1.908816,-1.334115,-8.8,0
789,-1.937399,-1.339551,-8.8,0
790,-1.96222,-1.345299,-8.8,0
791,-1.987421,-1.352505,-8.8,0
792,-2.013165,-1.360645,-8.8,0
793,-2.042198,-1.368558,-8.8,0
794,-2.070637,-1.373803,-8.8,0
795,-2.09831,-1.375172,-8.8,0
796,-2.129961,-1.374092,-8.8,0
797,-2.160456,-1.373831,-8.8,0
798,-2.190063,-1.37267,-8.8,0
799,-2.216986,-1.372248,-8.8,0
800,-2.247876,-1.368687,-8.8,0
801,-2.277066,-1.363434,-8.8,0
802,-2.308916,-1.358377,-8.8,0
803,-2.339228,-1.353257,-8.8,0
804,-2.368981,-1.348637,-8.8,0
805,-2.399579,-1.342869,-8.8,0
806,-2.429849,-1.338155,-8.8,0
807,-2.462405,-1.332495,-8.8,0
808,-2.496068,-1.323962,-8.8,0
809,-2.528178,-1.31769,-8.8,0
810,-2.563114,-1.310205,-8.8,0
811,-2.591819,-1.30355,-8.8,0
812,-2.616934,-1.297868,-8.8,0
813,-2.640784,-1.291386,-8.8,0
814,-2.663291,-1.284869,-8.8,0
815,-2.682474,-1.280932,-8.8,0
816,-2.700199,-1.279423,-8.8,0
817,-2.723029,-1.280467,-8.8,0
818,-2.746744,-1.283107,-8.8,0
819,-2.771204,-1.284329,-8.8,0
820,-2.79041,-1.283375,-8.8,0
821,-2.811412,-1.280361,-8.8,0
822,-2.834519,-1.278672,-8.8,0
823,-2.860581,-1.278846,-8.8,0
824,-2.88503,-1.277493,-8.8,0
825,-2.908391,-1.275685,-8.8,0
826,-2.93261,-1.275107,-8.8,0
827,-2.957505,-1.274592,-8.8,0
828,-2.982069,-1.274272,-8.8,0
829,-3.005193,-1.275174,-8.8,0
830,-3.027988,-1.276158,-8.8,0
831,-3.05297,-1.276905,-8.8,0
832,-3.079087,-1.277443,-8.8,0
833,-3.104502,-1.2769,-8.8,0
834,-3.132807,-1.278191,-8.8,0
835,-3.163253,-1.278783,-8.8,0
836,-3.192807,-1.281016,-8.8,0
837,-3.224004,-1.285214,-8.8,0
838,-3.255862,-1.287256,-8.8,0
839,-3.287207,-1.287687,-8.8,0
840,-3.314765,-1.288967,-8.8,0
841,-3.343248,-1.290898,-8.8,0
842,-3.366971,-1.292842,-8.8,0
843,-3.391182,-1.29525,-8.8,0
844,-3.419285,-1.296426,-8.8,0
845,-3.445613,-1.296161,-8.8,0
846,-3.473945,-1.296723,-8.8,0
847,-3.50215,-1.297741,-8.8,0
848,-3.530134,-1.299181,-8.8,0
849,-3.559449,-1.298238,-8.8,0
850,-3.58758,-1.296798,-8.8,0
851,-3.613167,-1.294888,-8.8,0
852,-3.640189,-1.291252,-8.8,0
853,-3.668162,-1.286596,-8.8,0
854,-3.698048,-1.280056,-8.8,0
855,-3.729058,-1.27173,-8.8,0
856,-3.760211,-1.26524,-8.8,0
857,-3.792958,-1.256679,-8.8,0
858,-3.823887,-1.246504,-8.8,0
859,-3.854449,-1.235247,-8.8,0
860,-3.882879,-1.224593,-8.8,0
861,-3.912427,-1.214384,-8.8,0
862,-3.942096,-1.204443,-8.8,0
863,-3.97223,-1.192863,-8.8,0
864,-4.004773,-1.181447,-8.8,0
865,-4.038909,-1.16994,-8.8,0
866,-4.068713,-1.159469,-8.8,0
867,-4.094102,-1.151839,-8.8,0
868,-4.114233,-1.147065,-8.8,0
869,-4.136263,-1.143385,-8.8,0
870,-4.158446,-1.138659,-8.8,0
871,-4.179538,-1.133025,-8.8,0
872,-4.201881,-1.127151,-8.8,0
873,-4.223106,-1.125165,-8.8,0
874,-4.244923,-1.121467,-8.8,0
875,-4.269843,-1.117369,-8.8,0
876,-4.293275,-1.112723,-8.8,0
877,-4.315224,-1.109737,-8.8,0
878,-4.336154,-1.109589,-8.8,0
879,-4.359388,-1.109011,-8.8,0
880,-4.381147,-1.107486,-8.8,0
881,-4.403381,-1.105079,-8.8,0
882,-4.428704,-1.103578,-8.8,0
883,-4.453537,-1.100013,-8.8,0
884,-4.48085,-1.097792,-8.8,0
885,-4.508265,-1.096695,-8.8,0
886,-4.532744,-1.095798,-8.8,0
887,-4.558637,-1.095884,-8.8,0
888,-4.586285,-1.096689,-8.8,0
889,-4.616203,-1.098484,-8.8,0
890,-4.647722,-1.100125,-8.8,0
891,-4.679792,-1.10147,-8.8,0
892,-4.711793,-1.101825,-8.8,0
893,-4.739301,-1.102732,-8.8,0
894,-4.766017,-1.10467,-8.8,0
895,-4.792062,-1.107471,-8.8,0
896,-4.817443,-1.109272,-8.8,0
897,-4.845159,-1.109657,-8.8,0
898,-4.871885,-1.108251,-8.8,0
899,-4.895529,-1.106759,-8.8,0
900,-4.922332,-1.106969,-8.8,0
901,-4.953525,-1.106914,-8.8,0
902,-4.984561,-1.103971,-8.8,0
903,-5.013962,-1.102694,-8.8,0
904,-5.040775,-1.099156,-8.8,0
905,-5.06591,-1.095554,-8.8,0
906,-5.092337,-1.091445,-8.8,0
907,-5.120335,-1.084356,-8.8,0
908,-5.149689,-1.075547,-8.8,0
909,-5.178062,-1.066545,-8.8,0
910,-5.206629,-1.057974,-8.8,0
911,-5.236528,-1.049569,-8.8,0
912,-5.267735,-1.038287,-8.8,0
913,-5.29589,-1.026594,-8.8,0
914,-5.318947,-1.016565,-8.8,0
915,-5.345658,-1.006928,-8.8,0
916,-5.375759,-0.9955582,-8.8,0
917,-5.403414,-0.9836252,-8.8,0
918,-5.430916,-0.9716367,-8.8,0
919,-5.457783,-0.9592621,-8.8,0
920,-5.487285,-0.9450164,-8.8,0
921,-5.511558,-0.9354976,-8.8,0
922,-5.531128,-0.9277322,-8.8,0
923,-5.550183,-0.9216667,-8.8,0
924,-5.573362,-0.9163561,-8.8,0
925,-5.592515,-0.9119393,-8.8,0
926,-5.611557,-0.9066966,-8.8,0
927,-5.632771,-0.9025409,-8.8,0
928,-5.652258,-0.8982714,-8.8,0
929,-5.673588,-0.8943236,-8.8,0
930,-5.694433,-0.8896824,-8.8,0
931,-5.716619,-0.8856081,-8.8,0
932,-5.73864,-0.8826441,-8.8,0
933,-5.759049,-0.8826808,-8.8,0
934,-5.779609,-0.882403,-8.8,0
935,-5.803991,-0.8793948,-8.8,0
936,-5.82729,-0.8756556,-8.8,0
937,-5.852726,-0.8735166,-8.8,0
938,-5.879303,-0.8698994,-8.8,0
939,-5.905203,-0.864074,-8.8,0
940,-5.934478,-0.8600174,-8.8,0
941,-5.962206,-0.8575253,-8.8,0
942,-5.990648,-0.8551581,-8.8,0
943,-6.020055,-0.8522032,-8.8,0
944,-6.050942,-0.8512847,-8.8,0
945,-6.08301,-0.8489895,-8.8,0
946,-6.113914,-0.8468583,-8.8,0
947,-6.139533,-0.8462626,-8.8,0
948,-6.161306,-0.844874,-8.8,0
949,-6.184475,-0.8450895,-8.8,0
950,-6.206213,-0.8465707,-8.8,0
951,-6.231006,-0.8454098,-8.8,0
952,-6.258541,-0.8454947,-8.8,0
953,-6.286566,-0.8456477,-8.8,0
954,-6.315525,-0.8464444,-8.8,0
955,-6.343986,-0.8474135,-8.8,0
956,-6.372395,-0.8472801,-8.8,0
957,-6.402516,-0.8445289,-8.8,0
958,-6.42933,-0.8440875,-8.8,0
959,-6.458827,-0.8420993,-8.8,0
960,-6.489485,-0.8381988,-8.8,0
961,-6.519369,-0.8307146,-8.8,0
962,-6.546407,-0.8239942,-8.8,0
963,-6.574012,-0.815667,-8.8,0
964,-6.600865,-0.8075547,-8.8,0
965,-6.630708,-0.7965637,-8.8,0
966,-6.657376,-0.7869243,-8.8,0
967,-6.685721,-0.7762007,-8.8,0
968,-6.714393,-0.7653208,-8.8,0
969,-6.746513,-0.7536623,-8.8,0
970,-6.778979,-0.7413018,-8.8,0
971,-6.810189,-0.7291687,-8.8,0
972,-6.839598,-0.7168081,-8.8,0
973,-6.867313,-0.7046582,-8.8,0
974,-6.891215,-0.6947467,-8.8,0
975,-6.913399,-0.6863531,-8.8,0
976,-6.936491,-0.6769684,-8.8,0
977,-6.958134,-0.6703226,-8.8,0
978,-6.977441,-0.664857,-8.8,0
979,-6.999844,-0.6603308,-8.8,0
980,-7.020477,-0.6553764,-8.8,0
981,-7.042578,-0.6484064,-8.8,0
982,-7.064245,-0.6447603,-8.8,0
983,-7.087059,-0.6408262,-8.8,0
984,-7.109874,-0.6377565,-8.8,0
985,-7.133269,-0.635413,-8.8,0
986,-7.157585,-0.6329809,-8.8,0
987,-7.179574,-0.6295885,-8.8,0
988,-7.201367,-0.6289276,-8.8,0
989,-7.223207,-0.6276656,-8.8,0
990,-7.2467,-0.6267477,-8.8,0
991,-7.269543,-0.62414,-8.8,0
992,-7.29355,-0.6227794,-8.8,0
993,-7.320385,-0.6205143,-8.8,0
994,-7.346436,-0.6180933,-8.8,0
995,-7.369706,-0.6167695,-8.8,0
996,-7.396485,-0.6152935,-8.8,0
997,-7.423882,-0.6145369,-8.8,0
998,-7.451791,-0.6150939,-8.8,0
999,-7.479606,-0.6162147,-8.8,0
1000,-7.508623,-0.6173052,-8.8,0
1001,-7.535764,-0.6152748,-8.8,0
1002,-7.560444,-0.6121478,-8.8,0
1003,-7.584246,-0.6118954,-8.8,0
1004,-7.608585,-0.6097328,-8.8,0
1005,-7.63239,-0.6115654,-8.8,0
1006,-7.658673,-0.6111558,-8.8,0
1007,-7.68714,-0.6099637,-8.8,0
1008,-7.716497,-0.6104689,-8.8,0
1009,-7.744962,-0.6090057,-8.8,0
1010,-7.773889,-0.6089421,-8.8,0
1011,-7.80096,-0.6072092,-8.8,0
1012,-7.827486,-0.6035876,-8.8,0
1013,-7.855016,-0.5990595,-8.8,0
1014,-7.88112,-0.5939859,-8.8,0
1015,-7.904946,-0.5856037,-8.8,0
1016,-7.929008,-0.5769885,-8.8,0
1017,-7.954702,-0.5668041,-8.8,0
1018,-7.980299,-0.5562617,-8.8,0
1019,-8.00778,-0.5429329,-8.8,0
1020,-8.034292,-0.5297005,-8.8,0
1021,-8.059106,-0.5154834,-8.8,0
1022,-8.083286,-0.5005893,-8.8,0
1023,-8.109067,-0.4844343,-8.8,0
1024,-8.13685,-0.4677112,-8.8,0
1025,-8.16279,-0.4519168,-8.8,0
1026,-8.185797,-0.4373832,-8.8,0
1027,-8.212528,-0.4212411,-8.8,0
1028,-8.23737,-0.4054737,-8.8,0
1029,-8.257329,-0.3906146,-8.8,0
1030,-8.275477,-0.379584,-8.8,0
1031,-8.293837,-0.3671412,-8.8,0
1032,-8.312505,-0.3580429,-8.8,0
1033,-8.333149,-0.3491585,-8.8,0
1034,-8.352078,-0.3404735,-8.8,0
1035,-8.367607,-0.3341239,-8.8,0
1036,-8.388815,-0.3234469,-8.8,0
1037,-8.408986,-0.3140994,-8.8,0
1038,-8.429125,-0.3081846,-8.8,0
1039,-8.450054,-0.3037973,-8.8,0
1040,-8.47114,-0.2980477,-8.8,0
1041,-8.490423,-0.2900741,7.621023,-4.4
1042,-8.505276,-0.2862549,7.621023,-4.4
1043,-8.520979,-0.2821531,7.621023,-4.4
1044,-8.53824,-0.2784126,7.621023,-4.4
1045,-8.558028,-0.2767565,7.621023,-4.4
1046,-8.580251,-0.2779756,7.621023,-4.4
1047,-8.603743,-0.2814107,7.621023,-4.4
1048,-8.624096,-0.2857121,7.621023,-4.4
1049,-8.648101,-0.2878156,7.621023,-4.4
1050,-8.670874,-0.2906066,7.621023,-4.4
1051,-8.691792,-0.2907101,7.621023,-4.4
1052,-8.712502,-0.2866802,7.621023,-4.4
1053,-8.734386,-0.2774127,7.621023,-4.4
1054,-8.754262,-0.261328,7.621023,-4.4
1055,-8.768893,-0.248284,7.621023,-4.4
1056,-8.785808,-0.2406024,7.621023,-4.4
1057,-8.803191,-0.2320119,7.621023,-4.4
1058,-8.81389,-0.2201695,7.621023,-4.4
1059,-8.822556,-0.2056604,7.621023,-4.4
1060,-8.829494,-0.1888641,7.621023,-4.4
1061,-8.83455,-0.1714882,7.621023,-4.4
1062,-8.837782,-0.153813,7.621023,-4.4
1063,-8.839798,-0.1379893,7.621023,-4.4
1064,-8.839773,-0.1234416,7.621023,-4.4
1065,-8.838359,-0.1107022,7.621023,-4.4
1066,-8.834829,-0.09946589,7.621023,-4.4
1067,-8.826758,-0.09257939,7.621023,-4.4
1068,-8.8162,-0.08555286,7.621023,-4.4
1069,-8.804741,-0.07957123,7.621023,-4.4
1070,-8.790546,-0.07215156,7.621023,-4.4
1071,-8.774116,-0.06427012,7.621023,-4.4
1072,-8.758146,-0.0588291,7.621023,-4.4
1073,-8.740016,-0.05300699,7.621023,-4.4
1074,-8.721341,-0.05057865,7.621023,-4.4
1075,-8.701535,-0.04778952,7.621023,-4.4
1076,-8.679156,-0.04275024,7.621023,-4.4
1077,-8.655326,-0.04016824,7.621023,-4.4
1078,-8.631824,-0.03871888,7.621023,-4.4
1079,-8.610175,-0.03673773,7.621023,-4.4
1080,-8.59068,-0.03441795,7.621023,-4.4
1081,-8.573686,-0.03059685,7.621023,-4.4
1082,-8.559451,-0.02603855,7.621023,-4.4
1083,-8.544291,-0.0192179,7.621023,-4.4
1084,-8.528784,-0.01299873,7.621023,-4.4
1085,-8.511092,-0.00816769,7.621023,-4.4
1086,-8.500469,-0.004698325,7.621023,-4.4
1087,-8.48603,0.00132643,7.621023,-4.4
1088,-8.471336,0.008159971,7.621023,-4.4
1089,-8.455052,0.01727719,7.621023,-4.4
1090,-8.438687,0.02499829,7.621023,-4.4
1091,-8.421683,0.03114549,7.621023,-4.4
1092,-8.406411,0.03588761,7.621023,-4.4
1093,-8.39265,0.04507705,7.621023,-4.4
1094,-8.375189,0.05708127,7.621023,-4.4
1095,-8.360831,0.06746556,7.621023,-4.4
1096,-8.347569,0.07670098,7.621023,-4.4
1097,-8.337024,0.0861862,7.621023,-4.4
1098,-8.323519,0.09620845,7.621023,-4.4
1099,-8.311248,0.1035097,7.621023,-4.4
1100,-8.295981,0.1113999,7.621023,-4.4
1101,-8.28418,0.1174666,7.621023,-4.4
1102,-8.270259,0.1251399,7.621023,-4.4
1103,-8.255336,0.1354249,7.621023,-4.4
1104,-8.235674,0.1492414,7.621023,-4.4
1105,-8.216436,0.1630418,7.621023,-4.4
1106,-8.199552,0.176178,7.621023,-4.4
1107,-8.180635,0.1912663,7.621023,-4.4
1108,-8.161676,0.2040566,7.621023,-4.4
1109,-8.143481,0.2139045,7.621023,-4.4
1110,-8.12571,0.224675,7.621023,-4.4
1111,-8.107093,0.23584,7.621023,-4.4
1112,-8.086901,0.2451152,7.621023,-4.4
1113,-8.068763,0.2535592,7.621023,-4.4
1114,-8.051262,0.2642179,7.621023,-4.4
1115,-8.032023,0.2758503,7.621023,-4.4
1116,-8.010551,0.286591,7.621023,-4.4
1117,-7.985427,0.2981263,7.621023,-4.4
1118,-7.958752,0.3085666,7.621023,-4.4
1119,-7.934016,0.3161082,7.621023,-4.4
1120,-7.911425,0.3223288,7.621023,-4.4
1121,-7.889668,0.3293812,7.621023,-4.4
1122,-7.866103,0.3331067,7.621023,-4.4
1123,-7.841687,0.335905,7.621023,-4.4
1124,-7.816978,0.3370498,7.621023,-4.4
1125,-7.790529,0.3353415,7.621023,-4.4
1126,-7.75958,0.3330611,7.621023,-4.4
1127,-7.733779,0.3302355,7.621023,-4.4
1128,-7.712409,0.3267319,7.621023,-4.4
1129,-7.688727,0.3214878,7.621023,-4.4
1130,-7.665644,0.3173493,7.621023,-4.4
1131,-7.638183,0.3113391,7.621023,-4.4
1132,-7.608173,0.3038366,7.621023,-4.4
1133,-7.580807,0.2967862,7.621023,-4.4
1134,-7.556946,0.2888806,7.621023,-4.4
1135,-7.531257,0.2816344,7.621023,-4.4
1136,-7.505882,0.2743887,7.621023,-4.4
1137,-7.481795,0.2672849,7.621023,-4.4
1138,-7.459275,0.2644066,7.621023,-4.4
1139,-7.438061,0.2619593,7.621023,-4.4
1140,-7.419862,0.2590868,7.621023,-4.4
1141,-7.400469,0.2583526,7.621023,-4.4
1142,-7.378509,0.2592541,7.621023,-4.4
1143,-7.356488,0.2575757,7.621023,-4.4
1144,-7.333269,0.2567389,7.621023,-4.4
1145,-7.31,0.2543543,7.621023,-4.4
1146,-7.285556,0.2535078,7.621023,-4.4
1147,-7.261122,0.2528173,7.621023,-4.4
1148,-7.236887,0.2551332,7.621023,-4.4
1149,-7.21224,0.2579089,7.621023,-4.4
1150,-7.188911,0.2578371,7.621023,-4.4
1151,-7.167716,0.2571462,7.621023,-4.4
1152,-7.14809,0.2571873,7.621023,-4.4
1153,-7.131383,0.2556205,7.621023,-4.4
1154,-7.109875,0.254886,7.621023,-4.4
1155,-7.086694,0.254369,7.621023,-4.4
1156,-7.06369,0.2528356,7.621023,-4.4
1157,-7.040966,0.2514361,7.621023,-4.4
1158,-7.018573,0.2515729,7.621023,-4.4
1159,-6.995093,0.2531059,7.621023,-4.4
1160,-6.968685,0.2543634,7.621023,-4.4
1161,-6.940706,0.2545036,7.621023,-4.4
1162,-6.911239,0.2545638,7.621023,-4.4
1163,-6.880171,0.2562217,7.621023,-4.4
1164,-6.852047,0.2605454,7.621023,-4.4
1165,-6.823749,0.2627505,7.621023,-4.4
1166,-6.796716,0.2661932,7.621023,-4.4
1167,-6.768003,0.2685615,7.621023,-4.4
1168,-6.739935,0.2708703,7.621023,-4.4
1169,-6.709878,0.2744837,7.621023,-4.4
1170,-6.679816,0.2765546,7.621023,-4.4
1171,-6.648783,0.2755278,7.621023,-4.4
1172,-6.618482,0.2750423,7.621023,-4.4
1173,-6.587389,0.2749357,7.621023,-4.4
1174,-6.559304,0.2726741,7.621023,-4.4
1175,-6.533382,0.2707326,7.621023,-4.4
1176,-6.50632,0.264894,7.621023,-4.4
1177,-6.476283,0.2565352,7.621023,-4.4
1178,-6.446589,0.2489905,7.621023,-4.4
1179,-6.417852,0.2405143,7.621023,-4.4
1180,-6.39043,0.2304551,7.621023,-4.4
1181,-6.362815,0.2197618,7.621023,-4.4
1182,-6.335231,0.2078035,7.621023,-4.4
1183,-6.306636,0.195575,7.621023,-4.4
1184,-6.277056,0.1845202,7.621023,-4.4
1185,-6.24524,0.1723355,7.621023,-4.4
1186,-6.214664,0.1602805,7.621023,-4.4
1187,-6.18844,0.1483376,7.621023,-4.4
1188,-6.162561,0.1364395,7.621023,-4.4
1189,-6.137317,0.1258947,7.621023,-4.4
1190,-6.113295,0.1162244,7.621023,-4.4
1191,-6.0903,0.1069558,7.621023,-4.4
1192,-6.068831,0.09847606,7.621023,-4.4
1193,-6.048892,0.09470849,7.621023,-4.4
1194,-6.027364,0.09218588,7.621023,-4.4
1195,-6.006188,0.08880836,7.621023,-4.4
1196,-5.986545,0.0833179,7.621023,-4.4
1197,-5.964399,0.07812145,7.621023,-4.4
1198,-5.94171,0.07402486,7.621023,-4.4
1199,-5.918921,0.07087058,7.621023,-4.4
1200,-5.893394,0.06853352,7.621023,-4.4
1201,-5.868055,0.06584027,7.621023,-4.4
1202,-5.846816,0.06520336,7.621023,-4.4
1203,-5.824374,0.06462564,7.621023,-4.4
1204,-5.800014,0.06372385,7.621023,-4.4
1205,-5.779568,0.06110698,7.621023,-4.4
1206,-5.756596,0.0574785,7.621023,-4.4
1207,-5.734099,0.0539358,7.621023,-4.4
1208,-5.710008,0.05115706,7.621023,-4.4
1209,-5.686069,0.04722344,7.621023,-4.4
1210,-5.660386,0.04229999,7.621023,-4.4
1211,-5.630073,0.03890898,7.621023,-4.4
1212,-5.59983,0.03767148,7.621023,-4.4
1213,-5.568858,0.03606993,7.621023,-4.4
1214,-5.537073,0.03470972,7.621023,-4.4
1215,-5.505511,0.0345776,7.621023,-4.4
1216,-5.474074,0.03548506,7.621023,-4.4
1217,-5.444134,0.03497662,7.621023,-4.4
1218,-5.414105,0.03845877,7.621023,-4.4
1219,-5.385513,0.04078142,7.621023,-4.4
1220,-5.356445,0.03938394,7.621023,-4.4
1221,-5.325832,0.03762032,7.621023,-4.4
1222,-5.294546,0.03733491,7.621023,-4.4
1223,-5.263635,0.03469056,7.621023,-4.4
1224,-5.233538,0.03335332,7.621023,-4.4
1225,-5.203815,0.03048049,7.621023,-4.4
1226,-5.17386,0.02726121,7.621023,-4.4
1227,-5.145876,0.02498247,7.621023,-4.4
1228,-5.117575,0.02189266,7.621023,-4.4
1229,-5.088208,0.01672328,7.621023,-4.4
1230,-5.056344,0.009862434,7.621023,-4.4
1231,-5.023952,0.002572726,7.621023,-4.4
1232,-4.989372,-0.007881034,7.621023,-4.4
1233,-4.955637,-0.01856087,7.621023,-4.4
1234,-4.925156,-0.02906501,7.621023,-4.4
1235,-4.897859,-0.03811642,7.621023,-4.4
1236,-4.868727,-0.04708441,7.621023,-4.4
1237,-4.838706,-0.05630375,7.621023,-4.4
1238,-4.809474,-0.06708982,7.621023,-4.4
1239,-4.78349,-0.07651581,7.621023,-4.4
1240,-4.757794,-0.08592306,7.621023,-4.4
1241,-4.731445,-0.09669834,7.621023,-4.4
1242,-4.705586,-0.1080547,7.621023,-4.4
1243,-4.680881,-0.116312,7.621023,-4.4
1244,-4.657836,-0.1220204,7.621023,-4.4
1245,-4.635129,-0.1284406,7.621023,-4.4
1246,-4.612302,-0.1348337,7.621023,-4.4
1247,-4.59058,-0.1376973,7.621023,-4.4
1248,-4.568263,-0.1424548,7.621023,-4.4
1249,-4.544733,-0.1461491,7.621023,-4.4
1250,-4.521369,-0.1508456,7.621023,-4.4
1251,-4.496206,-0.1545893,7.621023,-4.4
1252,-4.473189,-0.1591414,7.621023,-4.4
1253,-4.451142,-0.1614213,7.621023,-4.4
1254,-4.428488,-0.163628,7.621023,-4.4
1255,-4.405586,-0.1647317,7.621023,-4.4
1256,-4.381491,-0.1652884,7.621023,-4.4
1257,-4.354025,-0.1667272,7.621023,-4.4
1258,-4.326271,-0.1682725,7.621023,-4.4
1259,-4.299691,-0.1693046,7.621023,-4.4
1260,-4.274723,-0.1704186,7.621023,-4.4
1261,-4.249856,-0.170803,7.621023,-4.4
1262,-4.222202,-0.1707556,7.621023,-4.4
1263,-4.194212,-0.1693786,7.621023,-4.4
1264,-4.163532,-0.1686095,7.621023,-4.4
1265,-4.133042,-0.1670392,7.621023,-4.4
1266,-4.101817,-0.1674818,7.621023,-4.4
1267,-4.070483,-0.1686658,7.621023,-4.4
1268,-4.042455,-0.1690597,7.621023,-4.4
1269,-4.015179,-0.1682291,7.621023,-4.4
1270,-3.986865,-0.1673776,7.621023,-4.4
1271,-3.957281,-0.1650041,7.621023,-4.4
1272,-3.925504,-0.1629488,7.621023,-4.4
1273,-3.891276,-0.1592803,7.621023,-4.4
1274,-3.857939,-0.1577781,7.621023,-4.4
1275,-3.825872,-0.1546405,7.621023,-4.4
1276,-3.795494,-0.1515745,7.621023,-4.4
1277,-3.764425,-0.1497762,7.621023,-4.4
1278,-3.732083,-0.1505623,7.621023,-4.4
1279,-3.701139,-0.1542584,7.621023,-4.4
1280,-3.670966,-0.1569304,7.621023,-4.4
1281,-3.639984,-0.1617526,7.621023,-4.4
1282,-3.613539,-0.1665041,7.621023,-4.4
1283,-3.58576,-0.1696437,7.621023,-4.4
1284,-3.555615,-0.1752544,7.621023,-4.4
1285,-3.52764,-0.1819478,7.621023,-4.4
1286,-3.497062,-0.1897813,7.621023,-4.4
1287,-3.468281,-0.1981599,7.621023,-4.4
1288,-3.438903,-0.2062194,7.621023,-4.4
1289,-3.409095,-0.2142418,7.621023,-4.4
1290,-3.376178,-0.2236958,7.621023,-4.4
1291,-3.341139,-0.2338258,7.621023,-4.4
1292,-3.306608,-0.2436132,7.621023,-4.4
1293,-3.269821,-0.2533366,7.621023,-4.4
1294,-3.234943,-0.2650475,7.621023,-4.4
1295,-3.202778,-0.2752338,7.621023,-4.4
1296,-3.172167,-0.2850265,7.621023,-4.4
1297,-3.140583,-0.2938827,7.621023,-4.4
1298,-3.116259,-0.2987848,7.621023,-4.4
1299,-3.089205,-0.3038705,7.621023,-4.4
1300,-3.063284,-0.30992,7.621023,-4.4
1301,-3.040879,-0.3154934,7.621023,-4.4
1302,-3.019661,-0.3197009,7.621023,-4.4
1303,-2.997459,-0.3227154,7.621023,-4.4
1304,-2.971519,-0.3257905,7.621023,-4.4
1305,-2.945226,-0.3276122,7.621023,-4.4
1306,-2.920564,-0.3287901,7.621023,-4.4
1307,-2.899268,-0.3288186,7.621023,-4.4
1308,-2.87447,-0.3279656,7.621023,-4.4
1309,-2.851443,-0.328085,7.621023,-4.4
1310,-2.828759,-0.3275504,7.621023,-4.4
1311,-2.804369,-0.3282335,7.621023,-4.4
1312,-2.779033,-0.3285385,7.621023,-4.4
1313,-2.753956,-0.328395,7.621023,-4.4
1314,-2.728826,-0.3276593,7.621023,-4.4
1315,-2.700899,-0.3258473,7.621023,-4.4
1316,-2.672821,-0.3240455,7.621023,-4.4
1317,-2.646872,-0.3234552,7.621023,-4.4
1318,-2.619688,-0.3220897,7.621023,-4.4
1319,-2.591653,-0.3200625,7.621023,-4.4
1320,-2.558131,-0.3181243,7.621023,-4.4
1321,-2.524617,-0.3175241,7.621023,-4.4
1322,-2.493367,-0.3179785,7.621023,-4.4
1323,-2.463556,-0.3165786,7.621023,-4.4
1324,-2.433255,-0.3159344,7.621023,-4.4
1325,-2.403513,-0.3151277,7.621023,-4.4
1326,-2.376329,-0.3141467,7.621023,-4.4
1327,-2.347043,-0.311649,7.621023,-4.4
1328,-2.317023,-0.3108195,7.621023,-4.4
1329,-2.290266,-0.3070405,7.621023,-4.4
1330,-2.262715,-0.3051759,7.621023,-4.4
1331,-2.238153,-0.3057443,7.621023,-4.4
1332,-2.217478,-0.3067408,7.621023,-4.4
1333,-2.192124,-0.3062251,7.621023,-4.4
1334,-2.164289,-0.3082477,7.621023,-4.4
1335,-2.137031,-0.3108196,7.621023,-4.4
1336,-2.111306,-0.3134839,7.621023,-4.4
1337,-2.083827,-0.3196906,7.621023,-4.4
1338,-2.056703,-0.3289273,7.621023,-4.4
1339,-2.031,-0.3364193,7.621023,-4.4
1340,-2.004009,-0.3455941,7.621023,-4.4
1341,-1.97516,-0.355872,7.621023,-4.4
1342,-1.948982,-0.3661017,7.621023,-4.4
1343,-1.923291,-0.3763177,7.621023,-4.4
1344,-1.897374,-0.3860129,7.621023,-4.4
1345,-1.870516,-0.3953592,7.621023,-4.4
1346,-1.839938,-0.406129,7.621023,-4.4
1347,-1.807949,-0.4190856,7.621023,-4.4
1348,-1.781331,-0.4314811,7.621023,-4.4
1349,-1.756385,-0.4440519,7.621023,-4.4
1350,-1.73063,-0.4551805,7.621023,-4.4
1351,-1.705755,-0.464067,7.621023,-4.4
1352,-1.679435,-0.4755229,7.621023,-4.4
1353,-1.65889,-0.4834532,7.621023,-4.4
1354,-1.63868,-0.4896203,7.621023,-4.4
1355,-1.619005,-0.4964961,7.621023,-4.4
1356,-1.600346,-0.5022909,7.621023,-4.4
1357,-1.581305,-0.5054479,7.621023,-4.4
1358,-1.55781,-0.5124254,7.621023,-4.4
1359,-1.531612,-0.5179858,7.621023,-4.4
1360,-1.506357,-0.522327,7.621023,-4.4
1361,-1.481796,-0.5251219,7.621023,-4.4
1362,-1.460864,-0.5281222,7.621023,-4.4
1363,-1.439164,-0.5275618,7.621023,-4.4
1364,-1.417423,-0.5285953,7.621023,-4.4
1365,-1.393362,-0.5325772,7.621023,-4.4
1366,-1.371472,-0.5381024,7.621023,-4.4
1367,-1.347885,-0.5423546,7.621023,-4.4
1368,-1.3229,-0.5450524,7.621023,-4.4
1369,-1.295611,-0.5482895,7.621023,-4.4
1370,-1.269931,-0.551806,7.621023,-4.4
1371,-1.240625,-0.552992,7.621023,-4.4
1372,-1.212172,-0.5541551,7.621023,-4.4
1373,-1.18251,-0.5561497,7.621023,-4.4
1374,-1.150255,-0.5579627,7.621023,-4.4
1375,-1.119621,-0.5615117,7.621023,-4.4
1376,-1.083818,-0.5649834,7.621023,-4.4
1377,-1.048987,-0.567127,7.621023,-4.4
1378,-1.022166,-0.5671523,7.621023,-4.4
1379,-0.9954059,-0.567366,7.621023,-4.4
1380,-0.9696731,-0.5691482,7.621023,-4.4
1381,-0.9427148,-0.5690429,7.621023,-4.4
1382,-0.9136937,-0.568987,7.621023,-4.4
1383,-0.8866068,-0.5719587,7.621023,-4.4
1384,-0.8567707,-0.5731044,7.621023,-4.4
1385,-0.8263335,-0.5731097,7.621023,-4.4
1386,-0.795965,-0.5741969,7.621023,-4.4
1387,-0.7660933,-0.5776624,7.621023,-4.4
1388,-0.738129,-0.5791809,7.621023,-4.4
1389,-0.7116485,-0.5840234,7.621023,-4.4
1390,-0.6845124,-0.5916963,7.621023,-4.4
1391,-0.654788,-0.6009964,7.621023,-4.4
1392,-0.6255201,-0.610629,7.621023,-4.4
1393,-0.5982099,-0.6203389,7.621023,-4.4
1394,-0.5703009,-0.6318138,7.621023,-4.4
1395,-0.5410923,-0.6458551,7.621023,-4.4
1396,-0.5131449,-0.6592702,7.621023,-4.4
1397,-0.4860127,-0.6739141,7.621023,-4.4
1398,-0.4579494,-0.6878377,7.621023,-4.4
1399,-0.4298651,-0.7030957,7.621023,-4.4
1400,-0.3990464,-0.7191903,7.621023,-4.4
1401,-0.3681157,-0.7367312,7.621023,-4.4
1402,-0.3387761,-0.7520626,7.621023,-4.4
1403,-0.31233,-0.7678914,7.621023,-4.4
1404,-0.2891176,-0.7813365,7.621023,-4.4
1405,-0.2640258,-0.7909023,7.621023,-4.4
1406,-0.2390413,-0.7999629,7.621023,-4.4
1407,-0.2191426,-0.807728,7.621023,-4.4
1408,-0.198623,-0.8139103,7.621023,-4.4
1409,-0.1780975,-0.8195531,7.621023,-4.4
1410,-0.1580992,-0.8251802,7.621023,-4.4
1411,-0.1374027,-0.8318661,7.621023,-4.4
1412,-0.1136855,-0.8388827,7.621023,-4.4
1413,-0.09182683,-0.8456074,7.621023,-4.4
1414,-0.06771576,-0.8519041,7.621023,-4.4
1415,-0.04630387,-0.8578668,7.621023,-4.4
1416,-0.02505358,-0.8632502,7.621023,-4.4
1417,-0.00492231,-0.8676611,7.621023,-4.4
1418,0.01578224,-0.8712834,7.621023,-4.4
1419,0.04072587,-0.876151,7.621023,-4.4
1420,0.06341947,-0.8808318,7.621023,-4.4
1421,0.08437423,-0.8853931,7.621023,-4.4
1422,0.1068655,-0.891906,7.621023,-4.4
1423,0.1282729,-0.8981335,7.621023,-4.4
1424,0.151214,-0.9042963,7.621023,-4.4
1425,0.1775977,-0.908251,7.621023,-4.4
1426,0.2070062,-0.9119283,7.621023,-4.4
1427,0.2384649,-0.9145494,7.621023,-4.4
1428,0.2702411,-0.9166234,7.621023,-4.4
1429,0.2985107,-0.9187377,7.621023,-4.4
1430,0.3286685,-0.9214076,7.621023,-4.4
1431,0.3558142,-0.9248846,7.621023,-4.4
1432,0.3805015,-0.9268851,7.621023,-4.4
1433,0.4040524,-0.9300105,7.621023,-4.4
1434,0.4312956,-0.9334524,7.621023,-4.4
1435,0.4577274,-0.9370804,7.621023,-4.4
1436,0.4827675,-0.9394028,7.621023,-4.4
1437,0.5111658,-0.9445907,7.621023,-4.4
1438,0.5394678,-0.9490992,7.621023,-4.4
1439,0.5683079,-0.9538422,7.621023,-4.4
1440,0.5948113,-0.9603081,7.621023,-4.4
1441,0.6205022,-0.9692216,7.621023,-4.4
1442,0.648376,-0.978524,7.621023,-4.4
1443,0.6757062,-0.9883987,7.621023,-4.4
1444,0.7015153,-0.9994782,7.621023,-4.4
1445,0.7280156,-1.011711,7.621023,-4.4
1446,0.7549965,-1.025048,7.621023,-4.4
1447,0.7823174,-1.03848,7.621023,-4.4
1448,0.8099581,-1.052446,7.621023,-4.4
1449,0.8387159,-1.066157,7.621023,-4.4
1450,0.864409,-1.081272,7.621023,-4.4
1451,0.892364,-1.097778,7.621023,-4.4
1452,0.9214521,-1.114876,7.621023,-4.4
1453,0.9520033,-1.132481,7.621023,-4.4
1454,0.9802643,-1.14946,7.621023,-4.4
1455,1.006269,-1.166574,7.621023,-4.4
1456,1.029748,-1.183095,7.621023,-4.4
1457,1.051867,-1.195994,7.621023,-4.4
1458,1.073969,-1.2086,7.621023,-4.4
1459,1.098911,-1.219765,7.621023,-4.4
1460,1.121595,-1.230842,7.621023,-4.4
1461,1.1415,-1.238775,7.621023,-4.4
1462,1.164807,-1.246748,7.621023,-4.4
1463,1.185708,-1.254486,7.621023,-4.4
1464,1.207708,-1.261597,7.621023,-4.4
1465,1.229875,-1.268029,7.621023,-4.4
1466,1.252776,-1.275193,7.621023,-4.4
1467,1.276978,-1.285031,7.621023,-4.4
1468,1.300213,-1.290868,7.621023,-4.4
1469,1.323128,-1.296721,7.621023,-4.4
1470,1.346775,-1.301817,7.621023,-4.4
1471,1.367694,-1.303985,7.621023,-4.4
1472,1.388327,-1.306952,7.621023,-4.4
1473,1.410811,-1.311622,7.621023,-4.4
1474,1.435026,-1.316902,7.621023,-4.4
1475,1.455406,-1.323122,7.621023,-4.4
1476,1.477848,-1.328594,7.621023,-4.4
1477,1.500817,-1.334836,7.621023,-4.4
1478,1.524873,-1.341201,7.621023,-4.4
1479,1.54793,-1.34608,7.621023,-4.4
1480,1.576192,-1.350451,7.621023,-4.4
1481,1.605147,-1.354511,7.621023,-4.4
1482,1.635082,-1.358278,7.621023,-4.4
1483,1.663142,-1.362861,7.621023,-4.4
1484,1.691277,-1.367206,7.621023,-4.4
1485,1.719954,-1.370947,7.621023,-4.4
1486,1.747316,-1.374628,7.621023,-4.4
1487,1.77514,-1.377113,7.621023,-4.4
1488,1.802141,-1.381373,7.621023,-4.4
1489,1.832768,-1.384607,7.621023,-4.4
1490,1.863289,-1.390431,7.621023,-4.4
1491,1.892263,-1.394618,7.621023,-4.4
1492,1.922745,-1.399245,7.621023,-4.4
1493,1.951216,-1.404322,7.621023,-4.4
1494,1.980338,-1.411575,7.621023,-4.4
1495,2.010642,-1.420341,7.621023,-4.4
1496,2.038195,-1.430783,7.621023,-4.4
1497,2.06643,-1.443256,7.621023,-4.4
1498,2.094602,-1.453674,7.621023,-4.4
1499,2.122987,-1.466518,7.621023,-4.4
1500,2.149915,-1.479938,7.621023,-4.4
1501,2.176291,-1.492738,7.621023,-4.4
1502,2.205009,-1.508161,7.621023,-4.4
1503,2.233346,-1.522404,7.621023,-4.4
1504,2.259578,-1.535988,7.621023,-4.4
1505,2.285438,-1.550571,7.621023,-4.4
1506,2.308909,-1.565459,7.621023,-4.4
1507,2.3327,-1.579487,7.621023,-4.4
1508,2.353663,-1.595609,7.621023,-4.4
1509,2.376973,-1.6117,7.621023,-4.4
1510,2.400168,-1.625578,7.621023,-4.4
1511,2.422779,-1.638628,7.621023,-4.4
1512,2.444056,-1.650422,7.621023,-4.4
1513,2.466636,-1.660679,7.621023,-4.4
1514,2.487155,-1.669064,7.621023,-4.4
1515,2.506407,-1.674903,7.621023,-4.4
1516,2.528943,-1.685125,7.621023,-4.4
1517,2.551094,-1.692821,7.621023,-4.4
1518,2.570942,-1.700657,7.621023,-4.4
1519,2.589324,-1.708056,7.621023,-4.4
1520,2.610522,-1.714071,7.621023,-4.4
1521,2.634475,-1.722063,7.621023,-4.4
1522,2.658378,-1.729415,7.621023,-4.4
1523,2.67883,-1.735415,7.621023,-4.4
1524,2.697206,-1.740914,7.621023,-4.4
1525,2.717737,-1.746486,7.621023,-4.4
1526,2.738368,-1.754088,7.621023,-4.4
1527,2.760678,-1.76436,7.621023,-4.4
1528,2.78256,-1.773879,7.621023,-4.4
1529,2.805008,-1.783973,7.621023,-4.4
1530,2.829578,-1.793861,7.621023,-4.4
1531,2.854934,-1.802412,7.621023,-4.4
1532,2.87943,-1.80776,7.621023,-4.4
1533,2.907284,-1.814229,7.621023,-4.4
1534,2.938317,-1.820297,7.621023,-4.4
1535,2.968765,-1.827196,7.621023,-4.4
1536,2.997427,-1.834129,7.621023,-4.4
1537,3.026156,-1.843104,7.621023,-4.4
1538,3.051307,-1.849701,7.621023,-4.4
1539,3.075161,-1.854642,7.621023,-4.4
1540,3.1033,-1.859641,7.621023,-4.4
1541,3.128927,-1.864365,7.621023,-4.4
1542,3.159408,-1.868558,7.621023,-4.4
1543,3.18684,-1.873482,7.621023,-4.4
1544,3.215758,-1.881643,7.621023,-4.4
1545,3.244605,-1.889596,7.621023,-4.4
1546,3.272862,-1.896946,7.621023,-4.4
1547,3.301582,-1.905227,7.621023,-4.4
1548,3.330234,-1.916215,7.621023,-4.4
1549,3.356575,-1.928343,7.621023,-4.4
1550,3.38159,-1.938194,7.621023,-4.4
1551,3.408618,-1.951228,7.621023,-4.4
1552,3.435647,-1.964948,7.621023,-4.4
1553,3.460594,-1.979658,7.621023,-4.4
1554,3.486229,-1.994984,7.621023,-4.4
1555,3.511761,-2.01034,7.621023,-4.4
1556,3.538597,-2.026095,7.621023,-4.4
1557,3.565576,-2.040528,7.621023,-4.4
1558,3.590144,-2.055199,7.621023,-4.4
1559,3.617422,-2.070825,7.621023,-4.4
1560,3.644279,-2.089482,7.621023,-4.4
1561,3.671126,-2.108326,7.621023,-4.4
1562,3.698966,-2.126613,7.621023,-4.4
1563,3.72501,-2.144144,7.621023,-4.4
1564,3.748587,-2.160699,7.621023,-4.4
1565,3.770485,-2.174082,7.621023,-4.4
1566,3.791611,-2.185931,7.621023,-4.4
1567,3.813383,-2.197968,7.621023,-4.4
1568,3.833351,-2.210123,7.621023,-4.4
1569,3.848221,-2.21843,7.621023,-4.4
1570,3.862723,-2.227344,7.621023,-4.4
1571,3.877568,-2.235417,7.621023,-4.4
1572,3.895352,-2.242448,7.621023,-4.4
1573,3.918712,-2.251128,7.621023,-4.4
1574,3.946203,-2.264169,7.621023,-4.4
1575,3.971635,-2.274747,7.621023,-4.4
1576,3.995336,-2.284412,7.621023,-4.4
1577,4.019706,-2.29305,7.621023,-4.4
1578,4.040542,-2.299602,7.621023,-4.4
1579,4.062931,-2.30512,7.621023,-4.4
1580,4.086614,-2.312948,7.621023,-4.4
1581,4.108929,-2.321255,7.621023,-4.4
1582,4.131277,-2.329172,7.621023,-4.4
1583,4.153466,-2.337802,7.621023,-4.4
1584,4.177204,-2.347931,7.621023,-4.4
1585,4.203599,-2.356737,7.621023,-4.4
1586,4.228784,-2.36633,7.621023,-4.4
1587,4.256855,-2.375492,7.621023,-4.4
1588,4.286394,-2.384075,7.621023,-4.4
1589,4.319359,-2.39214,7.621023,-4.4
1590,4.349988,-2.401929,7.621023,-4.4
1591,4.375179,-2.41011,7.621023,-4.4
1592,4.400671,-2.414962,7.621023,-4.4
1593,4.425085,-2.420262,7.621023,-4.4
1594,4.451449,-2.426621,7.621023,-4.4
1595,4.476714,-2.431854,7.621023,-4.4
1596,4.501319,-2.436685,7.621023,-4.4
1597,4.529528,-2.440961,7.621023,-4.4
1598,4.559785,-2.449296,7.621023,-4.4
1599,4.590269,-2.456533,7.621023,-4.4
1600,4.617907,-2.466226,7.621023,-4.4
1601,4.646317,-2.475918,7.621023,-4.4
1602,4.676073,-2.486862,7.621023,-4.4
1603,4.700959,-2.49742,7.621023,-4.4
1604,4.725482,-2.509181,7.621023,-4.4
1605,4.751483,-2.524087,7.621023,-4.4
1606,4.776035,-2.538335,7.621023,-4.4
1607,4.801649,-2.554487,7.621023,-4.4
1608,4.828107,-2.570161,7.621023,-4.4
1609,4.85248,-2.585923,7.621023,-4.4
1610,4.877047,-2.601432,7.621023,-4.4
1611,4.898997,-2.616407,7.621023,-4.4
1612,4.921507,-2.632863,7.621023,-4.4
1613,4.945792,-2.650175,7.621023,-4.4
1614,4.970438,-2.667422,7.621023,-4.4
1615,4.996188,-2.684036,7.621023,-4.4
1616,5.021686,-2.701636,7.621023,-4.4
1617,5.047159,-2.720869,7.621023,-4.4
1618,5.072464,-2.737904,7.621023,-4.4
1619,5.095832,-2.753776,7.621023,-4.4
1620,5.115925,-2.766268,7.621023,-4.4
1621,5.132367,-2.776979,7.621023,-4.4
1622,5.147551,-2.787929,7.621023,-4.4
1623,5.166512,-2.797423,7.621023,-4.4
1624,5.186497,-2.807198,7.621023,-4.4
1625,5.205255,-2.81705,7.621023,-4.4
1626,5.223847,-2.826984,7.621023,-4.4
1627,5.245941,-2.837138,7.621023,-4.4
1628,5.267704,-2.846359,7.621023,-4.4
1629,5.288523,-2.854191,7.621023,-4.4
1630,5.309101,-2.863125,7.621023,-4.4
1631,5.332283,-2.872243,7.621023,-4.4
1632,5.352045,-2.878451,7.621023,-4.4
1633,5.372399,-2.885032,7.621023,-4.4
1634,5.393462,-2.892533,7.621023,-4.4
1635,5.415623,-2.899441,7.621023,-4.4
1636,5.437577,-2.906674,7.621023,-4.4
1637,5.459958,-2.915179,7.621023,-4.4
1638,5.483117,-2.922817,7.621023,-4.4
1639,5.505205,-2.931367,7.621023,-4.4
1640,5.530527,-2.938523,7.621023,-4.4
1641,5.558066,-2.945827,7.621023,-4.4
1642,5.583521,-2.951543,7.621023,-4.4
1643,5.610653,-2.956854,7.621023,-4.4
1644,5.639374,-2.96383,7.621023,-4.4
1645,5.666863,-2.971589,7.621023,-4.4
1646,5.694788,-2.976243,7.621023,-4.4
1647,5.720123,-2.977047,7.621023,-4.4
1648,5.747025,-2.982003,7.621023,-4.4
1649,5.773242,-2.986637,7.621023,-4.4
1650,5.79911,-2.99295,7.621023,-4.4
1651,5.825663,-2.997745,7.621023,-4.4
1652,5.855205,-3.003511,7.621023,-4.4
1653,5.884171,-3.010794,7.621023,-4.4
1654,5.909649,-3.015949,7.621023,-4.4
1655,5.938778,-3.023503,7.621023,-4.4
1656,5.968098,-3.032632,7.621023,-4.4
1657,5.99528,-3.042544,7.621023,-4.4
1658,6.020964,-3.05297,7.621023,-4.4
1659,6.045239,-3.063656,7.621023,-4.4
1660,6.069321,-3.076074,7.621023,-4.4
1661,6.094074,-3.092637,7.621023,-4.4
1662,6.11821,-3.110162,7.621023,-4.4
1663,6.142061,-3.130673,7.621023,-4.4
1664,6.164102,-3.147397,7.621023,-4.4
1665,6.187911,-3.16576,7.621023,-4.4
1666,6.211649,-3.184505,7.621023,-4.4
1667,6.234977,-3.204363,7.621023,-4.4
1668,6.256915,-3.224429,7.621023,-4.4
1669,6.279863,-3.243008,7.621023,-4.4
1670,6.303005,-3.262976,7.621023,-4.4
1671,6.324952,-3.284527,7.621023,-4.4
1672,6.342762,-3.301783,7.621023,-4.4
1673,6.362768,-3.31663,7.621023,-4.4
1674,6.38212,-3.333344,7.621023,-4.4
1675,6.402345,-3.348204,7.621023,-4.4
1676,6.420287,-3.361331,7.621023,-4.4
1677,6.439744,-3.372747,7.621023,-4.4
1678,6.458028,-3.383464,7.621023,-4.4
1679,6.476615,-3.392721,7.621023,-4.4
1680,6.497756,-3.403334,7.621023,-4.4
1681,6.518167,-3.413441,7.621023,-4.4
1682,6.537918,-3.426239,7.621023,-4.4
1683,6.556307,-3.436137,7.621023,-4.4
1684,6.575705,-3.445656,7.621023,-4.4
1685,6.595484,-3.457224,7.621023,-4.4
1686,6.616553,-3.467853,7.621023,-4.4
1687,6.636794,-3.477679,7.621023,-4.4
1688,6.658016,-3.486549,7.621023,-4.4
1689,6.682131,-3.496575,7.621023,-4.4
1690,6.704793,-3.506232,7.621023,-4.4
1691,6.728754,-3.514597,7.621023,-4.4
1692,6.753211,-3.523479,7.621023,-4.4
1693,6.77652,-3.531816,7.621023,-4.4
1694,6.799806,-3.541364,7.621023,-4.4
1695,6.82478,-3.552646,7.621023,-4.4
1696,6.849308,-3.564309,7.621023,-4.4
1697,6.876419,-3.576018,7.621023,-4.4
1698,6.901037,-3.585321,7.621023,-4.4
1699,6.926822,-3.593213,7.621023,-4.4
1700,6.952594,-3.603405,7.621023,-4.4
1701,6.976501,-3.613442,7.621023,-4.4
1702,6.999511,-3.623389,7.621023,-4.4
1703,7.019637,-3.631989,7.621023,-4.4
1704,7.042869,-3.639935,7.621023,-4.4
1705,7.067642,-3.648887,7.621023,-4.4
1706,7.094906,-3.658108,7.621023,-4.4
1707,7.123861,-3.669428,7.621023,-4.4
1708,7.152083,-3.680615,7.621023,-4.4
1709,7.179749,-3.694062,7.621023,-4.4
1710,7.205128,-3.705447,7.621023,-4.4
1711,7.229707,-3.715518,7.621023,-4.4
1712,7.253755,-3.727414,7.621023,-4.4
1713,7.276729,-3.743742,7.621023,-4.4
1714,7.297654,-3.758494,7.621023,-4.4
1715,7.318878,-3.772754,7.621023,-4.4
1716,7.341392,-3.790601,7.621023,-4.4
1717,7.364455,-3.810987,7.621023,-4.4
1718,7.387155,-3.832729,7.621023,-4.4
1719,7.405929,-3.856071,7.621023,-4.4
1720,7.423668,-3.879031,7.621023,-4.4
1721,7.443106,-3.902128,7.621023,-4.4
1722,7.4638,-3.928598,7.621023,-4.4
1723,7.484618,-3.954468,7.621023,-4.4
1724,7.507599,-3.980094,7.621023,-4.4
1725,7.530522,-4.009066,7.621023,-4.4
1726,7.55108,-4.037879,7.621023,-4.4
1727,7.57188,-4.063796,7.621023,-4.4
1728,7.590822,-4.086811,7.621023,-4.4
1729,7.608485,-4.107235,7.621023,-4.4
1730,7.624454,-4.126526,7.621023,-4.4
1731,7.640611,-4.142708,7.621023,-4.4
1732,7.657235,-4.155735,7.621023,-4.4
1733,7.672075,-4.16892,7.621023,-4.4
1734,7.687268,-4.182503,-7.621023,4.4
1735,7.702106,-4.194977,-7.621023,4.4
1736,7.716903,-4.205403,-7.621023,4.4
1737,7.732818,-4.212394,-7.621023,4.4
1738,7.750717,-4.219431,-7.621023,4.4
1739,7.767524,-4.226025,-7.621023,4.4
1740,7.785002,-4.234483,-7.621023,4.4
1741,7.802513,-4.244332,-7.621023,4.4
1742,7.823421,-4.253189,-7.621023,4.4
1743,7.846988,-4.262547,-7.621023,4.4
1744,7.86944,-4.274744,-7.621023,4.4
1745,7.889873,-4.28607,-7.621023,4.4
1746,7.907774,-4.29585,-7.621023,4.4
1747,7.922007,-4.307536,-7.621023,4.4
1748,7.932436,-4.318835,-7.621023,4.4
1749,7.943067,-4.331073,-7.621023,4.4
1750,7.956326,-4.343539,-7.621023,4.4
1751,7.967947,-4.35725,-7.621023,4.4
1752,7.973467,-4.372584,-7.621023,4.4
1753,7.974308,-4.387007,-7.621023,4.4
1754,7.973522,-4.400284,-7.621023,4.4
1755,7.972821,-4.413351,-7.621023,4.4
1756,7.972306,-4.423547,-7.621023,4.4
1757,7.97223,-4.432,-7.621023,4.4
1758,7.971977,-4.437705,-7.621023,4.4
1759,7.968579,-4.443836,-7.621023,4.4
1760,7.961798,-4.451604,-7.621023,4.4
1761,7.953337,-4.458266,-7.621023,4.4
1762,7.942709,-4.463853,-7.621023,4.4
1763,7.930457,-4.469601,-7.621023,4.4
1764,7.918516,-4.474224,-7.621023,4.4
1765,7.905998,-4.476138,-7.621023,4.4
1766,7.895175,-4.478366,-7.621023,4.4
1767,7.885481,-4.480561,-7.621023,4.4
1768,7.878476,-4.47985,-7.621023,4.4
1769,7.869828,-4.480015,-7.621023,4.4
1770,7.855021,-4.480738,-7.621023,4.4
1771,7.838707,-4.480295,-7.621023,4.4
1772,7.822139,-4.481333,-7.621023,4.4
1773,7.803251,-4.48088,-7.621023,4.4
1774,7.781888,-4.478631,-7.621023,4.4
1775,7.759818,-4.475833,-7.621023,4.4
1776,7.73992,-4.472578,-7.621023,4.4
1777,7.720115,-4.469522,-7.621023,4.4
1778,7.699021,-4.464256,-7.621023,4.4
1779,7.682232,-4.460767,-7.621023,4.4
1780,7.665683,-4.459504,-7.621023,4.4
1781,7.651478,-4.457971,-7.621023,4.4
1782,7.635789,-4.45488,-7.621023,4.4
1783,7.623606,-4.451807,-7.621023,4.4
1784,7.608253,-4.449669,-7.621023,4.4
1785,7.590889,-4.447956,-7.621023,4.4
1786,7.572879,-4.446009,-7.621023,4.4
1787,7.553324,-4.442939,-7.621023,4.4
1788,7.532788,-4.439501,-7.621023,4.4
1789,7.513174,-4.437519,-7.621023,4.4
1790,7.495433,-4.434711,-7.621023,4.4
1791,7.480083,-4.432362,-7.621023,4.4
1792,7.463311,-4.431589,-7.621023,4.4
1793,7.444208,-4.428214,-7.621023,4.4
1794,7.424788,-4.427354,-7.621023,4.4
1795,7.403571,-4.426768,-7.621023,4.4
1796,7.382703,-4.424528,-7.621023,4.4
1797,7.364191,-4.422579,-7.621023,4.4
1798,7.345104,-4.420696,-7.621023,4.4
1799,7.328681,-4.417594,-7.621023,4.4
1800,7.308943,-4.415543,-7.621023,4.4
1801,7.287625,-4.41292,-7.621023,4.4
1802,7.261404,-4.409419,-7.621023,4.4
1803,7.235806,-4.405097,-7.621023,4.4
1804,7.208569,-4.40159,-7.621023,4.4
1805,7.178174,-4.397718,-7.621023,4.4
1806,7.147331,-4.392485,-7.621023,4.4
1807,7.12092,-4.388278,-7.621023,4.4
1808,7.095934,-4.386178,-7.621023,4.4
1809,7.072141,-4.383798,-7.621023,4.4
1810,7.047115,-4.380295,-7.621023,4.4
1811,7.021968,-4.378483,-7.621023,4.4
1812,6.997503,-4.374706,-7.621023,4.4
1813,6.97017,-4.369157,-7.621023,4.4
1814,6.940245,-4.360508,-7.621023,4.4
1815,6.912362,-4.352563,-7.621023,4.4
1816,6.887137,-4.34415,-7.621023,4.4
1817,6.864778,-4.333515,-7.621023,4.4
1818,6.842585,-4.323464,-7.621023,4.4
1819,6.818503,-4.310967,-7.621023,4.4
1820,6.79266,-4.294461,-7.621023,4.4
1821,6.767742,-4.274985,-7.621023,4.4
1822,6.745564,-4.257421,-7.621023,4.4
1823,6.722904,-4.238968,-7.621023,4.4
1824,6.699513,-4.215848,-7.621023,4.4
1825,6.678411,-4.193013,-7.621023,4.4
1826,6.65911,-4.173055,-7.621023,4.4
1827,6.638978,-4.153295,-7.621023,4.4
1828,6.618546,-4.133547,-7.621023,4.4
1829,6.597504,-4.113034,-7.621023,4.4
1830,6.575219,-4.09241,-7.621023,4.4
1831,6.555976,-4.07265,-7.621023,4.4
1832,6.538794,-4.052952,-7.621023,4.4
1833,6.52149,-4.034975,-7.621023,4.4
1834,6.503186,-4.01863,-7.621023,4.4
1835,6.486537,-4.00487,-7.621023,4.4
1836,6.468286,-3.987727,-7.621023,4.4
1837,6.453338,-3.975003,-7.621023,4.4
1838,6.438715,-3.965229,-7.621023,4.4
1839,6.42298,-3.952804,-7.621023,4.4
1840,6.408226,-3.941853,-7.621023,4.4
1841,6.393735,-3.928673,-7.621023,4.4
1842,6.376372,-3.916272,-7.621023,4.4
1843,6.35602,-3.903318,-7.621023,4.4
1844,6.33495,-3.890999,-7.621023,4.4
1845,6.312422,-3.877939,-7.621023,4.4
1846,6.292152,-3.866621,-7.621023,4.4
1847,6.272212,-3.857172,-7.621023,4.4
1848,6.253191,-3.8474,-7.621023,4.4
1849,6.23574,-3.835406,-7.621023,4.4
1850,6.214248,-3.822658,-7.621023,4.4
1851,6.191827,-3.80934,-7.621023,4.4
1852,6.171255,-3.796221,-7.621023,4.4
1853,6.151742,-3.784623,-7.621023,4.4
1854,6.133525,-3.772901,-7.621023,4.4
1855,6.110577,-3.759256,-7.621023,4.4
1856,6.087236,-3.747148,-7.621023,4.4
1857,6.063063,-3.734305,-7.621023,4.4
1858,6.035069,-3.721937,-7.621023,4.4
1859,6.004846,-3.70838,-7.621023,4.4
1860,5.975406,-3.694059,-7.621023,4.4
1861,5.950663,-3.681087,-7.621023,4.4
1862,5.928006,-3.669811,-7.621023,4.4
1863,5.904597,-3.660527,-7.621023,4.4
1864,5.881819,-3.650825,-7.621023,4.4
1865,5.859493,-3.638405,-7.621023,4.4
1866,5.837083,-3.624513,-7.621023,4.4
1867,5.813705,-3.610199,-7.621023,4.4
1868,5.7897,-3.595695,-7.621023,4.4
1869,5.768245,-3.581111,-7.621023,4.4
1870,5.745188,-3.567443,-7.621023,4.4
1871,5.722333,-3.552017,-7.621023,4.4
1872,5.702891,-3.538315,-7.621023,4.4
1873,5.683757,-3.521662,-7.621023,4.4
1874,5.664947,-3.5042,-7.621023,4.4
1875,5.646023,-3.486114,-7.621023,4.4
1876,5.62569,-3.465437,-7.621023,4.4
1877,5.607248,-3.442877,-7.621023,4.4
1878,5.589085,-3.4187,-7.621023,4.4
1879,5.571782,-3.392419,-7.621023,4.4
1880,5.556301,-3.365544,-7.621023,4.4
1881,5.539151,-3.340263,-7.621023,4.4
1882,5.519693,-3.31444,-7.621023,4.4
1883,5.500478,-3.286532,-7.621023,4.4
1884,5.482263,-3.258363,-7.621023,4.4
1885,5.466061,-3.236738,-7.621023,4.4
1886,5.448922,-3.211393,-7.621023,4.4
1887,5.432544,-3.190785,-7.621023,4.4
1888,5.418037,-3.173732,-7.621023,4.4
1889,5.402473,-3.153498,-7.621023,4.4
1890,5.389003,-3.136372,-7.621023,4.4
1891,5.377017,-3.121114,-7.621023,4.4
1892,5.363626,-3.106048,-7.621023,4.4
1893,5.349125,-3.089436,-7.621023,4.4
1894,5.332866,-3.073678,-7.621023,4.4
1895,5.318529,-3.058754,-7.621023,4.4
1896,5.299111,-3.042731,-7.621023,4.4
1897,5.280822,-3.026238,-7.621023,4.4
1898,5.264057,-3.010894,-7.621023,4.4
1899,5.24638,-2.995192,-7.621023,4.4
1900,5.228508,-2.979035,-7.621023,4.4
1901,5.210525,-2.961658,-7.621023,4.4
1902,5.191559,-2.946303,-7.621023,4.4
1903,5.170702,-2.929017,-7.621023,4.4
1904,5.154687,-2.913358,-7.621023,4.4
1905,5.134595,-2.898441,-7.621023,4.4
1906,5.117635,-2.883909,-7.621023,4.4
1907,5.098328,-2.869323,-7.621023,4.4
1908,5.080467,-2.85684,-7.621023,4.4
1909,5.059517,-2.84139,-7.621023,4.4
1910,5.037943,-2.825829,-7.621023,4.4
1911,5.015995,-2.809483,-7.621023,4.4
1912,4.99261,-2.79252,-7.621023,4.4
1913,4.964908,-2.77486,-7.621023,4.4
1914,4.936926,-2.757351,-7.621023,4.4
1915,4.911112,-2.740107,-7.621023,4.4
1916,4.886992,-2.724537,-7.621023,4.4
1917,4.863512,-2.711416,-7.621023,4.4
1918,4.841496,-2.696702,-7.621023,4.4
1919,4.820374,-2.68064,-7.621023,4.4
1920,4.797101,-2.664805,-7.621023,4.4
1921,4.773105,-2.651301,-7.621023,4.4
1922,4.749705,-2.63484,-7.621023,4.4
1923,4.725623,-2.617889,-7.621023,4.4
1924,4.70058,-2.599139,-7.621023,4.4
1925,4.677034,-2.580333,-7.621023,4.4
1926,4.658143,-2.563306,-7.621023,4.4
1927,4.639586,-2.54477,-7.621023,4.4
1928,4.620754,-2.525405,-7.621023,4.4
1929,4.60121,-2.504831,-7.621023,4.4
1930,4.581693,-2.480903,-7.621023,4.4
1931,4.562592,-2.456174,-7.621023,4.4
1932,4.542517,-2.431517,-7.621023,4.4
1933,4.523808,-2.405296,-7.621023,4.4
1934,4.503213,-2.37989,-7.621023,4.4
1935,4.484997,-2.35491,-7.621023,4.4
1936,4.465894,-2.329766,-7.621023,4.4
1937,4.446445,-2.302905,-7.621023,4.4
1938,4.42611,-2.277969,-7.621023,4.4
1939,4.407656,-2.253616,-7.621023,4.4
1940,4.391209,-2.230839,-7.621023,4.4
1941,4.374479,-2.206239,-7.621023,4.4
1942,4.35898,-2.183293,-7.621023,4.4
1943,4.342469,-2.162668,-7.621023,4.4
1944,4.326985,-2.146115,-7.621023,4.4
1945,4.315216,-2.129741,-7.621023,4.4
1946,4.301276,-2.115571,-7.621023,4.4
1947,4.285771,-2.099114,-7.621023,4.4
1948,4.271864,-2.083312,-7.621023,4.4
1949,4.254238,-2.065478,-7.621023,4.4
1950,4.235299,-2.047071,-7.621023,4.4
1951,4.217864,-2.030531,-7.621023,4.4
1952,4.200147,-2.013704,-7.621023,4.4
1953,4.182439,-1.998738,-7.621023,4.4
1954,4.165545,-1.984112,-7.621023,4.4
1955,4.147198,-1.968641,-7.621023,4.4
1956,4.127604,-1.94975,-7.621023,4.4
1957,4.108254,-1.932944,-7.621023,4.4
1958,4.088295,-1.916156,-7.621023,4.4
1959,4.06882,-1.898331,-7.621023,4.4
1960,4.045214,-1.88018,-7.621023,4.4
1961,4.024643,-1.862385,-7.621023,4.4
1962,4.002581,-1.842873,-7.621023,4.4
1963,3.97825,-1.822627,-7.621023,4.4
1964,3.95244,-1.805692,-7.621023,4.4
1965,3.926668,-1.785343,-7.621023,4.4
1966,3.900487,-1.764687,-7.621023,4.4
1967,3.875269,-1.745842,-7.621023,4.4
1968,3.849581,-1.72716,-7.621023,4.4
1969,3.824512,-1.71,-7.621023,4.4
1970,3.800916,-1.694775,-7.621023,4.4
1971,3.776084,-1.678539,-7.621023,4.4
1972,3.752815,-1.661214,-7.621023,4.4
1973,3.730338,-1.643668,-7.621023,4.4
1974,3.709958,-1.625857,-7.621023,4.4
1975,3.685423,-1.609989,-7.621023,4.4
1976,3.659541,-1.591625,-7.621023,4.4
1977,3.634567,-1.571983,-7.621023,4.4
1978,3.610682,-1.551817,-7.621023,4.4
1979,3.588121,-1.53258,-7.621023,4.4
1980,3.566239,-1.512342,-7.621023,4.4
1981,3.543212,-1.490406,-7.621023,4.4
1982,3.522847,-1.469758,-7.621023,4.4
1983,3.500783,-1.444947,-7.621023,4.4
1984,3.479314,-1.41977,-7.621023,4.4
1985,3.45716,-1.395465,-7.621023,4.4
1986,3.43352,-1.369256,-7.621023,4.4
1987,3.412886,-1.342997,-7.621023,4.4
1988,3.395429,-1.318694,-7.621023,4.4
1989,3.374849,-1.292005,-7.621023,4.4
1990,3.353098,-1.264379,-7.621023,4.4
1991,3.330585,-1.237461,-7.621023,4.4
1992,3.310324,-1.210497,-7.621023,4.4
1993,3.294802,-1.187171,-7.621023,4.4
1994,3.275563,-1.163258,-7.621023,4.4
1995,3.257442,-1.140237,-7.621023,4.4
1996,3.239011,-1.118704,-7.621023,4.4
1997,3.222846,-1.104473,-7.621023,4.4
1998,3.207483,-1.088992,-7.621023,4.4
1999,3.190902,-1.075328,-7.621023,4.4
2000,3.178526,-1.061928,-7.621023,4.4
2001,3.164777,-1.04688,-7.621023,4.4
2002,3.152975,-1.03425,-7.621023,4.4
2003,3.1355,-1.022012,-7.621023,4.4
2004,3.11383,-1.005274,-7.621023,4.4
2005,3.092262,-0.9883051,-7.621023,4.4
2006,3.07381,-0.9751533,-7.621023,4.4
2007,3.052562,-0.9590664,-7.621023,4.4
2008,3.032795,-0.9451129,-7.621023,4.4
2009,3.017609,-0.9325305,-7.621023,4.4
2010,3.0012,-0.9174252,-7.621023,4.4
2011,2.981684,-0.904021,-7.621023,4.4
2012,2.96264,-0.8885841,-7.621023,4.4
2013,2.943641,-0.8743473,-7.621023,4.4
2014,2.923618,-0.861208,-7.621023,4.4
2015,2.900903,-0.8475229,-7.621023,4.4
2016,2.876661,-0.8341431,-7.621023,4.4
2017,2.852086,-0.820056,-7.621023,4.4
2018,2.826495,-0.8043936,-7.621023,4.4
2019,2.802058,-0.7885407,-7.621023,4.4
2020,2.77322,-0.7722676,-7.621023,4.4
2021,2.743883,-0.7564971,-7.621023,4.4
2022,2.718464,-0.7434638,-7.621023,4.4
2023,2.697115,-0.729881,-7.621023,4.4
2024,2.675987,-0.7163137,-7.621023,4.4
2025,2.652318,-0.7033898,-7.621023,4.4
2026,2.629419,-0.6881468,-7.621023,4.4
2027,2.610343,-0.6738069,-7.621023,4.4
2028,2.58848,-0.6602222,-7.621023,4.4
2029,2.566032,-0.6448607,-7.621023,4.4
2030,2.545552,-0.6282907,-7.621023,4.4
2031,2.525636,-0.6128027,-7.621023,4.4
2032,2.501567,-0.5959819,-7.621023,4.4
2033,2.478141,-0.5786371,-7.621023,4.4
2034,2.455568,-0.5620083,-7.621023,4.4
2035,2.433278,-0.5449644,-7.621023,4.4
2036,2.411966,-0.5265853,-7.621023,4.4
2037,2.390446,-0.5073038,-7.621023,4.4
2038,2.368728,-0.4846721,-7.621023,4.4
2039,2.346599,-0.4612843,-7.621023,4.4
2040,2.324043,-0.4378656,-7.621023,4.4
2041,2.302024,-0.4135124,-7.621023,4.4
2042,2.281154,-0.3887631,-7.621023,4.4
2043,2.262266,-0.3675067,-7.621023,4.4
2044,2.243294,-0.3447479,-7.621023,4.4
2045,2.226154,-0.3230282,-7.621023,4.4
2046,2.208763,-0.3009567,-7.621023,4.4
2047,2.191223,-0.277524,-7.621023,4.4
2048,2.173893,-0.2573125,-7.621023,4.4
2049,2.157876,-0.2396493,-7.621023,4.4
2050,2.141512,-0.2217197,-7.621023,4.4
2051,2.125935,-0.2058975,-7.621023,4.4
2052,2.111312,-0.1883649,-7.621023,4.4
2053,2.094681,-0.173798,-7.621023,4.4
2054,2.081783,-0.1624226,-7.621023,4.4
2055,2.06709,-0.1480469,-7.621023,4.4
2056,2.050248,-0.1343415,-7.621023,4.4
2057,2.029852,-0.1171741,-7.621023,4.4
2058,2.008464,-0.0993181,-7.621023,4.4
2059,1.9902,-0.08424431,-7.621023,4.4
2060,1.972148,-0.07113876,-7.621023,4.4
2061,1.949944,-0.05852322,-7.621023,4.4
2062,1.932188,-0.04604315,-7.621023,4.4
2063,1.916858,-0.03408889,-7.621023,4.4
2064,1.900055,-0.02184187,-7.621023,4.4
2065,1.882392,-0.009811212,-7.621023,4.4
2066,1.863999,0.004146299,-7.621023,4.4
2067,1.845538,0.01776641,-7.621023,4.4
2068,1.825805,0.03133988,-7.621023,4.4
2069,1.804537,0.04581897,-7.621023,4.4
2070,1.781718,0.06105093,-7.621023,4.4
2071,1.759253,0.07418193,-7.621023,4.4
2072,1.734203,0.08735336,-7.621023,4.4
2073,1.706595,0.1008846,-7.621023,4.4
2074,1.679296,0.1142768,-7.621023,4.4
2075,1.655425,0.1288143,-7.621023,4.4
2076,1.63097,0.1438509,-7.621023,4.4
2077,1.607755,0.1565459,-7.621023,4.4
2078,1.585543,0.1692885,-7.621023,4.4
2079,1.562191,0.1835299,-7.621023,4.4
2080,1.537153,0.1980686,-7.621023,4.4
2081,1.512797,0.2104841,-7.621023,4.4
2082,1.487015,0.2259805,-7.621023,4.4
2083,1.458787,0.2400579,-7.621023,4.4
2084,1.433212,0.2531084,-7.621023,4.4
2085,1.40823,0.2663014,-7.621023,4.4
2086,1.38288,0.2816521,-7.621023,4.4
2087,1.358836,0.2997093,-7.621023,4.4
2088,1.335631,0.3193081,-7.621023,4.4
2089,1.313172,0.3386869,-7.621023,4.4
2090,1.290612,0.3598337,-7.621023,4.4
2091,1.266538,0.3817285,-7.621023,4.4
2092,1.242588,0.4047751,-7.621023,4.4
2093,1.219651,0.4273875,-7.621023,4.4
2094,1.197692,0.4498581,-7.621023,4.4
2095,1.177944,0.4717256,-7.621023,4.4
2096,1.157462,0.4945469,-7.621023,4.4
2097,1.1363,0.5185108,-7.621023,4.4
2098,1.117496,0.5392805,-7.621023,4.4
2099,1.098391,0.5637609,-7.621023,4.4
2100,1.079218,0.5866097,-7.621023,4.4
2101,1.06153,0.6092736,-7.621023,4.4
2102,1.041209,0.6281475,-7.621023,4.4
2103,1.022509,0.6468109,-7.621023,4.4
2104,1.004627,0.6606817,-7.621023,4.4
2105,0.9876184,0.675084,-7.621023,4.4
2106,0.9719667,0.6896616,-7.621023,4.4
2107,0.9564207,0.7008646,-7.621023,4.4
2108,0.9395761,0.7120349,-7.621023,4.4
2109,0.9229833,0.723409,-7.621023,4.4
2110,0.9039482,0.7369055,-7.621023,4.4
2111,0.8851939,0.7492815,-7.621023,4.4
2112,0.8649001,0.763846,-7.621023,4.4
2113,0.8454259,0.7776969,-7.621023,4.4
2114,0.8250709,0.7910607,-7.621023,4.4
2115,0.8054233,0.8030604,-7.621023,4.4
2116,0.783964,0.8159431,-7.621023,4.4
2117,0.7641434,0.8294991,-7.621023,4.4
2118,0.7429413,0.8440403,-7.621023,4.4
2119,0.7200105,0.8585052,-7.621023,4.4
2120,0.6996796,0.871374,-7.621023,4.4
2121,0.6789573,0.8855753,-7.621023,4.4
2122,0.6541989,0.898427,-7.621023,4.4
2123,0.6280692,0.9114412,-7.621023,4.4
2124,0.6034064,0.923479,-7.621023,4.4
2125,0.5754836,0.9357306,-7.621023,4.4
2126,0.5456265,0.9495415,-7.621023,4.4
2127,0.5164744,0.9634297,-7.621023,4.4
2128,0.4854467,0.9761721,-7.621023,4.4
2129,0.4594871,0.9849839,-7.621023,4.4
2130,0.4361238,0.9960212,-7.621023,4.4
2131,0.4091,1.006947,-7.621023,4.4
2132,0.3819175,1.017753,-7.621023,4.4
2133,0.3598447,1.024536,-7.621023,4.4
2134,0.3362692,1.034961,-7.621023,4.4
2135,0.3122521,1.044774,-7.621023,4.4
2136,0.2886956,1.057838,-7.621023,4.4
2137,0.2641765,1.069529,-7.621023,4.4
2138,0.2393058,1.082365,-7.621023,4.4
2139,0.2160935,1.095191,-7.621023,4.4
2140,0.1934947,1.110523,-7.621023,4.4
2141,0.1694775,1.123712,-7.621023,4.4
2142,0.1479185,1.13717,-7.621023,4.4
2143,0.1261085,1.150624,-7.621023,4.4
2144,0.1025713,1.168235,-7.621023,4.4
2145,0.08036952,1.186506,-7.621023,4.4
2146,0.05718737,1.204594,-7.621023,4.4
2147,0.03124869,1.225545,-7.621023,4.4
2148,0.006179884,1.245861,-7.621023,4.4
2149,-0.01881993,1.266154,-7.621023,4.4
2150,-0.04357227,1.286812,-7.621023,4.4
2151,-0.06618121,1.30451,-7.621023,4.4
2152,-0.09017776,1.325829,-7.621023,4.4
2153,-0.1138148,1.348967,-7.621023,4.4
2154,-0.1398184,1.373692,-7.621023,4.4
2155,-0.1667553,1.396313,-7.621023,4.4
2156,-0.1913703,1.417224,-7.621023,4.4
2157,-0.2114503,1.432817,-7.621023,4.4
2158,-0.2296901,1.446253,-7.621023,4.4
2159,-0.2474521,1.456664,-7.621023,4.4
2160,-0.2666126,1.467567,-7.621023,4.4
2161,-0.2845919,1.478212,-7.621023,4.4
2162,-0.3021199,1.489063,-7.621023,4.4
2163,-0.3185589,1.499737,-7.621023,4.4
2164,-0.3401729,1.510409,-7.621023,4.4
2165,-0.3638215,1.521589,-7.621023,4.4
2166,-0.3878002,1.5312,-7.621023,4.4
2167,-0.4091479,1.541662,-7.621023,4.4
2168,-0.4319903,1.552212,-7.621023,4.4
2169,-0.4549536,1.563151,-7.621023,4.4
2170,-0.4781626,1.574765,-7.621023,4.4
2171,-0.5031111,1.585843,-7.621023,4.4
2172,-0.5271752,1.596392,-7.621023,4.4
2173,-0.5500373,1.606197,-7.621023,4.4
2174,-0.5734307,1.615895,-7.621023,4.4
2175,-0.6016092,1.626544,-7.621023,4.4
2176,-0.6281894,1.637054,-7.621023,4.4
2177,-0.6554334,1.647371,-7.621023,4.4
2178,-0.6824709,1.654771,-7.621023,4.4
2179,-0.7107559,1.660277,-7.621023,4.4
2180,-0.742974,1.666934,-7.621023,4.4
2181,-0.7764324,1.674675,-7.621023,4.4
2182,-0.8063314,1.683397,-7.621023,4.4
2183,-0.8341272,1.690782,-7.621023,4.4
2184,-0.8595959,1.697201,-7.621023,4.4
2185,-0.8873712,1.70376,-7.621023,4.4
2186,-0.9107332,1.707136,-7.621023,4.4
2187,-0.9367391,1.710948,-7.621023,4.4
2188,-0.9644635,1.716189,-7.621023,4.4
2189,-0.9959177,1.722238,-7.621023,4.4
2190,-1.028252,1.730477,-7.621023,4.4
2191,-1.059971,1.738656,-7.621023,4.4
2192,-1.0908,1.747284,-7.621023,4.4
2193,-1.121275,1.756386,-7.621023,4.4
2194,-1.148684,1.766747,-7.621023,4.4
2195,-1.176281,1.778005,-7.621023,4.4
2196,-1.20422,1.789828,-7.621023,4.4
2197,-1.232002,1.803163,-7.621023,4.4
2198,-1.258829,1.816761,-7.621023,4.4
2199,-1.286914,1.83095,-7.621023,4.4
2200,-1.315769,1.846767,-7.621023,4.4
2201,-1.343033,1.862144,-7.621023,4.4
2202,-1.370355,1.878938,-7.621023,4.4
2203,-1.398116,1.893743,-7.621023,4.4
2204,-1.425969,1.907995,-7.621023,4.4
2205,-1.453737,1.923014,-7.621023,4.4
2206,-1.483412,1.939059,-7.621023,4.4
2207,-1.512267,1.955521,-7.621023,4.4
2208,-1.538347,1.973067,-7.621023,4.4
2209,-1.558017,1.986144,-7.621023,4.4
2210,-1.579414,1.99956,-7.621023,4.4
2211,-1.598973,2.012213,-7.621023,4.4
2212,-1.61717,2.021779,-7.621023,4.4
2213,-1.636206,2.030431,-7.621023,4.4
2214,-1.656077,2.03994,-7.621023,4.4
2215,-1.676304,2.048746,-7.621023,4.4
2216,-1.696277,2.056023,-7.621023,4.4
2217,-1.717279,2.064163,-7.621023,4.4
2218,-1.744066,2.073558,-7.621023,4.4
2219,-1.769219,2.082333,-7.621023,4.4
2220,-1.791662,2.087958,-7.621023,4.4
2221,-1.813431,2.094643,-7.621023,4.4
2222,-1.835086,2.101352,-7.621023,4.4
2223,-1.858126,2.10902,-7.621023,4.4
2224,-1.881735,2.118499,-7.621023,4.4
2225,-1.906162,2.126563,-7.621023,4.4
2226,-1.929326,2.134654,-7.621023,4.4
2227,-1.954286,2.142968,-7.621023,4.4
2228,-1.979989,2.149295,-7.621023,4.4
2229,-2.006335,2.157081,-7.621023,4.4
2230,-2.032734,2.166035,-7.621023,4.4
2231,-2.058577,2.173073,-7.621023,4.4
2232,-2.08858,2.178246,-7.621023,4.4
2233,-2.120688,2.183285,-7.621023,4.4
2234,-2.152125,2.185299,-7.621023,4.4
2235,-2.185032,2.189823,-7.621023,4.4
2236,-2.215127,2.195451,-7.621023,4.4
2237,-2.246172,2.202332,-7.621023,4.4
2238,-2.272363,2.206166,-7.621023,4.4
2239,-2.298255,2.210426,-7.621023,4.4
2240,-2.327779,2.215248,-7.621023,4.4
2241,-2.35519,2.218646,-7.621023,4.4
2242,-2.382504,2.224173,-7.621023,4.4
2243,-2.409341,2.227637,-7.621023,4.4
2244,-2.436009,2.23421,-7.621023,4.4
2245,-2.463868,2.241012,-7.621023,4.4
2246,-2.490976,2.248259,-7.621023,4.4
2247,-2.516382,2.255851,-7.621023,4.4
2248,-2.539134,2.264052,-7.621023,4.4
2249,-2.561576,2.270007,-7.621023,4.4
2250,-2.589086,2.278861,-7.621023,4.4
2251,-2.61969,2.290561,-7.621023,4.4
2252,-2.649592,2.303785,-7.621023,4.4
2253,-2.67806,2.316998,-7.621023,4.4
2254,-2.706447,2.330765,-7.621023,4.4
2255,-2.733635,2.344164,-7.621023,4.4
2256,-2.760079,2.358636,-7.621023,4.4
2257,-2.787792,2.372922,-7.621023,4.4
2258,-2.815746,2.389416,-7.621023,4.4
2259,-2.845283,2.406565,-7.621023,4.4
2260,-2.875324,2.423278,-7.621023,4.4
2261,-2.904235,2.438624,-7.621023,4.4
2262,-2.935867,2.45607,-7.621023,4.4
2263,-2.962888,2.471824,-7.621023,4.4
2264,-2.986386,2.483066,-7.621023,4.4
2265,-3.007646,2.494006,-7.621023,4.4
2266,-3.026641,2.502473,-7.621023,4.4
2267,-3.047139,2.510288,-7.621023,4.4
2268,-3.067054,2.517273,-7.621023,4.4
2269,-3.086228,2.526485,-7.621023,4.4
2270,-3.10764,2.535604,-7.621023,4.4
2271,-3.130649,2.543431,-7.621023,4.4
2272,-3.154543,2.551311,-7.621023,4.4
2273,-3.177394,2.556214,-7.621023,4.4
2274,-3.201883,2.561065,-7.621023,4.4
2275,-3.22249,2.567658,-7.621023,4.4
2276,-3.24441,2.574441,-7.621023,4.4
2277,-3.26772,2.580047,-7.621023,4.4
2278,-3.292645,2.586153,-7.621023,4.4
2279,-3.314835,2.593412,-7.621023,4.4
2280,-3.338089,2.600848,-7.621023,4.4
2281,-3.364001,2.608378,-7.621023,4.4
2282,-3.385725,2.614136,-7.621023,4.4
2283,-3.410651,2.619051,-7.621023,4.4
2284,-3.43553,2.623243,-7.621023,4.4
2285,-3.463663,2.628026,-7.621023,4.4
2286,-3.492801,2.630634,-7.621023,4.4
2287,-3.520899,2.63338,-7.621023,4.4
2288,-3.552105,2.636535,-7.621023,4.4
2289,-3.580655,2.639749,-7.621023,4.4
2290,-3.608857,2.64427,-7.621023,4.4
2291,-3.635,2.649677,-7.621023,4.4
2292,-3.65967,2.655078,-7.621023,4.4
2293,-3.683315,2.656699,-7.621023,4.4
2294,-3.706795,2.659285,-7.621023,4.4
2295,-3.73208,2.661896,-7.621023,4.4
2296,-3.758947,2.665657,-7.621023,4.4
2297,-3.785964,2.670604,-7.621023,4.4
2298,-3.812295,2.678386,-7.621023,4.4
2299,-3.839412,2.685446,-7.621023,4.4
2300,-3.867027,2.693336,-7.621023,4.4
2301,-3.893501,2.702121,-7.621023,4.4
2302,-3.918386,2.712534,-7.621023,4.4
2303,-3.942923,2.722236,-7.621023,4.4
2304,-3.970013,2.732925,-7.621023,4.4
2305,-3.998101,2.743713,-7.621023,4.4
2306,-4.025311,2.756749,-7.621023,4.4
2307,-4.054538,2.771432,-7.621023,4.4
2308,-4.082929,2.788089,-7.621023,4.4
2309,-4.106815,2.801816,-7.621023,4.4
2310,-4.133989,2.815892,-7.621023,4.4
2311,-4.162985,2.831953,-7.621023,4.4
2312,-4.190915,2.850851,-7.621023,4.4
2313,-4.217224,2.869411,-7.621023,4.4
2314,-4.242851,2.887626,-7.621023,4.4
2315,-4.265785,2.902661,-7.621023,4.4
2316,-4.28845,2.915873,-7.621023,4.4
2317,-4.311283,2.93014,-7.621023,4.4
2318,-4.332657,2.94456,-7.621023,4.4
2319,-4.351326,2.95611,-7.621023,4.4
2320,-4.370068,2.965426,-7.621023,4.4
2321,-4.387268,2.973991,-7.621023,4.4
2322,-4.406321,2.982044,-7.621023,4.4
2323,-4.427099,2.990731,-7.621023,4.4
2324,-4.447215,2.998153,-7.621023,4.4
2325,-4.472854,3.0092,-7.621023,4.4
2326,-4.49658,3.018114,-7.621023,4.4
2327,-4.520541,3.027927,-7.621023,4.4
2328,-4.541142,3.036645,-7.621023,4.4
2329,-4.561862,3.042904,-7.621023,4.4
2330,-4.583806,3.050726,-7.621023,4.4
2331,-4.605794,3.057751,-7.621023,4.4
2332,-4.630357,3.065083,-7.621023,4.4
2333,-4.653856,3.07491,-7.621023,4.4
2334,-4.676754,3.084076,-7.621023,4.4
2335,-4.701691,3.091621,-7.621023,4.4
2336,-4.725342,3.098141,-7.621023,4.4
2337,-4.750014,3.10433,-7.621023,4.4
2338,-4.773697,3.112,-7.621023,4.4
2339,-4.799392,3.122028,-7.621023,4.4
2340,-4.826278,3.130495,-7.621023,4.4
2341,-4.855407,3.140651,-7.621023,4.4
2342,-4.884039,3.15072,-7.621023,4.4
2343,-4.91276,3.158952,-7.621023,4.4
2344,-4.938333,3.16697,-7.621023,4.4
2345,-4.961023,3.17346,-7.621023,4.4
2346,-4.985458,3.178513,-7.621023,4.4
2347,-5.012156,3.184188,-7.621023,4.4
2348,-5.037194,3.188627,-7.621023,4.4
2349,-5.064477,3.194048,-7.621023,4.4
2350,-5.092446,3.199447,-7.621023,4.4
2351,-5.120946,3.20707,-7.621023,4.4
2352,-5.150083,3.216862,-7.621023,4.4
2353,-5.17767,3.226034,-7.621023,4.4
2354,-5.205185,3.235093,-7.621023,4.4
2355,-5.233819,3.24486,-7.621023,4.4
2356,-5.260972,3.257551,-7.621023,4.4
2357,-5.284803,3.270263,-7.621023,4.4
2358,-5.309197,3.282273,-7.621023,4.4
2359,-5.33331,3.297633,-7.621023,4.4
2360,-5.357393,3.31457,-7.621023,4.4
2361,-5.382298,3.331087,-7.621023,4.4
2362,-5.411393,3.3484,-7.621023,4.4
2363,-5.441027,3.365907,-7.621023,4.4
2364,-5.465718,3.381895,-7.621023,4.4
2365,-5.489874,3.398366,-7.621023,4.4
2366,-5.515823,3.417146,-7.621023,4.4
2367,-5.540044,3.436412,-7.621023,4.4
2368,-5.563901,3.455645,-7.621023,4.4
2369,-5.584612,3.471973,-7.621023,4.4
2370,-5.607224,3.49008,-7.621023,4.4
2371,-5.628484,3.505458,-7.621023,4.4
2372,-5.647395,3.520278,-7.621023,4.4
2373,-5.666792,3.532204,-7.621023,4.4
2374,-5.685016,3.543495,-7.621023,4.4
2375,-5.703364,3.55617,-7.621023,4.4
2376,-5.719589,3.565935,-7.621023,4.4
2377,-5.738907,3.575635,-7.621023,4.4
2378,-5.759281,3.58444,-7.621023,4.4
2379,-5.777313,3.593833,-7.621023,4.4
2380,-5.797771,3.603085,-7.621023,4.4
2381,-5.820097,3.61168,-7.621023,4.4
2382,-5.843458,3.621435,-7.621023,4.4
2383,-5.865871,3.628999,-7.621023,4.4
2384,-5.887482,3.63752,-7.621023,4.4
2385,-5.911191,3.646891,-7.621023,4.4
2386,-5.934065,3.657153,-7.621023,4.4
2387,-5.95826,3.667249,-7.621023,4.4
2388,-5.980786,3.676839,-7.621023,4.4
2389,-6.005676,3.685291,-7.621023,4.4
2390,-6.029489,3.693266,-7.621023,4.4
2391,-6.055351,3.70129,-7.621023,4.4
2392,-6.081069,3.709103,-7.621023,4.4
2393,-6.108768,3.717121,-7.621023,4.4
2394,-6.138598,3.723464,-7.621023,4.4
2395,-6.169658,3.731404,-7.621023,4.4
2396,-6.199079,3.742604,-7.621023,4.4
2397,-6.226834,3.750905,-7.621023,4.4
2398,-6.252604,3.755368,-7.621023,4.4
2399,-6.277421,3.758591,-7.621023,4.4
2400,-6.302163,3.765218,-7.621023,4.4
2401,-6.326407,3.771987,-7.621023,4.4
2402,-6.351127,3.776325,-7.621023,4.4
2403,-6.378371,3.782649,-7.621023,4.4
2404,-6.407135,3.791016,-7.621023,4.4
2405,-6.435415,3.797692,-7.621023,4.4
2406,-6.463278,3.805742,-7.621023,4.4
2407,-6.491335,3.818074,-7.621023,4.4
2408,-6.51564,3.8287,-7.621023,4.4
2409,-6.539636,3.840115,-7.621023,4.4
2410,-6.563052,3.851397,-7.621023,4.4
2411,-6.585948,3.864021,-7.621023,4.4
2412,-6.610243,3.87608,-7.621023,4.4
2413,-6.635502,3.890002,-7.621023,4.4
2414,-6.660716,3.904232,-7.621023,4.4
2415,-6.684301,3.919348,-7.621023,4.4
2416,-6.7087,3.934516,-7.621023,4.4
2417,-6.733085,3.948958,-7.621023,4.4
2418,-6.759141,3.964643,-7.621023,4.4
2419,-6.786809,3.981169,-7.621023,4.4
2420,-6.815414,3.998059,-7.621023,4.4
2421,-6.839868,4.015404,-7.621023,4.4
2422,-6.864179,4.033307,-7.621023,4.4
2423,-6.888103,4.050766,-7.621023,4.4
2424,-6.910055,4.069995,-7.621023,4.4
2425,-6.930511,4.08627,-7.621023,4.4
2426,-6.951045,4.098962,-7.621023,4.4
2427,-6.971158,4.11278,-7.621023,4.4
2428,-6.989467,4.12463,-7.621023,4.4
2429,-7.006882,4.13572,-7.621023,4.4
2430,-7.024805,4.145537,-7.621023,4.4
2431,-7.046134,4.157102,-7.621023,4.4
2432,-7.069505,4.165696,-7.621023,4.4
2433,-7.09491,4.174997,-7.621023,4.4
2434,-7.117821,4.185393,-7.621023,4.4
2435,-7.138898,4.190004,-7.621023,4.4
2436,-7.156865,4.19473,-7.621023,4.4
2437,-7.173325,4.201756,-7.621023,4.4
2438,-7.190607,4.206596,-7.621023,4.4
2439,-7.211537,4.210249,-7.621023,4.4
2440,-7.231276,4.215203,4.4,-7.621024
2441,-7.251322,4.226877,4.4,-7.621024
2442,-7.27708,4.244281,4.4,-7.621024
2443,-7.301878,4.261905,4.4,-7.621024
2444,-7.326602,4.277035,4.4,-7.621024
2445,-7.345337,4.292102,4.4,-7.621024
2446,-7.360603,4.30633,4.4,-7.621024
2447,-7.368834,4.320944,4.4,-7.621024
2448,-7.381188,4.333352,4.4,-7.621024
2449,-7.397841,4.343318,4.4,-7.621024
2450,-7.418564,4.351766,4.4,-7.621024
2451,-7.439758,4.361281,4.4,-7.621024
2452,-7.463848,4.374189,4.4,-7.621024
2453,-7.489048,4.384418,4.4,-7.621024
2454,-7.513421,4.389734,4.4,-7.621024
2455,-7.538592,4.392764,4.4,-7.621024
2456,-7.565217,4.394832,4.4,-7.621024
2457,-7.589144,4.394266,4.4,-7.621024
2458,-7.60688,4.390146,4.4,-7.621024
2459,-7.61951,4.387902,4.4,-7.621024
2460,-7.629595,4.387321,4.4,-7.621024
2461,-7.636376,4.389736,4.4,-7.621024
2462,-7.642259,4.391557,4.4,-7.621024
2463,-7.65058,4.393566,4.4,-7.621024
2464,-7.66176,4.395987,4.4,-7.621024
2465,-7.676399,4.397701,4.4,-7.621024
2466,-7.695273,4.399975,4.4,-7.621024
2467,-7.715113,4.399826,4.4,-7.621024
2468,-7.729769,4.398584,4.4,-7.621024
2469,-7.743343,4.395654,4.4,-7.621024
2470,-7.756551,4.389921,4.4,-7.621024
2471,-7.767465,4.381613,4.4,-7.621024
2472,-7.779968,4.372433,4.4,-7.621024
2473,-7.789897,4.367094,4.4,-7.621024
2474,-7.800177,4.365239,4.4,-7.621024
2475,-7.81129,4.365613,4.4,-7.621024
2476,-7.819896,4.364275,4.4,-7.621024
2477,-7.829653,4.357758,4.4,-7.621024
2478,-7.83846,4.348833,4.4,-7.621024
2479,-7.847475,4.342379,4.4,-7.621024
2480,-7.853927,4.332224,4.4,-7.621024
2481,-7.860231,4.320571,4.4,-7.621024
2482,-7.865262,4.309142,4.4,-7.621024
2483,-7.870607,4.295645,4.4,-7.621024
2484,-7.877599,4.284359,4.4,-7.621024
2485,-7.881823,4.274669,4.4,-7.621024
2486,-7.887011,4.263964,4.4,-7.621024
2487,-7.889112,4.252375,4.4,-7.621024
2488,-7.890517,4.242281,4.4,-7.621024
2489,-7.893397,4.230004,4.4,-7.621024
2490,-7.896425,4.219669,4.4,-7.621024
2491,-7.89856,4.210301,4.4,-7.621024
2492,-7.898857,4.199617,4.4,-7.621024
2493,-7.900368,4.191417,4.4,-7.621024
2494,-7.901836,4.177991,4.4,-7.621024
2495,-7.900033,4.161919,4.4,-7.621024
2496,-7.898269,4.148807,4.4,-7.621024
2497,-7.898715,4.133878,4.4,-7.621024
2498,-7.898464,4.116914,4.4,-7.621024
2499,-7.896459,4.09971,4.4,-7.621024
2500,-7.89546,4.08181,4.4,-7.621024
2501,-7.89011,4.061018,4.4,-7.621024
2502,-7.883508,4.040851,4.4,-7.621024
2503,-7.876332,4.02263,4.4,-7.621024
2504,-7.869386,4.005382,4.4,-7.621024
2505,-7.860843,3.987016,4.4,-7.621024
2506,-7.849893,3.970038,4.4,-7.621024
2507,-7.840889,3.953965,4.4,-7.621024
2508,-7.829985,3.934729,4.4,-7.621024
2509,-7.818255,3.917407,4.4,-7.621024
2510,-7.809948,3.89699,4.4,-7.621024
2511,-7.800291,3.87573,4.4,-7.621024
2512,-7.790176,3.854362,4.4,-7.621024
2513,-7.781484,3.833704,4.4,-7.621024
2514,-7.774639,3.812602,4.4,-7.621024
2515,-7.767971,3.789758,4.4,-7.621024
2516,-7.762691,3.768452,4.4,-7.621024
2517,-7.75633,3.744921,4.4,-7.621024
2518,-7.751864,3.718443,4.4,-7.621024
2519,-7.747043,3.692751,4.4,-7.621024
2520,-7.742148,3.663633,4.4,-7.621024
2521,-7.737593,3.637481,4.4,-7.621024
2522,-7.732718,3.609419,4.4,-7.621024
2523,-7.729418,3.579892,4.4,-7.621024
2524,-7.729577,3.554643,4.4,-7.621024
2525,-7.729413,3.529919,4.4,-7.621024
2526,-7.726543,3.507268,4.4,-7.621024
2527,-7.724873,3.484238,4.4,-7.621024
2528,-7.721648,3.457824,4.4,-7.621024
2529,-7.716175,3.429996,4.4,-7.621024
2530,-7.711467,3.402721,4.4,-7.621024
2531,-7.709441,3.377227,4.4,-7.621024
2532,-7.707615,3.353412,4.4,-7.621024
2533,-7.704197,3.330732,4.4,-7.621024
2534,-7.701646,3.308746,4.4,-7.621024
2535,-7.697926,3.286101,4.4,-7.621024
2536,-7.694826,3.268702,4.4,-7.621024
2537,-7.69069,3.249075,4.4,-7.621024
2538,-7.688834,3.231207,4.4,-7.621024
2539,-7.685472,3.213131,4.4,-7.621024
2540,-7.680422,3.192098,4.4,-7.621024
2541,-7.671832,3.16861,4.4,-7.621024
2542,-7.660508,3.14599,4.4,-7.621024
2543,-7.648108,3.124053,4.4,-7.621024
2544,-7.637185,3.104052,4.4,-7.621024
2545,-7.628515,3.083157,4.4,-7.621024
2546,-7.619468,3.061326,4.4,-7.621024
2547,-7.611857,3.037033,4.4,-7.621024
2548,-7.603103,3.012905,4.4,-7.621024
2549,-7.592715,2.989711,4.4,-7.621024
2550,-7.582423,2.965257,4.4,-7.621024
2551,-7.572038,2.938719,4.4,-7.621024
2552,-7.559209,2.910433,4.4,-7.621024
2553,-7.546675,2.881193,4.4,-7.621024
2554,-7.533382,2.853719,4.4,-7.621024
2555,-7.517194,2.825041,4.4,-7.621024
2556,-7.500976,2.797025,4.4,-7.621024
2557,-7.48385,2.769272,4.4,-7.621024
2558,-7.470852,2.744101,4.4,-7.621024
2559,-7.458637,2.724486,4.4,-7.621024
2560,-7.446377,2.705682,4.4,-7.621024
2561,-7.435499,2.681672,4.4,-7.621024
2562,-7.422146,2.65701,4.4,-7.621024
2563,-7.407562,2.634868,4.4,-7.621024
2564,-7.391242,2.609247,4.4,-7.621024
2565,-7.374628,2.582615,4.4,-7.621024
2566,-7.358244,2.558604,4.4,-7.621024
2567,-7.34194,2.532519,4.4,-7.621024
2568,-7.326521,2.507026,4.4,-7.621024
2569,-7.312121,2.479594,4.4,-7.621024
2570,-7.298352,2.449527,4.4,-7.621024
2571,-7.284099,2.420411,4.4,-7.621024
2572,-7.269656,2.390089,4.4,-7.621024
2573,-7.257396,2.359813,4.4,-7.621024
2574,-7.245034,2.328897,4.4,-7.621024
2575,-7.232484,2.296973,4.4,-7.621024
2576,-7.220866,2.26457,4.4,-7.621024
2577,-7.20969,2.236682,4.4,-7.621024
2578,-7.199772,2.205733,4.4,-7.621024
2579,-7.190978,2.176375,4.4,-7.621024
2580,-7.183213,2.145997,4.4,-7.621024
2581,-7.174905,2.117239,4.4,-7.621024
2582,-7.166291,2.088851,4.4,-7.621024
2583,-7.157236,2.058906,4.4,-7.621024
2584,-7.149336,2.03047,4.4,-7.621024
2585,-7.141483,2.002777,4.4,-7.621024
2586,-7.133833,1.978125,4.4,-7.621024
2587,-7.124306,1.953087,4.4,-7.621024
2588,-7.117321,1.931766,4.4,-7.621024
2589,-7.108414,1.909731,4.4,-7.621024
2590,-7.095966,1.887354,4.4,-7.621024
2591,-7.084354,1.866108,4.4,-7.621024
2592,-7.073433,1.850112,4.4,-7.621024
2593,-7.063265,1.83138,4.4,-7.621024
2594,-7.052701,1.81107,4.4,-7.621024
2595,-7.040717,1.788486,4.4,-7.621024
2596,-7.028202,1.765769,4.4,-7.621024
2597,-7.016687,1.746172,4.4,-7.621024
2598,-7.005025,1.728052,4.4,-7.621024
2599,-6.991717,1.710846,4.4,-7.621024
2600,-6.978331,1.69198,4.4,-7.621024
2601,-6.965333,1.670586,4.4,-7.621024
2602,-6.951673,1.647794,4.4,-7.621024
2603,-6.936942,1.624567,4.4,-7.621024
2604,-6.922106,1.60143,4.4,-7.621024
2605,-6.905046,1.577354,4.4,-7.621024
2606,-6.885376,1.554553,4.4,-7.621024
2607,-6.86751,1.532235,4.4,-7.621024
2608,-6.845731,1.508507,4.4,-7.621024
2609,-6.823795,1.48359,4.4,-7.621024
2610,-6.801855,1.457087,4.4,-7.621024
2611,-6.78026,1.431669,4.4,-7.621024
2612,-6.759229,1.406717,4.4,-7.621024
2613,-6.741148,1.387089,4.4,-7.621024
2614,-6.725322,1.369629,4.4,-7.621024
2615,-6.707081,1.351222,4.4,-7.621024
2616,-6.686972,1.331277,4.4,-7.621024
2617,-6.667418,1.308215,4.4,-7.621024
2618,-6.648298,1.285819,4.4,-7.621024
2619,-6.628641,1.266198,4.4,-7.621024
2620,-6.610369,1.247437,4.4,-7.621024
2621,-6.592208,1.225796,4.4,-7.621024
2622,-6.57429,1.203519,4.4,-7.621024
2623,-6.55448,1.180783,4.4,-7.621024
2624,-6.53484,1.156266,4.4,-7.621024
2625,-6.519453,1.132157,4.4,-7.621024
2626,-6.503262,1.107702,4.4,-7.621024
2627,-6.485034,1.0828,4.4,-7.621024
2628,-6.467915,1.054941,4.4,-7.621024
2629,-6.449696,1.027812,4.4,-7.621024
2630,-6.431179,0.997961,4.4,-7.621024
2631,-6.414565,0.9689807,4.4,-7.621024
2632,-6.396361,0.9358155,4.4,-7.621024
2633,-6.381233,0.9043946,4.4,-7.621024
2634,-6.36736,0.8743737,4.4,-7.621024
2635,-6.353464,0.8453189,4.4,-7.621024
2636,-6.335339,0.814675,4.4,-7.621024
2637,-6.316688,0.7848013,4.4,-7.621024
2638,-6.302873,0.7610669,4.4,-7.621024
2639,-6.29165,0.7383521,4.4,-7.621024
2640,-6.27996,0.7149569,4.4,-7.621024
2641,-6.268466,0.6960191,4.4,-7.621024
2642,-6.255852,0.6771085,4.4,-7.621024
2643,-6.241492,0.6583447,4.4,-7.621024
2644,-6.227221,0.6393887,4.4,-7.621024
2645,-6.213946,0.619116,4.4,-7.621024
2646,-6.200754,0.599892,4.4,-7.621024
2647,-6.184201,0.5829448,4.4,-7.621024
2648,-6.167749,0.5613014,4.4,-7.621024
2649,-6.151442,0.5421515,4.4,-7.621024
2650,-6.134785,0.5224392,4.4,-7.621024
2651,-6.116729,0.5048321,4.4,-7.621024
2652,-6.098676,0.4873603,4.4,-7.621024
2653,-6.081761,0.469551,4.4,-7.621024
2654,-6.06371,0.4501061,4.4,-7.621024
2655,-6.045729,0.4325451,4.4,-7.621024
2656,-6.026917,0.4137531,4.4,-7.621024
2657,-6.006896,0.3942637,4.4,-7.621024
2658,-5.986425,0.3767537,4.4,-7.621024
2659,-5.968086,0.3594206,4.4,-7.621024
2660,-5.948949,0.3427111,4.4,-7.621024
2661,-5.926379,0.3249217,4.4,-7.621024
2662,-5.90052,0.3064972,4.4,-7.621024
2663,-5.872847,0.2854084,4.4,-7.621024
2664,-5.844677,0.2633167,4.4,-7.621024
2665,-5.820019,0.2421039,4.4,-7.621024
2666,-5.796994,0.2220626,4.4,-7.621024
2667,-5.775403,0.2016749,4.4,-7.621024
2668,-5.752638,0.1828895,4.4,-7.621024
2669,-5.733081,0.1668417,4.4,-7.621024
2670,-5.714181,0.1507797,4.4,-7.621024
2671,-5.690552,0.1335169,4.4,-7.621024
2672,-5.666956,0.1155278,4.4,-7.621024
2673,-5.643054,0.09643995,4.4,-7.621024
2674,-5.620478,0.07741067,4.4,-7.621024
2675,-5.59713,0.05928222,4.4,-7.621024
2676,-5.576691,0.04079955,4.4,-7.621024
2677,-5.558893,0.02253652,4.4,-7.621024
2678,-5.539463,0.002914093,4.4,-7.621024
2679,-5.519153,-0.01865245,4.4,-7.621024
2680,-5.498536,-0.04080286,4.4,-7.621024
2681,-5.476714,-0.06527331,4.4,-7.621024
2682,-5.455811,-0.08850361,4.4,-7.621024
2683,-5.435618,-0.1125663,4.4,-7.621024
2684,-5.417671,-0.1335636,4.4,-7.621024
2685,-5.399696,-0.1583395,4.4,-7.621024
2686,-5.381142,-0.1831888,4.4,-7.621024
2687,-5.363251,-0.2094538,4.4,-7.621024
2688,-5.34541,-0.2363766,4.4,-7.621024
2689,-5.328303,-0.2626403,4.4,-7.621024
2690,-5.314313,-0.2871537,4.4,-7.621024
2691,-5.29981,-0.3114889,4.4,-7.621024
2692,-5.284152,-0.336821,4.4,-7.621024
2693,-5.270085,-0.3580288,4.4,-7.621024
2694,-5.255085,-0.3765643,4.4,-7.621024
2695,-5.239085,-0.3936033,4.4,-7.621024
2696,-5.222997,-0.4128021,4.4,-7.621024
2697,-5.209773,-0.4316528,4.4,-7.621024
2698,-5.195004,-0.4488972,4.4,-7.621024
2699,-5.179172,-0.4658401,4.4,-7.621024
2700,-5.166274,-0.4814827,4.4,-7.621024
2701,-5.150252,-0.4979671,4.4,-7.621024
2702,-5.129612,-0.5179696,4.4,-7.621024
2703,-5.110304,-0.5350139,4.4,-7.621024
2704,-5.091862,-0.5513043,4.4,-7.621024
2705,-5.073359,-0.5665551,4.4,-7.621024
2706,-5.054635,-0.5810851,4.4,-7.621024
2707,-5.034988,-0.5968753,4.4,-7.621024
2708,-5.016387,-0.6135632,4.4,-7.621024
2709,-4.999465,-0.6291264,4.4,-7.621024
2710,-4.980991,-0.6445829,4.4,-7.621024
2711,-4.961859,-0.6606598,4.4,-7.621024
2712,-4.940923,-0.6755552,4.4,-7.621024
2713,-4.917852,-0.6920524,4.4,-7.621024
2714,-4.894692,-0.7093209,4.4,-7.621024
2715,-4.868153,-0.7287788,4.4,-7.621024
2716,-4.839642,-0.7478654,4.4,-7.621024
2717,-4.810286,-0.7664146,4.4,-7.621024
2718,-4.780978,-0.7843742,4.4,-7.621024
2719,-4.759151,-0.7996767,4.4,-7.621024
2720,-4.734806,-0.8132247,4.4,-7.621024
2721,-4.712506,-0.8279614,4.4,-7.621024
2722,-4.690079,-0.844786,4.4,-7.621024
2723,-4.665611,-0.8607993,4.4,-7.621024
2724,-4.63834,-0.8779147,4.4,-7.621024
2725,-4.610746,-0.8944364,4.4,-7.621024
2726,-4.584845,-0.9114476,4.4,-7.621024
2727,-4.561185,-0.9285324,4.4,-7.621024
2728,-4.539191,-0.9455625,4.4,-7.621024
2729,-4.51798,-0.960743,4.4,-7.621024
2730,-4.497287,-0.9766979,4.4,-7.621024
2731,-4.476384,-0.9936119,4.4,-7.621024
2732,-4.454965,-1.011101,4.4,-7.621024
2733,-4.435697,-1.030109,4.4,-7.621024
2734,-4.41707,-1.049693,4.4,-7.621024
2735,-4.395432,-1.074005,4.4,-7.621024
2736,-4.372018,-1.10168,4.4,-7.621024
2737,-4.351467,-1.126149,4.4,-7.621024
2738,-4.331777,-1.152875,4.4,-7.621024
2739,-4.312418,-1.177378,4.4,-7.621024
2740,-4.295379,-1.201182,4.4,-7.621024
2741,-4.278169,-1.223903,4.4,-7.621024
2742,-4.260067,-1.248344,4.4,-7.621024
2743,-4.243093,-1.270174,4.4,-7.621024
2744,-4.226665,-1.292644,4.4,-7.621024
2745,-4.209177,-1.317324,4.4,-7.621024
2746,-4.190305,-1.340608,4.4,-7.621024
2747,-4.171876,-1.36378,4.4,-7.621024
2748,-4.15412,-1.382591,4.4,-7.621024
2749,-4.137004,-1.399008,4.4,-7.621024
2750,-4.119577,-1.416341,4.4,-7.621024
2751,-4.103951,-1.433671,4.4,-7.621024
2752,-4.09146,-1.447143,4.4,-7.621024
2753,-4.079174,-1.461117,4.4,-7.621024
2754,-4.066972,-1.475634,4.4,-7.621024
2755,-4.04774,-1.492965,4.4,-7.621024
2756,-4.025578,-1.510572,4.4,-7.621024
2757,-4.003776,-1.525419,4.4,-7.621024
2758,-3.983949,-1.540299,4.4,-7.621024
2759,-3.965288,-1.557548,4.4,-7.621024
2760,-3.945146,-1.573374,4.4,-7.621024
2761,-3.926571,-1.591136,4.4,-7.621024
2762,-3.906798,-1.608514,4.4,-7.621024
2763,-3.885195,-1.624869,4.4,-7.621024
2764,-3.865205,-1.639959,4.4,-7.621024
2765,-3.843825,-1.656669,4.4,-7.621024
2766,-3.822833,-1.671939,4.4,-7.621024
2767,-3.802272,-1.686177,4.4,-7.621024
2768,-3.77677,-1.699812,4.4,-7.621024
2769,-3.749401,-1.716052,4.4,-7.621024
2770,-3.717889,-1.733315,4.4,-7.621024
2771,-3.689389,-1.748348,4.4,-7.621024
2772,-3.661851,-1.765305,4.4,-7.621024
2773,-3.637054,-1.78117,4.4,-7.621024
2774,-3.614744,-1.794311,4.4,-7.621024
2775,-3.59048,-1.807187,4.4,-7.621024
2776,-3.56434,-1.819835,4.4,-7.621024
2777,-3.537709,-1.833585,4.4,-7.621024
2778,-3.513034,-1.847004,4.4,-7.621024
2779,-3.489944,-1.862897,4.4,-7.621024
2780,-3.465471,-1.879177,4.4,-7.621024
2781,-3.441318,-1.897098,4.4,-7.621024
2782,-3.417312,-1.915523,4.4,-7.621024
2783,-3.393885,-1.932844,4.4,-7.621024
2784,-3.372613,-1.949054,4.4,-7.621024
2785,-3.350187,-1.96711,4.4,-7.621024
2786,-3.328036,-1.987003,4.4,-7.621024
2787,-3.306267,-2.006162,4.4,-7.621024
2788,-3.283212,-2.027659,4.4,-7.621024
2789,-3.26139,-2.049833,4.4,-7.621024
2790,-3.240046,-2.07331,4.4,-7.621024
2791,-3.21747,-2.096711,4.4,-7.621024
2792,-3.196713,-2.120514,4.4,-7.621024
2793,-3.177154,-2.144458,4.4,-7.621024
2794,-3.157094,-2.168568,4.4,-7.621024
2795,-3.137774,-2.19119,4.4,-7.621024
2796,-3.11743,-2.215529,4.4,-7.621024
2797,-3.098448,-2.240342,4.4,-7.621024
2798,-3.078438,-2.261959,4.4,-7.621024
2799,-3.060915,-2.282015,4.4,-7.621024
2800,-3.045746,-2.300353,4.4,-7.621024
2801,-3.029294,-2.317935,4.4,-7.621024
2802,-3.009634,-2.333723,4.4,-7.621024
2803,-2.991063,-2.350053,4.4,-7.621024
2804,-2.976618,-2.365462,4.4,-7.621024
2805,-2.960991,-2.377615,4.4,-7.621024
2806,-2.947542,-2.391493,4.4,-7.621024
2807,-2.9313,-2.40433,4.4,-7.621024
2808,-2.909355,-2.418801,4.4,-7.621024
2809,-2.88758,-2.433052,4.4,-7.621024
2810,-2.867659,-2.445338,4.4,-7.621024
2811,-2.849293,-2.457114,4.4,-7.621024
2812,-2.831577,-2.468017,4.4,-7.621024
2813,-2.815437,-2.478732,4.4,-7.621024
2814,-2.796988,-2.48908,4.4,-7.621024
2815,-2.776297,-2.501415,4.4,-7.621024
2816,-2.755885,-2.513946,4.4,-7.621024
2817,-2.736374,-2.52727,4.4,-7.621024
2818,-2.715348,-2.541258,4.4,-7.621024
2819,-2.692905,-2.555474,4.4,-7.621024
2820,-2.670289,-2.567755,4.4,-7.621024
2821,-2.647093,-2.579043,4.4,-7.621024
2822,-2.622876,-2.592472,4.4,-7.621024
2823,-2.594542,-2.606692,4.4,-7.621024
2824,-2.563412,-2.620631,4.4,-7.621024
2825,-2.533777,-2.633787,4.4,-7.621024
2826,-2.505481,-2.648219,4.4,-7.621024
2827,-2.480861,-2.661423,4.4,-7.621024
2828,-2.453572,-2.671386,4.4,-7.621024
2829,-2.428009,-2.681535,4.4,-7.621024
2830,-2.400203,-2.692605,4.4,-7.621024
2831,-2.370134,-2.706909,4.4,-7.621024
2832,-2.341801,-2.718037,4.4,-7.621024
2833,-2.316039,-2.726935,4.4,-7.621024
2834,-2.291547,-2.738146,4.4,-7.621024
2835,-2.26821,-2.749532,4.4,-7.621024
2836,-2.24669,-2.761576,4.4,-7.621024
2837,-2.222227,-2.776039,4.4,-7.621024
2838,-2.198823,-2.791932,4.4,-7.621024
2839,-2.175678,-2.807842,4.4,-7.621024
2840,-2.152635,-2.825313,4.4,-7.621024
2841,-2.130411,-2.843459,4.4,-7.621024
2842,-2.106918,-2.862964,4.4,-7.621024
2843,-2.085039,-2.883136,4.4,-7.621024
2844,-2.061848,-2.902505,4.4,-7.621024
2845,-2.038221,-2.92168,4.4,-7.621024
2846,-2.015137,-2.943078,4.4,-7.621024
2847,-1.991892,-2.963125,4.4,-7.621024
2848,-1.966162,-2.985861,4.4,-7.621024
2849,-1.941488,-3.008586,4.4,-7.621024
2850,-1.917062,-3.033452,4.4,-7.621024
2851,-1.891877,-3.056523,4.4,-7.621024
2852,-1.86755,-3.081005,4.4,-7.621024
2853,-1.847926,-3.101399,4.4,-7.621024
2854,-1.83092,-3.118914,4.4,-7.621024
2855,-1.815267,-3.133034,4.4,-7.621024
2856,-1.79785,-3.14721,4.4,-7.621024
2857,-1.778827,-3.162331,4.4,-7.621024
2858,-1.759344,-3.175076,4.4,-7.621024
2859,-1.741903,-3.186388,4.4,-7.621024
2860,-1.726128,-3.199904,4.4,-7.621024
2861,-1.70912,-3.213274,4.4,-7.621024
2862,-1.685363,-3.226307,4.4,-7.621024
2863,-1.662162,-3.237608,4.4,-7.621024
2864,-1.639002,-3.248133,4.4,-7.621024
2865,-1.619198,-3.258249,4.4,-7.621024
2866,-1.598922,-3.268424,4.4,-7.621024
2867,-1.57229,-3.27955,4.4,-7.621024
2868,-1.549057,-3.290517,4.4,-7.621024
2869,-1.53128,-3.300716,4.4,-7.621024
2870,-1.511294,-3.30988,4.4,-7.621024
2871,-1.489193,-3.32089,4.4,-7.621024
2872,-1.466593,-3.332839,4.4,-7.621024
2873,-1.443406,-3.345706,4.4,-7.621024
2874,-1.42095,-3.357381,4.4,-7.621024
2875,-1.399372,-3.367162,4.4,-7.621024
2876,-1.375282,-3.37721,4.4,-7.621024
2877,-1.348966,-3.389493,4.4,-7.621024
2878,-1.323096,-3.399681,4.4,-7.621024
2879,-1.293217,-3.411216,4.4,-7.621024
2880,-1.267037,-3.422202,4.4,-7.621024
2881,-1.239573,-3.429377,4.4,-7.621024
2882,-1.214521,-3.435242,4.4,-7.621024
2883,-1.188494,-3.441592,4.4,-7.621024
2884,-1.161944,-3.450253,4.4,-7.621024
2885,-1.133473,-3.459809,4.4,-7.621024
2886,-1.106234,-3.467609,4.4,-7.621024
2887,-1.077918,-3.474846,4.4,-7.621024
2888,-1.050437,-3.4858,4.4,-7.621024
2889,-1.025796,-3.496614,4.4,-7.621024
2890,-1.000403,-3.507259,4.4,-7.621024
2891,-0.9750526,-3.521239,4.4,-7.621024
2892,-0.9503366,-3.534073,4.4,-7.621024
2893,-0.926933,-3.546983,4.4,-7.621024
2894,-0.9052228,-3.558972,4.4,-7.621024
2895,-0.8825112,-3.57452,4.4,-7.621024
2896,-0.8588311,-3.591078,4.4,-7.621024
2897,-0.8327178,-3.60769,4.4,-7.621024
2898,-0.8064891,-3.625315,4.4,-7.621024
2899,-0.7803224,-3.64392,4.4,-7.621024
2900,-0.7547903,-3.665045,4.4,-7.621024
2901,-0.7307359,-3.684888,4.4,-7.621024
2902,-0.7046376,-3.705513,4.4,-7.621024
2903,-0.679033,-3.725279,4.4,-7.621024
2904,-0.6554505,-3.746025,4.4,-7.621024
2905,-0.6312925,-3.766349,4.4,-7.621024
2906,-0.6101306,-3.785034,4.4,-7.621024
2907,-0.5891896,-3.803136,4.4,-7.621024
2908,-0.5681773,-3.820635,4.4,-7.621024
2909,-0.5481487,-3.837123,4.4,-7.621024
2910,-0.5277284,-3.854286,4.4,-7.621024
2911,-0.5073346,-3.869823,4.4,-7.621024
2912,-0.488218,-3.883698,4.4,-7.621024
2913,-0.4728984,-3.897385,4.4,-7.621024
2914,-0.4553249,-3.909035,4.4,-7.621024
2915,-0.4361305,-3.920084,4.4,-7.621024
2916,-0.4124734,-3.930725,4.4,-7.621024
2917,-0.3908069,-3.942278,4.4,-7.621024
2918,-0.3702057,-3.953898,4.4,-7.621024
2919,-0.3523707,-3.965274,4.4,-7.621024
2920,-0.3339411,-3.9752,4.4,-7.621024
2921,-0.312887,-3.985039,4.4,-7.621024
2922,-0.2890025,-3.99471,4.4,-7.621024
2923,-0.2664493,-4.006006,4.4,-7.621024
2924,-0.2445718,-4.017479,4.4,-7.621024
2925,-0.2227485,-4.028207,4.4,-7.621024
2926,-0.2000833,-4.041272,4.4,-7.621024
2927,-0.176973,-4.054208,4.4,-7.621024
2928,-0.1540828,-4.066395,4.4,-7.621024
2929,-0.128332,-4.076643,4.4,-7.621024
2930,-0.1018344,-4.088281,4.4,-7.621024
2931,-0.0742026,-4.099171,4.4,-7.621024
2932,-0.04305464,-4.111626,4.4,-7.621024
2933,-0.0142898,-4.122687,4.4,-7.621024
2934,0.01178822,-4.133785,4.4,-7.621024
2935,0.03824857,-4.143114,4.4,-7.621024
2936,0.06254839,-4.150021,4.4,-7.621024
2937,0.08700702,-4.157587,4.4,-7.621024
2938,0.1114631,-4.167023,4.4,-7.621024
2939,0.1357029,-4.176042,4.4,-7.621024
2940,0.1637309,-4.184739,4.4,-7.621024
2941,0.1910908,-4.19523,4.4,-7.621024
2942,0.2180743,-4.20524,4.4,-7.621024
2943,0.2438788,-4.217058,4.4,-7.621024
2944,0.2694455,-4.230362,4.4,-7.621024
2945,0.2944356,-4.245803,4.4,-7.621024
2946,0.3195149,-4.261559,4.4,-7.621024
2947,0.3435849,-4.27871,4.4,-7.621024
2948,0.3680458,-4.29615,4.4,-7.621024
2949,0.3928415,-4.315955,4.4,-7.621024
2950,0.417501,-4.336544,4.4,-7.621024
2951,0.4432257,-4.358654,4.4,-7.621024
2952,0.4662537,-4.381248,4.4,-7.621024
2953,0.4912075,-4.405879,4.4,-7.621024
2954,0.5127892,-4.427993,4.4,-7.621024
2955,0.5336339,-4.451416,4.4,-7.621024
2956,0.5545514,-4.47307,4.4,-7.621024
2957,0.575819,-4.49674,4.4,-7.621024
2958,0.5985563,-4.519703,4.4,-7.621024
2959,0.6208161,-4.542304,4.4,-7.621024
2960,0.6402676,-4.561868,4.4,-7.621024
2961,0.6585504,-4.579339,4.4,-7.621024
2962,0.6784412,-4.593758,4.4,-7.621024
2963,0.6970201,-4.609042,4.4,-7.621024
2964,0.7150151,-4.625537,4.4,-7.621024
2965,0.7319454,-4.638221,4.4,-7.621024
2966,0.7493915,-4.651617,4.4,-7.621024
2967,0.7677963,-4.664262,4.4,-7.621024
2968,0.7851046,-4.6759,4.4,-7.621024
2969,0.8030582,-4.688334,4.4,-7.621024
2970,0.8246644,-4.703537,4.4,-7.621024
2971,0.8453815,-4.716969,4.4,-7.621024
2972,0.866552,-4.730081,4.4,-7.621024
2973,0.8853077,-4.741082,4.4,-7.621024
2974,0.9029252,-4.750385,4.4,-7.621024
2975,0.9244926,-4.761223,4.4,-7.621024
2976,0.9434772,-4.771462,4.4,-7.621024
2977,0.9649164,-4.782518,4.4,-7.621024
2978,0.9847153,-4.793972,4.4,-7.621024
2979,1.007206,-4.808955,4.4,-7.621024
2980,1.029497,-4.823574,4.4,-7.621024
2981,1.04916,-4.836572,4.4,-7.621024
2982,1.069739,-4.847949,4.4,-7.621024
2983,1.094314,-4.859352,4.4,-7.621024
2984,1.119657,-4.871144,4.4,-7.621024
2985,1.148374,-4.885647,4.4,-7.621024
2986,1.176431,-4.898427,4.4,-7.621024
2987,1.204006,-4.911297,4.4,-7.621024
2988,1.232104,-4.925904,4.4,-7.621024
2989,1.25998,-4.938326,4.4,-7.621024
2990,1.284005,-4.949074,4.4,-7.621024
2991,1.307849,-4.958398,4.4,-7.621024
2992,1.332121,-4.967236,4.4,-7.621024
2993,1.359559,-4.979733,4.4,-7.621024
2994,1.387249,-4.993121,4.4,-7.621024
2995,1.413624,-5.004788,4.4,-7.621024
2996,1.441634,-5.018686,4.4,-7.621024
2997,1.470044,-5.033737,4.4,-7.621024
2998,1.497458,-5.049591,4.4,-7.621024
2999,1.522097,-5.063513,4.4,-7.621024
3000,1.546741,-5.077998,4.4,-7.621024
3001,1.571158,-5.093409,4.4,-7.621024
3002,1.595095,-5.110133,4.4,-7.621024
3003,1.616747,-5.128165,4.4,-7.621024
3004,1.639585,-5.14668,4.4,-7.621024
3005,1.661711,-5.164654,4.4,-7.621024
3006,1.684616,-5.183541,4.4,-7.621024
3007,1.707136,-5.202873,4.4,-7.621024
3008,1.73118,-5.223858,4.4,-7.621024
3009,1.756868,-5.243923,4.4,-7.621024
3010,1.782032,-5.265123,4.4,-7.621024
3011,1.806463,-5.285082,4.4,-7.621024
3012,1.83024,-5.304215,4.4,-7.621024
3013,1.853693,-5.325326,4.4,-7.621024
3014,1.87549,-5.345165,4.4,-7.621024
3015,1.89417,-5.361958,4.4,-7.621024
3016,1.910864,-5.376763,4.4,-7.621024
3017,1.92784,-5.390845,4.4,-7.621024
3018,1.945997,-5.404246,4.4,-7.621024
3019,1.961027,-5.416842,4.4,-7.621024
3020,1.977714,-5.430273,4.4,-7.621024
3021,1.998757,-5.444946,4.4,-7.621024
3022,2.018138,-5.459466,4.4,-7.621024
3023,2.037894,-5.472888,4.4,-7.621024
3024,2.053324,-5.484075,4.4,-7.621024
3025,2.070717,-5.49623,4.4,-7.621024
3026,2.091575,-5.508307,4.4,-7.621024
3027,2.111867,-5.519272,4.4,-7.621024
3028,2.131736,-5.529586,4.4,-7.621024
3029,2.150534,-5.539517,4.4,-7.621024
3030,2.170999,-5.548553,4.4,-7.621024
3031,2.192317,-5.557762,4.4,-7.621024
3032,2.212546,-5.56776,4.4,-7.621024
3033,2.232826,-5.578484,4.4,-7.621024
3034,2.252911,-5.589488,4.4,-7.621024
3035,2.272266,-5.60033,4.4,-7.621024
3036,2.294975,-5.610664,4.4,-7.621024
3037,2.322148,-5.622445,4.4,-7.621024
3038,2.346357,-5.632759,4.4,-7.621024
3039,2.37506,-5.644881,4.4,-7.621024
3040,2.403972,-5.656902,4.4,-7.621024
3041,2.430726,-5.667335,4.4,-7.621024
3042,2.458172,-5.678422,4.4,-7.621024
3043,2.483461,-5.687948,4.4,-7.621024
3044,2.507717,-5.698534,4.4,-7.621024
3045,2.534631,-5.707744,4.4,-7.621024
3046,2.561869,-5.71956,4.4,-7.621024
3047,2.588988,-5.728834,4.4,-7.621024
3048,2.61701,-5.739952,4.4,-7.621024
3049,2.641448,-5.751119,4.4,-7.621024
3050,2.668131,-5.762275,4.4,-7.621024
3051,2.695717,-5.775722,4.4,-7.621024
3052,2.722093,-5.790712,4.4,-7.621024
3053,2.747694,-5.807599,4.4,-7.621024
3054,2.771437,-5.825318,4.4,-7.621024
3055,2.794223,-5.84235,4.4,-7.621024
3056,2.818314,-5.860254,4.4,-7.621024
3057,2.841643,-5.879187,4.4,-7.621024
3058,2.863022,-5.898821,4.4,-7.621024
3059,2.884244,-5.919312,4.4,-7.621024
3060,2.906822,-5.941358,4.4,-7.621024
3061,2.931382,-5.965019,4.4,-7.621024
3062,2.952722,-5.986447,4.4,-7.621024
3063,2.973794,-6.008943,4.4,-7.621024
3064,2.995815,-6.032602,4.4,-7.621024
3065,3.019886,-6.05887,4.4,-7.621024
3066,3.042528,-6.084471,4.4,-7.621024
3067,3.063523,-6.108918,4.4,-7.621024
3068,3.087034,-6.13358,4.4,-7.621024
3069,3.108567,-6.156733,4.4,-7.621024
3070,3.127989,-6.175683,4.4,-7.621024
3071,3.143582,-6.19161,4.4,-7.621024
3072,3.159098,-6.20693,4.4,-7.621024
3073,3.17387,-6.21931,4.4,-7.621024
3074,3.190931,-6.235931,4.4,-7.621024
3075,3.210629,-6.252451,4.4,-7.621024
3076,3.230019,-6.269586,4.4,-7.621024
3077,3.249803,-6.287399,4.4,-7.621024
3078,3.268833,-6.30377,4.4,-7.621024
3079,3.288888,-6.31768,4.4,-7.621024
3080,3.306951,-6.332827,4.4,-7.621024
3081,3.325676,-6.347586,4.4,-7.621024
3082,3.345397,-6.362653,4.4,-7.621024
3083,3.361655,-6.374655,4.4,-7.621024
3084,3.378572,-6.386678,4.4,-7.621024
3085,3.395278,-6.396892,4.4,-7.621024
3086,3.414017,-6.410101,4.4,-7.621024
3087,3.433595,-6.426601,4.4,-7.621024
3088,3.454931,-6.44307,4.4,-7.621024
3089,3.477429,-6.46064,4.4,-7.621024
3090,3.499408,-6.476366,4.4,-7.621024
3091,3.523379,-6.49191,4.4,-7.621024
3092,3.548806,-6.507395,4.4,-7.621024
3093,3.575009,-6.523362,4.4,-7.621024
3094,3.602041,-6.5418,4.4,-7.621024
3095,3.62611,-6.558945,4.4,-7.621024
3096,3.649704,-6.573612,4.4,-7.621024
3097,3.672012,-6.587171,4.4,-7.621024
3098,3.693739,-6.597436,4.4,-7.621024
3099,3.716438,-6.606628,4.4,-7.621024
3100,3.739585,-6.617904,4.4,-7.621024
3101,3.764706,-6.631824,4.4,-7.621024
3102,3.790264,-6.648933,4.4,-7.621024
3103,3.814183,-6.665334,4.4,-7.621024
3104,3.838571,-6.684205,4.4,-7.621024
3105,3.861164,-6.703503,4.4,-7.621024
3106,3.881452,-6.72178,4.4,-7.621024
3107,3.902405,-6.739907,4.4,-7.621024
3108,3.923566,-6.760754,4.4,-7.621024
3109,3.94295,-6.782751,4.4,-7.621024
3110,3.961445,-6.80451,4.4,-7.621024
3111,3.979595,-6.827122,4.4,-7.621024
3112,3.99715,-6.849577,4.4,-7.621024
3113,4.015224,-6.872045,4.4,-7.621024
3114,4.032904,-6.898798,4.4,-7.621024
3115,4.051164,-6.927999,4.4,-7.621024
3116,4.068892,-6.954527,4.4,-7.621024
3117,4.08668,-6.98219,4.4,-7.621024
3118,4.104482,-7.009091,4.4,-7.621024
3119,4.123219,-7.036949,4.4,-7.621024
3120,4.140489,-7.063781,4.4,-7.621024
3121,4.158004,-7.092315,4.4,-7.621024
3122,4.173622,-7.120852,4.4,-7.621024
3123,4.189938,-7.148708,4.4,-7.621024
3124,4.204975,-7.172875,4.4,-7.621024
3125,4.219839,-7.19506,4.4,-7.621024
3126,4.234055,-7.213003,4.4,-7.621024
3127,4.247003,-7.229532,4.4,-7.621024
3128,4.262975,-7.246252,4.4,-7.621024
3129,4.280794,-7.264117,4.4,-7.621024
3130,4.299306,-7.284132,4.4,-7.621024
3131,4.315727,-7.303911,4.4,-7.621024
3132,4.333133,-7.32253,4.4,-7.621024
3133,4.349144,-7.340322,4.4,-7.621024
3134,4.366212,-7.355672,4.4,-7.621024
3135,4.379822,-7.369694,0,-8.8
3136,4.391849,-7.381733,0,-8.8
3137,4.406992,-7.390904,0,-8.8
3138,4.424071,-7.399745,0,-8.8
3139,4.440525,-7.408479,0,-8.8
3140,4.456023,-7.416649,0,-8.8
3141,4.471901,-7.424686,0,-8.8
3142,4.48908,-7.435284,0,-8.8
3143,4.501545,-7.447246,0,-8.8
3144,4.511619,-7.456954,0,-8.8
3145,4.519967,-7.467674,0,-8.8
3146,4.529279,-7.481113,0,-8.8
3147,4.540185,-7.496143,0,-8.8
3148,4.550805,-7.513634,0,-8.8
3149,4.561236,-7.533526,0,-8.8
3150,4.56635,-7.552476,0,-8.8
3151,4.570157,-7.568374,0,-8.8
3152,4.57399,-7.582199,0,-8.8
3153,4.576895,-7.596735,0,-8.8
3154,4.578245,-7.610465,0,-8.8
3155,4.579481,-7.621673,0,-8.8
3156,4.58275,-7.630869,0,-8.8
3157,4.584253,-7.640612,0,-8.8
3158,4.585972,-7.650339,0,-8.8
3159,4.585373,-7.662179,0,-8.8
3160,4.58202,-7.672229,0,-8.8
3161,4.576348,-7.68229,0,-8.8
3162,4.56872,-7.693754,0,-8.8
3163,4.558838,-7.7074,0,-8.8
3164,4.544293,-7.721943,0,-8.8
3165,4.528513,-7.732699,0,-8.8
3166,4.513753,-7.739423,0,-8.8
3167,4.498983,-7.749471,0,-8.8
3168,4.481027,-7.760297,0,-8.8
3169,4.461913,-7.771972,0,-8.8
3170,4.438102,-7.782001,0,-8.8
3171,4.413416,-7.791124,0,-8.8
3172,4.387955,-7.798623,0,-8.8
3173,4.366259,-7.80631,0,-8.8
3174,4.343031,-7.814479,0,-8.8
3175,4.3248,-7.821408,0,-8.8
3176,4.306108,-7.831607,0,-8.8
3177,4.289654,-7.841903,0,-8.8
3178,4.273245,-7.851615,0,-8.8
3179,4.258931,-7.859312,0,-8.8
3180,4.244061,-7.865294,0,-8.8
3181,4.233986,-7.870546,0,-8.8
3182,4.220599,-7.87695,0,-8.8
3183,4.206412,-7.885152,0,-8.8
3184,4.192821,-7.899225,0,-8.8
3185,4.173849,-7.913079,0,-8.8
3186,4.155719,-7.922313,0,-8.8
3187,4.137564,-7.930829,0,-8.8
3188,4.121448,-7.940139,0,-8.8
3189,4.105365,-7.950924,0,-8.8
3190,4.089571,-7.958029,0,-8.8
3191,4.074177,-7.967329,0,-8.8
3192,4.057252,-7.977103,0,-8.8
3193,4.042844,-7.986672,0,-8.8
3194,4.028172,-7.995882,0,-8.8
3195,4.014082,-8.0056,0,-8.8
3196,4.000184,-8.016336,0,-8.8
3197,3.982634,-8.029881,0,-8.8
3198,3.964035,-8.041459,0,-8.8
3199,3.944885,-8.054824,0,-8.8
3200,3.923749,-8.070292,0,-8.8
3201,3.898891,-8.086141,0,-8.8
3202,3.875267,-8.102544,0,-8.8
3203,3.852277,-8.116485,0,-8.8
3204,3.829797,-8.129361,0,-8.8
3205,3.808334,-8.140239,0,-8.8
3206,3.790641,-8.149859,0,-8.8
3207,3.77484,-8.164817,0,-8.8
3208,3.756999,-8.176992,0,-8.8
3209,3.735408,-8.189939,0,-8.8
3210,3.71327,-8.201993,0,-8.8
3211,3.691752,-8.214027,0,-8.8
3212,3.668618,-8.225389,0,-8.8
3213,3.642441,-8.236532,0,-8.8
3214,3.617143,-8.246231,0,-8.8
3215,3.590651,-8.255795,0,-8.8
3216,3.563377,-8.2633,0,-8.8
3217,3.534663,-8.267642,0,-8.8
3218,3.504981,-8.269542,0,-8.8
3219,3.47563,-8.271574,0,-8.8
3220,3.447163,-8.274915,0,-8.8
3221,3.418151,-8.277452,0,-8.8
3222,3.390694,-8.276957,0,-8.8
3223,3.361799,-8.276488,0,-8.8
3224,3.335635,-8.27748,0,-8.8
3225,3.305923,-8.279104,0,-8.8
3226,3.273731,-8.280398,0,-8.8
3227,3.240966,-8.280311,0,-8.8
3228,3.213486,-8.278826,0,-8.8
3229,3.190167,-8.280963,0,-8.8
3230,3.167882,-8.28259,0,-8.8
3231,3.14566,-8.285976,0,-8.8
3232,3.120664,-8.289198,0,-8.8
3233,3.101917,-8.291501,0,-8.8
3234,3.08462,-8.295238,0,-8.8
3235,3.063504,-8.298669,0,-8.8
3236,3.044281,-8.304914,0,-8.8
3237,3.025883,-8.31056,0,-8.8
3238,3.005368,-8.315997,0,-8.8
3239,2.984527,-8.320609,0,-8.8
3240,2.96249,-8.32659,0,-8.8
3241,2.943192,-8.333294,0,-8.8
3242,2.922563,-8.34241,0,-8.8
3243,2.899873,-8.350471,0,-8.8
3244,2.879283,-8.359217,0,-8.8
3245,2.856807,-8.366738,0,-8.8
3246,2.83272,-8.375194,0,-8.8
3247,2.809166,-8.383061,0,-8.8
3248,2.788615,-8.390686,0,-8.8
3249,2.765172,-8.400303,0,-8.8
3250,2.73911,-8.410987,0,-8.8
3251,2.714951,-8.421732,0,-8.8
3252,2.690661,-8.433291,0,-8.8
3253,2.663891,-8.446611,0,-8.8
3254,2.637737,-8.458948,0,-8.8
3255,2.612371,-8.471952,0,-8.8
3256,2.587637,-8.485244,0,-8.8
3257,2.561756,-8.500377,0,-8.8
3258,2.536861,-8.512361,0,-8.8
3259,2.514881,-8.522701,0,-8.8
3260,2.492432,-8.537,0,-8.8
3261,2.469933,-8.549661,0,-8.8
3262,2.4437,-8.564796,0,-8.8
3263,2.416209,-8.576511,0,-8.8
3264,2.38921,-8.589613,0,-8.8
3265,2.363427,-8.603811,0,-8.8
3266,2.337475,-8.618316,0,-8.8
3267,2.311995,-8.629884,0,-8.8
3268,2.287347,-8.639102,0,-8.8
3269,2.263,-8.6458,0,-8.8
3270,2.236892,-8.651387,0,-8.8
3271,2.207692,-8.656063,0,-8.8
3272,2.180087,-8.660099,0,-8.8
3273,2.153863,-8.663831,0,-8.8
3274,2.125189,-8.667603,0,-8.8
3275,2.09294,-8.67021,0,-8.8
3276,2.060463,-8.673511,0,-8.8
3277,2.029547,-8.676402,0,-8.8
3278,1.999221,-8.677713,0,-8.8
3279,1.966831,-8.680455,0,-8.8
3280,1.934387,-8.684182,0,-8.8
3281,1.905154,-8.685184,0,-8.8
3282,1.873582,-8.685973,0,-8.8
3283,1.845617,-8.687157,0,-8.8
3284,1.82151,-8.688029,0,-8.8
3285,1.796639,-8.690409,0,-8.8
3286,1.769446,-8.693263,0,-8.8
3287,1.745548,-8.69596,0,-8.8
3288,1.721684,-8.699439,0,-8.8
3289,1.697535,-8.703397,0,-8.8
3290,1.680707,-8.708256,0,-8.8
3291,1.663031,-8.712829,0,-8.8
3292,1.641178,-8.718421,0,-8.8
3293,1.618062,-8.724431,0,-8.8
3294,1.594447,-8.731094,0,-8.8
3295,1.572491,-8.738774,0,-8.8
3296,1.551318,-8.746044,0,-8.8
3297,1.529836,-8.752759,0,-8.8
3298,1.511123,-8.759947,0,-8.8
3299,1.490903,-8.766209,0,-8.8
3300,1.469193,-8.772969,0,-8.8
3301,1.446713,-8.779996,0,-8.8
3302,1.422541,-8.786177,0,-8.8
3303,1.398492,-8.792138,0,-8.8
3304,1.375695,-8.799789,0,-8.8
3305,1.352946,-8.807531,0,-8.8
3306,1.326091,-8.81746,0,-8.8
3307,1.30153,-8.825965,0,-8.8
3308,1.27479,-8.835346,0,-8.8
3309,1.248353,-8.844703,0,-8.8
3310,1.223172,-8.851889,0,-8.8
3311,1.199927,-8.860675,0,-8.8
3312,1.179675,-8.869754,0,-8.8
3313,1.157898,-8.877342,0,-8.8
3314,1.136313,-8.884449,0,-8.8
3315,1.11171,-8.892715,0,-8.8
3316,1.086453,-8.90179,0,-8.8
3317,1.062227,-8.911075,0,-8.8
3318,1.032261,-8.919187,0,-8.8
3319,1.00428,-8.927979,0,-8.8
3320,0.977389,-8.935508,0,-8.8
3321,0.9517214,-8.942586,0,-8.8
3322,0.9253605,-8.948623,0,-8.8
3323,0.8990004,-8.952291,0,-8.8
3324,0.8708223,-8.954639,0,-8.8
3325,0.842071,-8.956947,0,-8.8
3326,0.8115708,-8.955933,0,-8.8
3327,0.7806354,-8.953988,0,-8.8
3328,0.749085,-8.950893,0,-8.8
3329,0.7187538,-8.947718,0,-8.8
3330,0.6887649,-8.943792,0,-8.8
3331,0.6567609,-8.938686,0,-8.8
3332,0.6247367,-8.933968,0,-8.8
3333,0.5929528,-8.932346,0,-8.8
3334,0.5600426,-8.928356,0,-8.8
3335,0.5271124,-8.922247,0,-8.8
3336,0.4937499,-8.917603,0,-8.8
3337,0.4625538,-8.913252,0,-8.8
3338,0.4341972,-8.909363,0,-8.8
3339,0.4094717,-8.905658,0,-8.8
3340,0.3850363,-8.904902,0,-8.8
3341,0.3636995,-8.904263,0,-8.8
3342,0.3382222,-8.903958,0,-8.8
3343,0.3140861,-8.90507,0,-8.8
3344,0.289631,-8.90567,0,-8.8
3345,0.2659197,-8.904724,0,-8.8
3346,0.2387459,-8.90745,0,-8.8
3347,0.2138595,-8.907908,0,-8.8
3348,0.1881063,-8.907756,0,8.8
3349,0.1657961,-8.908962,0,8.8
3350,0.1423638,-8.907556,0,8.8
3351,0.118846,-8.908068,0,8.8
3352,0.09969661,-8.910356,0,8.8
3353,0.08164708,-8.912952,0,8.8
3354,0.0610944,-8.916503,0,8.8
3355,0.03897037,-8.922411,0,8.8
3356,0.01530189,-8.930414,0,8.8
3357,-0.005718715,-8.937428,0,8.8
3358,-0.02959112,-8.944161,0,8.8
3359,-0.05223861,-8.946477,0,8.8
3360,-0.07332676,-8.94621,0,8.8
3361,-0.09170198,-8.944023,0,8.8
3362,-0.1105169,-8.940067,0,8.8
3363,-0.1301008,-8.936732,0,8.8
3364,-0.1512871,-8.930651,0,8.8
3365,-0.1720802,-8.923352,0,8.8
3366,-0.1918301,-8.91542,0,8.8
3367,-0.2090978,-8.910224,0,8.8
3368,-0.2253548,-8.905236,0,8.8
3369,-0.2425963,-8.901036,0,8.8
3370,-0.2596112,-8.894588,0,8.8
3371,-0.2742159,-8.887481,0,8.8
3372,-0.2880112,-8.879058,0,8.8
3373,-0.303455,-8.870666,0,8.8
3374,-0.314587,-8.861811,0,8.8
3375,-0.3268018,-8.849647,0,8.8
3376,-0.3364924,-8.83608,0,8.8
3377,-0.3449965,-8.821825,0,8.8
3378,-0.3523172,-8.803337,0,8.8
3379,-0.3603773,-8.785362,0,8.8
3380,-0.3667024,-8.76443,0,8.8
3381,-0.3722724,-8.737708,0,8.8
3382,-0.3745822,-8.709817,0,8.8
3383,-0.3763174,-8.680029,0,8.8
3384,-0.3778183,-8.649116,0,8.8
3385,-0.3807537,-8.61961,0,8.8
3386,-0.3836871,-8.591234,0,8.8
3387,-0.3872672,-8.561329,0,8.8
3388,-0.3913883,-8.528311,0,8.8
3389,-0.3956957,-8.494553,0,8.8
3390,-0.3993361,-8.461846,0,8.8
3391,-0.4016718,-8.434964,0,8.8
3392,-0.4024146,-8.411847,0,8.8
3393,-0.4038287,-8.390489,0,8.8
3394,-0.4071684,-8.368125,0,8.8
3395,-0.4127501,-8.344364,0,8.8
3396,-0.4196048,-8.320692,0,8.8
3397,-0.4257306,-8.296858,0,8.8
3398,-0.4317613,-8.275727,0,8.8
3399,-0.4361713,-8.25456,0,8.8
3400,-0.441249,-8.232825,0,8.8
3401,-0.4481407,-8.21174,0,8.8
3402,-0.4546012,-8.189357,0,8.8
3403,-0.4635076,-8.166632,0,8.8
3404,-0.4725287,-8.145086,0,8.8
3405,-0.4810394,-8.12311,0,8.8
3406,-0.4883958,-8.103108,0,8.8
3407,-0.4950967,-8.079658,0,8.8
3408,-0.5021897,-8.056666,0,8.8
3409,-0.508861,-8.03637,0,8.8
3410,-0.517216,-8.013709,0,8.8
3411,-0.5268935,-7.99139,0,8.8
3412,-0.5367866,-7.966322,0,8.8
3413,-0.5461619,-7.942996,0,8.8
3414,-0.5561386,-7.920194,0,8.8
3415,-0.5684809,-7.892697,0,8.8
3416,-0.5808687,-7.864769,0,8.8
3417,-0.5916691,-7.840213,0,8.8
3418,-0.6014988,-7.81392,0,8.8
3419,-0.6124662,-7.79085,0,8.8
3420,-0.6233746,-7.766354,0,8.8
3421,-0.6343786,-7.74083,0,8.8
3422,-0.6477342,-7.713591,0,8.8
3423,-0.6606725,-7.686442,0,8.8
3424,-0.6725932,-7.66102,0,8.8
3425,-0.6835006,-7.633356,0,8.8
3426,-0.6930301,-7.605096,0,8.8
3427,-0.7020205,-7.578744,0,8.8
3428,-0.7104762,-7.55314,0,8.8
3429,-0.7172922,-7.525471,0,8.8
3430,-0.7229996,-7.49745,0,8.8
3431,-0.7280434,-7.468908,0,8.8
3432,-0.7306716,-7.438907,0,8.8
3433,-0.7328043,-7.410456,0,8.8
3434,-0.7323793,-7.377354,0,8.8
3435,-0.7314477,-7.34544,0,8.8
3436,-0.7315427,-7.315373,0,8.8
3437,-0.7299522,-7.28471,0,8.8
3438,-0.7274547,-7.251686,0,8.8
3439,-0.7253194,-7.221691,0,8.8
3440,-0.7231805,-7.188231,0,8.8
3441,-0.722448,-7.154158,0,8.8
3442,-0.7215067,-7.12327,0,8.8
3443,-0.7219027,-7.093665,0,8.8
3444,-0.7192045,-7.063435,0,8.8
3445,-0.7170154,-7.036211,0,8.8
3446,-0.7160468,-7.013892,0,8.8
3447,-0.7169616,-6.98932,0,8.8
3448,-0.7175236,-6.964348,0,8.8
3449,-0.719749,-6.939956,0,8.8
3450,-0.722968,-6.916368,0,8.8
3451,-0.7257327,-6.895412,0,8.8
3452,-0.7312987,-6.874339,0,8.8
3453,-0.736187,-6.853866,0,8.8
3454,-0.7420055,-6.832206,0,8.8
3455,-0.7478954,-6.807037,0,8.8
3456,-0.7549809,-6.78495,0,8.8
3457,-0.7597802,-6.762408,0,8.8
3458,-0.7658951,-6.738528,0,8.8
3459,-0.7707902,-6.71546,0,8.8
3460,-0.7769436,-6.693517,0,8.8
3461,-0.7852773,-6.667241,0,8.8
3462,-0.7923641,-6.640492,0,8.8
3463,-0.7991647,-6.617581,0,8.8
3464,-0.8086976,-6.589756,0,8.8
3465,-0.8173821,-6.559524,0,8.8
3466,-0.8279542,-6.531186,0,8.8
3467,-0.8394795,-6.500442,0,8.8
3468,-0.851042,-6.470981,0,8.8
3469,-0.8602874,-6.442369,0,8.8
3470,-0.8712058,-6.416631,0,8.8
3471,-0.8824031,-6.390311,0,8.8
3472,-0.8914394,-6.365939,0,8.8
3473,-0.899625,-6.339775,0,8.8
3474,-0.9094322,-6.312563,0,8.8
3475,-0.919249,-6.286267,0,8.8
3476,-0.9316836,-6.259247,0,8.8
3477,-0.9403411,-6.22961,0,8.8
3478,-0.9521844,-6.1998,0,8.8
3479,-0.9610591,-6.171301,0,8.8
3480,-0.9678114,-6.146529,0,8.8
3481,-0.9757572,-6.122613,0,8.8
3482,-0.9829022,-6.098076,0,8.8
3483,-0.9882277,-6.074424,0,8.8
3484,-0.9932265,-6.049287,0,8.8
3485,-0.9973348,-6.021002,0,8.8
3486,-0.9989361,-5.991116,0,8.8
3487,-0.9998727,-5.96355,0,8.8
3488,-1.000365,-5.933757,0,8.8
3489,-0.9999948,-5.904575,0,8.8
3490,-0.9991859,-5.874626,0,8.8
3491,-0.9972446,-5.842895,0,8.8
3492,-0.9963363,-5.8103,0,8.8
3493,-0.9945067,-5.775208,0,8.8
3494,-0.9944907,-5.741316,0,8.8
3495,-0.9947932,-5.705853,0,8.8
3496,-0.9953109,-5.672661,0,8.8
3497,-0.9959819,-5.636822,0,8.8
3498,-0.9961281,-5.604517,0,8.8
3499,-0.9969131,-5.578041,0,8.8
3500,-0.9975271,-5.550978,0,8.8
3501,-0.9983198,-5.525059,0,8.8
3502,-0.9999073,-5.499828,0,8.8
3503,-1.003141,-5.478549,0,8.8
3504,-1.005284,-5.460055,0,8.8
3505,-1.008637,-5.440326,0,8.8
3506,-1.013179,-5.418826,0,8.8
3507,-1.019658,-5.393536,0,8.8
3508,-1.026971,-5.366939,0,8.8
3509,-1.035452,-5.342149,0,8.8
3510,-1.042903,-5.319162,0,8.8
3511,-1.050487,-5.298266,0,8.8
3512,-1.058269,-5.277296,0,8.8
3513,-1.062798,-5.257805,0,8.8
3514,-1.06912,-5.238869,0,8.8
3515,-1.075452,-5.217648,0,8.8
3516,-1.08467,-5.192918,0,8.8
3517,-1.094926,-5.167591,0,8.8
3518,-1.105155,-5.144283,0,8.8
3519,-1.115157,-5.120909,0,8.8
3520,-1.124289,-5.096163,0,8.8
3521,-1.135215,-5.068662,0,8.8
3522,-1.145643,-5.041839,0,8.8
3523,-1.154043,-5.015227,0,8.8
3524,-1.163316,-4.986948,0,8.8
3525,-1.172726,-4.960064,0,8.8
3526,-1.184087,-4.934485,0,8.8
3527,-1.196329,-4.908849,0,8.8
3528,-1.207901,-4.879507,0,8.8
3529,-1.216818,-4.852466,0,8.8
3530,-1.225654,-4.824048,0,8.8
3531,-1.237325,-4.795384,0,8.8
3532,-1.251007,-4.766315,0,8.8
3533,-1.262964,-4.736329,0,8.8
3534,-1.275324,-4.706778,0,8.8
3535,-1.283855,-4.67855,0,8.8
3536,-1.291699,-4.649894,0,8.8
3537,-1.299348,-4.623506,0,8.8
3538,-1.305406,-4.596778,0,8.8
3539,-1.308772,-4.570427,0,8.8
3540,-1.309701,-4.541243,0,8.8
3541,-1.310352,-4.510988,0,8.8
3542,-1.308728,-4.476692,0,8.8
3543,-1.306826,-4.442023,0,8.8
3544,-1.305366,-4.409793,0,8.8
3545,-1.304572,-4.379174,0,8.8
3546,-1.301772,-4.346577,0,8.8
3547,-1.297558,-4.31588,0,8.8
3548,-1.29284,-4.286716,0,8.8
3549,-1.288253,-4.256563,0,8.8
3550,-1.283315,-4.225404,0,8.8
3551,-1.278781,-4.19626,0,8.8
3552,-1.277315,-4.169769,0,8.8
3553,-1.276996,-4.14554,0,8.8
3554,-1.277362,-4.121484,0,8.8
3555,-1.277885,-4.098219,0,8.8
3556,-1.278637,-4.076436,0,8.8
3557,-1.280025,-4.056229,0,8.8
3558,-1.282082,-4.034189,0,8.8
3559,-1.283318,-4.010132,0,8.8
3560,-1.287362,-3.982852,0,8.8
3561,-1.290318,-3.95828,0,8.8
3562,-1.295093,-3.935718,0,8.8
3563,-1.297893,-3.915591,0,8.8
3564,-1.301133,-3.894292,0,8.8
3565,-1.304116,-3.874177,0,8.8
3566,-1.308481,-3.851581,0,8.8
3567,-1.313189,-3.827535,0,8.8
3568,-1.317141,-3.802204,0,8.8
3569,-1.321642,-3.774867,0,8.8
3570,-1.326096,-3.747795,0,8.8
3571,-1.330251,-3.720459,0,8.8
3572,-1.334182,-3.692637,0,8.8
3573,-1.338549,-3.663851,0,8.8
3574,-1.344646,-3.634889,0,8.8
3575,-1.351992,-3.603592,0,8.8
3576,-1.360364,-3.570877,0,8.8
3577,-1.36814,-3.537267,0,8.8
3578,-1.374374,-3.505384,0,8.8
3579,-1.380688,-3.476065,0,8.8
3580,-1.388157,-3.448319,0,8.8
3581,-1.396453,-3.42083,0,8.8
3582,-1.403639,-3.391791,0,8.8
3583,-1.410766,-3.361234,0,8.8
3584,-1.418953,-3.327684,0,8.8
3585,-1.428357,-3.296834,0,8.8
3586,-1.434715,-3.2672,0,8.8
3587,-1.440044,-3.236826,0,8.8
3588,-1.445189,-3.21049,0,8.8
3589,-1.450807,-3.186147,0,8.8
3590,-1.455139,-3.161441,0,8.8
3591,-1.457913,-3.132322,0,8.8
3592,-1.457964,-3.102117,0,8.8
3593,-1.458264,-3.069185,0,8.8
3594,-1.456373,-3.035832,0,8.8
3595,-1.452575,-3.000664,0,8.8
3596,-1.450133,-2.970046,0,8.8
3597,-1.446259,-2.938122,0,8.8
3598,-1.442664,-2.9025,0,8.8
3599,-1.438685,-2.870735,0,8.8
3600,-1.434409,-2.838459,0,8.8
3601,-1.430702,-2.804275,0,8.8
3602,-1.426282,-2.771278,0,8.8
3603,-1.421054,-2.740614,0,8.8
3604,-1.416694,-2.712343,0,8.8
3605,-1.4147,-2.684722,0,8.8
3606,-1.413126,-2.657984,0,8.8
3607,-1.41162,-2.636538,0,8.8
3608,-1.411827,-2.614492,0,8.8
3609,-1.410803,-2.593801,0,8.8
3610,-1.410791,-2.572585,0,8.8
3611,-1.410565,-2.54792,0,8.8
3612,-1.412177,-2.524939,0,8.8
3613,-1.414192,-2.504318,0,8.8
3614,-1.416009,-2.481372,0,8.8
3615,-1.417663,-2.458769,0,8.8
3616,-1.420411,-2.436681,0,8.8
3617,-1.422416,-2.412418,0,8.8
3618,-1.423758,-2.390764,0,8.8
3619,-1.428868,-2.367314,0,8.8
3620,-1.434117,-2.34009,0,8.8
3621,-1.437685,-2.316164,0,8.8
3622,-1.441285,-2.292088,0,8.8
3623,-1.444714,-2.267124,0,8.8
3624,-1.447984,-2.241238,0,8.8
3625,-1.452452,-2.211727,0,8.8
3626,-1.456703,-2.18258,0,8.8
3627,-1.462516,-2.15383,0,8.8
3628,-1.469529,-2.125774,0,8.8
3629,-1.475033,-2.098043,0,8.8
3630,-1.481963,-2.067011,0,8.8
3631,-1.48959,-2.035444,0,8.8
3632,-1.498186,-2.006143,0,8.8
3633,-1.506138,-1.979224,0,8.8
3634,-1.515797,-1.950085,0,8.8
3635,-1.523598,-1.921164,0,8.8
3636,-1.5321,-1.893506,0,8.8
3637,-1.538361,-1.861428,0,8.8
3638,-1.546422,-1.83087,0,8.8
3639,-1.554231,-1.799406,0,8.8
3640,-1.561211,-1.769324,0,8.8
3641,-1.565822,-1.73928,0,8.8
3642,-1.570097,-1.708476,0,8.8
3643,-1.574345,-1.67957,0,8.8
3644,-1.577987,-1.65166,0,8.8
3645,-1.581446,-1.623405,0,8.8
3646,-1.582647,-1.593068,0,8.8
3647,-1.583204,-1.560583,0,8.8
3648,-1.583986,-1.528697,0,8.8
3649,-1.582238,-1.499997,0,8.8
3650,-1.578946,-1.469266,0,8.8
3651,-1.574384,-1.434728,0,8.8
3652,-1.569491,-1.400273,0,8.8
3653,-1.565468,-1.365848,0,8.8
3654,-1.560958,-1.332987,0,8.8
3655,-1.558422,-1.298703,0,8.8
3656,-1.555365,-1.259823,0,8.8
3657,-1.550584,-1.224623,0,8.8
3658,-1.544915,-1.195188,0,8.8
3659,-1.541798,-1.166397,0,8.8
3660,-1.539505,-1.13952,0,8.8
3661,-1.536967,-1.110651,0,8.8
3662,-1.535107,-1.086972,0,8.8
3663,-1.534494,-1.064756,0,8.8
3664,-1.53224,-1.043347,0,8.8
3665,-1.531098,-1.01928,0,8.8
3666,-1.532723,-0.9977316,0,8.8
3667,-1.534913,-0.9737623,0,8.8
3668,-1.538197,-0.9445333,0,8.8
3669,-1.540937,-0.9189093,0,8.8
3670,-1.545213,-0.893323,0,8.8
3671,-1.548622,-0.8692784,0,8.8
3672,-1.552572,-0.8449467,0,8.8
3673,-1.555333,-0.8203902,0,8.8
3674,-1.557637,-0.7960423,0,8.8
3675,-1.560018,-0.772276,0,8.8
3676,-1.563594,-0.7488694,0,8.8
3677,-1.567551,-0.7271683,0,8.8
3678,-1.572547,-0.7010416,0,8.8
3679,-1.577073,-0.6769879,0,8.8
3680,-1.581628,-0.6491274,0,8.8
3681,-1.586845,-0.6205998,0,8.8
3682,-1.592992,-0.5891281,0,8.8
3683,-1.598797,-0.5582534,0,8.8
3684,-1.605471,-0.5254743,0,8.8
3685,-1.611004,-0.4943071,0,8.8
3686,-1.61672,-0.4643365,0,8.8
3687,-1.624408,-0.4353473,0,8.8
3688,-1.630249,-0.4069969,0,8.8
3689,-1.636949,-0.3747105,0,8.8
3690,-1.645867,-0.346528,0,8.8
3691,-1.65416,-0.3167504,0,8.8
3692,-1.661417,-0.2859783,0,8.8
3693,-1.667566,-0.2553206,0,8.8
3694,-1.672099,-0.2259387,0,8.8
3695,-1.675314,-0.1974588,0,8.8
3696,-1.677043,-0.1691917,0,8.8
3697,-1.678048,-0.141095,0,8.8
3698,-1.67911,-0.1115173,0,8.8
3699,-1.678312,-0.079942,0,8.8
3700,-1.678581,-0.04919626,0,8.8
3701,-1.678194,-0.01756695,0,8.8
3702,-1.676603,0.01479347,0,8.8
3703,-1.674374,0.04682242,0,8.8
3704,-1.671538,0.07723068,0,8.8
3705,-1.670205,0.1091803,0,8.8
3706,-1.66844,0.1422799,0,8.8
3707,-1.665651,0.1736814,0,8.8
3708,-1.661817,0.2096749,0,8.8
3709,-1.659484,0.2430841,0,8.8
3710,-1.657256,0.2777752,0,8.8
3711,-1.654045,0.3114322,0,8.8
3712,-1.651545,0.3457429,0,8.8
3713,-1.65019,0.3761702,0,8.8
3714,-1.648229,0.4035422,0,8.8
3715,-1.645646,0.428645,0,8.8
3716,-1.644158,0.4510559,0,8.8
3717,-1.644753,0.4711899,0,8.8
3718,-1.645175,0.4887861,0,8.8
3719,-1.646803,0.5078928,0,8.8
3720,-1.649671,0.5305011,0,8.8
3721,-1.65058,0.5571992,0,8.8
3722,-1.6517,0.5820203,0,8.8
3723,-1.654351,0.6060109,0,8.8
3724,-1.658153,0.6296276,0,8.8
3725,-1.660674,0.650954,0,8.8
3726,-1.663804,0.6709998,0,8.8
3727,-1.668947,0.6937965,0,8.8
3728,-1.675681,0.7189677,0,8.8
3729,-1.679834,0.7409971,0,8.8
3730,-1.683626,0.7621378,0,8.8
3731,-1.68823,0.7853238,0,8.8
3732,-1.693127,0.8095064,0,8.8
3733,-1.697861,0.8340533,0,8.8
3734,-1.702605,0.8597408,0,8.8
3735,-1.709805,0.8855166,0,8.8
3736,-1.719176,0.9126834,0,8.8
3737,-1.727087,0.9390449,0,8.8
3738,-1.733829,0.965169,0,8.8
3739,-1.743343,0.9962144,0,8.8
3740,-1.754633,1.027764,0,8.8
3741,-1.76226,1.060056,0,8.8
3742,-1.768688,1.089856,0,8.8
3743,-1.775538,1.116768,0,8.8
3744,-1.783796,1.143038,0,8.8
3745,-1.793585,1.17156,0,8.8
3746,-1.800992,1.202802,0,8.8
3747,-1.809959,1.231491,0,8.8
3748,-1.81888,1.260479,0,8.8
3749,-1.824931,1.288758,0,8.8
3750,-1.83034,1.316153,0,8.8
3751,-1.835296,1.343537,0,8.8
3752,-1.839802,1.368032,0,8.8
3753,-1.842956,1.397404,0,8.8
3754,-1.842707,1.42843,0,8.8
3755,-1.84255,1.458569,0,8.8
3756,-1.842721,1.489255,0,8.8
3757,-1.838862,1.522372,0,8.8
3758,-1.833915,1.556358,0,8.8
3759,-1.828203,1.588506,0,8.8
3760,-1.821032,1.61918,0,8.8
3761,-1.814699,1.650534,0,8.8
3762,-1.808782,1.680911,0,8.8
3763,-1.801325,1.714367,0,8.8
3764,-1.795382,1.745608,0,8.8
3765,-1.790003,1.777696,0,8.8
3766,-1.782651,1.80833,0,8.8
3767,-1.777985,1.837403,0,8.8
3768,-1.775183,1.862331,0,8.8
3769,-1.771862,1.886441,0,8.8
3770,-1.769063,1.911488,0,8.8
3771,-1.765737,1.933304,0,8.8
3772,-1.76504,1.955314,0,8.8
3773,-1.765811,1.975196,0,8.8
3774,-1.767179,1.995818,0,8.8
3775,-1.768186,2.018315,0,8.8
3776,-1.767462,2.041766,0,8.8
3777,-1.767901,2.066434,0,8.8
3778,-1.768285,2.091636,0,8.8
3779,-1.768678,2.116746,0,8.8
3780,-1.771092,2.141289,0,8.8
3781,-1.774104,2.166908,0,8.8
3782,-1.776166,2.193263,0,8.8
3783,-1.777223,2.219926,0,8.8
3784,-1.780258,2.244933,0,8.8
3785,-1.782918,2.272529,0,8.8
3786,-1.784704,2.299044,0,8.8
3787,-1.78672,2.325818,0,8.8
3788,-1.790255,2.354301,0,8.8
3789,-1.795517,2.385684,0,8.8
3790,-1.799882,2.418897,0,8.8
3791,-1.804693,2.451982,0,8.8
3792,-1.809381,2.484986,0,8.8
3793,-1.812679,2.51696,0,8.8
3794,-1.818645,2.545481,0,8.8
3795,-1.82436,2.573358,0,8.8
3796,-1.829247,2.604372,0,8.8
3797,-1.83302,2.63353,0,8.8
3798,-1.838291,2.662193,0,8.8
3799,-1.844835,2.687896,0,8.8
3800,-1.852478,2.716914,0,8.8
3801,-1.858583,2.745479,0,8.8
3802,-1.864617,2.773059,0,8.8
3803,-1.868142,2.798549,0,8.8
3804,-1.871137,2.824697,0,8.8
3805,-1.873455,2.852666,0,8.8
3806,-1.874292,2.879919,0,8.8
3807,-1.87318,2.909049,0,8.8
3808,-1.872,2.938733,0,8.8
3809,-1.869646,2.970872,0,8.8
3810,-1.866204,3.003466,0,8.8
3811,-1.860749,3.03537,0,8.8
3812,-1.854467,3.067116,0,8.8
3813,-1.850533,3.095999,0,8.8
3814,-1.844977,3.124825,0,8.8
3815,-1.839293,3.156016,0,8.8
3816,-1.834684,3.187623,0,8.8
3817,-1.827168,3.220829,0,8.8
3818,-1.820142,3.251567,0,8.8
3819,-1.811714,3.28457,0,8.8
3820,-1.805224,3.317444,0,8.8
3821,-1.797727,3.346279,0,8.8
3822,-1.79241,3.373036,0,8.8
3823,-1.784832,3.397172,0,8.8
3824,-1.779211,3.423507,0,8.8
3825,-1.777987,3.450122,0,8.8
3826,-1.77451,3.476241,0,8.8
3827,-1.77326,3.500006,0,8.8
3828,-1.773745,3.52535,0,8.8
3829,-1.775922,3.550631,0,8.8
3830,-1.777203,3.577344,0,8.8
3831,-1.779435,3.603745,0,8.8
3832,-1.780148,3.627921,0,8.8
3833,-1.782245,3.653218,0,8.8
3834,-1.785695,3.676293,0,8.8
3835,-1.787785,3.698167,0,8.8
3836,-1.789892,3.722866,0,8.8
3837,-1.792005,3.747898,0,8.8
3838,-1.795143,3.774567,0,8.8
3839,-1.796828,3.800127,0,8.8
3840,-1.798699,3.825736,0,8.8
3841,-1.801769,3.853505,0,8.8
3842,-1.804698,3.880871,0,8.8
3843,-1.808819,3.911674,0,8.8
3844,-1.813109,3.942118,0,8.8
3845,-1.817891,3.969598,0,8.8
3846,-1.824214,3.996045,0,8.8
3847,-1.830482,4.020751,0,8.8
3848,-1.833149,4.04482,0,8.8
3849,-1.835754,4.07091,0,8.8
3850,-1.8397,4.099138,0,8.8
3851,-1.843154,4.127235,0,8.8
3852,-1.846531,4.153419,0,8.8
3853,-1.849674,4.180736,0,8.8
3854,-1.852608,4.206828,0,8.8
3855,-1.855151,4.235937,0,8.8
3856,-1.858809,4.263646,0,8.8
3857,-1.860555,4.291337,0,8.8
3858,-1.861215,4.319877,0,8.8
3859,-1.859791,4.346791,0,8.8
3860,-1.858549,4.371805,0,8.8
3861,-1.855187,4.398681,0,8.8
3862,-1.850389,4.426426,0,8.8
3863,-1.842174,4.45807,0,8.8
3864,-1.83348,4.488903,0,8.8
3865,-1.824197,4.520195,0,8.8
3866,-1.814787,4.549421,0,8.8
3867,-1.803968,4.578238,0,8.8
3868,-1.791075,4.608599,0,8.8
3869,-1.779669,4.638071,0,8.8
3870,-1.768912,4.669514,0,8.8
3871,-1.756202,4.705264,0,8.8
3872,-1.746067,4.737933,0,8.8
3873,-1.736663,4.765835,0,8.8
3874,-1.726719,4.794986,0,8.8
3875,-1.717896,4.821161,0,8.8
3876,-1.710897,4.845397,0,8.8
3877,-1.702992,4.867952,0,8.8
3878,-1.697959,4.888724,0,8.8
3879,-1.693881,4.907337,0,8.8
3880,-1.691136,4.925726,0,8.8
3881,-1.688514,4.946679,0,8.8
3882,-1.686134,4.971059,0,8.8
3883,-1.683594,4.994573,0,8.8
3884,-1.680424,5.015197,0,8.8
3885,-1.677833,5.036324,0,8.8
3886,-1.673519,5.059268,0,8.8
3887,-1.671743,5.080602,0,8.8
3888,-1.670762,5.101014,0,8.8
3889,-1.669653,5.125305,0,8.8
3890,-1.667207,5.149734,0,8.8
3891,-1.661941,5.172847,0,8.8
3892,-1.657374,5.195227,0,8.8
3893,-1.653965,5.218798,0,8.8
3894,-1.651821,5.242692,0,8.8
3895,-1.648618,5.266295,0,8.8
3896,-1.646735,5.289201,0,8.8
3897,-1.64603,5.312699,0,8.8
3898,-1.644948,5.336753,0,8.8
3899,-1.643082,5.363738,0,8.8
3900,-1.640845,5.396533,0,8.8
3901,-1.64014,5.426639,0,8.8
3902,-1.638572,5.45573,0,8.8
3903,-1.636508,5.481558,0,8.8
3904,-1.636336,5.507576,0,8.8
3905,-1.636949,5.531722,0,8.8
3906,-1.638249,5.554522,0,8.8
3907,-1.638428,5.581575,0,8.8
3908,-1.637879,5.610026,0,8.8
3909,-1.635868,5.638046,0,8.8
3910,-1.634709,5.661684,0,8.8
3911,-1.631462,5.687927,0,8.8
3912,-1.626412,5.715913,0,8.8
3913,-1.620458,5.744868,0,8.8
3914,-1.612069,5.774245,0,8.8
3915,-1.602371,5.802212,0,8.8
3916,-1.591861,5.82901,0,8.8
3917,-1.579739,5.856905,0,8.8
3918,-1.567305,5.88653,0,8.8
3919,-1.555021,5.914493,0,8.8
3920,-1.541986,5.941515,0,8.8
3921,-1.525349,5.966885,0,8.8
3922,-1.509067,5.993765,0,8.8
3923,-1.493221,6.022365,0,8.8
3924,-1.478279,6.048953,0,8.8
3925,-1.463844,6.075509,0,8.8
3926,-1.448177,6.104381,0,8.8
3927,-1.431827,6.131419,0,8.8
3928,-1.416639,6.156026,0,8.8
3929,-1.403682,6.178773,0,8.8
3930,-1.393459,6.198934,0,8.8
3931,-1.383848,6.218266,0,8.8
3932,-1.372852,6.239501,0,8.8
3933,-1.366435,6.259208,0,8.8
3934,-1.360824,6.28021,0,8.8
3935,-1.35518,6.299919,0,8.8
3936,-1.347882,6.321259,0,8.8
3937,-1.338327,6.341682,0,8.8
3938,-1.330427,6.365317,0,8.8
3939,-1.322544,6.392628,0,8.8
3940,-1.316943,6.414767,0,8.8
3941,-1.311528,6.433728,0,8.8
3942,-1.304565,6.457816,0,8.8
3943,-1.297809,6.479131,0,8.8
3944,-1.291373,6.500916,0,8.8
3945,-1.284259,6.52617,0,8.8
3946,-1.275728,6.551474,0,8.8
3947,-1.266314,6.575473,0,8.8
3948,-1.258926,6.600796,0,8.8
3949,-1.252021,6.627294,0,8.8
3950,-1.246447,6.654451,0,8.8
3951,-1.240618,6.684326,0,8.8
3952,-1.23513,6.715048,0,8.8
3953,-1.229835,6.742867,0,8.8
3954,-1.225837,6.77108,0,8.8
3955,-1.219867,6.798208,0,8.8
3956,-1.212752,6.825784,0,8.8
3957,-1.2067,6.849103,0,8.8
3958,-1.203229,6.871838,0,8.8
3959,-1.196512,6.894502,0,8.8
3960,-1.191824,6.920895,0,8.8
3961,-1.185716,6.949137,0,8.8
3962,-1.181036,6.975354,0,8.8
3963,-1.176547,7.000974,0,8.8
3964,-1.170005,7.028872,0,8.8
3965,-1.162651,7.05623,0,8.8
3966,-1.154793,7.08513,0,8.8
3967,-1.145353,7.114727,0,8.8
3968,-1.1359,7.143585,0,8.8
3969,-1.125616,7.172061,0,8.8
3970,-1.113186,7.200307,0,8.8
3971,-1.09885,7.228481,0,8.8
3972,-1.08229,7.258208,0,8.8
3973,-1.066235,7.285306,0,8.8
3974,-1.05201,7.309676,0,8.8
3975,-1.035826,7.335967,0,8.8
3976,-1.019335,7.364308,0,8.8
3977,-1.004539,7.392075,0,8.8
3978,-0.9897162,7.416305,0,8.8
3979,-0.9739991,7.440412,0,8.8
3980,-0.9566585,7.465482,0,8.8
3981,-0.9379254,7.49175,0,8.8
3982,-0.922895,7.516883,0,8.8
3983,-0.9101661,7.539546,0,8.8
3984,-0.9018429,7.558097,0,8.8
3985,-0.8918256,7.577968,0,8.8
3986,-0.8823202,7.59768,0,8.8
3987,-0.8718759,7.615356,0,8.8
3988,-0.8637587,7.631372,0,8.8
3989,-0.8562956,7.650832,0,8.8
3990,-0.8492354,7.674601,0,8.8
3991,-0.8423319,7.698556,0,8.8
3992,-0.8362195,7.720479,0,8.8
3993,-0.8292786,7.74127,0,8.8
3994,-0.8243102,7.763385,0,8.8
3995,-0.8183407,7.787585,0,8.8
3996,-0.8118762,7.809703,0,8.8
3997,-0.8059759,7.83206,0,8.8
3998,-0.8013859,7.853206,0,8.8
3999,-0.7952529,7.878619,0,8.8
4000,-0.7877576,7.904278,0,8.8
4001,-0.7811731,7.928661,0,8.8
4002,-0.774195,7.954593,0,8.8
4003,-0.7686201,7.983332,0,8.8
4004,-0.7620951,8.010183,0,8.8
4005,-0.7562675,8.034524,0,8.8
4006,-0.7485186,8.061936,0,8.8
4007,-0.7402748,8.088278,0,8.8
4008,-0.7342604,8.11147,0,8.8
4009,-0.7293146,8.13518,0,8.8
4010,-0.7233554,8.160851,0,8.8
4011,-0.7163398,8.186687,0,8.8
4012,-0.71002,8.210281,0,8.8
4013,-0.7068599,8.234788,0,8.8
4014,-0.7015819,8.258206,0,8.8
4015,-0.6952308,8.282606,0,8.8
4016,-0.689176,8.306799,0,8.8
4017,-0.6798166,8.330678,0,8.8
4018,-0.6717827,8.354443,0,8.8
4019,-0.6632148,8.377876,0,8.8
4020,-0.655268,8.4023,0,8.8
4021,-0.6442312,8.426016,0,8.8
4022,-0.6308371,8.449433,0,8.8
4023,-0.615519,8.471262,0,8.8
4024,-0.5994787,8.492016,0,8.8
4025,-0.5813129,8.512615,0,8.8
4026,-0.5633926,8.530677,0,8.8
4027,-0.5428291,8.548938,0,8.8
4028,-0.5219293,8.565592,0,8.8
4029,-0.4987915,8.583295,0,8.8
4030,-0.4779396,8.598342,0,8.8
4031,-0.4564599,8.615749,0,8.8
4032,-0.4320301,8.634316,0,8.8
4033,-0.4067396,8.653869,0,8.8
4034,-0.3799073,8.675308,0,8.8
4035,-0.3529005,8.695424,0,8.8
4036,-0.3293603,8.713964,0,8.8
4037,-0.308667,8.732913,0,8.8
4038,-0.2921685,8.747825,0,8.8
4039,-0.2734165,8.762993,0,8.8
4040,-0.2596332,8.777183,0,8.8
4041,-0.2453275,8.791751,0,8.8
4042,-0.2317684,8.80605,0,8.8
4043,-0.2192323,8.821362,0,8.8
4044,-0.2027102,8.839717,-4.4,-7.621024
4045,-0.1901052,8.85429,-4.4,-7.621024
4046,-0.179345,8.86777,-4.4,-7.621024
4047,-0.1677121,8.880893,-4.4,-7.621024
4048,-0.1565697,8.893869,-4.4,-7.621024
4049,-0.1477054,8.908085,-4.4,-7.621024
4050,-0.1412849,8.922925,-4.4,-7.621024
4051,-0.1355613,8.940957,-4.4,-7.621024
4052,-0.130486,8.961734,-4.4,-7.621024
4053,-0.1247149,8.98477,-4.4,-7.621024
4054,-0.1198758,9.004736,-4.4,-7.621024
4055,-0.1165615,9.020939,-4.4,-7.621024
4056,-0.1113223,9.035364,-4.4,-7.621024
4057,-0.09784018,9.048883,-4.4,-7.621024
4058,-0.0793782,9.058249,-4.4,-7.621024
4059,-0.05801553,9.063241,-4.4,-7.621024
4060,-0.03573692,9.066444,-4.4,-7.621024
4061,-0.02057426,9.069996,-4.4,-7.621024
4062,-0.007655938,9.071734,-4.4,-7.621024
4063,0.004210111,9.073184,-4.4,-7.621024
4064,0.01527675,9.073662,-4.4,-7.621024
4065,0.02516135,9.071386,-4.4,-7.621024
4066,0.03727911,9.066577,-4.4,-7.621024
4067,0.04728382,9.062503,-4.4,-7.621024
4068,0.058038,9.056443,-4.4,-7.621024
4069,0.06696114,9.047338,-4.4,-7.621024
4070,0.07614258,9.038701,-4.4,-7.621024
4071,0.08226332,9.028844,-4.4,-7.621024
4072,0.08776907,9.015862,-4.4,-7.621024
4073,0.09186357,9.000663,-4.4,-7.621024
4074,0.09440961,8.986988,-4.4,-7.621024
4075,0.0967022,8.972898,-4.4,-7.621024
4076,0.1000258,8.958466,-4.4,-7.621024
4077,0.1011191,8.94592,-4.4,-7.621024
4078,0.1018742,8.929631,-4.4,-7.621024
4079,0.1006739,8.9128,-4.4,-7.621024
4080,0.0998566,8.894982,-4.4,-7.621024
4081,0.09777567,8.875579,-4.4,-7.621024
4082,0.0964495,8.856588,-4.4,-7.621024
4083,0.09585062,8.83594,-4.4,-7.621024
4084,0.0924635,8.810905,-4.4,-7.621024
4085,0.09035826,8.789051,-4.4,-7.621024
4086,0.0871916,8.764986,-4.4,-7.621024
4087,0.08496584,8.743176,-4.4,-7.621024
4088,0.08297167,8.720053,-4.4,-7.621024
4089,0.08241328,8.69814,-4.4,-7.621024
4090,0.08353774,8.680136,-4.4,-7.621024
4091,0.08284243,8.660213,-4.4,-7.621024
4092,0.08107091,8.641014,-4.4,-7.621024
4093,0.07960926,8.623801,-4.4,-7.621024
4094,0.07747374,8.606489,-4.4,-7.621024
4095,0.07636712,8.585191,-4.4,-7.621024
4096,0.07689092,8.564578,-4.4,-7.621024
4097,0.07609356,8.538381,-4.4,-7.621024
4098,0.07643133,8.516728,-4.4,-7.621024
4099,0.07692928,8.49614,-4.4,-7.621024
4100,0.07864786,8.475663,-4.4,-7.621024
4101,0.07915169,8.457234,-4.4,-7.621024
4102,0.07777893,8.435239,-4.4,-7.621024
4103,0.07838871,8.415023,-4.4,-7.621024
4104,0.07853381,8.395312,-4.4,-7.621024
4105,0.07985272,8.377063,-4.4,-7.621024
4106,0.08009996,8.355516,-4.4,-7.621024
4107,0.07892538,8.33313,-4.4,-7.621024
4108,0.0771097,8.311948,-4.4,-7.621024
4109,0.07724082,8.288725,-4.4,-7.621024
4110,0.07845572,8.266297,-4.4,-7.621024
4111,0.07873264,8.242092,-4.4,-7.621024
4112,0.081141,8.214422,-4.4,-7.621024
4113,0.08605617,8.184896,-4.4,-7.621024
4114,0.08967581,8.154184,-4.4,-7.621024
4115,0.09116161,8.126201,-4.4,-7.621024
4116,0.0927873,8.096447,-4.4,-7.621024
4117,0.09304589,8.068025,-4.4,-7.621024
4118,0.09493893,8.041137,-4.4,-7.621024
4119,0.09377311,8.013172,-4.4,-7.621024
4120,0.09638079,7.986903,-4.4,-7.621024
4121,0.09739815,7.959478,-4.4,-7.621024
4122,0.09639464,7.93051,-4.4,-7.621024
4123,0.09590442,7.900159,-4.4,-7.621024
4124,0.0938223,7.872213,-4.4,-7.621024
4125,0.09053443,7.845826,-4.4,-7.621024
4126,0.08667958,7.818812,-4.4,-7.621024
4127,0.07936098,7.790869,-4.4,-7.621024
4128,0.07119559,7.763394,-4.4,-7.621024
4129,0.06422695,7.737945,-4.4,-7.621024
4130,0.05680578,7.710067,-4.4,-7.621024
4131,0.04740145,7.681952,-4.4,-7.621024
4132,0.03774361,7.656484,-4.4,-7.621024
4133,0.02622166,7.629468,-4.4,-7.621024
4134,0.01247517,7.601608,-4.4,-7.621024
4135,-0.002494509,7.572313,-4.4,-7.621024
4136,-0.01740638,7.545356,-4.4,-7.621024
4137,-0.03148111,7.518855,-4.4,-7.621024
4138,-0.04553536,7.489421,-4.4,-7.621024
4139,-0.05993013,7.459232,-4.4,-7.621024
4140,-0.07445471,7.431574,-4.4,-7.621024
4141,-0.08816297,7.405713,-4.4,-7.621024
4142,-0.1003339,7.379981,-4.4,-7.621024
4143,-0.1115825,7.355245,-4.4,-7.621024
4144,-0.1224188,7.330975,-4.4,-7.621024
4145,-0.1342744,7.310254,-4.4,-7.621024
4146,-0.1437674,7.285338,-4.4,-7.621024
4147,-0.1551524,7.262136,-4.4,-7.621024
4148,-0.1645644,7.243198,-4.4,-7.621024
4149,-0.172066,7.227061,-4.4,-7.621024
4150,-0.178848,7.208378,-4.4,-7.621024
4151,-0.1845044,7.184856,-4.4,-7.621024
4152,-0.1902419,7.160886,-4.4,-7.621024
4153,-0.1962699,7.137195,-4.4,-7.621024
4154,-0.2000852,7.113523,-4.4,-7.621024
4155,-0.205134,7.088982,-4.4,-7.621024
4156,-0.2103934,7.068929,-4.4,-7.621024
4157,-0.2168851,7.044482,-4.4,-7.621024
4158,-0.2240683,7.021051,-4.4,-7.621024
4159,-0.232508,6.999333,-4.4,-7.621024
4160,-0.2400525,6.976979,-4.4,-7.621024
4161,-0.2459022,6.955286,-4.4,-7.621024
4162,-0.2503259,6.930569,-4.4,-7.621024
4163,-0.2547827,6.906061,-4.4,-7.621024
4164,-0.2589429,6.878125,-4.4,-7.621024
4165,-0.2629069,6.850113,-4.4,-7.621024
4166,-0.2688936,6.823861,-4.4,-7.621024
4167,-0.2746318,6.791914,-4.4,-7.621024
4168,-0.2755502,6.758241,-4.4,-7.621024
4169,-0.2774183,6.724588,-4.4,-7.621024
4170,-0.2807676,6.695875,-4.4,-7.621024
4171,-0.2859199,6.670196,-4.4,-7.621024
4172,-0.289822,6.643235,-4.4,-7.621024
4173,-0.2934678,6.61549,-4.4,-7.621024
4174,-0.2992177,6.588673,-4.4,-7.621024
4175,-0.3049831,6.560683,-4.4,-7.621024
4176,-0.3100758,6.531455,-4.4,-7.621024
4177,-0.3139523,6.501348,-4.4,-7.621024
4178,-0.3196894,6.472455,-4.4,-7.621024
4179,-0.3268251,6.443489,-4.4,-7.621024
4180,-0.3346174,6.414872,-4.4,-7.621024
4181,-0.3425851,6.386352,-4.4,-7.621024
4182,-0.351421,6.358532,-4.4,-7.621024
4183,-0.3628342,6.328482,-4.4,-7.621024
4184,-0.3747533,6.298591,-4.4,-7.621024
4185,-0.3892043,6.269096,-4.4,-7.621024
4186,-0.401122,6.242891,-4.4,-7.621024
4187,-0.4128051,6.217383,-4.4,-7.621024
4188,-0.4259002,6.193668,-4.4,-7.621024
4189,-0.4396867,6.171508,-4.4,-7.621024
4190,-0.4533462,6.149073,-4.4,-7.621024
4191,-0.4673855,6.12412,-4.4,-7.621024
4192,-0.4815133,6.099377,-4.4,-7.621024
4193,-0.4941882,6.075774,-4.4,-7.621024
4194,-0.5065994,6.050354,-4.4,-7.621024
4195,-0.5190204,6.021889,-4.4,-7.621024
4196,-0.5306239,5.998569,-4.4,-7.621024
4197,-0.5410647,5.978284,-4.4,-7.621024
4198,-0.5494133,5.960473,-4.4,-7.621024
4199,-0.5598459,5.940524,-4.4,-7.621024
4200,-0.5685542,5.920421,-4.4,-7.621024
4201,-0.5760836,5.897426,-4.4,-7.621024
4202,-0.5818809,5.875628,-4.4,-7.621024
4203,-0.5894922,5.853986,-4.4,-7.621024
4204,-0.5980858,5.835173,-4.4,-7.621024
4205,-0.6081664,5.813916,-4.4,-7.621024
4206,-0.615267,5.791802,-4.4,-7.621024
4207,-0.622651,5.767042,-4.4,-7.621024
4208,-0.6304989,5.746699,-4.4,-7.621024
4209,-0.6367595,5.724564,-4.4,-7.621024
4210,-0.6427268,5.702873,-4.4,-7.621024
4211,-0.6484029,5.681263,-4.4,-7.621024
4212,-0.6541182,5.658222,-4.4,-7.621024
4213,-0.6604416,5.634961,-4.4,-7.621024
4214,-0.6669443,5.612361,-4.4,-7.621024
4215,-0.6735488,5.590255,-4.4,-7.621024
4216,-0.6796365,5.563466,-4.4,-7.621024
4217,-0.6856759,5.535336,-4.4,-7.621024
4218,-0.6936314,5.504536,-4.4,-7.621024
4219,-0.7009173,5.471279,-4.4,-7.621024
4220,-0.7092442,5.438142,-4.4,-7.621024
4221,-0.7171221,5.404828,-4.4,-7.621024
4222,-0.7222258,5.376384,-4.4,-7.621024
4223,-0.7260273,5.350225,-4.4,-7.621024
4224,-0.7313626,5.3248,-4.4,-7.621024
4225,-0.7358227,5.29601,-4.4,-7.621024
4226,-0.7421205,5.268724,-4.4,-7.621024
4227,-0.7483627,5.240685,-4.4,-7.621024
4228,-0.7555476,5.214018,-4.4,-7.621024
4229,-0.7602786,5.188161,-4.4,-7.621024
4230,-0.7657799,5.161198,-4.4,-7.621024
4231,-0.7694234,5.135529,-4.4,-7.621024
4232,-0.7746751,5.106487,-4.4,-7.621024
4233,-0.7813312,5.080027,-4.4,-7.621024
4234,-0.7884381,5.053387,-4.4,-7.621024
4235,-0.7969909,5.026262,-4.4,-7.621024
4236,-0.8067111,5.000478,-4.4,-7.621024
4237,-0.816893,4.975542,-4.4,-7.621024
4238,-0.8269901,4.949915,-4.4,-7.621024
4239,-0.8396269,4.921673,-4.4,-7.621024
4240,-0.8552943,4.891572,-4.4,-7.621024
4241,-0.8693521,4.861874,-4.4,-7.621024
4242,-0.8829722,4.833154,-4.4,-7.621024
4243,-0.8956848,4.80403,-4.4,-7.621024
4244,-0.9106426,4.775463,-4.4,-7.621024
4245,-0.9254448,4.746089,-4.4,-7.621024
4246,-0.9416685,4.715891,-4.4,-7.621024
4247,-0.9564413,4.687722,-4.4,-7.621024
4248,-0.9713179,4.662364,-4.4,-7.621024
4249,-0.9849589,4.637211,-4.4,-7.621024
4250,-0.9978788,4.610131,-4.4,-7.621024
4251,-1.011005,4.586548,-4.4,-7.621024
4252,-1.022041,4.563035,-4.4,-7.621024
4253,-1.031149,4.544274,-4.4,-7.621024
4254,-1.038304,4.525878,-4.4,-7.621024
4255,-1.048207,4.507234,-4.4,-7.621024
4256,-1.055366,4.486911,-4.4,-7.621024
4257,-1.06184,4.466974,-4.4,-7.621024
4258,-1.067538,4.441091,-4.4,-7.621024
4259,-1.074643,4.416304,-4.4,-7.621024
4260,-1.079844,4.390663,-4.4,-7.621024
4261,-1.085781,4.36887,-4.4,-7.621024
4262,-1.091957,4.348929,-4.4,-7.621024
4263,-1.096752,4.328805,-4.4,-7.621024
4264,-1.09989,4.308331,-4.4,-7.621024
4265,-1.103359,4.288982,-4.4,-7.621024
4266,-1.106724,4.268272,-4.4,-7.621024
4267,-1.111285,4.243252,-4.4,-7.621024
4268,-1.11724,4.215747,-4.4,-7.621024
4269,-1.121277,4.189208,-4.4,-7.621024
4270,-1.124441,4.161334,-4.4,-7.621024
4271,-1.128333,4.131096,-4.4,-7.621024
4272,-1.132421,4.09969,-4.4,-7.621024
4273,-1.135367,4.068358,-4.4,-7.621024
4274,-1.140411,4.035993,-4.4,-7.621024
4275,-1.148301,4.003361,-4.4,-7.621024
4276,-1.154154,3.975623,-4.4,-7.621024
4277,-1.155206,3.947993,-4.4,-7.621024
4278,-1.155119,3.921839,-4.4,-7.621024
4279,-1.155215,3.892291,-4.4,-7.621024
4280,-1.158456,3.860685,-4.4,-7.621024
4281,-1.161561,3.830778,-4.4,-7.621024
4282,-1.16198,3.801811,-4.4,-7.621024
4283,-1.162089,3.772458,-4.4,-7.621024
4284,-1.16271,3.742845,-4.4,-7.621024
4285,-1.166103,3.714894,-4.4,-7.621024
4286,-1.170228,3.687388,-4.4,-7.621024
4287,-1.175586,3.659393,-4.4,-7.621024
4288,-1.180286,3.631544,-4.4,-7.621024
4289,-1.184927,3.604064,-4.4,-7.621024
4290,-1.190591,3.575291,-4.4,-7.621024
4291,-1.198206,3.545537,-4.4,-7.621024
4292,-1.206558,3.516608,-4.4,-7.621024
4293,-1.215843,3.485717,-4.4,-7.621024
4294,-1.225446,3.453769,-4.4,-7.621024
4295,-1.234723,3.424697,-4.4,-7.621024
4296,-1.245167,3.395758,-4.4,-7.621024
4297,-1.255859,3.366381,-4.4,-7.621024
4298,-1.266235,3.33726,-4.4,-7.621024
4299,-1.276017,3.308419,-4.4,-7.621024
4300,-1.286642,3.277301,-4.4,-7.621024
4301,-1.298433,3.247751,-4.4,-7.621024
4302,-1.31,3.217326,-4.4,-7.621024
4303,-1.319932,3.189448,-4.4,-7.621024
4304,-1.330927,3.160586,-4.4,-7.621024
4305,-1.336813,3.138223,-4.4,-7.621024
4306,-1.341046,3.115086,-4.4,-7.621024
4307,-1.345828,3.089694,-4.4,-7.621024
4308,-1.350733,3.066376,-4.4,-7.621024
4309,-1.355203,3.045153,-4.4,-7.621024
4310,-1.358956,3.026008,-4.4,-7.621024
4311,-1.363367,3.004113,-4.4,-7.621024
4312,-1.369388,2.97825,-4.4,-7.621024
4313,-1.372666,2.955645,-4.4,-7.621024
4314,-1.37463,2.931678,-4.4,-7.621024
4315,-1.374977,2.908248,-4.4,-7.621024
4316,-1.37763,2.88677,-4.4,-7.621024
4317,-1.380463,2.867006,-4.4,-7.621024
4318,-1.383401,2.845533,-4.4,-7.621024
4319,-1.386629,2.822677,-4.4,-7.621024
4320,-1.389022,2.800029,-4.4,-7.621024
4321,-1.389466,2.775777,-4.4,-7.621024
4322,-1.389983,2.751287,-4.4,-7.621024
4323,-1.390017,2.723868,-4.4,-7.621024
4324,-1.389586,2.697546,-4.4,-7.621024
4325,-1.389315,2.672677,-4.4,-7.621024
4326,-1.389784,2.641256,-4.4,-7.621024
4327,-1.39082,2.611621,-4.4,-7.621024
4328,-1.39137,2.581016,-4.4,-7.621024
4329,-1.39101,2.549861,-4.4,-7.621024
4330,-1.388708,2.518036,-4.4,-7.621024
4331,-1.389401,2.488684,-4.4,-7.621024
4332,-1.387538,2.459937,-4.4,-7.621024
4333,-1.387025,2.42987,-4.4,-7.621024
4334,-1.383668,2.399662,-4.4,-7.621024
4335,-1.380742,2.36958,-4.4,-7.621024
4336,-1.379472,2.337799,-4.4,-7.621024
4337,-1.37744,2.308497,-4.4,-7.621024
4338,-1.37722,2.279721,-4.4,-7.621024
4339,-1.376482,2.251732,-4.4,-7.621024
4340,-1.378009,2.226514,-4.4,-7.621024
4341,-1.381197,2.199967,-4.4,-7.621024
4342,-1.3847,2.17345,-4.4,-7.621024
4343,-1.389916,2.146373,-4.4,-7.621024
4344,-1.396325,2.117472,-4.4,-7.621024
4345,-1.405169,2.088118,-4.4,-7.621024
4346,-1.413422,2.05632,-4.4,-7.621024
4347,-1.422429,2.026002,-4.4,-7.621024
4348,-1.431648,1.994899,-4.4,-7.621024
4349,-1.442793,1.963426,-4.4,-7.621024
4350,-1.45392,1.935113,-4.4,-7.621024
4351,-1.464608,1.909008,-4.4,-7.621024
4352,-1.476868,1.879159,-4.4,-7.621024
4353,-1.488602,1.847566,-4.4,-7.621024
4354,-1.499902,1.815111,-4.4,-7.621024
4355,-1.511188,1.782681,-4.4,-7.621024
4356,-1.520416,1.752528,-4.4,-7.621024
4357,-1.527825,1.72521,-4.4,-7.621024
4358,-1.536708,1.697142,-4.4,-7.621024
4359,-1.546193,1.673397,-4.4,-7.621024
4360,-1.550717,1.650521,-4.4,-7.621024
4361,-1.557751,1.625712,-4.4,-7.621024
4362,-1.5625,1.60289,-4.4,-7.621024
4363,-1.564611,1.581403,-4.4,-7.621024
4364,-1.566013,1.560172,-4.4,-7.621024
4365,-1.568888,1.539937,-4.4,-7.621024
4366,-1.569929,1.517006,-4.4,-7.621024
4367,-1.572426,1.493267,-4.4,-7.621024
4368,-1.575305,1.472617,-4.4,-7.621024
4369,-1.576832,1.450812,-4.4,-7.621024
4370,-1.577216,1.425324,-4.4,-7.621024
4371,-1.579017,1.402781,-4.4,-7.621024
4372,-1.580559,1.380359,-4.4,-7.621024
4373,-1.584096,1.358268,-4.4,-7.621024
4374,-1.586437,1.33536,-4.4,-7.621024
4375,-1.588549,1.311728,-4.4,-7.621024
4376,-1.590798,1.287384,-4.4,-7.621024
4377,-1.591521,1.264173,-4.4,-7.621024
4378,-1.590795,1.237122,-4.4,-7.621024
4379,-1.58989,1.212626,-4.4,-7.621024
4380,-1.585322,1.188124,-4.4,-7.621024
4381,-1.58044,1.161136,-4.4,-7.621024
4382,-1.576764,1.131601,-4.4,-7.621024
4383,-1.572826,1.101758,-4.4,-7.621024
4384,-1.569544,1.074354,-4.4,-7.621024
4385,-1.563969,1.045805,-4.4,-7.621024
4386,-1.559955,1.016691,-4.4,-7.621024
4387,-1.555843,0.9872629,-4.4,-7.621024
4388,-1.552502,0.958001,-4.4,-7.621024
4389,-1.546416,0.9272214,-4.4,-7.621024
4390,-1.540873,0.8966237,-4.4,-7.621024
4391,-1.536449,0.8661584,-4.4,-7.621024
4392,-1.531905,0.8383116,-4.4,-7.621024
4393,-1.527132,0.8116248,-4.4,-7.621024
4394,-1.524084,0.7816293,-4.4,-7.621024
4395,-1.524365,0.7506933,-4.4,-7.621024
4396,-1.524471,0.7205912,-4.4,-7.621024
4397,-1.525528,0.6942644,-4.4,-7.621024
4398,-1.529275,0.6660869,-4.4,-7.621024
4399,-1.532832,0.6362566,-4.4,-7.621024
4400,-1.538611,0.6065224,-4.4,-7.621024
4401,-1.54597,0.5753306,-4.4,-7.621024
4402,-1.553454,0.543599,-4.4,-7.621024
4403,-1.560908,0.5130854,-4.4,-7.621024
4404,-1.568213,0.4821616,-4.4,-7.621024
4405,-1.573876,0.4531502,-4.4,-7.621024
4406,-1.582413,0.4223425,-4.4,-7.621024
4407,-1.591872,0.3912913,-4.4,-7.621024
4408,-1.599341,0.3609945,-4.4,-7.621024
4409,-1.606631,0.3322406,-4.4,-7.621024
4410,-1.615005,0.301921,-4.4,-7.621024
4411,-1.62472,0.2731627,-4.4,-7.621024
4412,-1.631885,0.2490695,-4.4,-7.621024
4413,-1.637843,0.2255975,-4.4,-7.621024
4414,-1.642318,0.2035655,-4.4,-7.621024
4415,-1.645747,0.1793217,-4.4,-7.621024
4416,-1.647822,0.1565514,-4.4,-7.621024
4417,-1.649242,0.1340475,-4.4,-7.621024
4418,-1.650958,0.1135666,-4.4,-7.621024
4419,-1.652013,0.09208619,-4.4,-7.621024
4420,-1.653108,0.06761973,-4.4,-7.621024
4421,-1.65435,0.04079082,-4.4,-7.621024
4422,-1.653438,0.01205303,-4.4,-7.621024
4423,-1.654317,-0.01299243,-4.4,-7.621024
4424,-1.655131,-0.03625938,-4.4,-7.621024
4425,-1.655773,-0.05674213,-4.4,-7.621024
4426,-1.656957,-0.07620247,-4.4,-7.621024
4427,-1.657894,-0.09515378,-4.4,-7.621024
4428,-1.661277,-0.1213472,-4.4,-7.621024
4429,-1.663954,-0.1455063,-4.4,-7.621024
4430,-1.664008,-0.1700405,-4.4,-7.621024
4431,-1.662571,-0.1969375,-4.4,-7.621024
4432,-1.661844,-0.2227506,-4.4,-7.621024
4433,-1.659602,-0.2494112,-4.4,-7.621024
4434,-1.655984,-0.280657,-4.4,-7.621024
4435,-1.651873,-0.3121992,-4.4,-7.621024
4436,-1.648345,-0.3433587,-4.4,-7.621024
4437,-1.645942,-0.3735356,-4.4,-7.621024
4438,-1.64484,-0.4022941,-4.4,-7.621024
4439,-1.642975,-0.4262042,-4.4,-7.621024
4440,-1.639325,-0.4476033,-4.4,-7.621024
4441,-1.63491,-0.4743862,-4.4,-7.621024
4442,-1.632599,-0.5040419,-4.4,-7.621024
4443,-1.631989,-0.5351707,-4.4,-7.621024
4444,-1.62952,-0.5628757,-4.4,-7.621024
4445,-1.628511,-0.5867259,-4.4,-7.621024
4446,-1.627168,-0.6156322,-4.4,-7.621024
4447,-1.626694,-0.6458622,-4.4,-7.621024
4448,-1.626371,-0.6724221,-4.4,-7.621024
4449,-1.627588,-0.7000971,-4.4,-7.621024
4450,-1.629132,-0.7277973,-4.4,-7.621024
4451,-1.630899,-0.7541449,-4.4,-7.621024
4452,-1.634506,-0.7816231,-4.4,-7.621024
4453,-1.641911,-0.8120207,-4.4,-7.621024
4454,-1.64931,-0.8423022,-4.4,-7.621024
4455,-1.657581,-0.8717545,-4.4,-7.621024
4456,-1.665953,-0.9018868,-4.4,-7.621024
4457,-1.673866,-0.9318773,-4.4,-7.621024
4458,-1.684439,-0.9587283,-4.4,-7.621024
4459,-1.695052,-0.9847761,-4.4,-7.621024
4460,-1.706406,-1.01268,-4.4,-7.621024
4461,-1.71605,-1.041293,-4.4,-7.621024
4462,-1.726329,-1.071597,-4.4,-7.621024
4463,-1.739163,-1.102551,-4.4,-7.621024
4464,-1.751698,-1.130086,-4.4,-7.621024
4465,-1.763679,-1.154285,-4.4,-7.621024
4466,-1.773594,-1.178391,-4.4,-7.621024
4467,-1.781419,-1.203651,-4.4,-7.621024
4468,-1.7904,-1.227719,-4.4,-7.621024
4469,-1.796043,-1.248739,-4.4,-7.621024
4470,-1.799917,-1.270066,-4.4,-7.621024
4471,-1.806275,-1.290571,-4.4,-7.621024
4472,-1.810312,-1.309006,-4.4,-7.621024
4473,-1.813864,-1.330408,-4.4,-7.621024
4474,-1.817558,-1.356513,-4.4,-7.621024
4475,-1.821226,-1.384719,-4.4,-7.621024
4476,-1.824403,-1.409992,-4.4,-7.621024
4477,-1.827284,-1.434239,-4.4,-7.621024
4478,-1.831547,-1.457944,-4.4,-7.621024
4479,-1.835732,-1.479559,-4.4,-7.621024
4480,-1.839776,-1.500747,-4.4,-7.621024
4481,-1.843885,-1.522956,-4.4,-7.621024
4482,-1.847566,-1.547197,-4.4,-7.621024
4483,-1.85177,-1.575904,-4.4,-7.621024
4484,-1.857502,-1.603072,-4.4,-7.621024
4485,-1.862213,-1.629618,-4.4,-7.621024
4486,-1.865243,-1.654958,-4.4,-7.621024
4487,-1.867418,-1.68377,-4.4,-7.621024
4488,-1.868314,-1.715979,-4.4,-7.621024
4489,-1.86933,-1.748079,-4.4,-7.621024
4490,-1.869333,-1.781598,-4.4,-7.621024
4491,-1.87047,-1.81329,-4.4,-7.621024
4492,-1.874199,-1.843924,-4.4,-7.621024
4493,-1.876464,-1.876004,-4.4,-7.621024
4494,-1.877817,-1.909772,-4.4,-7.621024
4495,-1.879618,-1.938131,-4.4,-7.621024
4496,-1.880283,-1.969373,-4.4,-7.621024
4497,-1.881282,-2.001298,-4.4,-7.621024
4498,-1.88461,-2.032402,-4.4,-7.621024
4499,-1.887673,-2.061543,-4.4,-7.621024
4500,-1.888597,-2.093963,-4.4,-7.621024
4501,-1.892458,-2.125551,-4.4,-7.621024
4502,-1.894197,-2.157435,-4.4,-7.621024
4503,-1.897673,-2.188373,-4.4,-7.621024
4504,-1.903674,-2.218358,-4.4,-7.621024
4505,-1.909625,-2.248053,-4.4,-7.621024
4506,-1.915723,-2.277577,-4.4,-7.621024
4507,-1.924189,-2.310197,-4.4,-7.621024
4508,-1.934335,-2.343409,-4.4,-7.621024
4509,-1.945565,-2.375267,-4.4,-7.621024
4510,-1.956803,-2.405849,-4.4,-7.621024
4511,-1.966389,-2.43514,-4.4,-7.621024
4512,-1.976516,-2.463985,-4.4,-7.621024
4513,-1.988192,-2.492517,-4.4,-7.621024
4514,-2.001229,-2.523871,-4.4,-7.621024
4515,-2.013792,-2.554704,-4.4,-7.621024
4516,-2.026595,-2.584995,-4.4,-7.621024
4517,-2.038957,-2.614195,-4.4,-7.621024
4518,-2.051546,-2.642203,-4.4,-7.621024
4519,-2.063251,-2.667836,-4.4,-7.621024
4520,-2.072234,-2.690756,-4.4,-7.621024
4521,-2.079036,-2.712729,-4.4,-7.621024
4522,-2.089993,-2.736415,-4.4,-7.621024
4523,-2.095985,-2.757368,-4.4,-7.621024
4524,-2.102339,-2.780232,-4.4,-7.621024
4525,-2.110558,-2.800491,-4.4,-7.621024
4526,-2.116365,-2.822885,-4.4,-7.621024
4527,-2.121574,-2.847401,-4.4,-7.621024
4528,-2.126969,-2.873335,-4.4,-7.621024
4529,-2.128881,-2.896242,-4.4,-7.621024
4530,-2.132246,-2.919299,-4.4,-7.621024
4531,-2.136934,-2.94194,-4.4,-7.621024
4532,-2.140144,-2.965712,-4.4,-7.621024
4533,-2.143851,-2.988402,-4.4,-7.621024
4534,-2.145649,-3.014138,-4.4,-7.621024
4535,-2.148258,-3.03571,-4.4,-7.621024
4536,-2.151517,-3.058262,-4.4,-7.621024
4537,-2.155513,-3.083243,-4.4,-7.621024
4538,-2.159161,-3.111183,-4.4,-7.621024
4539,-2.163719,-3.139927,-4.4,-7.621024
4540,-2.167576,-3.170476,-4.4,-7.621024
4541,-2.170459,-3.197614,-4.4,-7.621024
4542,-2.172622,-3.228153,-4.4,-7.621024
4543,-2.174268,-3.259354,-4.4,-7.621024
4544,-2.176779,-3.2902,-4.4,-7.621024
4545,-2.179343,-3.318632,-4.4,-7.621024
4546,-2.17943,-3.346667,-4.4,-7.621024
4547,-2.181417,-3.371176,-4.4,-7.621024
4548,-2.184984,-3.397084,-4.4,-7.621024
4549,-2.18779,-3.421996,-4.4,-7.621024
4550,-2.188772,-3.449044,-4.4,-7.621024
4551,-2.190723,-3.478151,-4.4,-7.621024
4552,-2.191919,-3.504979,-4.4,-7.621024
4553,-2.192619,-3.532919,-4.4,-7.621024
4554,-2.191978,-3.560721,-4.4,-7.621024
4555,-2.195194,-3.590676,-4.4,-7.621024
4556,-2.199004,-3.618636,-4.4,-7.621024
4557,-2.20267,-3.645013,-4.4,-7.621024
4558,-2.208164,-3.671225,-4.4,-7.621024
4559,-2.217083,-3.6985,-4.4,-7.621024
4560,-2.226596,-3.726779,-4.4,-7.621024
4561,-2.237302,-3.755216,-4.4,-7.621024
4562,-2.248717,-3.783358,-4.4,-7.621024
4563,-2.262787,-3.810767,-4.4,-7.621024
4564,-2.278398,-3.838397,-4.4,-7.621024
4565,-2.292209,-3.86599,-4.4,-7.621024
4566,-2.305874,-3.892485,-4.4,-7.621024
4567,-2.319821,-3.920798,-4.4,-7.621024
4568,-2.334587,-3.952152,-4.4,-7.621024
4569,-2.35286,-3.981391,-4.4,-7.621024
4570,-2.367987,-4.010715,-4.4,-7.621024
4571,-2.383875,-4.040545,-4.4,-7.621024
4572,-2.398071,-4.069355,-4.4,-7.621024
4573,-2.410318,-4.095983,-4.4,-7.621024
4574,-2.422146,-4.11975,-4.4,-7.621024
4575,-2.432867,-4.141866,-4.4,-7.621024
4576,-2.442346,-4.163679,-4.4,-7.621024
4577,-2.453124,-4.184742,-4.4,-7.621024
4578,-2.46163,-4.203046,-4.4,-7.621024
4579,-2.467789,-4.221434,-4.4,-7.621024
4580,-2.473058,-4.241421,-4.4,-7.621024
4581,-2.479882,-4.262435,-4.4,-7.621024
4582,-2.486971,-4.286726,-4.4,-7.621024
4583,-2.494087,-4.311374,-4.4,-7.621024
4584,-2.499406,-4.334714,-4.4,-7.621024
4585,-2.506397,-4.35845,-4.4,-7.621024
4586,-2.513448,-4.381462,-4.4,-7.621024
4587,-2.5201,-4.402809,-4.4,-7.621024
4588,-2.526171,-4.422838,-4.4,-7.621024
4589,-2.533954,-4.447878,-4.4,-7.621024
4590,-2.54142,-4.476022,-4.4,-7.621024
4591,-2.551498,-4.504117,-4.4,-7.621024
4592,-2.559416,-4.531276,-4.4,-7.621024
4593,-2.565593,-4.559559,-4.4,-7.621024
4594,-2.573769,-4.590449,-4.4,-7.621024
4595,-2.580336,-4.622206,-4.4,-7.621024
4596,-2.586945,-4.653718,-4.4,-7.621024
4597,-2.594753,-4.684412,-4.4,-7.621024
4598,-2.600795,-4.714511,-4.4,-7.621024
4599,-2.607405,-4.742341,-4.4,-7.621024
4600,-2.615058,-4.770014,-4.4,-7.621024
4601,-2.620757,-4.795208,-4.4,-7.621024
4602,-2.62337,-4.817872,-4.4,-7.621024
4603,-2.628162,-4.843064,-4.4,-7.621024
4604,-2.63485,-4.870612,-4.4,-7.621024
4605,-2.641648,-4.897896,-4.4,-7.621024
4606,-2.64885,-4.930393,-4.4,-7.621024
4607,-2.656971,-4.960492,-4.4,-7.621024
4608,-2.664828,-4.989215,-4.4,-7.621024
4609,-2.673999,-5.018602,-4.4,-7.621024
4610,-2.685228,-5.04713,-4.4,-7.621024
4611,-2.694652,-5.075285,-4.4,-7.621024
4612,-2.703735,-5.10216,-4.4,-7.621024
4613,-2.716607,-5.130908,-4.4,-7.621024
4614,-2.732802,-5.159645,-4.4,-7.621024
4615,-2.749803,-5.188636,-4.4,-7.621024
4616,-2.769313,-5.217631,-4.4,-7.621024
4617,-2.789429,-5.244867,-4.4,-7.621024
4618,-2.809133,-5.273839,-4.4,-7.621024
4619,-2.828171,-5.301757,-4.4,-7.621024
4620,-2.847111,-5.328923,-4.4,-7.621024
4621,-2.865842,-5.357618,-4.4,-7.621024
4622,-2.8844,-5.383818,-4.4,-7.621024
4623,-2.903703,-5.413173,-4.4,-7.621024
4624,-2.923951,-5.441276,-4.4,-7.621024
4625,-2.944097,-5.46895,-4.4,-7.621024
4626,-2.958782,-5.489174,-4.4,-7.621024
4627,-2.972396,-5.510794,-4.4,-7.621024
4628,-2.984214,-5.530375,-4.4,-7.621024
4629,-2.995276,-5.548084,-4.4,-7.621024
4630,-3.007498,-5.566269,-4.4,-7.621024
4631,-3.01815,-5.58745,-4.4,-7.621024
4632,-3.026937,-5.605041,-4.4,-7.621024
4633,-3.03549,-5.625626,-4.4,-7.621024
4634,-3.042744,-5.649079,-4.4,-7.621024
4635,-3.051278,-5.66961,-4.4,-7.621024
4636,-3.060117,-5.688537,-4.4,-7.621024
4637,-3.070371,-5.707669,-4.4,-7.621024
4638,-3.078975,-5.730375,-4.4,-7.621024
4639,-3.08806,-5.751264,-4.4,-7.621024
4640,-3.095677,-5.772209,-4.4,-7.621024
4641,-3.103793,-5.794227,-4.4,-7.621024
4642,-3.113091,-5.814006,-4.4,-7.621024
4643,-3.12176,-5.838047,-4.4,-7.621024
4644,-3.131694,-5.860983,-4.4,-7.621024
4645,-3.141427,-5.883451,-4.4,-7.621024
4646,-3.149883,-5.906253,-4.4,-7.621024
4647,-3.157394,-5.930012,-4.4,-7.621024
4648,-3.16736,-5.960641,-4.4,-7.621024
4649,-3.177306,-5.990992,-4.4,-7.621024
4650,-3.188234,-6.01986,-4.4,-7.621024
4651,-3.197292,-6.045313,-4.4,-7.621024
4652,-3.206656,-6.070481,-4.4,-7.621024
4653,-3.213692,-6.094491,-4.4,-7.621024
4654,-3.216973,-6.120191,-4.4,-7.621024
4655,-3.221171,-6.145794,-4.4,-7.621024
4656,-3.226726,-6.170315,-4.4,-7.621024
4657,-3.233691,-6.195689,-4.4,-7.621024
4658,-3.239804,-6.220532,-4.4,-7.621024
4659,-3.244377,-6.247445,-4.4,-7.621024
4660,-3.253295,-6.277149,-4.4,-7.621024
4661,-3.262932,-6.305625,-4.4,-7.621024
4662,-3.272054,-6.333048,-4.4,-7.621024
4663,-3.284039,-6.359057,-4.4,-7.621024
4664,-3.294256,-6.385049,-4.4,-7.621024
4665,-3.305528,-6.412394,-4.4,-7.621024
4666,-3.318305,-6.438909,-4.4,-7.621024
4667,-3.33171,-6.46525,-4.4,-7.621024
4668,-3.34601,-6.49094,-4.4,-7.621024
4669,-3.359875,-6.51451,-4.4,-7.621024
4670,-3.376935,-6.539632,-4.4,-7.621024
4671,-3.395847,-6.564815,-4.4,-7.621024
4672,-3.41359,-6.590007,-4.4,-7.621024
4673,-3.430901,-6.614924,-4.4,-7.621024
4674,-3.449129,-6.639391,-4.4,-7.621024
4675,-3.470475,-6.663384,-4.4,-7.621024
4676,-3.49258,-6.689964,-4.4,-7.621024
4677,-3.514697,-6.717177,-4.4,-7.621024
4678,-3.536685,-6.742465,-4.4,-7.621024
4679,-3.556764,-6.76422,-4.4,-7.621024
4680,-3.575482,-6.786074,-4.4,-7.621024
4681,-3.592082,-6.807217,-4.4,-7.621024
4682,-3.607449,-6.827207,-4.4,-7.621024
4683,-3.619318,-6.844859,-4.4,-7.621024
4684,-3.62949,-6.861332,-4.4,-7.621024
4685,-3.641065,-6.875982,-4.4,-7.621024
4686,-3.65187,-6.8916,-4.4,-7.621024
4687,-3.663362,-6.909577,-4.4,-7.621024
4688,-3.677456,-6.933552,-4.4,-7.621024
4689,-3.690571,-6.955599,-4.4,-7.621024
4690,-3.704243,-6.975791,-4.4,-7.621024
4691,-3.714713,-6.995393,-4.4,-7.621024
4692,-3.725536,-7.01646,-4.4,-7.621024
4693,-3.737113,-7.038642,-4.4,-7.621024
4694,-3.746382,-7.057904,-4.4,-7.621024
4695,-3.75631,-7.078794,-4.4,-7.621024
4696,-3.768389,-7.103332,-4.4,-7.621024
4697,-3.78038,-7.12542,-4.4,-7.621024
4698,-3.791778,-7.148462,-4.4,-7.621024
4699,-3.802005,-7.171273,-4.4,-7.621024
4700,-3.813833,-7.196685,-4.4,-7.621024
4701,-3.826592,-7.224496,-4.4,-7.621024
4702,-3.840245,-7.252167,-4.4,-7.621024
4703,-3.853603,-7.280272,-4.4,-7.621024
4704,-3.865551,-7.306094,-4.4,-7.621024
4705,-3.87808,-7.329326,-4.4,-7.621024
4706,-3.890311,-7.349826,-4.4,-7.621024
4707,-3.902243,-7.372103,-4.4,-7.621024
4708,-3.913343,-7.394055,-4.4,-7.621024
4709,-3.923101,-7.417098,-4.4,-7.621024
4710,-3.934453,-7.440477,-4.4,-7.621024
4711,-3.944603,-7.462613,-4.4,-7.621024
4712,-3.955154,-7.48399,-4.4,-7.621024
4713,-3.967182,-7.508618,-4.4,-7.621024
4714,-3.98039,-7.532336,-4.4,-7.621024
4715,-3.992448,-7.553728,-4.4,-7.621024
4716,-4.003472,-7.571931,-4.4,-7.621024
4717,-4.015369,-7.591537,-4.4,-7.621024
4718,-4.029833,-7.610368,-4.4,-7.621024
4719,-4.045171,-7.626043,-4.4,-7.621024
4720,-4.065213,-7.64137,-4.4,-7.621024
4721,-4.08732,-7.656693,-4.4,-7.621024
4722,-4.108551,-7.67134,-4.4,-7.621024
4723,-4.127738,-7.685417,-4.4,-7.621024
4724,-4.150503,-7.699565,-4.4,-7.621024
4725,-4.175557,-7.712946,-4.4,-7.621024
4726,-4.199946,-7.725507,-4.4,-7.621024
4727,-4.225253,-7.736973,-4.4,-7.621024
4728,-4.250419,-7.747685,-4.4,-7.621024
4729,-4.277347,-7.759534,4.4,7.621024
4730,-4.304313,-7.772887,4.4,7.621024
4731,-4.332659,-7.787246,4.4,7.621024
4732,-4.362656,-7.80404,4.4,7.621024
4733,-4.392138,-7.822595,4.4,7.621024
4734,-4.421124,-7.842248,4.4,7.621024
4735,-4.447312,-7.860528,4.4,7.621024
4736,-4.474303,-7.881142,4.4,7.621024
4737,-4.499966,-7.906274,4.4,7.621024
4738,-4.518569,-7.93299,4.4,7.621024
4739,-4.531516,-7.953066,4.4,7.621024
4740,-4.543229,-7.969779,4.4,7.621024
4741,-4.553318,-7.983907,4.4,7.621024
4742,-4.558998,-7.995639,4.4,7.621024
4743,-4.565601,-7.99769,4.4,7.621024
4744,-4.57822,-7.995791,4.4,7.621024
4745,-4.5966,-7.990358,4.4,7.621024
4746,-4.61699,-7.987297,4.4,7.621024
4747,-4.640159,-7.984892,4.4,7.621024
4748,-4.663294,-7.984889,4.4,7.621024
4749,-4.687417,-7.986583,4.4,7.621024
4750,-4.713335,-7.98799,4.4,7.621024
4751,-4.739267,-7.989884,4.4,7.621024
4752,-4.761668,-7.993263,4.4,7.621024
4753,-4.778189,-7.996558,4.4,7.621024
4754,-4.787303,-7.999293,4.4,7.621024
4755,-4.794187,-8.000275,4.4,7.621024
4756,-4.798349,-8.001439,4.4,7.621024
4757,-4.798819,-8.000969,4.4,7.621024
4758,-4.797473,-7.999881,4.4,7.621024
4759,-4.796613,-8.000684,4.4,7.621024
4760,-4.794587,-7.998332,4.4,7.621024
4761,-4.790816,-7.993458,4.4,7.621024
4762,-4.788985,-7.987148,4.4,7.621024
4763,-4.787395,-7.982944,4.4,7.621024
4764,-4.785417,-7.976665,4.4,7.621024
4765,-4.78265,-7.974597,4.4,7.621024
4766,-4.778166,-7.973157,4.4,7.621024
4767,-4.775075,-7.968556,4.4,7.621024
4768,-4.773009,-7.963911,4.4,7.621024
4769,-4.770583,-7.960845,4.4,7.621024
4770,-4.763363,-7.958046,4.4,7.621024
4771,-4.757007,-7.954518,4.4,7.621024
4772,-4.75107,-7.949988,4.4,7.621024
4773,-4.741632,-7.94386,4.4,7.621024
4774,-4.72949,-7.937154,4.4,7.621024
4775,-4.717733,-7.930262,4.4,7.621024
4776,-4.704858,-7.922561,4.4,7.621024
4777,-4.687523,-7.915969,4.4,7.621024
4778,-4.670557,-7.908074,4.4,7.621024
4779,-4.655467,-7.902142,4.4,7.621024
4780,-4.639219,-7.896246,4.4,7.621024
4781,-4.622943,-7.89129,4.4,7.621024
4782,-4.607447,-7.88642,4.4,7.621024
4783,-4.593017,-7.88113,4.4,7.621024
4784,-4.577711,-7.875951,4.4,7.621024
4785,-4.559391,-7.870844,4.4,7.621024
4786,-4.542898,-7.863523,4.4,7.621024
4787,-4.527136,-7.856831,4.4,7.621024
4788,-4.512589,-7.850292,4.4,7.621024
4789,-4.500593,-7.843662,4.4,7.621024
4790,-4.490301,-7.838528,4.4,7.621024
4791,-4.477799,-7.831906,4.4,7.621024
4792,-4.464205,-7.824179,4.4,7.621024
4793,-4.452136,-7.8151,4.4,7.621024
4794,-4.44087,-7.806014,4.4,7.621024
4795,-4.429225,-7.797222,4.4,7.621024
4796,-4.414727,-7.785519,4.4,7.621024
4797,-4.399045,-7.775171,4.4,7.621024
4798,-4.382911,-7.76601,4.4,7.621024
4799,-4.366833,-7.754611,4.4,7.621024
4800,-4.352411,-7.743958,4.4,7.621024
4801,-4.336636,-7.732066,4.4,7.621024
4802,-4.321664,-7.718586,4.4,7.621024
4803,-4.30676,-7.704882,4.4,7.621024
4804,-4.29352,-7.694232,4.4,7.621024
4805,-4.279532,-7.682599,4.4,7.621024
4806,-4.266075,-7.667161,4.4,7.621024
4807,-4.251079,-7.650958,4.4,7.621024
4808,-4.231551,-7.633163,4.4,7.621024
4809,-4.215288,-7.616667,4.4,7.621024
4810,-4.196517,-7.598237,4.4,7.621024
4811,-4.180419,-7.580358,4.4,7.621024
4812,-4.161518,-7.559817,4.4,7.621024
4813,-4.143408,-7.540572,4.4,7.621024
4814,-4.126303,-7.522,4.4,7.621024
4815,-4.109044,-7.503264,4.4,7.621024
4816,-4.095685,-7.485376,4.4,7.621024
4817,-4.080924,-7.466598,4.4,7.621024
4818,-4.062656,-7.4469,4.4,7.621024
4819,-4.045465,-7.428899,4.4,7.621024
4820,-4.027084,-7.410516,4.4,7.621024
4821,-4.011706,-7.388936,4.4,7.621024
4822,-3.995119,-7.36869,4.4,7.621024
4823,-3.978723,-7.349584,4.4,7.621024
4824,-3.958822,-7.327451,4.4,7.621024
4825,-3.939893,-7.305915,4.4,7.621024
4826,-3.919873,-7.286719,4.4,7.621024
4827,-3.900611,-7.269155,4.4,7.621024
4828,-3.879365,-7.251294,4.4,7.621024
4829,-3.856402,-7.23208,4.4,7.621024
4830,-3.835245,-7.213324,4.4,7.621024
4831,-3.812781,-7.194878,4.4,7.621024
4832,-3.790425,-7.175521,4.4,7.621024
4833,-3.768551,-7.156077,4.4,7.621024
4834,-3.744432,-7.138296,4.4,7.621024
4835,-3.721724,-7.119671,4.4,7.621024
4836,-3.700135,-7.102537,4.4,7.621024
4837,-3.677209,-7.085168,4.4,7.621024
4838,-3.654545,-7.06829,4.4,7.621024
4839,-3.631896,-7.050029,4.4,7.621024
4840,-3.606168,-7.032949,4.4,7.621024
4841,-3.58236,-7.015745,4.4,7.621024
4842,-3.559429,-6.999796,4.4,7.621024
4843,-3.538377,-6.983661,4.4,7.621024
4844,-3.519101,-6.967439,4.4,7.621024
4845,-3.503475,-6.951301,4.4,7.621024
4846,-3.48628,-6.935352,4.4,7.621024
4847,-3.46866,-6.919756,4.4,7.621024
4848,-3.454007,-6.903336,4.4,7.621024
4849,-3.439213,-6.884844,4.4,7.621024
4850,-3.424016,-6.865304,4.4,7.621024
4851,-3.408462,-6.84767,4.4,7.621024
4852,-3.392637,-6.829888,4.4,7.621024
4853,-3.37662,-6.810532,4.4,7.621024
4854,-3.362504,-6.790306,4.4,7.621024
4855,-3.349903,-6.771877,4.4,7.621024
4856,-3.33545,-6.752681,4.4,7.621024
4857,-3.319979,-6.734498,4.4,7.621024
4858,-3.305374,-6.718251,4.4,7.621024
4859,-3.290413,-6.699957,4.4,7.621024
4860,-3.273949,-6.678882,4.4,7.621024
4861,-3.257592,-6.654784,4.4,7.621024
4862,-3.242033,-6.631528,4.4,7.621024
4863,-3.226537,-6.605122,4.4,7.621024
4864,-3.210903,-6.574362,4.4,7.621024
4865,-3.195289,-6.543114,4.4,7.621024
4866,-3.176954,-6.513958,4.4,7.621024
4867,-3.159574,-6.488632,4.4,7.621024
4868,-3.144114,-6.465184,4.4,7.621024
4869,-3.129768,-6.445094,4.4,7.621024
4870,-3.115556,-6.422694,4.4,7.621024
4871,-3.103722,-6.401321,4.4,7.621024
4872,-3.090315,-6.376585,4.4,7.621024
4873,-3.073406,-6.351813,4.4,7.621024
4874,-3.058898,-6.327743,4.4,7.621024
4875,-3.044517,-6.302469,4.4,7.621024
4876,-3.030062,-6.276583,4.4,7.621024
4877,-3.015615,-6.250371,4.4,7.621024
4878,-3.00182,-6.227081,4.4,7.621024
4879,-2.988116,-6.203982,4.4,7.621024
4880,-2.973674,-6.181331,4.4,7.621024
4881,-2.957748,-6.157753,4.4,7.621024
4882,-2.941331,-6.135214,4.4,7.621024
4883,-2.923305,-6.110593,4.4,7.621024
4884,-2.901939,-6.085793,4.4,7.621024
4885,-2.879328,-6.061718,4.4,7.621024
4886,-2.857558,-6.038013,4.4,7.621024
4887,-2.83459,-6.015437,4.4,7.621024
4888,-2.810351,-5.991935,4.4,7.621024
4889,-2.787378,-5.967766,4.4,7.621024
4890,-2.764889,-5.942837,4.4,7.621024
4891,-2.74211,-5.917935,4.4,7.621024
4892,-2.719528,-5.894982,4.4,7.621024
4893,-2.698481,-5.87376,4.4,7.621024
4894,-2.677901,-5.853684,4.4,7.621024
4895,-2.659924,-5.832952,4.4,7.621024
4896,-2.645243,-5.812348,4.4,7.621024
4897,-2.631303,-5.791717,4.4,7.621024
4898,-2.618463,-5.773704,4.4,7.621024
4899,-2.606446,-5.755582,4.4,7.621024
4900,-2.592827,-5.736283,4.4,7.621024
4901,-2.580091,-5.716702,4.4,7.621024
4902,-2.568742,-5.699541,4.4,7.621024
4903,-2.55668,-5.679297,4.4,7.621024
4904,-2.544978,-5.659359,4.4,7.621024
4905,-2.534195,-5.638518,4.4,7.621024
4906,-2.524998,-5.616944,4.4,7.621024
4907,-2.515458,-5.594522,4.4,7.621024
4908,-2.505309,-5.572004,4.4,7.621024
4909,-2.495771,-5.548228,4.4,7.621024
4910,-2.485043,-5.526356,4.4,7.621024
4911,-2.472522,-5.505114,4.4,7.621024
4912,-2.461512,-5.481706,4.4,7.621024
4913,-2.451045,-5.455506,4.4,7.621024
4914,-2.440675,-5.428096,4.4,7.621024
4915,-2.431159,-5.402369,4.4,7.621024
4916,-2.422117,-5.374875,4.4,7.621024
4917,-2.412236,-5.347146,4.4,7.621024
4918,-2.402361,-5.316162,4.4,7.621024
4919,-2.393794,-5.287216,4.4,7.621024
4920,-2.386409,-5.258122,4.4,7.621024
4921,-2.37543,-5.229747,4.4,7.621024
4922,-2.365154,-5.20487,4.4,7.621024
4923,-2.35651,-5.179486,4.4,7.621024
4924,-2.346309,-5.152729,4.4,7.621024
4925,-2.339203,-5.124855,4.4,7.621024
4926,-2.333875,-5.095846,4.4,7.621024
4927,-2.325725,-5.066715,4.4,7.621024
4928,-2.318882,-5.038939,4.4,7.621024
4929,-2.308764,-5.009896,4.4,7.621024
4930,-2.302035,-4.982583,4.4,7.621024
4931,-2.294447,-4.955935,4.4,7.621024
4932,-2.286505,-4.93005,4.4,7.621024
4933,-2.276257,-4.9039,4.4,7.621024
4934,-2.264751,-4.878731,4.4,7.621024
4935,-2.250355,-4.854264,4.4,7.621024
4936,-2.232598,-4.827951,4.4,7.621024
4937,-2.214598,-4.801503,4.4,7.621024
4938,-2.195488,-4.774751,4.4,7.621024
4939,-2.179426,-4.749803,4.4,7.621024
4940,-2.158343,-4.722602,4.4,7.621024
4941,-2.139175,-4.697734,4.4,7.621024
4942,-2.119642,-4.67343,4.4,7.621024
4943,-2.100139,-4.648882,4.4,7.621024
4944,-2.081375,-4.624269,4.4,7.621024
4945,-2.06307,-4.599023,4.4,7.621024
4946,-2.0448,-4.574891,4.4,7.621024
4947,-2.029153,-4.55083,4.4,7.621024
4948,-2.016279,-4.528602,4.4,7.621024
4949,-2.00344,-4.506281,4.4,7.621024
4950,-1.990751,-4.484464,4.4,7.621024
4951,-1.980677,-4.463826,4.4,7.621024
4952,-1.971209,-4.442114,4.4,7.621024
4953,-1.963165,-4.421183,4.4,7.621024
4954,-1.954847,-4.402838,4.4,7.621024
4955,-1.944156,-4.384048,4.4,7.621024
4956,-1.93203,-4.364364,4.4,7.621024
4957,-1.921307,-4.343529,4.4,7.621024
4958,-1.911729,-4.323031,4.4,7.621024
4959,-1.902153,-4.301033,4.4,7.621024
4960,-1.892014,-4.275577,4.4,7.621024
4961,-1.880781,-4.253102,4.4,7.621024
4962,-1.871766,-4.232254,4.4,7.621024
4963,-1.865233,-4.208588,4.4,7.621024
4964,-1.85773,-4.186029,4.4,7.621024
4965,-1.849607,-4.163649,4.4,7.621024
4966,-1.839692,-4.137824,4.4,7.621024
4967,-1.83031,-4.112257,4.4,7.621024
4968,-1.821035,-4.086112,4.4,7.621024
4969,-1.811699,-4.058668,4.4,7.621024
4970,-1.800867,-4.026268,4.4,7.621024
4971,-1.79012,-3.992902,4.4,7.621024
4972,-1.780319,-3.960297,4.4,7.621024
4973,-1.770057,-3.927387,4.4,7.621024
4974,-1.762164,-3.899789,4.4,7.621024
4975,-1.754462,-3.871922,4.4,7.621024
4976,-1.747655,-3.842649,4.4,7.621024
4977,-1.740334,-3.814321,4.4,7.621024
4978,-1.734268,-3.789166,4.4,7.621024
4979,-1.726558,-3.761657,4.4,7.621024
4980,-1.719578,-3.731994,4.4,7.621024
4981,-1.709524,-3.702548,4.4,7.621024
4982,-1.702157,-3.674556,4.4,7.621024
4983,-1.695262,-3.646425,4.4,7.621024
4984,-1.687791,-3.61914,4.4,7.621024
4985,-1.680371,-3.594313,4.4,7.621024
4986,-1.671711,-3.57029,4.4,7.621024
4987,-1.661876,-3.545387,4.4,7.621024
4988,-1.650272,-3.518705,4.4,7.621024
4989,-1.637969,-3.490924,4.4,7.621024
4990,-1.624299,-3.461439,4.4,7.621024
4991,-1.609882,-3.432986,4.4,7.621024
4992,-1.594959,-3.40653,4.4,7.621024
4993,-1.579288,-3.380491,4.4,7.621024
4994,-1.561762,-3.35401,4.4,7.621024
4995,-1.547497,-3.331111,4.4,7.621024
4996,-1.532022,-3.304844,4.4,7.621024
4997,-1.514338,-3.275239,4.4,7.621024
4998,-1.498301,-3.24618,4.4,7.621024
4999,-1.481192,-3.217685,4.4,7.621024
5000,-1.466115,-3.190166,4.4,7.621024
5001,-1.451105,-3.163862,4.4,7.621024
5002,-1.437771,-3.13891,4.4,7.621024
5003,-1.425316,-3.116092,4.4,7.621024
5004,-1.414732,-3.095824,4.4,7.621024
5005,-1.403256,-3.077084,4.4,7.621024
5006,-1.396413,-3.05652,4.4,7.621024
5007,-1.387777,-3.033881,4.4,7.621024
5008,-1.378994,-3.014368,4.4,7.621024
5009,-1.370639,-2.997079,4.4,7.621024
5010,-1.364414,-2.978022,4.4,7.621024
5011,-1.357994,-2.956187,4.4,7.621024
5012,-1.352595,-2.934389,4.4,7.621024
5013,-1.347039,-2.911706,4.4,7.621024
5014,-1.341299,-2.891022,4.4,7.621024
5015,-1.33383,-2.867166,4.4,7.621024
5016,-1.326183,-2.845458,4.4,7.621024
5017,-1.319078,-2.82648,4.4,7.621024
5018,-1.311361,-2.804131,4.4,7.621024
5019,-1.303367,-2.783623,4.4,7.621024
5020,-1.296599,-2.763908,4.4,7.621024
5021,-1.288392,-2.74105,4.4,7.621024
5022,-1.279528,-2.715723,4.4,7.621024
5023,-1.273998,-2.691924,4.4,7.621024
5024,-1.268379,-2.666022,4.4,7.621024
5025,-1.264462,-2.635381,4.4,7.621024
5026,-1.259182,-2.604671,4.4,7.621024
5027,-1.254193,-2.574112,4.4,7.621024
5028,-1.24708,-2.54401,4.4,7.621024
5029,-1.24345,-2.515635,4.4,7.621024
5030,-1.239157,-2.489352,4.4,7.621024
5031,-1.233459,-2.462864,4.4,7.621024
5032,-1.22785,-2.434676,4.4,7.621024
5033,-1.222976,-2.406747,4.4,7.621024
5034,-1.221308,-2.377066,4.4,7.621024
5035,-1.219219,-2.347937,4.4,7.621024
5036,-1.215088,-2.318158,4.4,7.621024
5037,-1.211384,-2.2912,4.4,7.621024
5038,-1.206806,-2.264801,4.4,7.621024
5039,-1.201927,-2.235762,4.4,7.621024
5040,-1.193524,-2.208899,4.4,7.621024
5041,-1.184111,-2.18178,4.4,7.621024
5042,-1.172701,-2.156378,4.4,7.621024
5043,-1.163695,-2.132031,4.4,7.621024
5044,-1.152159,-2.104474,4.4,7.621024
5045,-1.137838,-2.076893,4.4,7.621024
5046,-1.122473,-2.048848,4.4,7.621024
5047,-1.105944,-2.02145,4.4,7.621024
5048,-1.091891,-1.998255,4.4,7.621024
5049,-1.077048,-1.973321,4.4,7.621024
5050,-1.061939,-1.946365,4.4,7.621024
5051,-1.045758,-1.919937,4.4,7.621024
5052,-1.030978,-1.891565,4.4,7.621024
5053,-1.015766,-1.86214,4.4,7.621024
5054,-0.9981769,-1.833192,4.4,7.621024
5055,-0.982917,-1.808925,4.4,7.621024
5056,-0.9693682,-1.785678,4.4,7.621024
5057,-0.9553805,-1.7607,4.4,7.621024
5058,-0.9436547,-1.739253,4.4,7.621024
5059,-0.9337541,-1.720901,4.4,7.621024
5060,-0.9231737,-1.701504,4.4,7.621024
5061,-0.9119946,-1.679934,4.4,7.621024
5062,-0.903865,-1.657541,4.4,7.621024
5063,-0.8959715,-1.632964,4.4,7.621024
5064,-0.8880454,-1.606287,4.4,7.621024
5065,-0.8818645,-1.584185,4.4,7.621024
5066,-0.8766927,-1.563411,4.4,7.621024
5067,-0.8710243,-1.542618,4.4,7.621024
5068,-0.865239,-1.521359,4.4,7.621024
5069,-0.860287,-1.497101,4.4,7.621024
5070,-0.8538309,-1.472,4.4,7.621024
5071,-0.8477309,-1.4496,4.4,7.621024
5072,-0.8412022,-1.426468,4.4,7.621024
5073,-0.835564,-1.401492,4.4,7.621024
5074,-0.8295532,-1.376658,4.4,7.621024
5075,-0.8224401,-1.349887,4.4,7.621024
5076,-0.8146557,-1.32477,4.4,7.621024
5077,-0.8078768,-1.29898,4.4,7.621024
5078,-0.8005106,-1.269941,4.4,7.621024
5079,-0.7944467,-1.237421,4.4,7.621024
5080,-0.7893013,-1.204235,4.4,7.621024
5081,-0.7832831,-1.171263,4.4,7.621024
5082,-0.7777216,-1.139522,4.4,7.621024
5083,-0.7736958,-1.110333,4.4,7.621024
5084,-0.7698616,-1.084195,4.4,7.621024
5085,-0.7652544,-1.05777,4.4,7.621024
5086,-0.7601475,-1.028112,4.4,7.621024
5087,-0.755215,-1.00107,4.4,7.621024
5088,-0.7498496,-0.9723869,4.4,7.621024
5089,-0.7429832,-0.9431402,4.4,7.621024
5090,-0.7364828,-0.9128402,4.4,7.621024
5091,-0.731236,-0.8820553,4.4,7.621024
5092,-0.7252442,-0.8527451,4.4,7.621024
5093,-0.7172233,-0.8226883,4.4,7.621024
5094,-0.7072643,-0.7928351,4.4,7.621024
5095,-0.6959419,-0.7645042,4.4,7.621024
5096,-0.6842167,-0.7343644,4.4,7.621024
5097,-0.6732551,-0.7036935,4.4,7.621024
5098,-0.6603229,-0.6745586,4.4,7.621024
5099,-0.646442,-0.6467379,4.4,7.621024
5100,-0.6317925,-0.6188805,4.4,7.621024
5101,-0.6165019,-0.5917031,4.4,7.621024
5102,-0.6007019,-0.5665149,4.4,7.621024
5103,-0.5861487,-0.5413591,4.4,7.621024
5104,-0.5702032,-0.5136423,4.4,7.621024
5105,-0.5554042,-0.4861363,4.4,7.621024
5106,-0.5388128,-0.4571477,4.4,7.621024
5107,-0.5259285,-0.4304224,4.4,7.621024
5108,-0.510804,-0.4047639,4.4,7.621024
5109,-0.4957566,-0.3819323,4.4,7.621024
5110,-0.4812324,-0.3596177,4.4,7.621024
5111,-0.4667463,-0.3392325,4.4,7.621024
5112,-0.4539534,-0.3210066,4.4,7.621024
5113,-0.4443872,-0.3026215,4.4,7.621024
5114,-0.4366136,-0.2839456,4.4,7.621024
5115,-0.4300895,-0.2654698,4.4,7.621024
5116,-0.4228825,-0.2445857,4.4,7.621024
5117,-0.4133372,-0.2197608,4.4,7.621024
5118,-0.4057969,-0.1961729,4.4,7.621024
5119,-0.3968835,-0.1744464,4.4,7.621024
5120,-0.3880527,-0.1544855,4.4,7.621024
5121,-0.3817462,-0.133152,4.4,7.621024
5122,-0.3755534,-0.1097166,4.4,7.621024
5123,-0.369011,-0.08459928,4.4,7.621024
5124,-0.363152,-0.06162409,4.4,7.621024
5125,-0.3582202,-0.04042394,4.4,7.621024
5126,-0.3528039,-0.02023686,4.4,7.621024
5127,-0.3474558,0.002497777,4.4,7.621024
5128,-0.341181,0.02858704,4.4,7.621024
5129,-0.3340599,0.05558777,4.4,7.621024
5130,-0.3270732,0.0833446,4.4,7.621024
5131,-0.3208572,0.1087449,4.4,7.621024
5132,-0.3153571,0.1362533,4.4,7.621024
5133,-0.3122106,0.1660998,4.4,7.621024
5134,-0.3088185,0.192496,4.4,7.621024
5135,-0.3034083,0.2216948,4.4,7.621024
5136,-0.2983614,0.249396,4.4,7.621024
5137,-0.29343,0.2748177,4.4,7.621024
5138,-0.289046,0.3010079,4.4,7.621024
5139,-0.2839412,0.3282011,4.4,7.621024
5140,-0.2803404,0.3540303,4.4,7.621024
5141,-0.2769856,0.3823171,4.4,7.621024
5142,-0.2718667,0.4088387,4.4,7.621024
5143,-0.2685255,0.4370561,4.4,7.621024
5144,-0.2619819,0.4654838,4.4,7.621024
5145,-0.2573975,0.4899954,4.4,7.621024
5146,-0.2484939,0.5144033,4.4,7.621024
5147,-0.2375899,0.5399762,4.4,7.621024
5148,-0.226718,0.566382,4.4,7.621024
5149,-0.2165307,0.5907443,4.4,7.621024
5150,-0.2043268,0.6147406,4.4,7.621024
5151,-0.1901255,0.6387897,4.4,7.621024
5152,-0.1740846,0.6635899,4.4,7.621024
5153,-0.1558456,0.6887835,4.4,7.621024
5154,-0.1401965,0.7119872,4.4,7.621024
5155,-0.1239619,0.7338951,4.4,7.621024
5156,-0.1088558,0.755246,4.4,7.621024
5157,-0.09254904,0.7783591,4.4,7.621024
5158,-0.07522456,0.8020073,4.4,7.621024
5159,-0.05734744,0.8263792,4.4,7.621024
5160,-0.03960437,0.8495392,4.4,7.621024
5161,-0.02079948,0.8721802,4.4,7.621024
5162,-0.0017983,0.8963804,4.4,7.621024
5163,0.0117086,0.9181581,4.4,7.621024
5164,0.02598549,0.940653,4.4,7.621024
5165,0.04028381,0.9599943,4.4,7.621024
5166,0.05260372,0.9788817,4.4,7.621024
5167,0.06511904,0.9985278,4.4,7.621024
5168,0.07752525,1.017578,4.4,7.621024
5169,0.08971658,1.036773,4.4,7.621024
5170,0.09823205,1.057427,4.4,7.621024
5171,0.1072608,1.078237,4.4,7.621024
5172,0.1164632,1.098866,4.4,7.621024
5173,0.1244471,1.120169,4.4,7.621024
5174,0.1341756,1.141873,4.4,7.621024
5175,0.1422012,1.160831,4.4,7.621024
5176,0.1500327,1.180684,4.4,7.621024
5177,0.1585377,1.204416,4.4,7.621024
5178,0.1690094,1.224903,4.4,7.621024
5179,0.1790173,1.244701,4.4,7.621024
5180,0.1883412,1.266935,4.4,7.621024
5181,0.1992623,1.292119,4.4,7.621024
5182,0.2088526,1.318954,4.4,7.621024
5183,0.2171602,1.342893,4.4,7.621024
5184,0.2252826,1.368672,4.4,7.621024
5185,0.2355092,1.395573,4.4,7.621024
5186,0.2438552,1.424897,4.4,7.621024
5187,0.2506398,1.456918,4.4,7.621024
5188,0.2626351,1.489215,4.4,7.621024
5189,0.271602,1.517497,4.4,7.621024
5190,0.2801647,1.546274,4.4,7.621024
5191,0.2876959,1.574739,4.4,7.621024
5192,0.297421,1.604512,4.4,7.621024
5193,0.3052776,1.630289,4.4,7.621024
5194,0.3136673,1.655385,4.4,7.621024
5195,0.3207018,1.680016,4.4,7.621024
5196,0.3291653,1.704697,4.4,7.621024
5197,0.3359875,1.732052,4.4,7.621024
5198,0.3436076,1.761123,4.4,7.621024
5199,0.3536312,1.791137,4.4,7.621024
5200,0.3635278,1.817891,4.4,7.621024
5201,0.3741004,1.843662,4.4,7.621024
5202,0.3854115,1.869752,4.4,7.621024
5203,0.400278,1.897521,4.4,7.621024
5204,0.4156225,1.924227,4.4,7.621024
5205,0.4324923,1.94794,4.4,7.621024
5206,0.4509393,1.971965,4.4,7.621024
5207,0.4694763,1.9959,4.4,7.621024
5208,0.4885381,2.018286,4.4,7.621024
5209,0.5084479,2.040184,4.4,7.621024
5210,0.5262661,2.062469,4.4,7.621024
5211,0.5438218,2.087215,4.4,7.621024
5212,0.5608833,2.110579,4.4,7.621024
5213,0.5813629,2.134932,4.4,7.621024
5214,0.599723,2.157206,4.4,7.621024
5215,0.6176335,2.177919,4.4,7.621024
5216,0.6342457,2.198315,4.4,7.621024
5217,0.6505368,2.21708,4.4,7.621024
5218,0.6637891,2.234308,4.4,7.621024
5219,0.6781331,2.254435,4.4,7.621024
5220,0.691605,2.275206,4.4,7.621024
5221,0.7043145,2.292769,4.4,7.621024
5222,0.7171065,2.311418,4.4,7.621024
5223,0.7270243,2.32957,4.4,7.621024
5224,0.7378451,2.347874,4.4,7.621024
5225,0.7504828,2.373401,4.4,7.621024
5226,0.7617064,2.397778,4.4,7.621024
5227,0.7714533,2.418421,4.4,7.621024
5228,0.7812647,2.437761,4.4,7.621024
5229,0.7914342,2.459844,4.4,7.621024
5230,0.8035313,2.482388,4.4,7.621024
5231,0.8139409,2.504999,4.4,7.621024
5232,0.824509,2.527385,4.4,7.621024
5233,0.8338901,2.550976,4.4,7.621024
5234,0.8435948,2.574193,4.4,7.621024
5235,0.8545009,2.598333,4.4,7.621024
5236,0.8652523,2.624515,4.4,7.621024
5237,0.8770123,2.652457,4.4,7.621024
5238,0.8898258,2.682239,4.4,7.621024
5239,0.9002343,2.709281,4.4,7.621024
5240,0.9131496,2.741024,4.4,7.621024
5241,0.925355,2.77375,4.4,7.621024
5242,0.9352852,2.804487,4.4,7.621024
5243,0.9449874,2.83366,4.4,7.621024
5244,0.9544092,2.862738,4.4,7.621024
5245,0.9635667,2.890321,4.4,7.621024
5246,0.9739081,2.915809,4.4,7.621024
5247,0.9835852,2.938805,4.4,7.621024
5248,0.9918795,2.960872,4.4,7.621024
5249,1.00228,2.988788,4.4,7.621024
5250,1.012081,3.018339,4.4,7.621024
5251,1.023603,3.047561,4.4,7.621024
5252,1.032954,3.075466,4.4,7.621024
5253,1.042606,3.100478,4.4,7.621024
5254,1.053571,3.122732,4.4,7.621024
5255,1.065815,3.14807,4.4,7.621024
5256,1.078251,3.17228,4.4,7.621024
5257,1.09152,3.1944,4.4,7.621024
5258,1.104091,3.218431,4.4,7.621024
5259,1.120243,3.243497,4.4,7.621024
5260,1.137429,3.267321,4.4,7.621024
5261,1.1573,3.292964,4.4,7.621024
5262,1.177216,3.316494,4.4,7.621024
5263,1.195037,3.34039,4.4,7.621024
5264,1.213792,3.367633,4.4,7.621024
5265,1.23379,3.396086,4.4,7.621024
5266,1.254473,3.426122,4.4,7.621024
5267,1.274495,3.455214,4.4,7.621024
5268,1.293562,3.484187,4.4,7.621024
5269,1.312891,3.50819,4.4,7.621024
5270,1.330836,3.530331,4.4,7.621024
5271,1.346873,3.551535,4.4,7.621024
5272,1.361372,3.572987,4.4,7.621024
5273,1.375696,3.592984,4.4,7.621024
5274,1.386876,3.609114,4.4,7.621024
5275,1.400852,3.630059,4.4,7.621024
5276,1.41105,3.65243,4.4,7.621024
5277,1.420491,3.670784,4.4,7.621024
5278,1.430322,3.689513,4.4,7.621024
5279,1.439796,3.709093,4.4,7.621024
5280,1.449652,3.730455,4.4,7.621024
5281,1.45998,3.756629,4.4,7.621024
5282,1.468102,3.781178,4.4,7.621024
5283,1.475946,3.807018,4.4,7.621024
5284,1.482538,3.82925,4.4,7.621024
5285,1.488542,3.850286,4.4,7.621024
5286,1.496608,3.876001,4.4,7.621024
5287,1.504256,3.899118,4.4,7.621024
5288,1.512164,3.919498,4.4,7.621024
5289,1.521244,3.939926,4.4,7.621024
5290,1.530452,3.963222,4.4,7.621024
5291,1.539288,3.986485,4.4,7.621024
5292,1.548061,4.015119,4.4,7.621024
5293,1.555116,4.045828,4.4,7.621024
5294,1.564779,4.075687,4.4,7.621024
5295,1.575102,4.105061,4.4,7.621024
5296,1.584419,4.132274,4.4,7.621024
5297,1.591804,4.157777,4.4,7.621024
5298,1.59903,4.181939,4.4,7.621024
5299,1.604748,4.206121,4.4,7.621024
5300,1.608398,4.230813,4.4,7.621024
5301,1.614232,4.256394,4.4,7.621024
5302,1.620053,4.280754,4.4,7.621024
5303,1.627202,4.307827,4.4,7.621024
5304,1.634426,4.335072,4.4,7.621024
5305,1.64358,4.363744,4.4,7.621024
5306,1.65196,4.389694,4.4,7.621024
5307,1.661457,4.416433,4.4,7.621024
5308,1.671609,4.440078,4.4,7.621024
5309,1.683569,4.461343,4.4,7.621024
5310,1.697576,4.484372,4.4,7.621024
5311,1.712917,4.508831,4.4,7.621024
5312,1.729382,4.532866,4.4,7.621024
5313,1.745285,4.556521,4.4,7.621024
5314,1.761745,4.581725,4.4,7.621024
5315,1.779002,4.603231,4.4,7.621024
5316,1.79782,4.625573,4.4,7.621024
5317,1.81719,4.648556,4.4,7.621024
5318,1.835795,4.670279,4.4,7.621024
5319,1.856643,4.693391,4.4,7.621024
5320,1.879216,4.719752,4.4,7.621024
5321,1.902016,4.745092,4.4,7.621024
5322,1.926166,4.767786,4.4,7.621024
5323,1.947975,4.788389,4.4,7.621024
5324,1.96583,4.807863,4.4,7.621024
5325,1.980254,4.826735,4.4,7.621024
5326,1.994969,4.844246,4.4,7.621024
5327,2.009871,4.862075,4.4,7.621024
5328,2.023979,4.880684,4.4,7.621024
5329,2.032963,4.897062,4.4,7.621024
5330,2.04493,4.914699,4.4,7.621024
5331,2.05792,4.935299,4.4,7.621024
5332,2.069524,4.954887,4.4,7.621024
5333,2.080191,4.975496,4.4,7.621024
5334,2.092202,4.996312,4.4,7.621024
5335,2.105054,5.016584,4.4,7.621024
5336,2.115091,5.035315,4.4,7.621024
5337,2.125522,5.054419,4.4,7.621024
5338,2.135575,5.075552,4.4,7.621024
5339,2.146366,5.096089,4.4,7.621024
5340,2.158589,5.115101,4.4,7.621024
5341,2.16966,5.135461,4.4,7.621024
5342,2.181492,5.15635,4.4,7.621024
5343,2.193123,5.1762,4.4,7.621024
5344,2.204375,5.196741,4.4,7.621024
5345,2.215966,5.216139,4.4,7.621024
5346,2.227416,5.238921,4.4,7.621024
5347,2.238976,5.262913,4.4,7.621024
5348,2.249165,5.291651,4.4,7.621024
5349,2.261477,5.320073,4.4,7.621024
5350,2.271481,5.348428,4.4,7.621024
5351,2.282739,5.378227,4.4,7.621024
5352,2.294476,5.40487,4.4,7.621024
5353,2.304307,5.428844,4.4,7.621024
5354,2.312123,5.450632,4.4,7.621024
5355,2.318975,5.474155,4.4,7.621024
5356,2.327293,5.500178,4.4,7.621024
5357,2.337888,5.524956,4.4,7.621024
5358,2.349615,5.550811,4.4,7.621024
5359,2.362242,5.578698,4.4,7.621024
5360,2.374333,5.604395,4.4,7.621024
5361,2.386947,5.628929,4.4,7.621024
5362,2.4022,5.654126,4.4,7.621024
5363,2.418328,5.678344,4.4,7.621024
5364,2.433965,5.703519,4.4,7.621024
5365,2.45043,5.727284,4.4,7.621024
5366,2.468405,5.749393,4.4,7.621024
5367,2.488022,5.771655,4.4,7.621024
5368,2.507996,5.794276,4.4,7.621024
5369,2.528476,5.816022,4.4,7.621024
5370,2.545892,5.835524,4.4,7.621024
5371,2.565125,5.854576,4.4,7.621024
5372,2.585083,5.872974,4.4,7.621024
5373,2.603066,5.890394,4.4,7.621024
5374,2.62516,5.912618,4.4,7.621024
5375,2.647953,5.934169,4.4,7.621024
5376,2.670413,5.954451,4.4,7.621024
5377,2.69294,5.977605,4.4,7.621024
5378,2.714994,5.997233,4.4,7.621024
5379,2.736648,6.015855,4.4,7.621024
5380,2.754601,6.035041,4.4,7.621024
5381,2.771735,6.058359,4.4,7.621024
5382,2.78764,6.077395,4.4,7.621024
5383,2.802252,6.096687,4.4,7.621024
5384,2.814138,6.112903,4.4,7.621024
5385,2.829219,6.129968,4.4,7.621024
5386,2.84335,6.148533,4.4,7.621024
5387,2.855314,6.16967,4.4,7.621024
5388,2.866488,6.190993,4.4,7.621024
5389,2.876081,6.213471,4.4,7.621024
5390,2.885564,6.238345,4.4,7.621024
5391,2.897695,6.263344,4.4,7.621024
5392,2.906742,6.283143,4.4,7.621024
5393,2.915922,6.302987,4.4,7.621024
5394,2.926534,6.323203,4.4,7.621024
5395,2.93719,6.342086,4.4,7.621024
5396,2.948214,6.36252,4.4,7.621024
5397,2.962063,6.384995,4.4,7.621024
5398,2.975213,6.409326,4.4,7.621024
5399,2.989566,6.434519,4.4,7.621024
5400,3.001678,6.456648,4.4,7.621024
5401,3.01259,6.477106,4.4,7.621024
5402,3.022414,6.497824,4.4,7.621024
5403,3.032442,6.519145,4.4,7.621024
5404,3.043705,6.541904,4.4,7.621024
5405,3.054246,6.565598,4.4,7.621024
5406,3.063478,6.58835,4.4,7.621024
5407,3.07097,6.613428,4.4,7.621024
5408,3.080453,6.63924,4.4,7.621024
5409,3.091152,6.662574,4.4,7.621024
5410,3.103274,6.684855,4.4,7.621024
5411,3.115026,6.708582,4.4,7.621024
5412,3.127668,6.731394,4.4,7.621024
5413,3.139143,6.75134,4.4,7.621024
5414,3.149446,6.770389,4.4,7.621024
5415,3.160864,6.788427,4.4,7.621024
5416,3.17522,6.808466,4.4,7.621024
5417,3.193384,6.828578,4.4,7.621024
5418,3.209418,6.846938,4.4,7.621024
5419,3.226073,6.866003,4.4,7.621024
5420,3.244188,6.886829,4.4,7.621024
5421,3.262887,6.90533,4.4,7.621024
5422,3.283571,6.922057,4.4,7.621024
5423,3.305108,6.938678,4.4,7.621024
5424,3.327503,6.955782,4.4,7.621024
5425,3.350982,6.972626,4.4,7.621024
5426,3.375514,6.989547,4.4,7.621024
5427,3.398943,7.007068,4.4,7.621024
5428,3.425076,7.027906,4.4,7.621024
5429,3.452878,7.047478,4.4,7.621024
5430,3.477838,7.066717,4.4,7.621024
5431,3.501024,7.085487,4.4,7.621024
5432,3.522195,7.102585,4.4,7.621024
5433,3.542779,7.119459,4.4,7.621024
5434,3.561747,7.133821,4.4,7.621024
5435,3.577314,7.148926,4.4,7.621024
5436,3.590983,7.165242,4.4,7.621024
5437,3.60608,7.180797,4.4,7.621024
5438,3.620215,7.197192,4.4,7.621024
5439,3.635386,7.212499,4.4,7.621024
5440,3.650885,7.229173,4.4,7.621024
5441,3.66553,7.243833,4.4,7.621024
5442,3.682362,7.260442,4.4,7.621024
5443,3.699165,7.276684,4.4,7.621024
5444,3.714054,7.293459,4.4,7.621024
5445,3.725563,7.309584,4.4,7.621024
5446,3.736975,7.32644,4.4,7.621024
5447,3.751092,7.346354,4.4,7.621024
5448,3.76702,7.365563,4.4,7.621024
5449,3.781478,7.384972,4.4,7.621024
5450,3.794958,7.402286,4.4,7.621024
5451,3.811476,7.423409,4.4,7.621024
5452,3.827171,7.444314,4.4,7.621024
5453,3.841212,7.465303,4.4,7.621024
5454,3.855482,7.488592,4.4,7.621024
5455,3.869762,7.508792,4.4,7.621024
5456,3.885974,7.531393,4.4,7.621024
5457,3.902651,7.550634,4.4,7.621024
5458,3.919366,7.56912,4.4,7.621024
5459,3.935736,7.589205,4.4,7.621024
5460,3.949956,7.607181,4.4,7.621024
5461,3.963765,7.624673,4.4,7.621024
5462,3.980842,7.646037,4.4,7.621024
5463,4.00074,7.66615,4.4,7.621024
5464,4.020049,7.68444,4.4,7.621024
5465,4.03573,7.701569,4.4,7.621024
5466,4.049071,7.719253,4.4,7.621024
5467,4.066719,7.738376,4.4,7.621024
5468,4.085624,7.758757,4.4,7.621024
5469,4.10487,7.778961,4.4,7.621024
5470,4.122802,7.796144,4.4,7.621024
5471,4.142402,7.811738,4.4,7.621024
5472,4.16665,7.825521,4.4,7.621024
5473,4.191938,7.836447,4.4,7.621024
5474,4.219806,7.845349,4.4,7.621024
5475,4.246651,7.851915,4.4,7.621024
5476,4.273983,7.855695,4.4,7.621024
5477,4.302299,7.858147,4.4,7.621024
5478,4.329243,7.859223,4.4,7.621024
5479,4.353271,7.859695,4.4,7.621024
5480,4.378092,7.861774,4.4,7.621024
5481,4.405951,7.863712,4.4,7.621024
5482,4.435542,7.865229,7.621024,4.4
5483,4.4662,7.867088,7.621024,4.4
5484,4.498279,7.866644,7.621024,4.4
5485,4.530903,7.865842,7.621024,4.4
5486,4.561326,7.865639,7.621024,4.4
5487,4.587738,7.865394,7.621024,4.4
5488,4.607018,7.864435,7.621024,4.4
5489,4.626259,7.864805,7.621024,4.4
5490,4.646918,7.868925,7.621024,4.4
5491,4.67004,7.872896,7.621024,4.4
5492,4.692397,7.876525,7.621024,4.4
5493,4.71475,7.881789,7.621024,4.4
5494,4.739147,7.886694,7.621024,4.4
5495,4.761275,7.890901,7.621024,4.4
5496,4.78261,7.893952,7.621024,4.4
5497,4.802695,7.898883,7.621024,4.4
5498,4.822763,7.905766,7.621024,4.4
5499,4.841519,7.91188,7.621024,4.4
5500,4.859005,7.918093,7.621024,4.4
5501,4.877088,7.924288,7.621024,4.4
5502,4.899819,7.931825,7.621024,4.4
5503,4.922018,7.938143,7.621024,4.4
5504,4.943461,7.943315,7.621024,4.4
5505,4.963905,7.947502,7.621024,4.4
5506,4.983995,7.949625,7.621024,4.4
5507,5.004404,7.952924,7.621024,4.4
5508,5.024224,7.956445,7.621024,4.4
5509,5.041103,7.958098,7.621024,4.4
5510,5.060921,7.961715,7.621024,4.4
5511,5.082285,7.965136,7.621024,4.4
5512,5.102171,7.967547,7.621024,4.4
5513,5.122505,7.970447,7.621024,4.4
5514,5.144067,7.97226,7.621024,4.4
5515,5.167101,7.974091,7.621024,4.4
5516,5.188877,7.975273,7.621024,4.4
5517,5.210713,7.976943,7.621024,4.4
5518,5.235823,7.977385,7.621024,4.4
5519,5.259671,7.978189,7.621024,4.4
5520,5.282347,7.977622,7.621024,4.4
5521,5.302648,7.976329,7.621024,4.4
5522,5.321942,7.973705,7.621024,4.4
5523,5.341211,7.969519,7.621024,4.4
5524,5.359913,7.965766,7.621024,4.4
5525,5.377615,7.959322,7.621024,4.4
5526,5.394114,7.94953,7.621024,4.4
5527,5.410046,7.938423,7.621024,4.4
5528,5.428291,7.92482,7.621024,4.4
5529,5.447254,7.910475,7.621024,4.4
5530,5.465864,7.894881,7.621024,4.4
5531,5.48333,7.876799,7.621024,4.4
5532,5.500519,7.858148,7.621024,4.4
5533,5.519609,7.837603,7.621024,4.4
5534,5.539495,7.81707,7.621024,4.4
5535,5.560289,7.795899,7.621024,4.4
5536,5.578402,7.776678,7.621024,4.4
5537,5.599628,7.754896,7.621024,4.4
5538,5.620803,7.731505,7.621024,4.4
5539,5.641521,7.706535,7.621024,4.4
5540,5.659496,7.684372,7.621024,4.4
5541,5.677093,7.666999,7.621024,4.4
5542,5.695461,7.650492,7.621024,4.4
5543,5.711884,7.636861,7.621024,4.4
5544,5.724038,7.624905,7.621024,4.4
5545,5.739962,7.612234,7.621024,4.4
5546,5.756026,7.600387,7.621024,4.4
5547,5.772745,7.587564,7.621024,4.4
5548,5.791754,7.571934,7.621024,4.4
5549,5.807686,7.557468,7.621024,4.4
5550,5.826587,7.545486,7.621024,4.4
5551,5.845183,7.533165,7.621024,4.4
5552,5.862594,7.520743,7.621024,4.4
5553,5.878692,7.507318,7.621024,4.4
5554,5.897578,7.493846,7.621024,4.4
5555,5.919485,7.478487,7.621024,4.4
5556,5.940151,7.46207,7.621024,4.4
5557,5.958025,7.447057,7.621024,4.4
5558,5.978024,7.430544,7.621024,4.4
5559,5.999953,7.414489,7.621024,4.4
5560,6.019225,7.398355,7.621024,4.4
5561,6.040612,7.382811,7.621024,4.4
5562,6.064737,7.367126,7.621024,4.4
5563,6.092555,7.349595,7.621024,4.4
5564,6.116727,7.331169,7.621024,4.4
5565,6.141692,7.3118,7.621024,4.4
5566,6.163292,7.292607,7.621024,4.4
5567,6.180549,7.275762,7.621024,4.4
5568,6.200267,7.261289,7.621024,4.4
5569,6.219565,7.246102,7.621024,4.4
5570,6.2406,7.22955,7.621024,4.4
5571,6.260339,7.213442,7.621024,4.4
5572,6.282368,7.197076,7.621024,4.4
5573,6.304183,7.180414,7.621024,4.4
5574,6.325904,7.165478,7.621024,4.4
5575,6.34828,7.150054,7.621024,4.4
5576,6.370685,7.13046,7.621024,4.4
5577,6.391128,7.109417,7.621024,4.4
5578,6.410501,7.087844,7.621024,4.4
5579,6.426914,7.065841,7.621024,4.4
5580,6.44065,7.044105,7.621024,4.4
5581,6.454686,7.020527,7.621024,4.4
5582,6.4665,6.996262,7.621024,4.4
5583,6.478145,6.970268,7.621024,4.4
5584,6.491753,6.943231,7.621024,4.4
5585,6.503346,6.916304,7.621024,4.4
5586,6.516849,6.890232,7.621024,4.4
5587,6.53253,6.860713,7.621024,4.4
5588,6.54611,6.831756,7.621024,4.4
5589,6.558517,6.80204,7.621024,4.4
5590,6.570529,6.770646,7.621024,4.4
5591,6.58001,6.744169,7.621024,4.4
5592,6.590544,6.718475,7.621024,4.4
5593,6.602664,6.693491,7.621024,4.4
5594,6.612442,6.66967,7.621024,4.4
5595,6.622465,6.648982,7.621024,4.4
5596,6.631927,6.626008,7.621024,4.4
5597,6.642123,6.605329,7.621024,4.4
5598,6.652344,6.58765,7.621024,4.4
5599,6.664795,6.572701,7.621024,4.4
5600,6.676983,6.555995,7.621024,4.4
5601,6.690439,6.535554,7.621024,4.4
5602,6.704216,6.514014,7.621024,4.4
5603,6.715768,6.495362,7.621024,4.4
5604,6.730445,6.473891,7.621024,4.4
5605,6.742292,6.45659,7.621024,4.4
5606,6.756821,6.438302,7.621024,4.4
5607,6.771304,6.41968,7.621024,4.4
5608,6.785545,6.399773,7.621024,4.4
5609,6.800721,6.379322,7.621024,4.4
5610,6.814909,6.361176,7.621024,4.4
5611,6.831269,6.339057,7.621024,4.4
5612,6.846718,6.318048,7.621024,4.4
5613,6.862704,6.29724,7.621024,4.4
5614,6.882962,6.274942,7.621024,4.4
5615,6.900782,6.252631,7.621024,4.4
5616,6.918245,6.232231,7.621024,4.4
5617,6.93812,6.208631,7.621024,4.4
5618,6.957022,6.18539,7.621024,4.4
5619,6.973352,6.1648,7.621024,4.4
5620,6.990899,6.144219,7.621024,4.4
5621,7.00887,6.124544,7.621024,4.4
5622,7.028009,6.107256,7.621024,4.4
5623,7.044824,6.085074,7.621024,4.4
5624,7.062868,6.064715,7.621024,4.4
5625,7.080256,6.041126,7.621024,4.4
5626,7.097891,6.019335,7.621024,4.4
5627,7.115116,5.997791,7.621024,4.4
5628,7.131875,5.978366,7.621024,4.4
5629,7.148282,5.953159,7.621024,4.4
5630,7.164723,5.930285,7.621024,4.4
5631,7.178721,5.909921,7.621024,4.4
5632,7.189812,5.887723,7.621024,4.4
5633,7.199849,5.864543,7.621024,4.4
5634,7.21169,5.840068,7.621024,4.4
5635,7.223224,5.812139,7.621024,4.4
5636,7.234222,5.782957,7.621024,4.4
5637,7.244224,5.751456,7.621024,4.4
5638,7.253976,5.722257,7.621024,4.4
5639,7.262183,5.693759,7.621024,4.4
5640,7.270152,5.664092,7.621024,4.4
5641,7.27841,5.634227,7.621024,4.4
5642,7.288477,5.601197,7.621024,4.4
5643,7.301063,5.567599,7.621024,4.4
5644,7.313355,5.535771,7.621024,4.4
5645,7.324436,5.504408,7.621024,4.4
5646,7.334676,5.474472,7.621024,4.4
5647,7.34338,5.445253,7.621024,4.4
5648,7.349878,5.420599,7.621024,4.4
5649,7.357689,5.399182,7.621024,4.4
5650,7.364766,5.376095,7.621024,4.4
5651,7.372272,5.356395,7.621024,4.4
5652,7.382558,5.336763,7.621024,4.4
5653,7.392586,5.315073,7.621024,4.4
5654,7.399086,5.295629,7.621024,4.4
5655,7.407817,5.271993,7.621024,4.4
5656,7.419507,5.247547,7.621024,4.4
5657,7.433553,5.226994,7.621024,4.4
5658,7.445462,5.206203,7.621024,4.4
5659,7.456246,5.186038,7.621024,4.4
5660,7.467757,5.16767,7.621024,4.4
5661,7.479554,5.147169,7.621024,4.4
5662,7.490242,5.125769,7.621024,4.4
5663,7.499943,5.104556,7.621024,4.4
5664,7.508402,5.085702,7.621024,4.4
5665,7.51969,5.065844,7.621024,4.4
5666,7.533054,5.044283,7.621024,4.4
5667,7.54561,5.025092,7.621024,4.4
5668,7.559492,5.005085,7.621024,4.4
5669,7.573862,4.984698,7.621024,4.4
5670,7.589334,4.961845,7.621024,4.4
5671,7.603994,4.939037,7.621024,4.4
5672,7.619089,4.913351,-8.8,0
5673,7.632793,4.894059,-8.8,0
5674,7.644384,4.878326,-8.8,0
5675,7.657265,4.858872,-8.8,0
5676,7.671706,4.837528,-8.8,0
5677,7.686632,4.813151,-8.8,0
5678,7.699308,4.78639,-8.8,0
5679,7.710606,4.75992,-8.8,0
5680,7.720519,4.735759,-8.8,0
5681,7.730578,4.71581,-8.8,0
5682,7.738443,4.69596,-8.8,0
5683,7.743628,4.675467,-8.8,0
5684,7.746548,4.654884,-8.8,0
5685,7.74717,4.632542,-8.8,0
5686,7.745073,4.608347,-8.8,0
5687,7.738694,4.584858,-8.8,0
5688,7.730605,4.565769,-8.8,0
5689,7.723311,4.546636,-8.8,0
5690,7.714229,4.525124,-8.8,0
5691,7.702308,4.504243,-8.8,0
5692,7.689309,4.483799,-8.8,0
5693,7.677094,4.467985,-8.8,0
5694,7.664495,4.450029,-8.8,0
5695,7.650637,4.430443,-8.8,0
5696,7.635065,4.408034,-8.8,0
5697,7.618625,4.389081,-8.8,0
5698,7.600803,4.367815,-8.8,0
5699,7.580726,4.346402,-8.8,0
5700,7.561484,4.324619,-8.8,0
5701,7.54563,4.304288,-8.8,0
5702,7.528414,4.288368,-8.8,0
5703,7.512775,4.274986,-8.8,0
5704,7.498095,4.259194,-8.8,0
5705,7.48488,4.245548,-8.8,0
5706,7.472353,4.231866,-8.8,0
5707,7.461335,4.217146,-8.8,0
5708,7.447865,4.199711,-8.8,0
5709,7.433303,4.183409,-8.8,0
5710,7.421228,4.167336,-8.8,0
5711,7.410483,4.15102,-8.8,0
5712,7.398023,4.136565,-8.8,0
5713,7.387904,4.124186,-8.8,0
5714,7.37888,4.110658,-8.8,0
5715,7.368744,4.094646,-8.8,0
5716,7.357662,4.078561,-8.8,0
5717,7.34669,4.061592,-8.8,0
5718,7.335559,4.043906,-8.8,0
5719,7.322914,4.026637,-8.8,0
5720,7.308908,4.00976,-8.8,0
5721,7.297093,3.992306,-8.8,0
5722,7.283845,3.97473,-8.8,0
5723,7.268594,3.956986,-8.8,0
5724,7.252609,3.940238,-8.8,0
5725,7.234148,3.920199,-8.8,0
5726,7.21476,3.898338,-8.8,0
5727,7.198115,3.878284,-8.8,0
5728,7.181064,3.857723,-8.8,0
5729,7.165811,3.837135,-8.8,0
5730,7.147208,3.817088,-8.8,0
5731,7.132243,3.799995,-8.8,0
5732,7.116155,3.783968,-8.8,0
5733,7.09704,3.766594,-8.8,0
5734,7.077232,3.748612,-8.8,0
5735,7.057253,3.732766,-8.8,0
5736,7.035039,3.716122,-8.8,0
5737,7.011915,3.702278,-8.8,0
5738,6.991451,3.689587,-8.8,0
5739,6.969131,3.677245,-8.8,0
5740,6.946573,3.665693,-8.8,0
5741,6.9225,3.65676,-8.8,0
5742,6.894407,3.649118,-8.8,0
5743,6.866837,3.642819,-8.8,0
5744,6.839108,3.636367,-8.8,0
5745,6.807522,3.630876,-8.8,0
5746,6.778386,3.627389,-8.8,0
5747,6.748748,3.62306,-8.8,0
5748,6.720037,3.620502,-8.8,0
5749,6.691337,3.618231,-8.8,0
5750,6.663731,3.617949,-8.8,0
5751,6.63393,3.615693,-8.8,0
5752,6.602514,3.612965,-8.8,0
5753,6.572913,3.610257,-8.8,0
5754,6.544488,3.607483,-8.8,0
5755,6.518998,3.603655,-8.8,0
5756,6.496808,3.599544,-8.8,0
5757,6.475054,3.594172,-8.8,0
5758,6.457851,3.58896,-8.8,0
5759,6.441983,3.583141,-8.8,0
5760,6.421032,3.575645,-8.8,0
5761,6.401763,3.567086,-8.8,0
5762,6.38224,3.557631,-8.8,0
5763,6.362305,3.551135,-8.8,0
5764,6.340607,3.544928,-8.8,0
5765,6.322145,3.537696,-8.8,0
5766,6.300251,3.529381,-8.8,0
5767,6.280033,3.523264,-8.8,0
5768,6.25938,3.515965,-8.8,0
5769,6.237897,3.508179,-8.8,0
5770,6.216829,3.500494,-8.8,0
5771,6.192503,3.490612,-8.8,0
5772,6.168271,3.482322,-8.8,0
5773,6.144568,3.474325,-8.8,0
5774,6.120187,3.465905,-8.8,0
5775,6.095992,3.455999,-8.8,0
5776,6.06958,3.444335,-8.8,0
5777,6.042474,3.432433,-8.8,0
5778,6.012761,3.418383,-8.8,0
5779,5.983345,3.406258,-8.8,0
5780,5.956883,3.392646,-8.8,0
5781,5.933655,3.378501,-8.8,0
5782,5.907022,3.364723,-8.8,0
5783,5.882422,3.350096,-8.8,0
5784,5.857434,3.334996,-8.8,0
5785,5.832338,3.318626,-8.8,0
5786,5.803597,3.305582,-8.8,0
5787,5.776936,3.292806,-8.8,0
5788,5.752277,3.282698,-8.8,0
5789,5.727052,3.273863,-8.8,0
5790,5.700481,3.265855,-8.8,0
5791,5.674731,3.258399,-8.8,0
5792,5.648803,3.251746,-8.8,0
5793,5.622533,3.246076,-8.8,0
5794,5.595562,3.239473,-8.8,0
5795,5.564559,3.232435,-8.8,0
5796,5.531605,3.229215,-8.8,0
5797,5.499217,3.22531,-8.8,0
5798,5.464549,3.221472,-8.8,0
5799,5.430781,3.219435,-8.8,0
5800,5.398267,3.216883,-8.8,0
5801,5.368665,3.213577,-8.8,0
5802,5.336433,3.21067,-8.8,0
5803,5.304479,3.208497,-8.8,0
5804,5.274862,3.207081,-8.8,0
5805,5.244779,3.20494,-8.8,0
5806,5.217494,3.200852,-8.8,0
5807,5.190353,3.198628,-8.8,0
5808,5.166599,3.196079,-8.8,0
5809,5.146557,3.192446,-8.8,0
5810,5.125168,3.186194,-8.8,0
5811,5.100166,3.178772,-8.8,0
5812,5.080843,3.172588,-8.8,0
5813,5.064373,3.165866,-8.8,0
5814,5.04738,3.159546,-8.8,0
5815,5.027977,3.155381,-8.8,0
5816,5.003594,3.148135,-8.8,0
5817,4.978961,3.140974,-8.8,0
5818,4.955511,3.134099,-8.8,0
5819,4.931267,3.12585,-8.8,0
5820,4.907466,3.117354,-8.8,0
5821,4.884197,3.107873,-8.8,0
5822,4.863891,3.101323,-8.8,0
5823,4.841263,3.094621,-8.8,0
5824,4.819427,3.087777,-8.8,0
5825,4.799483,3.079812,-8.8,0
5826,4.777903,3.071157,-8.8,0
5827,4.755487,3.06398,-8.8,0
5828,4.733146,3.056035,-8.8,0
5829,4.707273,3.044094,-8.8,0
5830,4.679102,3.029356,-8.8,0
5831,4.650057,3.014635,-8.8,0
5832,4.622006,3.001,-8.8,0
5833,4.595356,2.987319,-8.8,0
5834,4.572949,2.973572,-8.8,0
5835,4.548573,2.955955,-8.8,0
5836,4.52403,2.94014,-8.8,0
5837,4.500319,2.923603,-8.8,0
5838,4.473024,2.909009,-8.8,0
5839,4.446066,2.897544,-8.8,0
5840,4.420469,2.885139,-8.8,0
5841,4.395583,2.873355,-8.8,0
5842,4.37082,2.861637,-8.8,0
5843,4.347606,2.850874,-8.8,0
5844,4.322032,2.839782,-8.8,0
5845,4.296387,2.827306,-8.8,0
5846,4.269626,2.818136,-8.8,0
5847,4.244411,2.811186,-8.8,0
5848,4.216945,2.803437,-8.8,0
5849,4.186901,2.794943,-8.8,0
5850,4.156062,2.787584,-8.8,0
5851,4.124686,2.781943,-8.8,0
5852,4.093472,2.776848,-8.8,0
5853,4.059778,2.77087,-8.8,0
5854,4.025236,2.764519,-8.8,0
5855,3.992323,2.758602,-8.8,0
5856,3.959499,2.753083,-8.8,0
5857,3.929332,2.748711,-8.8,0
5858,3.898338,2.745167,-8.8,0
5859,3.866678,2.740586,-8.8,0
5860,3.834694,2.73674,-8.8,0
5861,3.802148,2.732882,-8.8,0
5862,3.773515,2.730438,-8.8,0
5863,3.74809,2.728256,-8.8,0
5864,3.719043,2.723318,-8.8,0
5865,3.696467,2.719274,-8.8,0
5866,3.675094,2.714695,-8.8,0
5867,3.6565,2.711422,-8.8,0
5868,3.63718,2.706035,-8.8,0
5869,3.617258,2.701147,-8.8,0
5870,3.595347,2.694547,-8.8,0
5871,3.570931,2.688252,-8.8,0
5872,3.547042,2.68239,-8.8,0
5873,3.521375,2.676718,-8.8,0
5874,3.499847,2.670009,-8.8,0
5875,3.477669,2.659958,-8.8,0
5876,3.457811,2.649417,-8.8,0
5877,3.435585,2.639898,-8.8,0
5878,3.413369,2.629949,-8.8,0
5879,3.389927,2.61738,-8.8,0
5880,3.366801,2.607398,-8.8,0
5881,3.342481,2.596455,-8.8,0
5882,3.319243,2.584718,-8.8,0
5883,3.297923,2.573864,-8.8,0
5884,3.276239,2.56409,-8.8,0
5885,3.252639,2.553724,-8.8,0
5886,3.225007,2.540002,-8.8,0
5887,3.196887,2.525843,-8.8,0
5888,3.169513,2.511973,-8.8,0
5889,3.144226,2.500293,-8.8,0
5890,3.119659,2.485963,-8.8,0
5891,3.093143,2.472947,-8.8,0
5892,3.07077,2.458828,-8.8,0
5893,3.047415,2.445197,-8.8,0
5894,3.021956,2.433334,-8.8,0
5895,2.99466,2.419987,-8.8,0
5896,2.965542,2.405692,-8.8,0
5897,2.936667,2.39261,-8.8,0
5898,2.910087,2.380276,-8.8,0
5899,2.88342,2.370461,-8.8,0
5900,2.85966,2.362102,-8.8,0
5901,2.834068,2.354333,-8.8,0
5902,2.803312,2.34809,-8.8,0
5903,2.769807,2.343366,-8.8,0
5904,2.738601,2.338678,-8.8,0
5905,2.706039,2.334971,-8.8,0
5906,2.673402,2.331766,-8.8,0
5907,2.643147,2.330142,-8.8,0
5908,2.61399,2.328913,-8.8,0
5909,2.583434,2.328795,-8.8,0
5910,2.553045,2.326906,-8.8,0
5911,2.520432,2.322708,-8.8,0
5912,2.488487,2.318509,-8.8,0
5913,2.456585,2.31475,-8.8,0
5914,2.425938,2.311432,-8.8,0
5915,2.395847,2.306432,-8.8,0
5916,2.373003,2.305345,-8.8,0
5917,2.352586,2.303553,-8.8,0
5918,2.330379,2.300606,-8.8,0
5919,2.31004,2.2952,-8.8,0
5920,2.288534,2.289841,-8.8,0
5921,2.269064,2.284107,-8.8,0
5922,2.248233,2.277541,-8.8,0
5923,2.224791,2.272964,-8.8,0
5924,2.199788,2.264566,-8.8,0
5925,2.176275,2.257759,-8.8,0
5926,2.155507,2.251146,-8.8,0
5927,2.134654,2.243457,-8.8,0
5928,2.112246,2.235326,-8.8,0
5929,2.09006,2.229147,-8.8,0
5930,2.065847,2.221658,-8.8,0
5931,2.041787,2.215244,-8.8,0
5932,2.015668,2.207147,-8.8,0
5933,1.98871,2.197912,-8.8,0
5934,1.963164,2.189283,-8.8,0
5935,1.937914,2.177863,-8.8,0
5936,1.911735,2.167059,-8.8,0
5937,1.880992,2.154352,-8.8,0
5938,1.849484,2.142173,-8.8,0
5939,1.821602,2.130657,-8.8,0
5940,1.792645,2.118298,-8.8,0
5941,1.768099,2.106442,-8.8,0
5942,1.742565,2.093601,-8.8,0
5943,1.717786,2.082167,-8.8,0
5944,1.692421,2.070312,-8.8,0
5945,1.666774,2.055668,-8.8,0
5946,1.642216,2.041973,-8.8,0
5947,1.616667,2.029053,-8.8,0
5948,1.591141,2.016797,-8.8,0
5949,1.563255,2.004069,-8.8,0
5950,1.538488,1.992283,-8.8,0
5951,1.51353,1.980863,-8.8,0
5952,1.489794,1.969316,-8.8,0
5953,1.461738,1.958417,-8.8,0
5954,1.433389,1.948739,-8.8,0
5955,1.403704,1.940417,-8.8,0
5956,1.374145,1.933369,-8.8,0
5957,1.343628,1.924344,-8.8,0
5958,1.31069,1.916389,-8.8,0
5959,1.277286,1.909287,-8.8,0
5960,1.24576,1.903675,-8.8,0
5961,1.215494,1.897527,-8.8,0
5962,1.184314,1.89064,-8.8,0
5963,1.151986,1.884529,-8.8,0
5964,1.119016,1.877359,-8.8,0
5965,1.087317,1.872101,-8.8,0
5966,1.056061,1.865158,-8.8,0
5967,1.024994,1.856974,-8.8,0
5968,0.9946561,1.850646,-8.8,0
5969,0.9694581,1.846709,-8.8,0
5970,0.9478511,1.84135,-8.8,0
5971,0.9236029,1.834049,-8.8,0
5972,0.8985236,1.825849,-8.8,0
5973,0.8750904,1.818589,-8.8,0
5974,0.8545292,1.809038,-8.8,0
5975,0.8353686,1.801377,-8.8,0
5976,0.8141127,1.79255,-8.8,0
5977,0.7904575,1.779818,-8.8,0
5978,0.7661328,1.771194,-8.8,0
5979,0.7451554,1.762869,-8.8,0
5980,0.722984,1.751183,-8.8,0
5981,0.6997096,1.740159,-8.8,0
5982,0.6786476,1.729652,-8.8,0
5983,0.6570603,1.717352,-8.8,0
5984,0.6363649,1.705937,-8.8,0
5985,0.61349,1.694563,-8.8,0
5986,0.5906666,1.684352,-8.8,0
5987,0.5701571,1.6755,-8.8,0
5988,0.5484379,1.667615,-8.8,0
5989,0.5245204,1.657816,-8.8,0
5990,0.5012271,1.645809,-8.8,0
5991,0.4754166,1.632294,-8.8,0
5992,0.4474473,1.616667,-8.8,0
5993,0.4204783,1.600518,-8.8,0
5994,0.3927076,1.586101,-8.8,0
5995,0.3640563,1.57266,-8.8,0
5996,0.3384717,1.558491,-8.8,0
5997,0.3140805,1.541415,-8.8,0
5998,0.2871381,1.525568,-8.8,0
5999,0.263448,1.510489,-8.8,0
6000,0.2384888,1.491601,-8.8,0
6001,0.2120474,1.474273,-8.8,0
6002,0.1857756,1.456167,-8.8,0
6003,0.154974,1.439206,-8.8,0
6004,0.1255031,1.423859,-8.8,0
6005,0.09941031,1.410194,-8.8,0
6006,0.07402718,1.399037,-8.8,0
6007,0.04809297,1.387456,-8.8,0
6008,0.01967276,1.377988,-8.8,0
6009,-0.01045876,1.370254,-8.8,0
6010,-0.04196883,1.363328,-8.8,0
6011,-0.07183843,1.355973,-8.8,0
6012,-0.1014535,1.348802,-8.8,0
6013,-0.1322715,1.341987,-8.8,0
6014,-0.1661397,1.335745,-8.8,0
6015,-0.195996,1.331178,-8.8,0
6016,-0.2284496,1.325273,-8.8,0
6017,-0.2595824,1.319295,-8.8,0
6018,-0.2931613,1.314469,-8.8,0
6019,-0.3262301,1.308077,-8.8,0
6020,-0.3579221,1.301389,-8.8,0
6021,-0.392114,1.294906,-8.8,0
6022,-0.4211558,1.289363,-8.8,0
6023,-0.4461496,1.283396,-8.8,0
6024,-0.4684783,1.276535,-8.8,0
6025,-0.4930319,1.271248,-8.8,0
6026,-0.5174327,1.265108,-8.8,0
6027,-0.5377758,1.260921,-8.8,0
6028,-0.555667,1.254833,-8.8,0
6029,-0.576537,1.245978,-8.8,0
6030,-0.5953363,1.23612,-8.8,0
6031,-0.6144034,1.225629,-8.8,0
6032,-0.633178,1.216886,-8.8,0
6033,-0.6519253,1.208305,-8.8,0
6034,-0.675895,1.197829,-8.8,0
6035,-0.6996059,1.187743,-8.8,0
6036,-0.7210366,1.177335,-8.8,0
6037,-0.7422407,1.167276,-8.8,0
6038,-0.7631278,1.154893,-8.8,0
6039,-0.7846407,1.143412,-8.8,0
6040,-0.8086864,1.131999,-8.8,0
6041,-0.831041,1.122305,-8.8,0
6042,-0.8559796,1.111104,-8.8,0
6043,-0.8830368,1.096858,-8.8,0
6044,-0.9102491,1.082384,-8.8,0
6045,-0.9404731,1.064052,-8.8,0
6046,-0.9694127,1.048574,-8.8,0
6047,-0.9964171,1.034013,-8.8,0
6048,-1.022409,1.019835,-8.8,0
6049,-1.048281,1.006814,-8.8,0
6050,-1.070968,0.9938051,-8.8,0
6051,-1.090504,0.9809654,-8.8,0
6052,-1.111965,0.9637011,-8.8,0
6053,-1.135031,0.9459646,-8.8,0
6054,-1.159248,0.9274498,-8.8,0
6055,-1.185251,0.9107355,-8.8,0
6056,-1.212429,0.8947065,-8.8,0
6057,-1.237555,0.8789375,-8.8,0
6058,-1.263476,0.8659688,-8.8,0
6059,-1.288972,0.8552001,-8.8,0
6060,-1.311099,0.8441674,-8.8,0
6061,-1.333099,0.8338849,-8.8,0
6062,-1.359226,0.8225573,-8.8,0
6063,-1.38707,0.8123335,-8.8,0
6064,-1.41628,0.8046995,-8.8,0
6065,-1.4457,0.797545,-8.8,0
6066,-1.477278,0.7897529,-8.8,0
6067,-1.507219,0.7839877,-8.8,0
6068,-1.534467,0.7787346,-8.8,0
6069,-1.566208,0.7727706,-8.8,0
6070,-1.59931,0.767979,-8.8,0
6071,-1.630637,0.7644394,-8.8,0
6072,-1.659368,0.7601122,-8.8,0
6073,-1.692284,0.7549997,-8.8,0
6074,-1.725475,0.7515104,-8.8,0
6075,-1.755772,0.7482339,-8.8,0
6076,-1.785392,0.7446436,-8.8,0
6077,-1.811187,0.7407741,-8.8,0
6078,-1.833834,0.7364095,-8.8,0
6079,-1.855007,0.7314599,-8.8,0
6080,-1.875815,0.7275074,-8.8,0
6081,-1.895854,0.7240456,-8.8,0
6082,-1.914281,0.7203637,-8.8,0
6083,-1.935706,0.7146161,-8.8,0
6084,-1.961611,0.7045314,-8.8,0
6085,-1.987406,0.6936493,-8.8,0
6086,-2.012377,0.6852194,-8.8,0
6087,-2.033882,0.6764717,-8.8,0
6088,-2.055168,0.6670078,-8.8,0
6089,-2.078521,0.6555893,-8.8,0
6090,-2.099221,0.6471477,-8.8,0
6091,-2.119375,0.6395912,-8.8,0
6092,-2.141,0.6319781,-8.8,0
6093,-2.162404,0.6248768,-8.8,0
6094,-2.185405,0.6157092,-8.8,0
6095,-2.208157,0.6056609,-8.8,0
6096,-2.229667,0.5956513,-8.8,0
6097,-2.25224,0.5862034,-8.8,0
6098,-2.275733,0.5767403,-8.8,0
6099,-2.301642,0.5650259,-8.8,0
6100,-2.327831,0.5528495,-8.8,0
6101,-2.352944,0.5398495,-8.8,0
6102,-2.377286,0.5264355,-8.8,0
6103,-2.403003,0.5134639,-8.8,0
6104,-2.427444,0.4990633,-8.8,0
6105,-2.451826,0.4846036,-8.8,0
6106,-2.475035,0.4702072,-8.8,0
6107,-2.497271,0.4567302,-8.8,0
6108,-2.521623,0.4445423,-8.8,0
6109,-2.548888,0.4321108,-8.8,0
6110,-2.575663,0.4188193,-8.8,0
6111,-2.603254,0.4086401,-8.8,0
6112,-2.633415,0.400356,-8.8,0
6113,-2.662231,0.3938307,-8.8,0
6114,-2.693326,0.3858015,-8.8,0
6115,-2.723319,0.3795028,-8.8,0
6116,-2.754296,0.373543,-8.8,0
6117,-2.787289,0.3683485,-8.8,0
6118,-2.823656,0.3665695,-8.8,0
6119,-2.854643,0.3646773,-8.8,0
6120,-2.885915,0.363545,-8.8,0
6121,-2.912072,0.3639863,-8.8,0
6122,-2.94145,0.3623232,-8.8,0
6123,-2.973382,0.360799,-8.8,0
6124,-3.003227,0.3619415,-8.8,0
6125,-3.031011,0.363421,-8.8,0
6126,-3.058995,0.363078,-8.8,0
6127,-3.087055,0.3637667,-8.8,0
6128,-3.113183,0.3630822,-8.8,0
6129,-3.139792,0.3626729,-8.8,0
6130,-3.162832,0.3614574,-8.8,0
6131,-3.183711,0.3591699,-8.8,0
6132,-3.208055,0.3576909,-8.8,0
6133,-3.227713,0.3542783,-8.8,0
6134,-3.243552,0.3511304,-8.8,0
6135,-3.260842,0.3491122,-8.8,0
6136,-3.282818,0.3447621,-8.8,0
6137,-3.307039,0.3404087,-8.8,0
6138,-3.328234,0.3356346,-8.8,0
6139,-3.349048,0.3300543,-8.8,0
6140,-3.37326,0.3245247,-8.8,0
6141,-3.393927,0.3194545,-8.8,0
6142,-3.41348,0.3147012,-8.8,0
6143,-3.433626,0.3071985,-8.8,0
6144,-3.455063,0.2995577,-8.8,0
6145,-3.475113,0.2944114,-8.8,0
6146,-3.497718,0.2871233,-8.8,0
6147,-3.520204,0.2804959,-8.8,0
6148,-3.544673,0.273234,-8.8,0
6149,-3.570719,0.2646975,-8.8,0
6150,-3.595848,0.2547933,-8.8,0
6151,-3.622205,0.2438904,-8.8,0
6152,-3.650503,0.2330714,-8.8,0
6153,-3.678885,0.2217004,-8.8,0
6154,-3.706396,0.2113193,-8.8,0
6155,-3.734062,0.2015013,-8.8,0
6156,-3.761645,0.1895398,-8.8,0
6157,-3.787885,0.178216,-8.8,0
6158,-3.812822,0.1673516,-8.8,0
6159,-3.835576,0.1587763,-8.8,0
6160,-3.858771,0.1492447,-8.8,0
6161,-3.878894,0.1388747,-8.8,0
6162,-3.899238,0.1273853,-8.8,0
6163,-3.92374,0.1161297,-8.8,0
6164,-3.948649,0.1048205,-8.8,0
6165,-3.972878,0.09423125,-8.8,0
6166,-3.997274,0.08622485,-8.8,0
6167,-4.024285,0.07953177,-8.8,0
6168,-4.051078,0.0746784,-8.8,0
6169,-4.076406,0.069168,-8.8,0
6170,-4.103522,0.06504454,-8.8,0
6171,-4.128432,0.06188809,-8.8,0
6172,-4.156285,0.06007965,-8.8,0
6173,-4.186429,0.05954008,-8.8,0
6174,-4.215604,0.05851815,-8.8,0
6175,-4.241749,0.05722237,-8.8,0
6176,-4.269501,0.05514342,-8.8,0
6177,-4.300258,0.05365735,-8.8,0
6178,-4.333043,0.05192253,-8.8,0
6179,-4.365742,0.04968182,-8.8,0
6180,-4.398546,0.04996425,-8.8,0
6181,-4.430077,0.04956457,-8.8,0
6182,-4.461283,0.04948978,-8.8,0
6183,-4.489998,0.04989694,-8.8,0
6184,-4.520234,0.05109014,-8.8,0
6185,-4.550195,0.05183664,-8.8,0
6186,-4.577171,0.04942742,-8.8,0
6187,-4.601961,0.04743413,-8.8,0
6188,-4.622313,0.04481642,-8.8,0
6189,-4.640845,0.04247957,-8.8,0
6190,-4.658487,0.04062629,-8.8,0
6191,-4.676473,0.03715086,-8.8,0
6192,-4.699188,0.03127326,-8.8,0
6193,-4.724297,0.02544668,-8.8,0
6194,-4.748518,0.01900692,-8.8,0
6195,-4.774902,0.01102857,-8.8,0
6196,-4.797434,0.005061282,-8.8,0
6197,-4.819444,0.00025234,-8.8,0
6198,-4.841223,-0.006020796,-8.8,0
6199,-4.864592,-0.01392122,-8.8,0
6200,-4.887427,-0.01992294,-8.8,0
6201,-4.911552,-0.02619598,-8.8,0
6202,-4.934208,-0.0317966,-8.8,0
6203,-4.959351,-0.03922693,-8.8,0
6204,-4.986113,-0.04717688,-8.8,0
6205,-5.012814,-0.05541922,-8.8,0
6206,-5.037819,-0.0650631,-8.8,0
6207,-5.066993,-0.07674897,-8.8,0
6208,-5.095225,-0.08864591,-8.8,0
6209,-5.123917,-0.09959198,-8.8,0
6210,-5.148366,-0.1091033,-8.8,0
6211,-5.17164,-0.1189348,-8.8,0
6212,-5.19319,-0.1241523,-8.8,0
6213,-5.216073,-0.1315461,-8.8,0
6214,-5.239445,-0.1419587,-8.8,0
6215,-5.265635,-0.1524465,-8.8,0
6216,-5.291933,-0.1628187,-8.8,0
6217,-5.319923,-0.1730106,-8.8,0
6218,-5.34867,-0.1832361,-8.8,0
6219,-5.37874,-0.1929813,-8.8,0
6220,-5.406886,-0.2017329,-8.8,0
6221,-5.434163,-0.2078651,-8.8,0
6222,-5.462787,-0.2118212,-8.8,0
6223,-5.493649,-0.2143831,-8.8,0
6224,-5.522063,-0.2142465,-8.8,0
6225,-5.552248,-0.2150288,-8.8,0
6226,-5.584305,-0.2155613,-8.8,0
6227,-5.618519,-0.2139369,-8.8,0
6228,-5.650494,-0.2140638,-8.8,0
6229,-5.683972,-0.2128128,-8.8,0
6230,-5.716763,-0.2113234,-8.8,0
6231,-5.749508,-0.2100526,-8.8,0
6232,-5.780915,-0.2096982,-8.8,0
6233,-5.813968,-0.2091468,-8.8,0
6234,-5.847472,-0.2077381,-8.8,0
6235,-5.879724,-0.2062945,-8.8,0
6236,-5.911994,-0.2011144,-8.8,0
6237,-5.939462,-0.1961283,-8.8,0
6238,-5.964396,-0.1949711,-8.8,0
6239,-5.989123,-0.1954594,-8.8,0
6240,-6.012774,-0.1957589,-8.8,0
6241,-6.035166,-0.1967294,-8.8,0
6242,-6.057495,-0.1983083,-8.8,0
6243,-6.079927,-0.1999613,-8.8,0
6244,-6.101361,-0.20188,-8.8,0
6245,-6.122262,-0.2069932,-8.8,0
6246,-6.144536,-0.2113552,-8.8,0
6247,-6.167369,-0.2151152,-8.8,0
6248,-6.19216,-0.2174608,-8.8,0
6249,-6.216351,-0.2197039,-8.8,0
6250,-6.235087,-0.2214934,-8.8,0
6251,-6.255952,-0.2238955,-8.8,0
6252,-6.278058,-0.2252628,-8.8,0
6253,-6.29986,-0.2271484,-8.8,0
6254,-6.324805,-0.2297723,-8.8,0
6255,-6.347534,-0.230984,-8.8,0
6256,-6.372017,-0.2335524,-8.8,0
6257,-6.396027,-0.2376233,-8.8,0
6258,-6.41767,-0.2399091,-8.8,0
6259,-6.44248,-0.245212,-8.8,0
6260,-6.470694,-0.2515139,-8.8,0
6261,-6.496681,-0.2574216,-8.8,0
6262,-6.52562,-0.2652526,-8.8,0
6263,-6.557879,-0.2727645,-8.8,0
6264,-6.587363,-0.2777348,-8.8,0
6265,-6.615186,-0.2818997,-8.8,0
6266,-6.64219,-0.2858109,-8.8,0
6267,-6.669991,-0.291122,-8.8,0
6268,-6.697517,-0.295809,-8.8,0
6269,-6.722119,-0.2980315,-8.8,0
6270,-6.747371,-0.3012992,-8.8,0
6271,-6.775296,-0.3059526,-8.8,0
6272,-6.803472,-0.3105397,-8.8,0
6273,-6.831351,-0.3129872,-8.8,0
6274,-6.85578,-0.3135972,-8.8,0
6275,-6.880322,-0.3155574,-8.8,0
6276,-6.906901,-0.3136819,-8.8,0
6277,-6.934721,-0.3102185,-8.8,0
6278,-6.965709,-0.3062369,-8.8,0
6279,-6.996526,-0.3023993,-8.8,0
6280,-7.025544,-0.296184,-8.8,0
6281,-7.054503,-0.2881472,-8.8,0
6282,-7.084118,-0.2806394,-8.8,0
6283,-7.110133,-0.2739048,-8.8,0
6284,-7.139517,-0.2662707,-8.8,0
6285,-7.167285,-0.2590433,-8.8,0
6286,-7.194373,-0.2506978,-8.8,0
6287,-7.220474,-0.2443364,-8.8,0
6288,-7.247412,-0.2375142,-8.8,0
6289,-7.276598,-0.2313227,-8.8,0
6290,-7.30381,-0.2242174,-8.8,0
6291,-7.328654,-0.220487,-8.8,0
6292,-7.35339,-0.2141349,-8.8,0
6293,-7.374706,-0.2097193,-8.8,0
6294,-7.394386,-0.2078518,-8.8,0
6295,-7.412131,-0.2076381,-8.8,0
6296,-7.430751,-0.2070275,-8.8,0
6297,-7.452613,-0.2070609,-8.8,0
6298,-7.475197,-0.2076645,-8.8,0
6299,-7.498801,-0.2084608,-8.8,0
6300,-7.519275,-0.2084283,-8.8,0
6301,-7.540344,-0.2089421,-8.8,0
6302,-7.561437,-0.2090785,-8.8,0
6303,-7.582945,-0.2080029,-8.8,0
6304,-7.604073,-0.2064112,-8.8,0
6305,-7.626285,-0.2062176,-8.8,0
6306,-7.649479,-0.2057746,-8.8,0
6307,-7.671115,-0.2051355,-8.8,0
6308,-7.697405,-0.2068717,-8.8,0
6309,-7.722606,-0.2080232,-8.8,0
6310,-7.748572,-0.2093784,-8.8,0
6311,-7.778299,-0.2100356,-8.8,0
6312,-7.807739,-0.2106371,-8.8,0
6313,-7.837386,-0.2115774,-8.8,0
6314,-7.863723,-0.2141053,-8.8,0
6315,-7.892453,-0.2149981,-8.8,0
6316,-7.916903,-0.2159521,-8.8,0
6317,-7.939593,-0.2153934,-8.8,0
6318,-7.960386,-0.2165561,-8.8,0
6319,-7.981174,-0.2200737,-8.8,0
6320,-8.001016,-0.2223431,-8.8,0
6321,-8.019887,-0.223544,-8.8,0
6322,-8.041775,-0.2279597,-8.8,0
6323,-8.068035,-0.2322314,-8.8,0
6324,-8.09381,-0.236413,-8.8,0
6325,-8.120988,-0.2387544,-8.8,0
6326,-8.150318,-0.2403344,-8.8,0
6327,-8.179038,-0.2415871,-8.8,0
6328,-8.207723,-0.2427406,-8.8,0
6329,-8.236288,-0.2437687,-8.8,0
6330,-8.262095,-0.2410856,-8.8,0
6331,-8.288533,-0.235551,-8.8,0
6332,-8.315242,-0.2295245,-8.8,0
6333,-8.341846,-0.2230983,-8.8,0
6334,-8.36985,-0.2151417,-8.8,0
6335,-8.396418,-0.2067241,-8.8,0
6336,-8.420753,-0.2002199,-8.8,0
6337,-8.445264,-0.1920072,-8.8,0
6338,-8.471462,-0.1829689,-8.8,0
6339,-8.500216,-0.1735667,-8.8,0
6340,-8.527232,-0.1647915,-8.8,0
6341,-8.554344,-0.1557868,-8.8,0
6342,-8.583293,-0.1467089,-8.8,0
6343,-8.612189,-0.1354554,-8.8,0
6344,-8.639917,-0.122236,-8.8,0
6345,-8.665586,-0.1110568,-8.8,0
6346,-8.690372,-0.09985236,8.8,0
6347,-8.716586,-0.09235828,8.8,0
6348,-8.743632,-0.08510777,8.8,0
6349,-8.772422,-0.07835844,8.8,0
6350,-8.803972,-0.07049254,8.8,0
6351,-8.838032,-0.06395382,8.8,0
6352,-8.868369,-0.05894249,8.8,0
6353,-8.896778,-0.05668014,8.8,0
6354,-8.923645,-0.0539578,8.8,0
6355,-8.951427,-0.05274691,8.8,0
6356,-8.977536,-0.05025965,8.8,0
6357,-9.004423,-0.0495953,8.8,0
6358,-9.026509,-0.05029898,8.8,0
6359,-9.043785,-0.04493256,8.8,0
6360,-9.060749,-0.03680886,8.8,0
6361,-9.076296,-0.02883475,8.8,0
6362,-9.091189,-0.0184019,8.8,0
6363,-9.10767,-0.0085009,8.8,0
6364,-9.123518,0.002377115,8.8,0
6365,-9.13964,0.01293398,8.8,0
6366,-9.158159,0.02359694,8.8,0
6367,-9.177917,0.03567402,8.8,0
6368,-9.193023,0.04536175,8.8,0
6369,-9.20307,0.05210642,8.8,0
6370,-9.210049,0.05928223,8.8,0
6371,-9.216404,0.06791139,8.8,0
6372,-9.219893,0.07512134,8.8,0
6373,-9.222994,0.08284197,8.8,0
6374,-9.225736,0.08789785,8.8,0
6375,-9.226625,0.09113726,8.8,0
6376,-9.226633,0.09234133,8.8,0
6377,-9.226612,0.09151488,8.8,0
6378,-9.22733,0.09028941,8.8,0
6379,-9.226067,0.08951037,8.8,0
6380,-9.225554,0.08974609,8.8,0
6381,-9.223052,0.0862662,8.8,0
6382,-9.219643,0.084953,8.8,0
6383,-9.216191,0.08436298,8.8,0
6384,-9.212631,0.08603346,8.8,0
6385,-9.2105,0.08855584,8.8,0
6386,-9.210229,0.09029482,8.8,0
6387,-9.212279,0.09281564,8.8,0
6388,-9.215302,0.09416208,8.8,0
6389,-9.21838,0.09565994,8.8,0
6390,-9.217861,0.09397769,8.8,0
6391,-9.217493,0.09071796,8.8,0
6392,-9.215581,0.08812844,8.8,0
6393,-9.211076,0.08464396,8.8,0
6394,-9.203749,0.08067735,8.8,0
6395,-9.193562,0.07575838,8.8,0
6396,-9.182666,0.07239772,8.8,0
6397,-9.170424,0.07020668,8.8,0
6398,-9.156081,0.06696041,8.8,0
6399,-9.141839,0.06463619,8.8,0
6400,-9.126358,0.06439796,8.8,0
6401,-9.110627,0.06425178,8.8,0
6402,-9.091893,0.06322669,8.8,0
6403,-9.070182,0.06179141,8.8,0
6404,-9.051369,0.06384305,8.8,0
6405,-9.035022,0.0661969,8.8,0
6406,-9.017648,0.06896978,8.8,0
6407,-8.996913,0.0715799,8.8,0
6408,-8.97333,0.07098282,8.8,0
6409,-8.948864,0.07187994,8.8,0
6410,-8.926061,0.07713789,8.8,0
6411,-8.902608,0.08515553,8.8,0
6412,-8.881763,0.09245717,8.8,0
6413,-8.86028,0.09869609,8.8,0
6414,-8.835294,0.103985,8.8,0
6415,-8.809191,0.111602,8.8,0
6416,-8.784299,0.1189522,8.8,0
6417,-8.758678,0.1228838,8.8,0
6418,-8.73183,0.124231,8.8,0
6419,-8.702282,0.1241009,8.8,0
6420,-8.669135,0.1249264,8.8,0
6421,-8.633852,0.1271579,8.8,0
6422,-8.598384,0.1284269,8.8,0
6423,-8.558706,0.1305169,8.8,0
6424,-8.520168,0.1348384,8.8,0
6425,-8.482959,0.1401824,8.8,0
6426,-8.444757,0.1447705,8.8,0
6427,-8.404959,0.1488635,8.8,0
6428,-8.364855,0.1520499,8.8,0
6429,-8.325776,0.1566177,8.8,0
6430,-8.289412,0.1609629,8.8,0
6431,-8.249085,0.1645255,8.8,0
6432,-8.212049,0.1663765,8.8,0
6433,-8.175696,0.1691793,8.8,0
6434,-8.138754,0.1740056,8.8,0
6435,-8.100686,0.1782674,8.8,0
6436,-8.057174,0.1854597,8.8,0
6437,-8.013747,0.1901637,8.8,0
6438,-7.969722,0.1931548,8.8,0
6439,-7.928813,0.1964446,8.8,0
6440,-7.892552,0.2022503,8.8,0
6441,-7.859313,0.2120266,8.8,0
6442,-7.82921,0.2190382,8.8,0
6443,-7.799909,0.2256128,8.8,0
6444,-7.771726,0.2311075,8.8,0
