Step,Hip_X,Hip_Z,Target_X,Target_Z
0,-0.004943761,-0.9990435,11,0
1,-0.01089375,-0.9985257,11,0
2,-0.01583476,-0.9964395,11,0
3,-0.01794761,-0.9947715,11,0
4,-0.017467,-0.9922138,11,0
5,-0.01502878,-0.9881483,11,0
6,-0.01112405,-0.9839893,11,0
7,-0.007392171,-0.9834772,11,0
8,-0.004237396,-0.9843,11,0
9,-0.003017126,-0.9859286,11,0
10,-0.0009109227,-0.9892116,11,0
11,0.004703001,-0.9941299,11,0
12,0.01023449,-0.9968393,11,0
13,0.01695318,-1.00021,11,0
14,0.02399123,-1.004023,11,0
15,0.03149409,-1.009784,11,0
16,0.0367507,-1.015412,11,0
17,0.04777081,-1.020627,11,0
18,0.06016945,-1.027785,11,0
19,0.06946455,-1.032392,11,0
20,0.07933697,-1.035787,11,0
21,0.08771668,-1.038637,11,0
22,0.09666686,-1.041801,11,0
23,0.1051902,-1.044384,11,0
24,0.1172305,-1.046969,11,0
25,0.1273969,-1.049737,11,0
26,0.1401299,-1.05172,11,0
27,0.1516245,-1.055031,11,0
28,0.1652644,-1.057036,11,0
29,0.1806493,-1.058241,11,0
30,0.1977127,-1.057018,11,0
31,0.2127975,-1.056751,11,0
32,0.2307882,-1.056471,11,0
33,0.2482216,-1.055028,11,0
34,0.265523,-1.054329,11,0
35,0.287532,-1.050198,11,0
36,0.3122236,-1.046253,11,0
37,0.3369934,-1.044624,11,0
38,0.3585436,-1.041778,11,0
39,0.3766552,-1.037402,11,0
40,0.3951788,-1.03163,11,0
41,0.4138206,-1.02968,11,0
42,0.43379,-1.025458,11,0
43,0.4565377,-1.022549,11,0
44,0.4815625,-1.020772,11,0
45,0.5057421,-1.017854,11,0
46,0.5291303,-1.013404,11,0
47,0.5539819,-1.011175,11,0
48,0.5784223,-1.009731,11,0
49,0.6019988,-1.010418,11,0
50,0.6266689,-1.013532,11,0
51,0.6529227,-1.016233,11,0
52,0.678935,-1.020438,11,0
53,0.7063408,-1.0252,11,0
54,0.7356549,-1.030611,11,0
55,0.7639265,-1.036885,11,0
56,0.789094,-1.044096,11,0
57,0.8142551,-1.05169,11,0
58,0.8402544,-1.06013,11,0
59,0.8707024,-1.070658,11,0
60,0.8992317,-1.078501,11,0
61,0.9255258,-1.08531,11,0
62,0.950438,-1.092174,11,0
63,0.9735137,-1.098874,11,0
64,0.9946475,-1.104621,11,0
65,1.016576,-1.108466,11,0
66,1.034848,-1.110491,11,0
67,1.055053,-1.111304,11,0
68,1.075287,-1.112782,11,0
69,1.093995,-1.113486,11,0
70,1.111359,-1.116316,11,0
71,1.130865,-1.11768,11,0
72,1.15486,-1.119727,11,0
73,1.177075,-1.120006,11,0
74,1.199133,-1.118996,11,0
75,1.222807,-1.117444,11,0
76,1.24338,-1.118386,11,0
77,1.26419,-1.119749,11,0
78,1.284847,-1.121372,11,0
79,1.309583,-1.122298,11,0
80,1.334262,-1.120303,11,0
81,1.360222,-1.118309,11,0
82,1.383754,-1.117557,11,0
83,1.406165,-1.11673,11,0
84,1.430311,-1.113814,11,0
85,1.456897,-1.111104,11,0
86,1.484237,-1.108775,11,0
87,1.51638,-1.105155,11,0
88,1.544938,-1.103469,11,0
89,1.574902,-1.100861,11,0
90,1.600998,-1.0959,11,0
91,1.6257,-1.090112,11,0
92,1.652752,-1.083524,11,0
93,1.680099,-1.078449,11,0
94,1.707679,-1.073414,11,0
95,1.736296,-1.066003,11,0
96,1.766976,-1.061224,11,0
97,1.798405,-1.056147,11,0
98,1.830104,-1.053513,11,0
99,1.86003,-1.050909,11,0
100,1.891188,-1.049502,11,0
101,1.92266,-1.047288,11,0
102,1.950597,-1.045188,11,0
103,1.977137,-1.044358,11,0
104,2.006709,-1.045619,11,0
105,2.035553,-1.047223,11,0
106,2.066713,-1.049656,11,0
107,2.100728,-1.05519,11,0
108,2.132236,-1.060386,11,0
109,2.165446,-1.065072,11,0
110,2.197688,-1.070163,11,0
111,2.227865,-1.075172,11,0
112,2.257393,-1.079747,11,0
113,2.289116,-1.084668,11,0
114,2.321783,-1.091272,11,0
115,2.350666,-1.098675,11,0
116,2.376655,-1.10383,11,0
117,2.404559,-1.107123,11,0
118,2.428372,-1.111452,11,0
119,2.450305,-1.11176,11,0
120,2.475214,-1.11232,11,0
121,2.49909,-1.110245,11,0
122,2.520021,-1.110429,11,0
123,2.543005,-1.109547,11,0
124,2.563168,-1.108353,11,0
125,2.583849,-1.106868,11,0
126,2.606833,-1.106354,11,0
127,2.63027,-1.102643,11,0
128,2.656029,-1.100522,11,0
129,2.681139,-1.098662,11,0
130,2.704908,-1.095226,11,0
131,2.728208,-1.09351,11,0
132,2.753487,-1.090412,11,0
133,2.779748,-1.085513,11,0
134,2.807251,-1.080193,11,0
135,2.832625,-1.074312,11,0
136,2.862494,-1.068712,11,0
137,2.894724,-1.062608,11,0
138,2.926979,-1.055164,11,0
139,2.956585,-1.045437,11,0
140,2.985019,-1.037316,11,0
141,3.014085,-1.029698,11,0
142,3.044285,-1.022286,11,0
143,3.073153,-1.0141,11,0
144,3.098157,-1.005065,11,0
145,3.122885,-0.9964846,11,0
146,3.151457,-0.9865322,11,0
147,3.182948,-0.9764797,11,0
148,3.212124,-0.9673693,11,0
149,3.241226,-0.9592542,11,0
150,3.271348,-0.9505866,11,0
151,3.30205,-0.9424021,11,0
152,3.328842,-0.9384763,11,0
153,3.353841,-0.9326891,11,0
154,3.382098,-0.9271243,11,0
155,3.410148,-0.9216948,11,0
156,3.438149,-0.9185058,11,0
157,3.464941,-0.9149428,11,0
158,3.494345,-0.9122528,11,0
159,3.526148,-0.9090658,11,0
160,3.555929,-0.9068873,11,0
161,3.586611,-0.9026037,11,0
162,3.619106,-0.8986188,11,0
163,3.64907,-0.8961447,11,0
164,3.680227,-0.8935581,11,0
165,3.711816,-0.8918253,11,0
166,3.74444,-0.8921086,11,0
167,3.779786,-0.891453,11,0
168,3.81186,-0.8915956,11,0
169,3.83796,-0.8915842,11,0
170,3.863794,-0.8915368,11,0
171,3.887952,-0.8897866,11,0
172,3.910303,-0.8879054,11,0
173,3.933996,-0.8867805,11,0
174,3.957804,-0.8839885,11,0
175,3.984551,-0.8792338,11,0
176,4.008188,-0.8747677,11,0
177,4.03086,-0.8727717,11,0
178,4.052882,-0.8655379,11,0
179,4.077329,-0.8583604,11,0
180,4.098785,-0.8519029,11,0
181,4.120258,-0.8445036,11,0
182,4.143258,-0.8352883,11,0
183,4.166427,-0.8276554,11,0
184,4.189153,-0.8209319,11,0
185,4.21252,-0.8136581,11,0
186,4.239724,-0.8045489,11,0
187,4.263391,-0.798501,11,0
188,4.287496,-0.7915329,11,0
189,4.313634,-0.7821189,11,0
190,4.341288,-0.7707985,11,0
191,4.370763,-0.7583858,11,0
192,4.399799,-0.7465441,11,0
193,4.427782,-0.7341359,11,0
194,4.456176,-0.7201893,11,0
195,4.484447,-0.7067068,11,0
196,4.512488,-0.6935809,11,0
197,4.536848,-0.6827311,11,0
198,4.562094,-0.6706911,11,0
199,4.588328,-0.6569833,11,0
200,4.617511,-0.6432289,11,0
201,4.647208,-0.6297895,11,0
202,4.673439,-0.6160014,11,0
203,4.699935,-0.6017644,11,0
204,4.724012,-0.5895529,11,0
205,4.74737,-0.5765927,11,0
206,4.771362,-0.5641572,11,0
207,4.796216,-0.5521346,11,0
208,4.824293,-0.5404418,11,0
209,4.851245,-0.5301827,11,0
210,4.877868,-0.5216754,11,0
211,4.905478,-0.5145434,11,0
212,4.935914,-0.5069014,11,0
213,4.967686,-0.4996543,11,0
214,5.001298,-0.4927442,11,0
215,5.034118,-0.4871063,11,0
216,5.066499,-0.4831415,11,0
217,5.098846,-0.4794234,11,0
218,5.129359,-0.4761736,11,0
219,5.164402,-0.4707752,11,0
220,5.199526,-0.4653472,11,0
221,5.233391,-0.4609125,11,0
222,5.266063,-0.4562566,11,0
223,5.299297,-0.4522065,11,0
224,5.329002,-0.4478182,11,0
225,5.352342,-0.442689,11,0
226,5.375875,-0.4376851,11,0
227,5.398633,-0.4321234,11,0
228,5.422753,-0.4245175,11,0
229,5.446517,-0.4175289,11,0
230,5.468824,-0.4102143,11,0
231,5.48922,-0.4022893,11,0
232,5.512238,-0.3938726,11,0
233,5.535245,-0.3845162,11,0
234,5.556135,-0.3753555,11,0
235,5.576723,-0.3661871,11,0
236,5.598164,-0.3589019,11,0
237,5.618391,-0.3519844,11,0
238,5.639188,-0.3420436,11,0
239,5.662194,-0.3300511,11,0
240,5.686707,-0.3194416,11,0
241,5.710148,-0.3088413,11,0
242,5.735878,-0.3002251,11,0
243,5.763755,-0.2904282,11,0
244,5.793956,-0.2795053,11,0
245,5.820107,-0.266754,11,0
246,5.848604,-0.251569,11,0
247,5.880441,-0.2353063,11,0
248,5.909854,-0.2217653,11,0
249,5.936197,-0.2093422,11,0
250,5.959475,-0.1959994,11,0
251,5.985023,-0.1830945,11,0
252,6.011634,-0.1704943,11,0
253,6.035686,-0.1553744,11,0
254,6.060868,-0.1417307,11,0
255,6.085966,-0.1289352,11,0
256,6.114036,-0.1135479,11,0
257,6.1391,-0.1021924,11,0
258,6.162967,-0.09157801,11,0
259,6.18636,-0.08220232,11,0
260,6.212845,-0.07255006,11,0
261,6.240738,-0.0628103,11,0
262,6.270006,-0.05417317,-11,0
263,6.292747,-0.04868203,-11,0
264,6.31807,-0.04497427,-11,0
265,6.348404,-0.04091561,-11,0
266,6.386984,-0.0352158,-11,0
267,6.428565,-0.02792883,-11,0
268,6.466494,-0.01857299,-11,0
269,6.498371,-0.008062661,-11,0
270,6.526749,0.001891494,-11,0
271,6.549725,0.01004887,-11,0
272,6.568281,0.01697147,-11,0
273,6.580357,0.02000678,-11,0
274,6.592348,0.02380526,-11,0
275,6.610813,0.02446556,-11,0
276,6.632905,0.02623677,-11,0
277,6.654671,0.03053069,-11,0
278,6.67437,0.03734815,-11,0
279,6.691395,0.04557931,-11,0
280,6.703321,0.05340254,-11,0
281,6.713421,0.06095982,-11,0
282,6.721241,0.06851566,-11,0
283,6.724991,0.07594776,-11,0
284,6.727376,0.08711731,-11,0
285,6.728839,0.09718537,-11,0
286,6.726368,0.1090864,-11,0
287,6.723606,0.1214672,-11,0
288,6.717433,0.1315392,-11,0
289,6.715048,0.1397799,-11,0
290,6.714002,0.1459327,-11,0
291,6.713556,0.1509888,-11,0
292,6.711596,0.1571214,-11,0
293,6.70549,0.1642711,-11,0
294,6.697243,0.1698568,-11,0
295,6.687589,0.1752832,-11,0
296,6.677597,0.1814154,-11,0
297,6.667039,0.1866164,-11,0
298,6.654963,0.1932398,-11,0
299,6.642201,0.1992083,-11,0
300,6.629606,0.2035965,-11,0
301,6.61483,0.208715,-11,0
302,6.602001,0.2129011,-11,0
303,6.590575,0.2156603,-11,0
304,6.581434,0.2214024,-11,0
305,6.569309,0.2266976,-11,0
306,6.556702,0.2318861,-11,0
307,6.544015,0.237229,-11,0
308,6.533327,0.2411778,-11,0
309,6.522758,0.2451156,-11,0
310,6.510509,0.2510364,-11,0
311,6.498535,0.2583355,-11,0
312,6.483856,0.2640663,-11,0
313,6.466937,0.2691391,-11,0
314,6.450954,0.2750092,-11,0
315,6.43291,0.2823613,-11,0
316,6.414695,0.2911553,-11,0
317,6.396287,0.3001188,-11,0
318,6.375952,0.312502,-11,0
319,6.353343,0.3276141,-11,0
320,6.330329,0.3431754,-11,0
321,6.310702,0.3578441,-11,0
322,6.293567,0.3720577,-11,0
323,6.275058,0.3862818,-11,0
324,6.256042,0.401015,-11,0
325,6.238902,0.4147873,-11,0
326,6.220386,0.4298447,-11,0
327,6.202824,0.4453534,-11,0
328,6.184634,0.4622822,-11,0
329,6.169253,0.4753139,-11,0
330,6.152303,0.4876219,-11,0
331,6.137125,0.497395,-11,0
332,6.121902,0.5060358,-11,0
333,6.106555,0.5125746,-11,0
334,6.091491,0.5202143,-11,0
335,6.075937,0.5263503,-11,0
336,6.061118,0.5312133,-11,0
337,6.045215,0.5381016,-11,0
338,6.030949,0.5433072,-11,0
339,6.014646,0.5514419,-11,0
340,5.99753,0.5598558,-11,0
341,5.97684,0.5666913,-11,0
342,5.959495,0.5723493,-11,0
343,5.943568,0.5775967,-11,0
344,5.926699,0.584507,-11,0
345,5.907914,0.5920004,-11,0
346,5.884874,0.5981725,-11,0
347,5.865048,0.6041574,-11,0
348,5.840053,0.609653,-11,0
349,5.820079,0.6155118,-11,0
350,5.799956,0.6216469,-11,0
351,5.779181,0.6255708,-11,0
352,5.755016,0.6293349,-11,0
353,5.730674,0.6333408,-11,0
354,5.702756,0.6376308,-11,0
355,5.672376,0.6408722,-11,0
356,5.642176,0.644609,-11,0
357,5.614314,0.6471956,-11,0
358,5.587893,0.6501353,-11,0
359,5.564374,0.6515909,-11,0
360,5.541376,0.6555643,-11,0
361,5.515432,0.6582806,-11,0
362,5.48994,0.6604233,-11,0
363,5.467237,0.6604736,-11,0
364,5.442958,0.6618555,-11,0
365,5.416427,0.6658251,-11,0
366,5.390939,0.6689341,-11,0
367,5.365949,0.6728473,-11,0
368,5.340581,0.6778438,-11,0
369,5.315956,0.6820722,-11,0
370,5.289516,0.6849012,-11,0
371,5.260754,0.6891693,-11,0
372,5.233491,0.6955084,-11,0
373,5.205213,0.7049048,-11,0
374,5.17604,0.7163506,-11,0
375,5.148134,0.7282984,-11,0
376,5.119333,0.7422686,-11,0
377,5.090565,0.7563968,-11,0
378,5.063501,0.7696643,-11,0
379,5.037506,0.7826458,-11,0
380,5.013058,0.7941991,-11,0
381,4.987278,0.8073411,-11,0
382,4.95972,0.8218071,-11,0
383,4.932429,0.834877,-11,0
384,4.90575,0.8473375,-11,0
385,4.880199,0.8599893,-11,0
386,4.855248,0.871677,-11,0
387,4.830727,0.8821084,-11,0
388,4.80937,0.8899314,-11,0
389,4.787639,0.8966265,-11,0
390,4.76846,0.9045367,-11,0
391,4.748347,0.9119806,-11,0
392,4.728435,0.9184929,-11,0
393,4.705388,0.9231179,-11,0
394,4.680167,0.9312173,-11,0
395,4.656282,0.9363291,-11,0
396,4.631004,0.9432211,-11,0
397,4.60773,0.9485886,-11,0
398,4.58646,0.9548128,-11,0
399,4.563846,0.9611771,-11,0
400,4.543787,0.9685671,-11,0
401,4.520431,0.9756172,-11,0
402,4.495133,0.9824125,-11,0
403,4.467263,0.9886532,-11,0
404,4.441405,0.9942348,-11,0
405,4.413811,0.9998062,-11,0
406,4.388182,1.004448,-11,0
407,4.35769,1.007486,-11,0
408,4.3254,1.007922,-11,0
409,4.290818,1.01045,-11,0
410,4.25412,1.012309,-11,0
411,4.221323,1.013673,-11,0
412,4.192062,1.01588,-11,0
413,4.165357,1.015841,-11,0
414,4.139138,1.01795,-11,0
415,4.113975,1.018781,-11,0
416,4.089582,1.01961,-11,0
417,4.062232,1.021632,-11,0
418,4.03188,1.026262,-11,0
419,4.004489,1.031002,-11,0
420,3.976414,1.033929,-11,0
421,3.950743,1.035679,-11,0
422,3.924476,1.03732,-11,0
423,3.897571,1.040869,-11,0
424,3.870002,1.046215,-11,0
425,3.841225,1.051724,-11,0
426,3.814106,1.056574,-11,0
427,3.786169,1.063,-11,0
428,3.756753,1.072721,-11,0
429,3.727707,1.085628,-11,0
430,3.696424,1.098547,-11,0
431,3.665365,1.110971,-11,0
432,3.635288,1.123993,-11,0
433,3.605544,1.137461,-11,0
434,3.575547,1.150508,-11,0
435,3.547078,1.161956,-11,0
436,3.518716,1.174316,-11,0
437,3.490646,1.187026,-11,0
438,3.463481,1.198075,-11,0
439,3.433784,1.206643,-11,0
440,3.409166,1.215917,-11,0
441,3.384562,1.224619,-11,0
442,3.365639,1.229435,-11,0
443,3.344392,1.234273,-11,0
444,3.324399,1.23981,-11,0
445,3.302745,1.243984,-11,0
446,3.283123,1.24903,-11,0
447,3.259268,1.253564,-11,0
448,3.234171,1.259656,-11,0
449,3.209096,1.263147,-11,0
450,3.184008,1.266279,-11,0
451,3.158206,1.269514,-11,0
452,3.133913,1.272214,-11,0
453,3.110074,1.273835,-11,0
454,3.084304,1.278074,-11,0
455,3.062049,1.280275,-11,0
456,3.037084,1.281545,-11,0
457,3.010233,1.283627,-11,0
458,2.984987,1.285586,-11,0
459,2.958493,1.287197,-11,0
460,2.93426,1.287727,-11,0
461,2.908397,1.287497,-11,0
462,2.88016,1.289688,-11,0
463,2.848047,1.289672,-11,0
464,2.81246,1.287344,-11,0
465,2.779248,1.286465,-11,0
466,2.749421,1.28913,-11,0
467,2.722279,1.290661,-11,0
468,2.696172,1.291645,-11,0
469,2.669345,1.2902,-11,0
470,2.64238,1.290951,-11,0
471,2.616423,1.293455,-11,0
472,2.59038,1.293628,-11,0
473,2.562019,1.294708,-11,0
474,2.535534,1.295413,-11,0
475,2.505564,1.296657,-11,0
476,2.472588,1.299013,-11,0
477,2.442519,1.302029,-11,0
478,2.415955,1.305373,9.526278,-5.5
479,2.391933,1.311532,9.526278,-5.5
480,2.364356,1.321203,9.526278,-5.5
481,2.33399,1.330193,9.526278,-5.5
482,2.300425,1.340232,9.526278,-5.5
483,2.266826,1.349272,9.526278,-5.5
484,2.236832,1.358438,9.526278,-5.5
485,2.211423,1.367048,9.526278,-5.5
486,2.189777,1.37072,9.526278,-5.5
487,2.173549,1.374992,9.526278,-5.5
488,2.162511,1.379946,9.526278,-5.5
489,2.152423,1.388849,9.526278,-5.5
490,2.137806,1.396719,9.526278,-5.5
491,2.121161,1.406002,9.526278,-5.5
492,2.10209,1.415069,9.526278,-5.5
493,2.085481,1.424285,9.526278,-5.5
494,2.070418,1.429115,9.526278,-5.5
495,2.058861,1.429466,9.526278,-5.5
496,2.048905,1.427642,9.526278,-5.5
497,2.041887,1.421869,9.526278,-5.5
498,2.034469,1.415697,9.526278,-5.5
499,2.026528,1.407647,9.526278,-5.5
500,2.021518,1.394866,9.526278,-5.5
501,2.019079,1.38126,9.526278,-5.5
502,2.019571,1.368645,9.526278,-5.5
503,2.022324,1.359334,9.526278,-5.5
504,2.023678,1.35321,9.526278,-5.5
505,2.025667,1.348174,9.526278,-5.5
506,2.028219,1.341439,9.526278,-5.5
507,2.031696,1.333232,9.526278,-5.5
508,2.032093,1.323136,9.526278,-5.5
509,2.033068,1.313852,9.526278,-5.5
510,2.033824,1.302944,9.526278,-5.5
511,2.038597,1.288409,9.526278,-5.5
512,2.04373,1.273904,9.526278,-5.5
513,2.050524,1.259968,9.526278,-5.5
514,2.060261,1.246843,9.526278,-5.5
515,2.06831,1.237329,9.526278,-5.5
516,2.077333,1.226365,9.526278,-5.5
517,2.086879,1.21508,9.526278,-5.5
518,2.09544,1.203421,9.526278,-5.5
519,2.106032,1.193582,9.526278,-5.5
520,2.116775,1.182424,9.526278,-5.5
521,2.127898,1.170193,9.526278,-5.5
522,2.140475,1.157785,9.526278,-5.5
523,2.15288,1.145121,9.526278,-5.5
524,2.163815,1.133194,9.526278,-5.5
525,2.175331,1.119029,9.526278,-5.5
526,2.187843,1.106478,9.526278,-5.5
527,2.200691,1.093918,9.526278,-5.5
528,2.213623,1.07975,9.526278,-5.5
529,2.228161,1.063469,9.526278,-5.5
530,2.2428,1.046999,9.526278,-5.5
531,2.256735,1.029654,9.526278,-5.5
532,2.269309,1.011757,9.526278,-5.5
533,2.28422,0.9906893,9.526278,-5.5
534,2.298337,0.9695764,9.526278,-5.5
535,2.313551,0.9458441,9.526278,-5.5
536,2.327288,0.9213824,9.526278,-5.5
537,2.339922,0.8965623,9.526278,-5.5
538,2.351645,0.8740265,9.526278,-5.5
539,2.366001,0.8514845,9.526278,-5.5
540,2.37893,0.8281965,9.526278,-5.5
541,2.393191,0.8028018,9.526278,-5.5
542,2.410471,0.7778437,9.526278,-5.5
543,2.428413,0.7534478,9.526278,-5.5
544,2.44282,0.7282308,9.526278,-5.5
545,2.456068,0.7027357,9.526278,-5.5
546,2.469127,0.6783352,9.526278,-5.5
547,2.483486,0.6536131,9.526278,-5.5
548,2.49542,0.6326735,9.526278,-5.5
549,2.510169,0.6165373,9.526278,-5.5
550,2.525296,0.6008286,9.526278,-5.5
551,2.539056,0.58495,9.526278,-5.5
552,2.55511,0.570189,9.526278,-5.5
553,2.571458,0.5551788,9.526278,-5.5
554,2.58787,0.5403227,9.526278,-5.5
555,2.606558,0.5240965,9.526278,-5.5
556,2.624877,0.5098071,9.526278,-5.5
557,2.641788,0.4983017,9.526278,-5.5
558,2.659605,0.486347,9.526278,-5.5
559,2.67788,0.4735932,9.526278,-5.5
560,2.695329,0.4607227,9.526278,-5.5
561,2.714611,0.4478865,9.526278,-5.5
562,2.732552,0.4341433,9.526278,-5.5
563,2.750757,0.419853,9.526278,-5.5
564,2.772308,0.4043748,9.526278,-5.5
565,2.795043,0.3877907,9.526278,-5.5
566,2.81611,0.372153,9.526278,-5.5
567,2.837818,0.35776,9.526278,-5.5
568,2.862493,0.3448569,9.526278,-5.5
569,2.888787,0.3322688,9.526278,-5.5
570,2.915548,0.3187025,9.526278,-5.5
571,2.939846,0.3047584,9.526278,-5.5
572,2.964128,0.2922597,9.526278,-5.5
573,2.988734,0.280031,9.526278,-5.5
574,3.014064,0.268996,9.526278,-5.5
575,3.042554,0.2603145,9.526278,-5.5
576,3.076457,0.2505043,9.526278,-5.5
577,3.104822,0.2404038,9.526278,-5.5
578,3.133165,0.2288781,9.526278,-5.5
579,3.162021,0.2185266,9.526278,-5.5
580,3.192276,0.2071582,9.526278,-5.5
581,3.22139,0.1969944,9.526278,-5.5
582,3.248796,0.1840905,9.526278,-5.5
583,3.275846,0.1683787,-9.526278,5.5
584,3.30306,0.1525967,-9.526278,5.5
585,3.327915,0.1364566,-9.526278,5.5
586,3.352275,0.117522,-9.526278,5.5
587,3.375152,0.09462106,-9.526278,5.5
588,3.396873,0.06922495,-9.526278,5.5
589,3.423623,0.043486,-9.526278,5.5
590,3.453829,0.02111959,-9.526278,5.5
591,3.483501,0.003563404,-9.526278,5.5
592,3.516784,-0.009613693,-9.526278,5.5
593,3.551136,-0.01769948,-9.526278,5.5
594,3.578919,-0.02293336,-9.526278,5.5
595,3.599605,-0.02803177,-9.526278,5.5
596,3.614646,-0.03448653,-9.526278,5.5
597,3.626323,-0.04256791,-9.526278,5.5
598,3.637836,-0.05422765,-9.526278,5.5
599,3.65303,-0.06523877,-9.526278,5.5
600,3.669017,-0.07478601,-9.526278,5.5
601,3.688905,-0.08396804,-9.526278,5.5
602,3.708455,-0.0912993,-9.526278,5.5
603,3.726764,-0.09868979,-9.526278,5.5
604,3.745228,-0.1070592,-9.526278,5.5
605,3.760192,-0.1167384,-9.526278,5.5
606,3.769889,-0.1201451,-9.526278,5.5
607,3.778099,-0.1181483,-9.526278,5.5
608,3.784501,-0.1137903,-9.526278,5.5
609,3.789085,-0.1094434,-9.526278,5.5
610,3.789522,-0.099742,-9.526278,5.5
611,3.787295,-0.09010935,-9.526278,5.5
612,3.784557,-0.08074009,-9.526278,5.5
613,3.784662,-0.075477,-9.526278,5.5
614,3.78594,-0.06923765,-9.526278,5.5
615,3.784811,-0.06323534,-9.526278,5.5
616,3.782768,-0.05626607,-9.526278,5.5
617,3.781671,-0.04869759,-9.526278,5.5
618,3.778286,-0.04358619,-9.526278,5.5
619,3.772057,-0.03477979,-9.526278,5.5
620,3.765503,-0.02552414,-9.526278,5.5
621,3.756852,-0.0144586,-9.526278,5.5
622,3.74648,-0.002712548,-9.526278,5.5
623,3.734983,0.008714318,-9.526278,5.5
624,3.723302,0.02077746,-9.526278,5.5
625,3.709625,0.03288782,-9.526278,5.5
626,3.695794,0.04380858,-9.526278,5.5
627,3.683329,0.05251586,-9.526278,5.5
628,3.672441,0.06032574,-9.526278,5.5
629,3.661847,0.06789982,-9.526278,5.5
630,3.648486,0.07947457,-9.526278,5.5
631,3.633706,0.09179533,-9.526278,5.5
632,3.615881,0.105269,-9.526278,5.5
633,3.600763,0.1190341,-9.526278,5.5
634,3.584632,0.1336296,-9.526278,5.5
635,3.571379,0.1446005,-9.526278,5.5
636,3.559067,0.1556556,-9.526278,5.5
637,3.544137,0.1665348,-9.526278,5.5
638,3.527763,0.1813446,-9.526278,5.5
639,3.512637,0.1977391,-9.526278,5.5
640,3.496583,0.2150947,-9.526278,5.5
641,3.480225,0.2346537,-9.526278,5.5
642,3.463843,0.255164,-9.526278,5.5
643,3.448837,0.2774456,-9.526278,5.5
644,3.433356,0.3017553,-9.526278,5.5
645,3.417681,0.3259388,-9.526278,5.5
646,3.403577,0.350221,-9.526278,5.5
647,3.390689,0.3720348,-9.526278,5.5
648,3.379159,0.3935876,-9.526278,5.5
649,3.367305,0.4140406,-9.526278,5.5
650,3.356705,0.4351043,-9.526278,5.5
651,3.347082,0.4549688,-9.526278,5.5
652,3.337595,0.47445,-9.526278,5.5
653,3.325721,0.4941814,-9.526278,5.5
654,3.310221,0.5167234,-9.526278,5.5
655,3.299009,0.5373237,-9.526278,5.5
656,3.287513,0.5548941,-9.526278,5.5
657,3.277985,0.5711114,-9.526278,5.5
658,3.267183,0.588176,-9.526278,5.5
659,3.257288,0.6043986,-9.526278,5.5
660,3.246058,0.6218574,-9.526278,5.5
661,3.234132,0.6378884,-9.526278,5.5
662,3.219916,0.6543237,-9.526278,5.5
663,3.204005,0.6714616,-9.526278,5.5
664,3.188688,0.6876955,-9.526278,5.5
665,3.175272,0.7009058,-9.526278,5.5
666,3.162279,0.7128987,-9.526278,5.5
667,3.148721,0.7244693,-9.526278,5.5
668,3.135639,0.7382171,-9.526278,5.5
669,3.120681,0.752579,-9.526278,5.5
670,3.104978,0.7683384,-9.526278,5.5
671,3.088461,0.7847521,-9.526278,5.5
672,3.070644,0.8029622,-9.526278,5.5
673,3.053133,0.820194,-9.526278,5.5
674,3.034004,0.8368773,-9.526278,5.5
675,3.009821,0.85446,-9.526278,5.5
676,2.986181,0.8728743,-9.526278,5.5
677,2.959196,0.89204,-9.526278,5.5
678,2.933188,0.909802,-9.526278,5.5
679,2.905964,0.9302075,-9.526278,5.5
680,2.882663,0.9501923,-9.526278,5.5
681,2.860975,0.968084,-9.526278,5.5
682,2.841706,0.9821386,-9.526278,5.5
683,2.822821,0.995795,-9.526278,5.5
684,2.801762,1.009578,-9.526278,5.5
685,2.782527,1.024898,-9.526278,5.5
686,2.762663,1.040472,-9.526278,5.5
687,2.741495,1.053926,-9.526278,5.5
688,2.717266,1.071491,-9.526278,5.5
689,2.693008,1.086501,-9.526278,5.5
690,2.670577,1.103931,-9.526278,5.5
691,2.648261,1.121088,-9.526278,5.5
692,2.627263,1.138493,-9.526278,5.5
693,2.606889,1.154995,-9.526278,5.5
694,2.58628,1.175016,-9.526278,5.5
695,2.566493,1.194954,-9.526278,5.5
696,2.546383,1.219347,-9.526278,5.5
697,2.525268,1.241545,-9.526278,5.5
698,2.504581,1.267576,-9.526278,5.5
699,2.484634,1.292951,-9.526278,5.5
700,2.463904,1.317677,-9.526278,5.5
701,2.444757,1.342917,-9.526278,5.5
702,2.424123,1.368732,-9.526278,5.5
703,2.403652,1.39529,-9.526278,5.5
704,2.385056,1.419649,-9.526278,5.5
705,2.363467,1.443801,-9.526278,5.5
706,2.341611,1.469004,-9.526278,5.5
707,2.319668,1.491572,-9.526278,5.5
708,2.299182,1.514545,-9.526278,5.5
709,2.280354,1.533262,-9.526278,5.5
710,2.260793,1.553319,-9.526278,5.5
711,2.243245,1.572038,-9.526278,5.5
712,2.224393,1.588425,-9.526278,5.5
713,2.208118,1.602769,-9.526278,5.5
714,2.194516,1.616072,-9.526278,5.5
715,2.176742,1.633078,-9.526278,5.5
716,2.15761,1.65071,-9.526278,5.5
717,2.13944,1.665661,-9.526278,5.5
718,2.119919,1.681054,-9.526278,5.5
719,2.098591,1.695683,-9.526278,5.5
720,2.079484,1.710877,-9.526278,5.5
721,2.061009,1.726788,-9.526278,5.5
722,2.042493,1.743164,-9.526278,5.5
723,2.021945,1.760051,-9.526278,5.5
724,1.999857,1.778326,-9.526278,5.5
725,1.977991,1.793658,-9.526278,5.5
726,1.95649,1.808604,-9.526278,5.5
727,1.932969,1.823213,-9.526278,5.5
728,1.909292,1.838639,-9.526278,5.5
729,1.880284,1.854993,-9.526278,5.5
730,1.849444,1.872543,-9.526278,5.5
731,1.815161,1.89021,-9.526278,5.5
732,1.783253,1.905332,-9.526278,5.5
733,1.754167,1.919086,-9.526278,5.5
734,1.724054,1.936326,-9.526278,5.5
735,1.698882,1.950897,-9.526278,5.5
736,1.675038,1.962937,-9.526278,5.5
737,1.650331,1.974995,-9.526278,5.5
738,1.628332,1.991562,-9.526278,5.5
739,1.606927,2.00587,-9.526278,5.5
740,1.581346,2.01852,-9.526278,5.5
741,1.556151,2.033848,-9.526278,5.5
742,1.531227,2.048455,-9.526278,5.5
743,1.506979,2.065903,-9.526278,5.5
744,1.482874,2.083258,-9.526278,5.5
745,1.458165,2.100305,-9.526278,5.5
746,1.43333,2.118412,-9.526278,5.5
747,1.411528,2.137411,-9.526278,5.5
748,1.390865,2.157503,-9.526278,5.5
749,1.368135,2.178182,-9.526278,5.5
750,1.345525,2.200738,-9.526278,5.5
751,1.322724,2.222885,-9.526278,5.5
752,1.297147,2.246574,-9.526278,5.5
753,1.270386,2.27127,-9.526278,5.5
754,1.24236,2.296084,-9.526278,5.5
755,1.215445,2.322183,-9.526278,5.5
756,1.18957,2.345219,-9.526278,5.5
757,1.165928,2.36985,-9.526278,5.5
758,1.140851,2.393214,-9.526278,5.5
759,1.112816,2.415957,-9.526278,5.5
760,1.086533,2.438541,-9.526278,5.5
761,1.063866,2.454485,-9.526278,5.5
762,1.042493,2.470539,-9.526278,5.5
763,1.020196,2.488926,-9.526278,5.5
764,1.000666,2.503422,-9.526278,5.5
765,0.9836497,2.514792,-9.526278,5.5
766,0.9676876,2.526185,-9.526278,5.5
767,0.9503278,2.539011,-9.526278,5.5
768,0.928601,2.554683,-9.526278,5.5
769,0.9058115,2.568941,-9.526278,5.5
770,0.880286,2.585274,-9.526278,5.5
771,0.856369,2.601856,-9.526278,5.5
772,0.8320698,2.617589,-9.526278,5.5
773,0.811233,2.631714,-9.526278,5.5
774,0.7918001,2.642992,-9.526278,5.5
775,0.7713063,2.656075,-9.526278,5.5
776,0.7479739,2.670941,-9.526278,5.5
777,0.7218136,2.687105,-9.526278,5.5
778,0.6973142,2.700536,-9.526278,5.5
779,0.6697043,2.713766,-9.526278,5.5
780,0.6452584,2.726494,-9.526278,5.5
781,0.6185789,2.738595,-9.526278,5.5
782,0.5949698,2.747862,-9.526278,5.5
783,0.5660842,2.758532,-9.526278,5.5
784,0.534609,2.771166,-9.526278,5.5
785,0.5027098,2.783775,-9.526278,5.5
786,0.4709564,2.797527,-9.526278,5.5
787,0.4407555,2.810629,-9.526278,5.5
788,0.4143579,2.822743,-9.526278,5.5
789,0.3917778,2.831399,-9.526278,5.5
790,0.3674146,2.839929,-9.526278,5.5
791,0.341709,2.849433,-9.526278,5.5
792,0.3133571,2.858323,-9.526278,5.5
793,0.2859802,2.867956,-9.526278,5.5
794,0.2577878,2.881496,-9.526278,5.5
795,0.2281177,2.895334,-9.526278,5.5
796,0.2014473,2.90592,-9.526278,5.5
797,0.174653,2.917337,-9.526278,5.5
798,0.1489611,2.927961,-9.526278,5.5
799,0.1235844,2.939038,-9.526278,5.5
800,0.09822847,2.950647,-9.526278,5.5
801,0.0712209,2.964145,-9.526278,5.5
802,0.04376093,2.982381,-9.526278,5.5
803,0.01876367,2.999366,-9.526278,5.5
804,-0.008496638,3.020723,-9.526278,5.5
805,-0.03603264,3.042243,-9.526278,5.5
806,-0.06201781,3.060148,-9.526278,5.5
807,-0.08808386,3.078377,-9.526278,5.5
808,-0.1136821,3.097659,-9.526278,5.5
809,-0.1392399,3.114988,-9.526278,5.5
810,-0.1659566,3.13469,-9.526278,5.5
811,-0.1910262,3.155148,-9.526278,5.5
812,-0.216051,3.175777,-9.526278,5.5
813,-0.2395628,3.195434,-9.526278,5.5
814,-0.2634678,3.213716,-9.526278,5.5
815,-0.2860127,3.229065,-9.526278,5.5
816,-0.3093711,3.243952,-9.526278,5.5
817,-0.3277701,3.255899,-9.526278,5.5
818,-0.3464518,3.267139,-9.526278,5.5
819,-0.3618636,3.276862,-9.526278,5.5
820,-0.3793059,3.287911,-9.526278,5.5
821,-0.4003435,3.296426,-9.526278,5.5
822,-0.4211323,3.303756,-9.526278,5.5
823,-0.4435582,3.311033,-9.526278,5.5
824,-0.464434,3.320536,-9.526278,5.5
825,-0.4839214,3.329292,-9.526278,5.5
826,-0.5055661,3.338846,-9.526278,5.5
827,-0.5283058,3.350134,-9.526278,5.5
828,-0.5514145,3.360916,-9.526278,5.5
829,-0.5767573,3.370387,-9.526278,5.5
830,-0.599709,3.380282,-9.526278,5.5
831,-0.6222026,3.389068,-9.526278,5.5
832,-0.6462303,3.3987,-9.526278,5.5
833,-0.6707294,3.408626,-9.526278,5.5
834,-0.6952696,3.418756,-9.526278,5.5
835,-0.7201121,3.429115,-9.526278,5.5
836,-0.7442033,3.439188,-9.526278,5.5
837,-0.7729744,3.448126,-9.526278,5.5
838,-0.8025758,3.457753,-9.526278,5.5
839,-0.8353187,3.466113,-9.526278,5.5
840,-0.8686538,3.473405,-9.526278,5.5
841,-0.9020315,3.482581,-9.526278,5.5
842,-0.9327849,3.489824,-9.526278,5.5
843,-0.9585058,3.497908,-9.526278,5.5
844,-0.982877,3.505324,-9.526278,5.5
845,-1.005412,3.51137,-9.526278,5.5
846,-1.029371,3.519412,-9.526278,5.5
847,-1.054422,3.526024,-9.526278,5.5
848,-1.082286,3.531473,-9.526278,5.5
849,-1.109503,3.540031,-9.526278,5.5
850,-1.138737,3.55057,-9.526278,5.5
851,-1.168818,3.561156,-9.526278,5.5
852,-1.19671,3.570809,-9.526278,5.5
853,-1.226041,3.582775,-9.526278,5.5
854,-1.253348,3.593739,-9.526278,5.5
855,-1.28048,3.607836,-9.526278,5.5
856,-1.308206,3.622871,-9.526278,5.5
857,-1.335189,3.640419,-9.526278,5.5
858,-1.361741,3.65945,-9.526278,5.5
859,-1.388548,3.680392,-9.526278,5.5
860,-1.414173,3.698307,-9.526278,5.5
861,-1.439257,3.716961,-9.526278,5.5
862,-1.463482,3.73631,5.5,-9.526279
863,-1.485632,3.751544,5.5,-9.526279
864,-1.509506,3.765246,5.5,-9.526279
865,-1.534234,3.775304,5.5,-9.526279
866,-1.556493,3.784733,5.5,-9.526279
867,-1.579792,3.793879,5.5,-9.526279
868,-1.598138,3.803303,5.5,-9.526279
869,-1.616844,3.811857,5.5,-9.526279
870,-1.632808,3.818755,5.5,-9.526279
871,-1.64663,3.828505,5.5,-9.526279
872,-1.663294,3.839133,5.5,-9.526279
873,-1.679735,3.848814,5.5,-9.526279
874,-1.695971,3.860656,5.5,-9.526279
875,-1.711704,3.875711,5.5,-9.526279
876,-1.729478,3.888612,5.5,-9.526279
877,-1.747572,3.897729,5.5,-9.526279
878,-1.76264,3.906828,5.5,-9.526279
879,-1.775339,3.911172,5.5,-9.526279
880,-1.78521,3.912064,5.5,-9.526279
881,-1.791573,3.906849,5.5,-9.526279
882,-1.79588,3.903127,5.5,-9.526279
883,-1.800316,3.899593,5.5,-9.526279
884,-1.804327,3.895848,5.5,-9.526279
885,-1.806296,3.890364,5.5,-9.526279
886,-1.806826,3.881197,5.5,-9.526279
887,-1.806812,3.869777,5.5,-9.526279
888,-1.804539,3.85712,5.5,-9.526279
889,-1.80068,3.846123,5.5,-9.526279
890,-1.794642,3.836519,5.5,-9.526279
891,-1.787213,3.823443,5.5,-9.526279
892,-1.78261,3.809777,5.5,-9.526279
893,-1.773862,3.791444,5.5,-9.526279
894,-1.765476,3.775662,5.5,-9.526279
895,-1.757617,3.760573,5.5,-9.526279
896,-1.748578,3.742119,5.5,-9.526279
897,-1.741441,3.726069,5.5,-9.526279
898,-1.732691,3.708834,5.5,-9.526279
899,-1.726516,3.69406,5.5,-9.526279
900,-1.717875,3.677762,5.5,-9.526279
901,-1.711204,3.664178,5.5,-9.526279
902,-1.699751,3.649029,5.5,-9.526279
903,-1.687713,3.63012,5.5,-9.526279
904,-1.675465,3.611228,5.5,-9.526279
905,-1.664518,3.590768,5.5,-9.526279
906,-1.656286,3.569079,5.5,-9.526279
907,-1.648766,3.549111,5.5,-9.526279
908,-1.641415,3.530052,5.5,-9.526279
909,-1.635409,3.508114,5.5,-9.526279
910,-1.629895,3.484204,5.5,-9.526279
911,-1.624364,3.461717,5.5,-9.526279
912,-1.619982,3.436974,5.5,-9.526279
913,-1.616642,3.411674,5.5,-9.526279
914,-1.614629,3.38763,5.5,-9.526279
915,-1.613256,3.358963,5.5,-9.526279
916,-1.613125,3.329091,5.5,-9.526279
917,-1.61344,3.302766,5.5,-9.526279
918,-1.612071,3.277629,5.5,-9.526279
919,-1.612175,3.249273,5.5,-9.526279
920,-1.611581,3.222944,5.5,-9.526279
921,-1.610403,3.198924,5.5,-9.526279
922,-1.609754,3.177096,5.5,-9.526279
923,-1.60832,3.157896,5.5,-9.526279
924,-1.604811,3.13351,5.5,-9.526279
925,-1.602727,3.113886,5.5,-9.526279
926,-1.599721,3.097746,5.5,-9.526279
927,-1.596941,3.078437,5.5,-9.526279
928,-1.594224,3.057773,5.5,-9.526279
929,-1.593221,3.04162,5.5,-9.526279
930,-1.587191,3.023458,5.5,-9.526279
931,-1.585074,3.002068,5.5,-9.526279
932,-1.58047,2.979493,5.5,-9.526279
933,-1.575699,2.959544,5.5,-9.526279
934,-1.570116,2.939611,5.5,-9.526279
935,-1.564232,2.917613,5.5,-9.526279
936,-1.556743,2.895726,5.5,-9.526279
937,-1.549582,2.872805,5.5,-9.526279
938,-1.543376,2.852901,5.5,-9.526279
939,-1.536339,2.833426,5.5,-9.526279
940,-1.530411,2.812908,5.5,-9.526279
941,-1.524208,2.791191,5.5,-9.526279
942,-1.518268,2.769407,5.5,-9.526279
943,-1.511377,2.748763,5.5,-9.526279
944,-1.503218,2.727896,5.5,-9.526279
945,-1.492719,2.70188,5.5,-9.526279
946,-1.481657,2.67688,5.5,-9.526279
947,-1.469907,2.647972,5.5,-9.526279
948,-1.459104,2.620072,5.5,-9.526279
949,-1.447114,2.592583,5.5,-9.526279
950,-1.437997,2.567334,5.5,-9.526279
951,-1.430962,2.54482,5.5,-9.526279
952,-1.423923,2.524082,5.5,-9.526279
953,-1.415486,2.50048,5.5,-9.526279
954,-1.40668,2.474903,5.5,-9.526279
955,-1.395662,2.447171,5.5,-9.526279
956,-1.38507,2.41981,5.5,-9.526279
957,-1.372339,2.392185,5.5,-9.526279
958,-1.362833,2.364813,5.5,-9.526279
959,-1.353031,2.339747,5.5,-9.526279
960,-1.342626,2.317368,5.5,-9.526279
961,-1.335197,2.289805,5.5,-9.526279
962,-1.328283,2.261664,5.5,-9.526279
963,-1.322384,2.231877,5.5,-9.526279
964,-1.318454,2.201319,5.5,-9.526279
965,-1.314402,2.169164,5.5,-9.526279
966,-1.309704,2.138959,5.5,-9.526279
967,-1.305557,2.107152,5.5,-9.526279
968,-1.302857,2.077774,5.5,-9.526279
969,-1.302515,2.047917,5.5,-9.526279
970,-1.301415,2.018026,5.5,-9.526279
971,-1.29899,1.988063,5.5,-9.526279
972,-1.295688,1.956721,5.5,-9.526279
973,-1.293517,1.927193,5.5,-9.526279
974,-1.292077,1.898617,5.5,-9.526279
975,-1.290476,1.869525,5.5,-9.526279
976,-1.288257,1.842648,5.5,-9.526279
977,-1.287237,1.817748,5.5,-9.526279
978,-1.283661,1.794229,5.5,-9.526279
979,-1.279832,1.772162,5.5,-9.526279
980,-1.276044,1.747461,5.5,-9.526279
981,-1.272939,1.722677,5.5,-9.526279
982,-1.271139,1.702951,5.5,-9.526279
983,-1.26659,1.680636,5.5,-9.526279
984,-1.261043,1.6577,5.5,-9.526279
985,-1.254254,1.634908,5.5,-9.526279
986,-1.247124,1.610627,5.5,-9.526279
987,-1.240038,1.588356,5.5,-9.526279
988,-1.232588,1.565189,5.5,-9.526279
989,-1.225396,1.542755,5.5,-9.526279
990,-1.217514,1.521915,5.5,-9.526279
991,-1.208229,1.498147,5.5,-9.526279
992,-1.200079,1.472484,5.5,-9.526279
993,-1.192531,1.447408,5.5,-9.526279
994,-1.185739,1.421698,5.5,-9.526279
995,-1.177441,1.393106,5.5,-9.526279
996,-1.168484,1.367376,5.5,-9.526279
997,-1.158617,1.342715,5.5,-9.526279
998,-1.148584,1.31634,5.5,-9.526279
999,-1.136231,1.287781,5.5,-9.526279
1000,-1.12445,1.25716,5.5,-9.526279
1001,-1.110701,1.22664,5.5,-9.526279
1002,-1.097602,1.197231,5.5,-9.526279
1003,-1.083217,1.170607,5.5,-9.526279
1004,-1.072662,1.146719,5.5,-9.526279
1005,-1.061166,1.120353,5.5,-9.526279
1006,-1.049648,1.095528,5.5,-9.526279
1007,-1.03748,1.067412,5.5,-9.526279
1008,-1.023013,1.040234,5.5,-9.526279
1009,-1.00955,1.010169,5.5,-9.526279
1010,-0.9970826,0.9811795,5.5,-9.526279
1011,-0.9872562,0.9548254,5.5,-9.526279
1012,-0.9780041,0.9287001,5.5,-9.526279
1013,-0.9683959,0.9007465,5.5,-9.526279
1014,-0.9579268,0.8738303,5.5,-9.526279
1015,-0.9472892,0.8484027,5.5,-9.526279
1016,-0.9400076,0.820876,5.5,-9.526279
1017,-0.9333183,0.7935749,5.5,-9.526279
1018,-0.9276947,0.7645199,5.5,-9.526279
1019,-0.921955,0.7346716,5.5,-9.526279
1020,-0.9158657,0.7026839,5.5,-9.526279
1021,-0.9101611,0.6711376,5.5,-9.526279
1022,-0.9050798,0.6422157,5.5,-9.526279
1023,-0.9000483,0.6155925,5.5,-9.526279
1024,-0.8948928,0.5877995,5.5,-9.526279
1025,-0.889815,0.5573848,5.5,-9.526279
1026,-0.8832187,0.5265923,5.5,-9.526279
1027,-0.8758016,0.4951986,5.5,-9.526279
1028,-0.8716291,0.4665722,5.5,-9.526279
1029,-0.8691908,0.4359241,5.5,-9.526279
1030,-0.8671402,0.4084954,5.5,-9.526279
1031,-0.860598,0.3798641,5.5,-9.526279
1032,-0.8533561,0.3524311,5.5,-9.526279
1033,-0.8492797,0.3310332,5.5,-9.526279
1034,-0.8440861,0.3096725,5.5,-9.526279
1035,-0.8403815,0.2906363,5.5,-9.526279
1036,-0.8322909,0.268589,5.5,-9.526279
1037,-0.8232536,0.2467685,5.5,-9.526279
1038,-0.8128929,0.2206454,5.5,-9.526279
1039,-0.8013903,0.1944617,5.5,-9.526279
1040,-0.7913217,0.1726631,5.5,-9.526279
1041,-0.7823355,0.1512641,5.5,-9.526279
1042,-0.7731257,0.1306031,5.5,-9.526279
1043,-0.7632521,0.1091549,5.5,-9.526279
1044,-0.7544947,0.09007168,5.5,-9.526279
1045,-0.7449767,0.07076669,5.5,-9.526279
1046,-0.7373112,0.05128086,5.5,-9.526279
1047,-0.7298341,0.02940047,5.5,-9.526279
1048,-0.7197695,0.005476713,5.5,-9.526279
1049,-0.709324,-0.01818961,5.5,-9.526279
1050,-0.6980072,-0.04199648,5.5,-9.526279
1051,-0.6866173,-0.06866741,5.5,-9.526279
1052,-0.6722278,-0.09664649,5.5,-9.526279
1053,-0.6584054,-0.1250948,5.5,-9.526279
1054,-0.6422377,-0.1536911,5.5,-9.526279
1055,-0.6267713,-0.1824657,5.5,-9.526279
1056,-0.6139527,-0.2106011,5.5,-9.526279
1057,-0.6035455,-0.2348896,5.5,-9.526279
1058,-0.5904788,-0.258093,5.5,-9.526279
1059,-0.5759894,-0.2794154,5.5,-9.526279
1060,-0.5588149,-0.3013042,5.5,-9.526279
1061,-0.5421392,-0.3243304,5.5,-9.526279
1062,-0.5275347,-0.3496501,5.5,-9.526279
1063,-0.5155631,-0.3753507,5.5,-9.526279
1064,-0.50282,-0.400263,5.5,-9.526279
1065,-0.4893268,-0.4267228,5.5,-9.526279
1066,-0.4760672,-0.4533446,5.5,-9.526279
1067,-0.4632795,-0.4792027,5.5,-9.526279
1068,-0.4497767,-0.5054411,5.5,-9.526279
1069,-0.4342187,-0.5372456,5.5,-9.526279
1070,-0.4208855,-0.5655484,5.5,-9.526279
1071,-0.4104989,-0.5932368,5.5,-9.526279
1072,-0.3992337,-0.6216416,5.5,-9.526279
1073,-0.3894219,-0.6517663,5.5,-9.526279
1074,-0.3805875,-0.6801779,5.5,-9.526279
1075,-0.3719698,-0.7090289,5.5,-9.526279
1076,-0.3635627,-0.735401,5.5,-9.526279
1077,-0.3556492,-0.7627861,5.5,-9.526279
1078,-0.3463902,-0.7911174,5.5,-9.526279
1079,-0.3374635,-0.8208445,5.5,-9.526279
1080,-0.3301118,-0.8480418,5.5,-9.526279
1081,-0.323671,-0.8757464,5.5,-9.526279
1082,-0.3164237,-0.8984553,5.5,-9.526279
1083,-0.3069687,-0.9249005,5.5,-9.526279
1084,-0.2992539,-0.9468205,5.5,-9.526279
1085,-0.2920567,-0.9707306,5.5,-9.526279
1086,-0.287599,-0.9914874,5.5,-9.526279
1087,-0.281281,-1.011914,5.5,-9.526279
1088,-0.272965,-1.030534,5.5,-9.526279
1089,-0.2649761,-1.04691,5.5,-9.526279
1090,-0.256115,-1.064142,5.5,-9.526279
1091,-0.2451057,-1.084724,5.5,-9.526279
1092,-0.2339712,-1.108834,5.5,-9.526279
1093,-0.2237871,-1.12902,5.5,-9.526279
1094,-0.2139223,-1.146652,5.5,-9.526279
1095,-0.2027413,-1.162798,5.5,-9.526279
1096,-0.1916143,-1.183555,5.5,-9.526279
1097,-0.1806797,-1.204577,5.5,-9.526279
1098,-0.1677288,-1.226477,5.5,-9.526279
1099,-0.1548442,-1.247761,5.5,-9.526279
1100,-0.1431396,-1.268346,5.5,-9.526279
1101,-0.1288577,-1.288577,5.5,-9.526279
1102,-0.1153621,-1.311529,5.5,-9.526279
1103,-0.1000408,-1.335213,5.5,-9.526279
1104,-0.08285584,-1.361565,5.5,-9.526279
1105,-0.06468655,-1.387614,5.5,-9.526279
1106,-0.04388054,-1.41539,5.5,-9.526279
1107,-0.0264135,-1.44227,5.5,-9.526279
1108,-0.0115857,-1.465839,5.5,-9.526279
1109,0.003660399,-1.488325,5.5,-9.526279
1110,0.01990899,-1.510761,5.5,-9.526279
1111,0.03490156,-1.531577,5.5,-9.526279
1112,0.05170814,-1.551556,5.5,-9.526279
1113,0.06878307,-1.573279,5.5,-9.526279
1114,0.08526853,-1.599338,5.5,-9.526279
1115,0.1030681,-1.621364,5.5,-9.526279
1116,0.1183702,-1.644233,5.5,-9.526279
1117,0.133814,-1.666384,5.5,-9.526279
1118,0.1492387,-1.690745,5.5,-9.526279
1119,0.1648314,-1.71568,5.5,-9.526279
1120,0.1799942,-1.741066,5.5,-9.526279
1121,0.19333,-1.764337,5.5,-9.526279
1122,0.2072033,-1.789475,5.5,-9.526279
1123,0.2201875,-1.816111,5.5,-9.526279
1124,0.2310874,-1.842367,5.5,-9.526279
1125,0.2417578,-1.867628,5.5,-9.526279
1126,0.2532071,-1.895908,5.5,-9.526279
1127,0.2640136,-1.92606,5.5,-9.526279
1128,0.2753717,-1.955453,-5.5,9.526279
1129,0.2866941,-1.981779,-5.5,9.526279
1130,0.2990782,-2.006401,-5.5,9.526279
1131,0.3146413,-2.034073,-5.5,9.526279
1132,0.3312402,-2.055488,-5.5,9.526279
1133,0.3470004,-2.073012,-5.5,9.526279
1134,0.3635214,-2.092749,-5.5,9.526279
1135,0.3766223,-2.111449,-5.5,9.526279
1136,0.386012,-2.129141,-5.5,9.526279
1137,0.3901884,-2.146502,-5.5,9.526279
1138,0.3932532,-2.163459,-5.5,9.526279
1139,0.3966065,-2.184315,-5.5,9.526279
1140,0.4016777,-2.206917,-5.5,9.526279
1141,0.4079027,-2.229496,-5.5,9.526279
1142,0.4171671,-2.250813,-5.5,9.526279
1143,0.4258817,-2.272803,-5.5,9.526279
1144,0.4318551,-2.290407,-5.5,9.526279
1145,0.4396517,-2.299144,-5.5,9.526279
1146,0.4450153,-2.3059,-5.5,9.526279
1147,0.4468629,-2.314401,-5.5,9.526279
1148,0.4489595,-2.319812,-5.5,9.526279
1149,0.4507082,-2.323111,-5.5,9.526279
1150,0.4528451,-2.322112,-5.5,9.526279
1151,0.4540838,-2.321323,-5.5,9.526279
1152,0.4556784,-2.317832,-5.5,9.526279
1153,0.4588932,-2.313246,-5.5,9.526279
1154,0.4623783,-2.305406,-5.5,9.526279
1155,0.4654664,-2.297185,-5.5,9.526279
1156,0.4661223,-2.28861,-5.5,9.526279
1157,0.4650793,-2.274406,-5.5,9.526279
1158,0.4620942,-2.259567,-5.5,9.526279
1159,0.4581473,-2.242723,-5.5,9.526279
1160,0.4526376,-2.224531,-5.5,9.526279
1161,0.4474281,-2.208894,-5.5,9.526279
1162,0.4423946,-2.196641,-5.5,9.526279
1163,0.4380731,-2.182854,-5.5,9.526279
1164,0.4356789,-2.166265,-5.5,9.526279
1165,0.430099,-2.151891,-5.5,9.526279
1166,0.424752,-2.132542,-5.5,9.526279
1167,0.4191662,-2.11664,-5.5,9.526279
1168,0.411592,-2.100009,-5.5,9.526279
1169,0.4048083,-2.078528,-5.5,9.526279
1170,0.3977969,-2.059084,-5.5,9.526279
1171,0.3904482,-2.041058,-5.5,9.526279
1172,0.3837402,-2.019832,-5.5,9.526279
1173,0.3777969,-2.00014,-5.5,9.526279
1174,0.3724276,-1.98035,-5.5,9.526279
1175,0.3688625,-1.958881,-5.5,9.526279
1176,0.3651941,-1.938319,-5.5,9.526279
1177,0.3623304,-1.919371,-5.5,9.526279
1178,0.3591854,-1.897,-5.5,9.526279
1179,0.3563036,-1.872771,-5.5,9.526279
1180,0.3513525,-1.849062,-5.5,9.526279
1181,0.3471265,-1.821076,-5.5,9.526279
1182,0.3448974,-1.790807,-5.5,9.526279
1183,0.343234,-1.762728,-5.5,9.526279
1184,0.3419566,-1.735162,-5.5,9.526279
1185,0.3408996,-1.708742,-5.5,9.526279
1186,0.3399789,-1.680372,-5.5,9.526279
1187,0.3403534,-1.651602,-5.5,9.526279
1188,0.3419363,-1.622117,-5.5,9.526279
1189,0.3426275,-1.591672,-5.5,9.526279
1190,0.3422455,-1.563339,-5.5,9.526279
1191,0.3401148,-1.534553,-5.5,9.526279
1192,0.3381736,-1.510896,-5.5,9.526279
1193,0.3349516,-1.487715,-5.5,9.526279
1194,0.3317477,-1.463508,-5.5,9.526279
1195,0.329811,-1.443591,-5.5,9.526279
1196,0.3270851,-1.423375,-5.5,9.526279
1197,0.3229712,-1.40192,-5.5,9.526279
1198,0.3172334,-1.380002,-5.5,9.526279
1199,0.3109341,-1.357494,-5.5,9.526279
1200,0.3061163,-1.335955,-5.5,9.526279
1201,0.3004732,-1.316451,-5.5,9.526279
1202,0.2909527,-1.29487,-5.5,9.526279
1203,0.2842464,-1.272514,-5.5,9.526279
1204,0.2763581,-1.250443,-5.5,9.526279
1205,0.2676828,-1.228446,-5.5,9.526279
1206,0.2609834,-1.207899,-5.5,9.526279
1207,0.2535754,-1.183279,-5.5,9.526279
1208,0.2456891,-1.159329,-5.5,9.526279
1209,0.2396342,-1.137255,-5.5,9.526279
1210,0.2304872,-1.113207,-5.5,9.526279
1211,0.2211431,-1.090771,-5.5,9.526279
1212,0.2129048,-1.067876,-5.5,9.526279
1213,0.2028426,-1.043632,-5.5,9.526279
1214,0.1895248,-1.014996,-5.5,9.526279
1215,0.1771418,-0.9839297,-5.5,9.526279
1216,0.1649975,-0.9530917,-5.5,9.526279
1217,0.1521175,-0.9241383,-5.5,9.526279
1218,0.1394034,-0.8983437,-5.5,9.526279
1219,0.1275057,-0.8711914,-5.5,9.526279
1220,0.1162449,-0.8451352,-5.5,9.526279
1221,0.1058774,-0.8237533,-5.5,9.526279
1222,0.09544542,-0.8015086,-5.5,9.526279
1223,0.0838865,-0.7760285,-5.5,9.526279
1224,0.07290718,-0.7499436,-5.5,9.526279
1225,0.06262585,-0.7247399,-5.5,9.526279
1226,0.05188624,-0.697738,-5.5,9.526279
1227,0.04010272,-0.6697181,-5.5,9.526279
1228,0.03093645,-0.6410378,-5.5,9.526279
1229,0.02329543,-0.6142604,-5.5,9.526279
1230,0.01651853,-0.5865122,-5.5,9.526279
1231,0.009925177,-0.5575274,-5.5,9.526279
1232,0.002547372,-0.5259397,-5.5,9.526279
1233,-0.001788528,-0.4925827,-5.5,9.526279
1234,-0.004261108,-0.4565334,-5.5,9.526279
1235,-0.0051938,-0.4237811,-5.5,9.526279
1236,-0.006766464,-0.3935505,-5.5,9.526279
1237,-0.007770943,-0.36474,-5.5,9.526279
1238,-0.008576871,-0.334519,-5.5,9.526279
1239,-0.009539124,-0.3049621,-5.5,9.526279
1240,-0.01226593,-0.2756672,-5.5,9.526279
1241,-0.01583931,-0.2477202,-5.5,9.526279
1242,-0.01934513,-0.2190019,-5.5,9.526279
1243,-0.02186086,-0.1898541,-5.5,9.526279
1244,-0.02645067,-0.1619223,-5.5,9.526279
1245,-0.03006938,-0.1387525,-5.5,9.526279
1246,-0.03497477,-0.1150926,-5.5,9.526279
1247,-0.04084498,-0.09500921,-5.5,9.526279
1248,-0.04651613,-0.07008612,-5.5,9.526279
1249,-0.05288051,-0.04697472,-5.5,9.526279
1250,-0.05809695,-0.02620506,-5.5,9.526279
1251,-0.06353872,-0.00700295,-5.5,9.526279
1252,-0.06929933,0.01412296,-5.5,9.526279
1253,-0.07580225,0.03541005,-5.5,9.526279
1254,-0.08340985,0.05882692,-5.5,9.526279
1255,-0.09225164,0.08284318,-5.5,9.526279
1256,-0.1007282,0.1044394,-5.5,9.526279
1257,-0.1089789,0.1248752,-5.5,9.526279
1258,-0.1181383,0.1491157,-5.5,9.526279
1259,-0.1249408,0.1716156,-5.5,9.526279
1260,-0.1336439,0.1967422,-5.5,9.526279
1261,-0.1438635,0.2241113,-5.5,9.526279
1262,-0.1541995,0.2487721,-5.5,9.526279
1263,-0.1626934,0.2715867,-5.5,9.526279
1264,-0.1712192,0.2931709,-5.5,9.526279
1265,-0.1834756,0.3191149,-5.5,9.526279
1266,-0.1969927,0.3452232,-5.5,9.526279
1267,-0.2099042,0.3718619,-5.5,9.526279
1268,-0.2244948,0.4000738,-5.5,9.526279
1269,-0.2398272,0.4317969,-5.5,9.526279
1270,-0.2532409,0.4610586,-5.5,9.526279
1271,-0.2650794,0.4871686,-5.5,9.526279
1272,-0.2781878,0.511429,-5.5,9.526279
1273,-0.2925178,0.5338852,-5.5,9.526279
1274,-0.3055307,0.5566084,-5.5,9.526279
1275,-0.3169922,0.5803714,-5.5,9.526279
1276,-0.3315268,0.6033454,-5.5,9.526279
1277,-0.3429733,0.6267049,-5.5,9.526279
1278,-0.3538033,0.6519314,-5.5,9.526279
1279,-0.3663185,0.675308,-5.5,9.526279
1280,-0.3786415,0.6977991,-5.5,9.526279
1281,-0.3905762,0.7208962,-5.5,9.526279
1282,-0.4037738,0.7468064,-5.5,9.526279
1283,-0.4130202,0.7723062,-5.5,9.526279
1284,-0.4215338,0.7983148,-5.5,9.526279
1285,-0.4304875,0.8222086,-5.5,9.526279
1286,-0.4403187,0.8497896,-5.5,9.526279
1287,-0.4493083,0.8823526,-5.5,9.526279
1288,-0.4578967,0.9148214,-5.5,9.526279
1289,-0.4651355,0.9457442,-5.5,9.526279
1290,-0.4723166,0.9778645,-5.5,9.526279
1291,-0.4796009,1.00651,-5.5,9.526279
1292,-0.4845286,1.037004,-5.5,9.526279
1293,-0.4908735,1.068264,-5.5,9.526279
1294,-0.4964765,1.099931,-5.5,9.526279
1295,-0.5005335,1.131562,-5.5,9.526279
1296,-0.5050073,1.15973,-5.5,9.526279
1297,-0.5100926,1.191364,-5.5,9.526279
1298,-0.5137317,1.218662,-5.5,9.526279
1299,-0.5165437,1.239416,-5.5,9.526279
1300,-0.5199696,1.262965,-5.5,9.526279
1301,-0.5229294,1.283868,-5.5,9.526279
1302,-0.5298226,1.304332,-5.5,9.526279
1303,-0.5390818,1.327136,-5.5,9.526279
1304,-0.5478001,1.346387,-5.5,9.526279
1305,-0.5522285,1.363436,-5.5,9.526279
1306,-0.5580139,1.383283,-5.5,9.526279
1307,-0.566034,1.405239,-5.5,9.526279
1308,-0.5721476,1.431991,-5.5,9.526279
1309,-0.5812419,1.456931,-5.5,9.526279
1310,-0.5898043,1.480884,-5.5,9.526279
1311,-0.59779,1.502564,-5.5,9.526279
1312,-0.6064411,1.52469,-5.5,9.526279
1313,-0.6170238,1.549091,-5.5,9.526279
1314,-0.6278747,1.571785,-5.5,9.526279
1315,-0.6390256,1.594273,-5.5,9.526279
1316,-0.6502899,1.61794,-5.5,9.526279
1317,-0.6626106,1.641858,-5.5,9.526279
1318,-0.6751813,1.666915,-5.5,9.526279
1319,-0.6906128,1.69288,-5.5,9.526279
1320,-0.7076687,1.719274,-5.5,9.526279
1321,-0.7260774,1.750173,-5.5,9.526279
1322,-0.7452469,1.780982,0,-11
1323,-0.762592,1.811741,0,-11
1324,-0.7745653,1.840795,0,-11
1325,-0.7843398,1.867181,0,-11
1326,-0.7924942,1.888077,0,-11
1327,-0.8022728,1.904822,0,-11
1328,-0.8148378,1.921395,0,-11
1329,-0.8311739,1.944461,0,-11
1330,-0.8475103,1.970187,0,-11
1331,-0.8623236,1.997262,0,-11
1332,-0.8747324,2.025325,0,-11
1333,-0.8880303,2.055948,0,-11
1334,-0.9018128,2.091209,0,-11
1335,-0.9195725,2.12638,0,-11
1336,-0.9400768,2.162571,0,-11
1337,-0.9610565,2.192827,0,-11
1338,-0.9790043,2.217498,0,-11
1339,-0.9936716,2.237717,0,-11
1340,-1.005263,2.254234,0,-11
1341,-1.013961,2.267499,0,-11
1342,-1.021526,2.281545,0,-11
1343,-1.029468,2.296399,0,-11
1344,-1.038176,2.311959,0,-11
1345,-1.048511,2.328449,0,-11
1346,-1.059222,2.342625,0,-11
1347,-1.067892,2.358106,0,-11
1348,-1.076616,2.374061,0,-11
1349,-1.086335,2.385628,0,-11
1350,-1.097721,2.392577,0,-11
1351,-1.109787,2.395573,0,-11
1352,-1.120944,2.395754,0,-11
1353,-1.130582,2.394732,0,-11
1354,-1.1388,2.394422,0,-11
1355,-1.148584,2.390209,0,-11
1356,-1.157539,2.386636,0,-11
1357,-1.164527,2.385897,0,-11
1358,-1.172206,2.388336,0,-11
1359,-1.181197,2.389049,0,-11
1360,-1.192594,2.382061,0,-11
1361,-1.203331,2.374209,0,-11
1362,-1.216034,2.364995,0,-11
1363,-1.224925,2.358814,0,-11
1364,-1.230668,2.354364,0,-11
1365,-1.236518,2.349905,0,-11
1366,-1.243437,2.344002,0,-11
1367,-1.250183,2.337696,0,-11
1368,-1.259428,2.32844,0,-11
1369,-1.265931,2.319388,0,-11
1370,-1.272626,2.311372,0,-11
1371,-1.279034,2.29787,0,-11
1372,-1.286561,2.280446,0,-11
1373,-1.293973,2.261771,0,-11
1374,-1.299143,2.243974,0,-11
1375,-1.306977,2.22823,0,-11
1376,-1.313657,2.20747,0,-11
1377,-1.318156,2.185345,0,-11
1378,-1.320744,2.165601,0,-11
1379,-1.324842,2.14756,0,-11
1380,-1.330672,2.128794,0,-11
1381,-1.336355,2.108516,0,-11
1382,-1.342977,2.08647,0,-11
1383,-1.348564,2.06565,0,-11
1384,-1.352354,2.044595,0,-11
1385,-1.356866,2.023481,0,-11
1386,-1.361402,2.00294,0,-11
1387,-1.367196,1.980023,0,-11
1388,-1.37454,1.954853,0,-11
1389,-1.382886,1.927559,0,-11
1390,-1.391747,1.899605,0,-11
1391,-1.402685,1.873706,0,-11
1392,-1.413654,1.848215,0,-11
1393,-1.425625,1.823009,0,-11
1394,-1.436808,1.797711,0,-11
1395,-1.44957,1.772291,0,-11
1396,-1.462274,1.751038,0,-11
1397,-1.474896,1.730118,0,-11
1398,-1.488193,1.707702,0,-11
1399,-1.50069,1.687334,0,-11
1400,-1.513307,1.664757,0,-11
1401,-1.527236,1.64081,0,-11
1402,-1.541319,1.616704,0,-11
1403,-1.55555,1.59228,0,-11
1404,-1.566888,1.571012,0,-11
1405,-1.574803,1.550666,0,-11
1406,-1.583449,1.527478,0,-11
1407,-1.590623,1.50471,0,-11
1408,-1.597746,1.483284,0,-11
1409,-1.604401,1.465695,0,-11
1410,-1.609672,1.450353,0,-11
1411,-1.614551,1.432704,0,-11
1412,-1.620262,1.412467,0,-11
1413,-1.625167,1.39575,0,-11
1414,-1.630503,1.377637,0,-11
1415,-1.633636,1.356263,0,-11
1416,-1.637173,1.334549,0,-11
1417,-1.640273,1.313473,0,-11
1418,-1.643078,1.293839,0,-11
1419,-1.646802,1.271388,0,-11
1420,-1.649851,1.250481,0,-11
1421,-1.653611,1.228255,0,-11
1422,-1.657904,1.204584,0,-11
1423,-1.662069,1.181098,0,-11
1424,-1.666056,1.158041,0,-11
1425,-1.669797,1.130338,0,-11
1426,-1.673157,1.100985,0,-11
1427,-1.67496,1.070319,0,-11
1428,-1.67724,1.041193,0,-11
1429,-1.680306,1.009804,0,-11
1430,-1.683013,0.9787852,0,-11
1431,-1.685612,0.9529729,0,-11
1432,-1.688734,0.9258856,0,-11
1433,-1.691422,0.8991251,0,-11
1434,-1.691622,0.8719676,0,-11
1435,-1.693014,0.8447151,0,-11
1436,-1.691877,0.8183868,0,-11
1437,-1.691002,0.7931831,0,-11
1438,-1.69096,0.7664053,0,-11
1439,-1.69069,0.7422984,0,-11
1440,-1.690251,0.7147887,0,-11
1441,-1.693182,0.686239,0,-11
1442,-1.696381,0.6606603,0,-11
1443,-1.700352,0.6319256,0,-11
1444,-1.704825,0.6027437,0,-11
1445,-1.709508,0.5752059,0,-11
1446,-1.713546,0.5470672,0,-11
1447,-1.719253,0.5185528,0,-11
1448,-1.726,0.48813,0,-11
1449,-1.731748,0.4582926,0,-11
1450,-1.739874,0.4273372,0,-11
1451,-1.749139,0.3974839,0,-11
1452,-1.757859,0.3707306,0,-11
1453,-1.766793,0.3430283,0,-11
1454,-1.775925,0.3131256,0,-11
1455,-1.784828,0.2829275,0,-11
1456,-1.79331,0.2544537,0,-11
1457,-1.802393,0.2230185,0,-11
1458,-1.809591,0.1953731,0,-11
1459,-1.816726,0.1709079,0,-11
1460,-1.822834,0.1464084,0,-11
1461,-1.827979,0.1225048,0,-11
1462,-1.832814,0.09814668,0,-11
1463,-1.83683,0.08017945,0,-11
1464,-1.841316,0.06106687,0,-11
1465,-1.845803,0.04137182,0,-11
1466,-1.84958,0.0200305,0,-11
1467,-1.851215,-0.004228294,0,-11
1468,-1.85465,-0.02878088,0,-11
1469,-1.856605,-0.05264831,0,-11
1470,-1.857491,-0.07315141,0,-11
1471,-1.858122,-0.09535855,0,-11
1472,-1.85984,-0.116561,0,-11
1473,-1.861032,-0.1405518,0,-11
1474,-1.863923,-0.1641867,0,-11
1475,-1.867255,-0.1880744,0,-11
1476,-1.869507,-0.2126119,0,-11
1477,-1.87064,-0.2372745,0,-11
1478,-1.871732,-0.2650487,0,-11
1479,-1.871792,-0.2927425,0,-11
1480,-1.872017,-0.3192536,0,-11
1481,-1.870464,-0.3484232,0,-11
1482,-1.870305,-0.3825778,0,-11
1483,-1.868559,-0.4184664,0,-11
1484,-1.868105,-0.4524143,0,-11
1485,-1.867048,-0.4831128,0,-11
1486,-1.864921,-0.5138314,0,-11
1487,-1.860549,-0.5397663,0,-11
1488,-1.857947,-0.5625283,0,11
1489,-1.858349,-0.5810212,0,11
1490,-1.858602,-0.5942652,0,11
1491,-1.860142,-0.6127006,0,11
1492,-1.860638,-0.6360412,0,11
1493,-1.860397,-0.6624302,0,11
1494,-1.862303,-0.6910565,0,11
1495,-1.865867,-0.725461,0,11
1496,-1.873045,-0.7619205,0,11
1497,-1.882986,-0.8021078,0,11
1498,-1.891667,-0.8452611,0,11
1499,-1.895394,-0.8868364,0,11
1500,-1.894911,-0.9264231,0,11
1501,-1.894463,-0.9575637,0,11
1502,-1.895547,-0.9847699,0,11
1503,-1.89562,-1.009292,0,11
1504,-1.895032,-1.030636,0,11
1505,-1.894003,-1.050069,0,11
1506,-1.895226,-1.064834,0,11
1507,-1.899327,-1.079173,0,11
1508,-1.901828,-1.096224,0,11
1509,-1.903928,-1.115255,0,11
1510,-1.905432,-1.135708,0,11
1511,-1.910523,-1.155111,0,11
1512,-1.917178,-1.172448,0,11
1513,-1.921059,-1.18412,0,11
1514,-1.920699,-1.19271,0,11
1515,-1.917081,-1.198879,0,11
1516,-1.910995,-1.202988,0,11
1517,-1.906881,-1.205462,0,11
1518,-1.901518,-1.20682,0,11
1519,-1.893854,-1.206453,0,11
1520,-1.888922,-1.20464,0,11
1521,-1.881149,-1.196462,0,11
1522,-1.873641,-1.187681,0,11
1523,-1.872699,-1.180082,0,11
1524,-1.874104,-1.1767,0,11
1525,-1.875213,-1.172877,0,11
1526,-1.876417,-1.17029,0,11
1527,-1.87469,-1.162435,0,11
1528,-1.873089,-1.15562,0,11
1529,-1.868603,-1.152531,0,11
1530,-1.862446,-1.14476,0,11
1531,-1.858027,-1.134497,0,11
1532,-1.853192,-1.122216,0,11
1533,-1.850314,-1.111042,0,11
1534,-1.847592,-1.097355,0,11
1535,-1.844343,-1.083642,0,11
1536,-1.842313,-1.070597,0,11
1537,-1.840372,-1.058767,0,11
1538,-1.840342,-1.048611,0,11
1539,-1.839021,-1.036307,0,11
1540,-1.83815,-1.02445,0,11
1541,-1.835334,-1.009487,0,11
1542,-1.831613,-0.9932622,0,11
1543,-1.828093,-0.9780813,0,11
1544,-1.825239,-0.966117,0,11
1545,-1.824087,-0.9533311,0,11
1546,-1.821213,-0.9404473,0,11
1547,-1.818854,-0.9249499,0,11
1548,-1.816115,-0.9066474,0,11
1549,-1.811773,-0.8859041,0,11
1550,-1.807533,-0.8646361,0,11
1551,-1.802971,-0.8447398,0,11
1552,-1.797003,-0.8243149,0,11
1553,-1.790437,-0.8040347,0,11
1554,-1.782568,-0.7816954,0,11
1555,-1.771334,-0.7584583,0,11
1556,-1.757753,-0.735442,0,11
1557,-1.744278,-0.7121046,0,11
1558,-1.730834,-0.688992,0,11
1559,-1.716829,-0.6672772,0,11
1560,-1.701668,-0.6443636,0,11
1561,-1.687979,-0.6240941,0,11
1562,-1.673091,-0.6005778,0,11
1563,-1.657085,-0.5752698,0,11
1564,-1.640673,-0.5502486,0,11
1565,-1.624855,-0.5281878,0,11
1566,-1.612657,-0.5076367,0,11
1567,-1.60314,-0.4870827,0,11
1568,-1.594032,-0.467415,0,11
1569,-1.585084,-0.4467953,0,11
1570,-1.578593,-0.4278313,0,11
1571,-1.570376,-0.4095994,0,11
1572,-1.564232,-0.3945882,0,11
1573,-1.557999,-0.3791731,0,11
1574,-1.55207,-0.3651077,0,11
1575,-1.546495,-0.3422202,0,11
1576,-1.542804,-0.3162507,0,11
1577,-1.538528,-0.294445,0,11
1578,-1.535789,-0.2737221,0,11
1579,-1.530946,-0.2563075,0,11
1580,-1.52547,-0.2344249,0,11
1581,-1.51998,-0.2114378,0,11
1582,-1.514882,-0.1871564,0,11
1583,-1.509557,-0.1641293,0,11
1584,-1.502405,-0.1412739,0,11
1585,-1.496563,-0.1185926,0,11
1586,-1.491685,-0.09265774,0,11
1587,-1.488907,-0.06643844,0,11
1588,-1.486604,-0.03840566,0,11
1589,-1.484484,-0.008130133,0,11
1590,-1.481421,0.02372909,0,11
1591,-1.477946,0.05388582,0,11
1592,-1.474205,0.08540773,0,11
1593,-1.47175,0.1148951,0,11
1594,-1.46931,0.1396652,0,11
1595,-1.469866,0.164417,0,11
1596,-1.468194,0.1918368,0,11
1597,-1.46415,0.2194941,0,11
1598,-1.461223,0.248909,0,11
1599,-1.459402,0.2780813,0,11
1600,-1.459646,0.3072866,0,11
1601,-1.45669,0.337604,0,11
1602,-1.453653,0.3673961,0,11
1603,-1.451203,0.3984365,0,11
1604,-1.44592,0.4314237,0,11
1605,-1.440215,0.4599218,0,11
1606,-1.434137,0.4879532,0,11
1607,-1.426627,0.5159218,0,11
1608,-1.418251,0.5427353,0,11
1609,-1.407887,0.5726532,0,11
1610,-1.398059,0.6021979,0,11
1611,-1.388123,0.630312,0,11
1612,-1.378742,0.6585875,0,11
1613,-1.367055,0.6889896,0,11
1614,-1.35517,0.7197199,0,11
1615,-1.344607,0.748942,0,11
1616,-1.332898,0.7799604,0,11
1617,-1.320474,0.8113739,0,11
1618,-1.308248,0.8401911,0,11
1619,-1.295756,0.8695263,0,11
1620,-1.28406,0.8962758,0,11
1621,-1.276025,0.9199018,0,11
1622,-1.267066,0.9451849,0,11
1623,-1.258545,0.9684557,0,11
1624,-1.251789,0.9891534,0,11
1625,-1.244998,1.008258,0,11
1626,-1.241455,1.029279,0,11
1627,-1.23667,1.048911,0,11
1628,-1.232283,1.069849,0,11
1629,-1.230593,1.090421,0,11
1630,-1.228657,1.113287,0,11
1631,-1.22875,1.138226,0,11
1632,-1.228415,1.16273,0,11
1633,-1.226736,1.185422,0,11
1634,-1.226331,1.207768,0,11
1635,-1.224422,1.23426,0,11
1636,-1.222441,1.26094,0,11
1637,-1.221296,1.289073,0,11
1638,-1.221142,1.313969,0,11
1639,-1.221691,1.340149,0,11
1640,-1.221072,1.371589,0,11
1641,-1.22084,1.403944,0,11
1642,-1.219646,1.435565,0,11
1643,-1.220333,1.468576,0,11
1644,-1.219486,1.501368,0,11
1645,-1.221274,1.536615,0,11
1646,-1.222589,1.568616,0,11
1647,-1.224882,1.596434,0,11
1648,-1.227069,1.623168,0,11
1649,-1.229579,1.651454,0,11
1650,-1.231418,1.678838,0,11
1651,-1.233873,1.707069,0,11
1652,-1.23381,1.735264,0,11
1653,-1.236784,1.761099,0,11
1654,-1.24005,1.788396,0,11
1655,-1.242812,1.818312,0,11
1656,-1.245317,1.8451,0,11
1657,-1.246784,1.870205,0,11
1658,-1.24893,1.896888,0,11
1659,-1.248145,1.927101,0,11
1660,-1.247517,1.954114,0,11
1661,-1.244147,1.982625,0,11
1662,-1.240494,2.013154,0,11
1663,-1.235804,2.04705,0,11
1664,-1.231216,2.079657,0,11
1665,-1.226364,2.111817,0,11
1666,-1.221524,2.141909,0,11
1667,-1.214706,2.172769,0,11
1668,-1.208056,2.204427,0,11
1669,-1.2017,2.236154,0,11
1670,-1.195507,2.26897,0,11
1671,-1.18964,2.301404,0,11
1672,-1.183098,2.333982,0,11
1673,-1.176808,2.363471,0,11
1674,-1.173086,2.393423,0,11
1675,-1.16892,2.421189,0,11
1676,-1.164256,2.442784,0,11
1677,-1.159611,2.464421,0,11
1678,-1.156691,2.484899,0,11
1679,-1.154101,2.507214,0,11
1680,-1.153208,2.530913,0,11
1681,-1.152257,2.555091,0,11
1682,-1.154161,2.578027,0,11
1683,-1.154191,2.605304,0,11
1684,-1.15374,2.627877,0,11
1685,-1.154326,2.65087,0,11
1686,-1.155477,2.676656,0,11
1687,-1.156312,2.699938,0,11
1688,-1.157213,2.724021,0,11
1689,-1.158471,2.750103,0,11
1690,-1.156965,2.775018,0,11
1691,-1.158308,2.801574,0,11
1692,-1.160227,2.82845,0,11
1693,-1.162119,2.857706,0,11
1694,-1.164481,2.883313,0,11
1695,-1.168543,2.90846,0,11
1696,-1.173302,2.935868,0,11
1697,-1.177933,2.962333,0,11
1698,-1.182505,2.996818,0,11
1699,-1.18644,3.028511,0,11
1700,-1.188732,3.058145,0,11
1701,-1.190912,3.085364,0,11
1702,-1.194797,3.114341,0,11
1703,-1.199254,3.142669,0,11
1704,-1.205574,3.170215,0,11
1705,-1.210924,3.197603,-5.5,-9.526279
1706,-1.214513,3.218094,-5.5,-9.526279
1707,-1.218869,3.237828,-5.5,-9.526279
1708,-1.223542,3.258622,-5.5,-9.526279
1709,-1.226117,3.28548,-5.5,-9.526279
1710,-1.226563,3.312315,-5.5,-9.526279
1711,-1.225186,3.340855,-5.5,-9.526279
1712,-1.221492,3.369248,-5.5,-9.526279
1713,-1.216068,3.399581,-5.5,-9.526279
1714,-1.211498,3.438204,-5.5,-9.526279
1715,-1.207613,3.47747,-5.5,-9.526279
1716,-1.206978,3.514158,-5.5,-9.526279
1717,-1.211187,3.547004,-5.5,-9.526279
1718,-1.217418,3.575497,-5.5,-9.526279
1719,-1.221933,3.598428,-5.5,-9.526279
1720,-1.225908,3.617819,-5.5,-9.526279
1721,-1.225391,3.631598,-5.5,-9.526279
1722,-1.222676,3.643353,-5.5,-9.526279
1723,-1.219637,3.65901,-5.5,-9.526279
1724,-1.221894,3.675175,-5.5,-9.526279
1725,-1.222619,3.690744,-5.5,-9.526279
1726,-1.222192,3.707464,-5.5,-9.526279
1727,-1.222195,3.721676,-5.5,-9.526279
1728,-1.222524,3.732775,-5.5,-9.526279
1729,-1.220126,3.741726,-5.5,-9.526279
1730,-1.220355,3.747501,-5.5,-9.526279
1731,-1.226403,3.752125,-5.5,-9.526279
1732,-1.234273,3.754777,-5.5,-9.526279
1733,-1.242553,3.756279,-5.5,-9.526279
1734,-1.2538,3.755569,-5.5,-9.526279
1735,-1.26422,3.75211,-5.5,-9.526279
1736,-1.273325,3.749943,-5.5,-9.526279
1737,-1.282009,3.746397,-5.5,-9.526279
1738,-1.286805,3.743952,-5.5,-9.526279
1739,-1.290843,3.742382,-5.5,-9.526279
1740,-1.292782,3.740483,-5.5,-9.526279
1741,-1.294201,3.737223,-5.5,-9.526279
1742,-1.298242,3.733549,-5.5,-9.526279
1743,-1.305896,3.725359,-5.5,-9.526279
1744,-1.313944,3.718271,-5.5,-9.526279
1745,-1.320268,3.710469,-5.5,-9.526279
1746,-1.326646,3.701691,-5.5,-9.526279
1747,-1.333025,3.694489,-5.5,-9.526279
1748,-1.341278,3.685012,-5.5,-9.526279
1749,-1.350062,3.673875,-5.5,-9.526279
1750,-1.359271,3.662167,-5.5,-9.526279
1751,-1.365899,3.648459,-5.5,-9.526279
1752,-1.370943,3.636607,-5.5,-9.526279
1753,-1.378772,3.624341,-5.5,-9.526279
1754,-1.386295,3.610517,-5.5,-9.526279
1755,-1.396313,3.596933,-5.5,-9.526279
1756,-1.401788,3.583543,-5.5,-9.526279
1757,-1.408227,3.569651,-5.5,-9.526279
1758,-1.414661,3.553072,-5.5,-9.526279
1759,-1.423988,3.536583,-5.5,-9.526279
1760,-1.433464,3.522668,-5.5,-9.526279
1761,-1.439786,3.508711,-5.5,-9.526279
1762,-1.447968,3.490378,-5.5,-9.526279
1763,-1.454345,3.472966,-5.5,-9.526279
1764,-1.462464,3.45367,-5.5,-9.526279
1765,-1.472645,3.43753,-5.5,-9.526279
1766,-1.483575,3.421711,-5.5,-9.526279
1767,-1.496245,3.406346,-5.5,-9.526279
1768,-1.51132,3.391106,-5.5,-9.526279
1769,-1.527529,3.373652,-5.5,-9.526279
1770,-1.545708,3.354303,-5.5,-9.526279
1771,-1.564012,3.335464,-5.5,-9.526279
1772,-1.582006,3.319335,-5.5,-9.526279
1773,-1.602134,3.3059,-5.5,-9.526279
1774,-1.619519,3.294566,-5.5,-9.526279
1775,-1.638584,3.280857,-5.5,-9.526279
1776,-1.659225,3.267508,-5.5,-9.526279
1777,-1.677399,3.25307,-5.5,-9.526279
1778,-1.696091,3.235473,-5.5,-9.526279
1779,-1.715191,3.216832,-5.5,-9.526279
1780,-1.732785,3.19884,-5.5,-9.526279
1781,-1.74966,3.18162,-5.5,-9.526279
1782,-1.766772,3.165877,-5.5,-9.526279
1783,-1.778917,3.151397,-5.5,-9.526279
1784,-1.791946,3.135976,-5.5,-9.526279
1785,-1.803979,3.120288,-5.5,-9.526279
1786,-1.814484,3.106393,-5.5,-9.526279
1787,-1.826882,3.090981,-5.5,-9.526279
1788,-1.834847,3.077783,-5.5,-9.526279
1789,-1.846964,3.060085,-5.5,-9.526279
1790,-1.858085,3.042834,-5.5,-9.526279
1791,-1.870455,3.025842,-5.5,-9.526279
1792,-1.881895,3.008898,-5.5,-9.526279
1793,-1.893881,2.988608,-5.5,-9.526279
1794,-1.906972,2.969071,-5.5,-9.526279
1795,-1.919178,2.951787,-5.5,-9.526279
1796,-1.930071,2.932151,-5.5,-9.526279
1797,-1.940874,2.909898,-5.5,-9.526279
1798,-1.95304,2.888167,-5.5,-9.526279
1799,-1.965253,2.867012,-5.5,-9.526279
1800,-1.975493,2.847588,-5.5,-9.526279
1801,-1.988135,2.824019,-5.5,-9.526279
1802,-2.003888,2.797291,-5.5,-9.526279
1803,-2.019547,2.771046,-5.5,-9.526279
1804,-2.034356,2.742856,-5.5,-9.526279
1805,-2.049519,2.715499,-5.5,-9.526279
1806,-2.062624,2.687906,-5.5,-9.526279
1807,-2.074464,2.663728,-5.5,-9.526279
1808,-2.082403,2.641669,-5.5,-9.526279
1809,-2.089291,2.621038,-5.5,-9.526279
1810,-2.09856,2.596859,-5.5,-9.526279
1811,-2.108577,2.5767,-5.5,-9.526279
1812,-2.116884,2.555655,-5.5,-9.526279
1813,-2.127647,2.530232,-5.5,-9.526279
1814,-2.137652,2.50403,-5.5,-9.526279
1815,-2.148522,2.478369,-5.5,-9.526279
1816,-2.162028,2.452485,-5.5,-9.526279
1817,-2.175134,2.427476,-5.5,-9.526279
1818,-2.187495,2.402988,-5.5,-9.526279
1819,-2.200994,2.379872,-5.5,-9.526279
1820,-2.215393,2.355685,-5.5,-9.526279
1821,-2.231409,2.331324,-5.5,-9.526279
1822,-2.249797,2.306127,-5.5,-9.526279
1823,-2.269288,2.281502,-5.5,-9.526279
1824,-2.288694,2.256506,-5.5,-9.526279
1825,-2.306268,2.234001,-5.5,-9.526279
1826,-2.323559,2.210501,-5.5,-9.526279
1827,-2.342128,2.188091,-5.5,-9.526279
1828,-2.360708,2.166386,-5.5,-9.526279
1829,-2.379089,2.144315,-5.5,-9.526279
1830,-2.397302,2.122865,-5.5,-9.526279
1831,-2.416,2.100441,-5.5,-9.526279
1832,-2.434674,2.078745,-5.5,-9.526279
1833,-2.455135,2.053408,-5.5,-9.526279
1834,-2.473382,2.031542,-5.5,-9.526279
1835,-2.490731,2.010408,-5.5,-9.526279
1836,-2.507301,1.988918,-5.5,-9.526279
1837,-2.52229,1.968006,-5.5,-9.526279
1838,-2.53527,1.951921,-5.5,-9.526279
1839,-2.545078,1.93402,-5.5,-9.526279
1840,-2.555924,1.915386,-5.5,-9.526279
1841,-2.566253,1.897285,-5.5,-9.526279
1842,-2.578575,1.879402,-5.5,-9.526279
1843,-2.591022,1.855928,-5.5,-9.526279
1844,-2.604226,1.832871,-5.5,-9.526279
1845,-2.615824,1.810847,-5.5,-9.526279
1846,-2.624947,1.791852,-5.5,-9.526279
1847,-2.634379,1.771278,-5.5,-9.526279
1848,-2.6442,1.748397,-5.5,-9.526279
1849,-2.654486,1.728176,-5.5,-9.526279
1850,-2.664812,1.709218,-5.5,-9.526279
1851,-2.677227,1.689151,-5.5,-9.526279
1852,-2.690035,1.666687,-5.5,-9.526279
1853,-2.702457,1.643072,-5.5,-9.526279
1854,-2.713655,1.618546,-5.5,-9.526279
1855,-2.724665,1.595661,-5.5,-9.526279
1856,-2.736588,1.568269,-5.5,-9.526279
1857,-2.748684,1.535957,-5.5,-9.526279
1858,-2.761603,1.503751,-5.5,-9.526279
1859,-2.773102,1.470682,-5.5,-9.526279
1860,-2.783319,1.439182,-5.5,-9.526279
1861,-2.792963,1.408897,-5.5,-9.526279
1862,-2.803734,1.381113,-5.5,-9.526279
1863,-2.812494,1.354636,-5.5,-9.526279
1864,-2.819521,1.329979,-5.5,-9.526279
1865,-2.828048,1.304869,-5.5,-9.526279
1866,-2.836825,1.283368,-5.5,-9.526279
1867,-2.845763,1.257348,-5.5,-9.526279
1868,-2.857493,1.231195,-5.5,-9.526279
1869,-2.865555,1.204228,-5.5,-9.526279
1870,-2.874975,1.175642,-5.5,-9.526279
1871,-2.887146,1.147632,-5.5,-9.526279
1872,-2.898503,1.12096,-5.5,-9.526279
1873,-2.911477,1.096046,-5.5,-9.526279
1874,-2.924545,1.073027,-5.5,-9.526279
1875,-2.938348,1.047725,-5.5,-9.526279
1876,-2.954859,1.019602,-5.5,-9.526279
1877,-2.974769,0.9910349,-5.5,-9.526279
1878,-2.994999,0.9637281,-5.5,-9.526279
1879,-3.014539,0.935276,-5.5,-9.526279
1880,-3.035121,0.9063714,-5.5,-9.526279
1881,-3.054706,0.8802478,-5.5,-9.526279
1882,-3.071476,0.856678,-5.5,-9.526279
1883,-3.089957,0.8336849,-5.5,-9.526279
1884,-3.110246,0.8110449,-5.5,-9.526279
1885,-3.131667,0.788023,-5.5,-9.526279
1886,-3.151593,0.7626436,5.5,9.526279
1887,-3.170231,0.735498,5.5,9.526279
1888,-3.187586,0.7045622,5.5,9.526279
1889,-3.202698,0.6732247,5.5,9.526279
1890,-3.214692,0.6414487,5.5,9.526279
1891,-3.224629,0.6096175,5.5,9.526279
1892,-3.232753,0.5828886,5.5,9.526279
1893,-3.241329,0.5609481,5.5,9.526279
1894,-3.248261,0.5464377,5.5,9.526279
1895,-3.253935,0.5365994,5.5,9.526279
1896,-3.264904,0.5279624,5.5,9.526279
1897,-3.277233,0.515787,5.5,9.526279
1898,-3.288505,0.5026274,5.5,9.526279
1899,-3.301915,0.4864957,5.5,9.526279
1900,-3.314986,0.4665371,5.5,9.526279
1901,-3.328934,0.4485236,5.5,9.526279
1902,-3.345013,0.4309399,5.5,9.526279
1903,-3.3591,0.4141518,5.5,9.526279
1904,-3.367124,0.4000955,5.5,9.526279
1905,-3.370016,0.39015,5.5,9.526279
1906,-3.370097,0.3830149,5.5,9.526279
1907,-3.366301,0.3772466,5.5,9.526279
1908,-3.360316,0.3745236,5.5,9.526279
1909,-3.353595,0.3717968,5.5,9.526279
1910,-3.347913,0.3690653,5.5,9.526279
1911,-3.335695,0.3694525,5.5,9.526279
1912,-3.325274,0.3694196,5.5,9.526279
1913,-3.31362,0.3724098,5.5,9.526279
1914,-3.303117,0.3783879,5.5,9.526279
1915,-3.289521,0.3851714,5.5,9.526279
1916,-3.278095,0.3877964,5.5,9.526279
1917,-3.266539,0.3905581,5.5,9.526279
1918,-3.25479,0.3930545,5.5,9.526279
1919,-3.242723,0.3966383,5.5,9.526279
1920,-3.224775,0.4017435,5.5,9.526279
1921,-3.208912,0.4101896,5.5,9.526279
1922,-3.193189,0.4214404,5.5,9.526279
1923,-3.178468,0.4317911,5.5,9.526279
1924,-3.161471,0.4407587,5.5,9.526279
1925,-3.142644,0.4507852,5.5,9.526279
1926,-3.123624,0.4593656,5.5,9.526279
1927,-3.107493,0.4657412,5.5,9.526279
1928,-3.088259,0.4724575,5.5,9.526279
1929,-3.06721,0.4799745,5.5,9.526279
1930,-3.043972,0.4875472,5.5,9.526279
1931,-3.020192,0.4934287,5.5,9.526279
1932,-2.995898,0.4995836,5.5,9.526279
1933,-2.971097,0.5057073,5.5,9.526279
1934,-2.948846,0.5106535,5.5,9.526279
1935,-2.928584,0.5154787,5.5,9.526279
1936,-2.908392,0.5196903,5.5,9.526279
1937,-2.886953,0.5238886,5.5,9.526279
1938,-2.863414,0.5279514,5.5,9.526279
1939,-2.841559,0.5318749,5.5,9.526279
1940,-2.818424,0.5334327,5.5,9.526279
1941,-2.796384,0.5348485,5.5,9.526279
1942,-2.774611,0.5360854,5.5,9.526279
1943,-2.751876,0.538142,5.5,9.526279
1944,-2.729458,0.5415473,5.5,9.526279
1945,-2.705415,0.5467889,-9.526279,-5.5
1946,-2.68417,0.5500431,-9.526279,-5.5
1947,-2.658855,0.5580082,-9.526279,-5.5
1948,-2.636763,0.5668069,-9.526279,-5.5
1949,-2.615642,0.5770913,-9.526279,-5.5
1950,-2.599563,0.585412,-9.526279,-5.5
1951,-2.583179,0.5943289,-9.526279,-5.5
1952,-2.565538,0.6038162,-9.526279,-5.5
1953,-2.545506,0.6157095,-9.526279,-5.5
1954,-2.528309,0.6279616,-9.526279,-5.5
1955,-2.513669,0.6404552,-9.526279,-5.5
1956,-2.498853,0.6534648,-9.526279,-5.5
1957,-2.481694,0.6683629,-9.526279,-5.5
1958,-2.467645,0.6824068,-9.526279,-5.5
1959,-2.459791,0.6921566,-9.526279,-5.5
1960,-2.452072,0.7036843,-9.526279,-5.5
1961,-2.442703,0.712611,-9.526279,-5.5
1962,-2.430038,0.7180691,-9.526279,-5.5
1963,-2.413865,0.7183897,-9.526279,-5.5
1964,-2.397698,0.7142564,-9.526279,-5.5
1965,-2.382255,0.7061267,-9.526279,-5.5
1966,-2.368629,0.6959839,-9.526279,-5.5
1967,-2.356221,0.6900868,-9.526279,-5.5
1968,-2.342275,0.68753,-9.526279,-5.5
1969,-2.331123,0.6846895,-9.526279,-5.5
1970,-2.322793,0.6837553,-9.526279,-5.5
1971,-2.312287,0.6809288,-9.526279,-5.5
1972,-2.301316,0.6785057,-9.526279,-5.5
1973,-2.292959,0.674327,-9.526279,-5.5
1974,-2.284395,0.6721418,-9.526279,-5.5
1975,-2.276477,0.6687183,-9.526279,-5.5
1976,-2.272039,0.6667035,-9.526279,-5.5
1977,-2.269068,0.6653285,-9.526279,-5.5
1978,-2.265264,0.6623292,-9.526279,-5.5
1979,-2.260873,0.6557328,-9.526279,-5.5
1980,-2.257899,0.6450336,-9.526279,-5.5
1981,-2.25459,0.6306019,-9.526279,-5.5
1982,-2.254598,0.6152439,-9.526279,-5.5
1983,-2.256801,0.6021869,-9.526279,-5.5
1984,-2.261522,0.5861259,-9.526279,-5.5
1985,-2.268334,0.5700239,-9.526279,-5.5
1986,-2.27733,0.555212,-9.526279,-5.5
1987,-2.287621,0.5387121,-9.526279,-5.5
1988,-2.29922,0.5212018,-9.526279,-5.5
1989,-2.311704,0.5062466,-9.526279,-5.5
1990,-2.325381,0.4872946,-9.526279,-5.5
1991,-2.338337,0.4679408,-9.526279,-5.5
1992,-2.35278,0.451188,-9.526279,-5.5
1993,-2.366456,0.4370748,-9.526279,-5.5
1994,-2.376712,0.4242095,-9.526279,-5.5
1995,-2.387123,0.4088373,-9.526279,-5.5
1996,-2.396493,0.3956997,-9.526279,-5.5
1997,-2.404597,0.3848485,-9.526279,-5.5
1998,-2.414408,0.3748242,-9.526279,-5.5
1999,-2.425152,0.3603901,-9.526279,-5.5
2000,-2.436683,0.3441007,-9.526279,-5.5
2001,-2.44629,0.3311415,-9.526279,-5.5
2002,-2.455066,0.318688,-9.526279,-5.5
2003,-2.463056,0.3045546,-9.526279,-5.5
2004,-2.473954,0.2871361,-9.526279,-5.5
2005,-2.488422,0.2722222,-9.526279,-5.5
2006,-2.501801,0.2593517,-9.526279,-5.5
2007,-2.511997,0.2437886,-9.526279,-5.5
2008,-2.521815,0.227838,-9.526279,-5.5
2009,-2.532253,0.2096388,-9.526279,-5.5
2010,-2.540354,0.1928583,-9.526279,-5.5
2011,-2.547696,0.1790045,-9.526279,-5.5
2012,-2.556791,0.164242,-9.526279,-5.5
2013,-2.565578,0.1492988,-9.526279,-5.5
2014,-2.574977,0.1322885,-9.526279,-5.5
2015,-2.58654,0.1147739,-9.526279,-5.5
2016,-2.599218,0.09904051,-9.526279,-5.5
2017,-2.610853,0.08313394,-9.526279,-5.5
2018,-2.621358,0.0668242,-9.526279,-5.5
2019,-2.632527,0.05135238,-9.526279,-5.5
2020,-2.645689,0.03576732,-9.526279,-5.5
2021,-2.66065,0.01880896,-9.526279,-5.5
2022,-2.6762,-0.001670659,-9.526279,-5.5
2023,-2.692834,-0.02580833,-9.526279,-5.5
2024,-2.70608,-0.04700249,-9.526279,-5.5
2025,-2.719017,-0.06992531,-9.526279,-5.5
2026,-2.7326,-0.08954251,-9.526279,-5.5
2027,-2.745557,-0.1090873,-9.526279,-5.5
2028,-2.761162,-0.1270121,-9.526279,-5.5
2029,-2.77655,-0.1478191,-9.526279,-5.5
2030,-2.795311,-0.1685909,-9.526279,-5.5
2031,-2.814043,-0.1881074,-9.526279,-5.5
2032,-2.834665,-0.2070475,-9.526279,-5.5
2033,-2.855766,-0.2235401,-9.526279,-5.5
2034,-2.877555,-0.2386401,-9.526279,-5.5
2035,-2.900179,-0.2526441,-9.526279,-5.5
2036,-2.922716,-0.2665994,-9.526279,-5.5
2037,-2.947315,-0.2800032,-9.526279,-5.5
2038,-2.972425,-0.2900935,-9.526279,-5.5
2039,-2.999889,-0.2998531,-9.526279,-5.5
2040,-3.027738,-0.3069146,-9.526279,-5.5
2041,-3.052609,-0.3148053,-9.526279,-5.5
2042,-3.075961,-0.3217401,-9.526279,-5.5
2043,-3.100049,-0.3290856,-9.526279,-5.5
2044,-3.123153,-0.3349488,-9.526279,-5.5
2045,-3.147514,-0.3402143,-9.526279,-5.5
2046,-3.173968,-0.344757,-9.526279,-5.5
2047,-3.200089,-0.348479,-9.526279,-5.5
2048,-3.224518,-0.3532599,-9.526279,-5.5
2049,-3.248349,-0.3601817,-9.526279,-5.5
2050,-3.270332,-0.3684059,-9.526279,-5.5
2051,-3.289983,-0.3771255,-9.526279,-5.5
2052,-3.30942,-0.3847588,-9.526279,-5.5
2053,-3.326607,-0.3920855,-9.526279,-5.5
2054,-3.344574,-0.3976185,-9.526279,-5.5
2055,-3.361159,-0.4049584,-9.526279,-5.5
2056,-3.378865,-0.4111933,-9.526279,-5.5
2057,-3.395738,-0.4192711,-9.526279,-5.5
2058,-3.412863,-0.428538,-9.526279,-5.5
2059,-3.43052,-0.4386262,-9.526279,-5.5
2060,-3.448769,-0.4493861,-9.526279,-5.5
2061,-3.466478,-0.4602692,-9.526279,-5.5
2062,-3.486161,-0.4717929,-9.526279,-5.5
2063,-3.506341,-0.4827937,-9.526279,-5.5
2064,-3.523934,-0.4937102,-9.526279,-5.5
2065,-3.541789,-0.5036814,-9.526279,-5.5
2066,-3.560668,-0.5156567,-9.526279,-5.5
2067,-3.581277,-0.5300508,-9.526279,-5.5
2068,-3.602287,-0.5436384,-9.526279,-5.5
2069,-3.621287,-0.5577404,-9.526279,-5.5
2070,-3.642919,-0.5738261,-9.526279,-5.5
2071,-3.664408,-0.5913832,-9.526279,-5.5
2072,-3.686735,-0.6103945,-9.526279,-5.5
2073,-3.709982,-0.627858,-9.526279,-5.5
2074,-3.735128,-0.6498752,-9.526279,-5.5
2075,-3.759343,-0.671179,-9.526279,-5.5
2076,-3.7809,-0.6922026,-9.526279,-5.5
2077,-3.798203,-0.7083544,-9.526279,-5.5
2078,-3.812906,-0.7254961,-9.526279,-5.5
2079,-3.831111,-0.7435994,-9.526279,-5.5
2080,-3.852305,-0.7635901,-9.526279,-5.5
2081,-3.873267,-0.7829641,-9.526279,-5.5
2082,-3.893577,-0.7992259,-9.526279,-5.5
2083,-3.914608,-0.8179583,-9.526279,-5.5
2084,-3.93768,-0.8372346,-9.526279,-5.5
2085,-3.959301,-0.8563836,-9.526279,-5.5
2086,-3.9808,-0.8728232,-9.526279,-5.5
2087,-4.002974,-0.8877289,-9.526279,-5.5
2088,-4.024685,-0.9026554,-9.526279,-5.5
2089,-4.045822,-0.9179815,-9.526279,-5.5
2090,-4.069337,-0.933961,-9.526279,-5.5
2091,-4.094126,-0.9478572,-9.526279,-5.5
2092,-4.119425,-0.9622317,-9.526279,-5.5
2093,-4.14471,-0.977234,-9.526279,-5.5
2094,-4.17268,-0.9928597,-9.526279,-5.5
2095,-4.201915,-1.007798,-9.526279,-5.5
2096,-4.229961,-1.02231,-9.526279,-5.5
2097,-4.257543,-1.034995,-9.526279,-5.5
2098,-4.285291,-1.048678,-9.526279,-5.5
2099,-4.313451,-1.063238,-9.526279,-5.5
2100,-4.343019,-1.075581,-9.526279,-5.5
2101,-4.373335,-1.089099,-9.526279,-5.5
2102,-4.402215,-1.098869,-9.526279,-5.5
2103,-4.428294,-1.108718,-9.526279,-5.5
2104,-4.456275,-1.120899,-9.526279,-5.5
2105,-4.480635,-1.13255,-9.526279,-5.5
2106,-4.503102,-1.145627,-9.526279,-5.5
2107,-4.523139,-1.158787,-9.526279,-5.5
2108,-4.540164,-1.168828,-9.526279,-5.5
2109,-4.557204,-1.179003,-9.526279,-5.5
2110,-4.574618,-1.190179,-9.526279,-5.5
2111,-4.590662,-1.203897,-9.526279,-5.5
2112,-4.610636,-1.220354,-9.526279,-5.5
2113,-4.63115,-1.234212,-9.526279,-5.5
2114,-4.651931,-1.248269,-9.526279,-5.5
2115,-4.672281,-1.263796,-9.526279,-5.5
2116,-4.691065,-1.277094,-9.526279,-5.5
2117,-4.711188,-1.291144,-9.526279,-5.5
2118,-4.730821,-1.30531,-9.526279,-5.5
2119,-4.749507,-1.320992,-9.526279,-5.5
2120,-4.767996,-1.337581,-9.526279,-5.5
2121,-4.787438,-1.356656,-9.526279,-5.5
2122,-4.807431,-1.37577,-9.526279,-5.5
2123,-4.826062,-1.39418,-9.526279,-5.5
2124,-4.84402,-1.411331,-9.526279,-5.5
2125,-4.861565,-1.42712,-9.526279,-5.5
2126,-4.881869,-1.446871,-9.526279,-5.5
2127,-4.904975,-1.469323,-9.526279,-5.5
2128,-4.92672,-1.492905,-9.526279,-5.5
2129,-4.948651,-1.514534,-9.526279,-5.5
2130,-4.972169,-1.535208,-9.526279,-5.5
2131,-4.992632,-1.555023,-9.526279,-5.5
2132,-5.008668,-1.574708,-9.526279,-5.5
2133,-5.026073,-1.594483,-9.526279,-5.5
2134,-5.043046,-1.613383,-9.526279,-5.5
2135,-5.062229,-1.632713,-9.526279,-5.5
2136,-5.081153,-1.655064,-9.526279,-5.5
2137,-5.098886,-1.677981,-9.526279,-5.5
2138,-5.116467,-1.700781,-9.526279,-5.5
2139,-5.135991,-1.723128,-9.526279,-5.5
2140,-5.154879,-1.744656,-9.526279,-5.5
2141,-5.175451,-1.766914,-9.526279,-5.5
2142,-5.199039,-1.786038,-9.526279,-5.5
2143,-5.221229,-1.804605,-9.526279,-5.5
2144,-5.24477,-1.821149,-9.526279,-5.5
2145,-5.268918,-1.83758,-9.526279,-5.5
2146,-5.294848,-1.85452,-9.526279,-5.5
2147,-5.32166,-1.87255,-9.526279,-5.5
2148,-5.348201,-1.889962,-9.526279,-5.5
2149,-5.376454,-1.906799,-9.526279,-5.5
2150,-5.403383,-1.92403,-9.526279,-5.5
2151,-5.430623,-1.94211,-9.526279,-5.5
2152,-5.455331,-1.959986,-9.526279,-5.5
2153,-5.48152,-1.976605,-9.526279,-5.5
2154,-5.50799,-1.993888,-9.526279,-5.5
2155,-5.536701,-2.012677,-9.526279,-5.5
2156,-5.563805,-2.031479,-9.526279,-5.5
2157,-5.591652,-2.045767,-9.526279,-5.5
2158,-5.615271,-2.057371,-9.526279,-5.5
2159,-5.637485,-2.070802,-9.526279,-5.5
2160,-5.656233,-2.084063,-9.526279,-5.5
2161,-5.674903,-2.097792,-9.526279,-5.5
2162,-5.69188,-2.113886,-9.526279,-5.5
2163,-5.706891,-2.129126,-9.526279,-5.5
2164,-5.722841,-2.145023,-9.526279,-5.5
2165,-5.739518,-2.164118,-9.526279,-5.5
2166,-5.759277,-2.184178,-9.526279,-5.5
2167,-5.777869,-2.203476,-9.526279,-5.5
2168,-5.792595,-2.221678,-9.526279,-5.5
2169,-5.805983,-2.238633,-9.526279,-5.5
2170,-5.822392,-2.255671,-9.526279,-5.5
2171,-5.83829,-2.272744,-9.526279,-5.5
2172,-5.854216,-2.287175,-9.526279,-5.5
2173,-5.870692,-2.301608,-9.526279,-5.5
2174,-5.888344,-2.320001,-9.526279,-5.5
2175,-5.904353,-2.339218,-9.526279,-5.5
2176,-5.92268,-2.36033,-9.526279,-5.5
2177,-5.939785,-2.382998,-9.526279,-5.5
2178,-5.955861,-2.404527,-9.526279,-5.5
2179,-5.973382,-2.428451,-9.526279,-5.5
2180,-5.989796,-2.456183,-9.526279,-5.5
2181,-6.007277,-2.484837,-9.526279,-5.5
2182,-6.023619,-2.51075,-9.526279,-5.5
2183,-6.041036,-2.535719,-9.526279,-5.5
2184,-6.058134,-2.558268,-9.526279,-5.5
2185,-6.074267,-2.581402,-9.526279,-5.5
2186,-6.086875,-2.601917,-9.526279,-5.5
2187,-6.098165,-2.623652,-9.526279,-5.5
2188,-6.111571,-2.644906,-9.526279,-5.5
2189,-6.127159,-2.667301,-9.526279,-5.5
2190,-6.144413,-2.690899,-9.526279,-5.5
2191,-6.160519,-2.716909,-9.526279,-5.5
2192,-6.178459,-2.743819,-9.526279,-5.5
2193,-6.194369,-2.767942,-9.526279,-5.5
2194,-6.210489,-2.79146,-9.526279,-5.5
2195,-6.229105,-2.815339,-9.526279,-5.5
2196,-6.24718,-2.834989,-9.526279,-5.5
2197,-6.266516,-2.8543,-9.526279,-5.5
2198,-6.288774,-2.87572,-9.526279,-5.5
2199,-6.313126,-2.897689,-9.526279,-5.5
2200,-6.338119,-2.920051,-9.526279,-5.5
2201,-6.362001,-2.941206,-9.526279,-5.5
2202,-6.386559,-2.960298,-9.526279,-5.5
2203,-6.408919,-2.977699,-9.526279,-5.5
2204,-6.431665,-2.996036,-9.526279,-5.5
2205,-6.45545,-3.014354,-9.526279,-5.5
2206,-6.478476,-3.030985,-9.526279,-5.5
2207,-6.502988,-3.046235,-9.526279,-5.5
2208,-6.528759,-3.061072,-9.526279,-5.5
2209,-6.553563,-3.074984,-9.526279,-5.5
2210,-6.574183,-3.087434,-9.526279,-5.5
2211,-6.594664,-3.099771,-9.526279,-5.5
2212,-6.612925,-3.112523,-9.526279,-5.5
2213,-6.630657,-3.127414,-9.526279,-5.5
2214,-6.647804,-3.140744,-9.526279,-5.5
2215,-6.663116,-3.152425,-9.526279,-5.5
2216,-6.674173,-3.164001,-9.526279,-5.5
2217,-6.688366,-3.177915,-9.526279,-5.5
2218,-6.703492,-3.191233,-9.526279,-5.5
2219,-6.718217,-3.203731,-9.526279,-5.5
2220,-6.732684,-3.217565,-9.526279,-5.5
2221,-6.74765,-3.233396,-9.526279,-5.5
2222,-6.762898,-3.252504,-9.526279,-5.5
2223,-6.776687,-3.268752,-9.526279,-5.5
2224,-6.790971,-3.285194,-9.526279,-5.5
2225,-6.804876,-3.301484,-9.526279,-5.5
2226,-6.81986,-3.319483,9.526279,5.5
2227,-6.838118,-3.335048,9.526279,5.5
2228,-6.861027,-3.351158,9.526279,5.5
2229,-6.885141,-3.368869,9.526279,5.5
2230,-6.905473,-3.385768,9.526279,5.5
2231,-6.923783,-3.397375,9.526279,5.5
2232,-6.941835,-3.406727,9.526279,5.5
2233,-6.955635,-3.413959,9.526279,5.5
2234,-6.967357,-3.418504,9.526279,5.5
2235,-6.98034,-3.425548,9.526279,5.5
2236,-6.995034,-3.435163,9.526279,5.5
2237,-7.01122,-3.448382,9.526279,5.5
2238,-7.028005,-3.461344,9.526279,5.5
2239,-7.049207,-3.472769,9.526279,5.5
2240,-7.073543,-3.486301,9.526279,5.5
2241,-7.09422,-3.502588,9.526279,5.5
2242,-7.109924,-3.520834,9.526279,5.5
2243,-7.124264,-3.540205,9.526279,5.5
2244,-7.133884,-3.560168,9.526279,5.5
2245,-7.140341,-3.578412,9.526279,5.5
2246,-7.143707,-3.592824,9.526279,5.5
2247,-7.146243,-3.606202,9.526279,5.5
2248,-7.148846,-3.616385,9.526279,5.5
2249,-7.154549,-3.622542,9.526279,5.5
2250,-7.162,-3.628446,9.526279,5.5
2251,-7.166676,-3.637478,9.526279,5.5
2252,-7.172851,-3.651445,9.526279,5.5
2253,-7.178814,-3.66512,9.526279,5.5
2254,-7.185588,-3.678266,9.526279,5.5
2255,-7.192486,-3.690264,9.526279,5.5
2256,-7.196224,-3.705099,9.526279,5.5
2257,-7.193395,-3.719661,9.526279,5.5
2258,-7.19013,-3.733092,9.526279,5.5
2259,-7.189126,-3.742023,9.526279,5.5
2260,-7.188685,-3.748757,9.526279,5.5
2261,-7.190077,-3.756067,9.526279,5.5
2262,-7.192952,-3.764824,9.526279,5.5
2263,-7.193023,-3.774658,9.526279,5.5
2264,-7.188396,-3.784697,9.526279,5.5
2265,-7.183372,-3.790288,9.526279,5.5
2266,-7.175119,-3.795774,9.526279,5.5
2267,-7.165848,-3.800312,9.526279,5.5
2268,-7.158729,-3.807436,9.526279,5.5
2269,-7.151597,-3.814393,9.526279,5.5
2270,-7.142919,-3.820681,9.526279,5.5
2271,-7.133768,-3.827149,9.526279,5.5
2272,-7.127477,-3.832156,9.526279,5.5
2273,-7.117042,-3.834678,9.526279,5.5
2274,-7.10449,-3.838353,9.526279,5.5
2275,-7.093174,-3.841794,9.526279,5.5
2276,-7.080629,-3.844017,9.526279,5.5
2277,-7.069209,-3.844866,9.526279,5.5
2278,-7.060678,-3.845331,9.526279,5.5
2279,-7.051172,-3.848486,9.526279,5.5
2280,-7.040885,-3.853817,9.526279,5.5
2281,-7.026849,-3.855555,9.526279,5.5
2282,-7.013329,-3.858267,9.526279,5.5
2283,-7.000941,-3.859799,9.526279,5.5
2284,-6.988783,-3.861357,9.526279,5.5
2285,-6.972211,-3.862284,9.526279,5.5
2286,-6.952194,-3.862603,9.526279,5.5
2287,-6.930292,-3.862664,9.526279,5.5
2288,-6.908092,-3.863478,9.526279,5.5
2289,-6.885142,-3.865231,9.526279,5.5
2290,-6.861988,-3.866596,9.526279,5.5
2291,-6.83934,-3.864875,9.526279,5.5
2292,-6.819617,-3.862344,9.526279,5.5
2293,-6.800392,-3.859274,9.526279,5.5
2294,-6.781221,-3.858198,9.526279,5.5
2295,-6.762906,-3.855759,9.526279,5.5
2296,-6.741593,-3.855835,9.526279,5.5
2297,-6.718245,-3.856205,9.526279,5.5
2298,-6.694096,-3.853681,9.526279,5.5
2299,-6.673076,-3.853312,9.526279,5.5
2300,-6.653324,-3.85298,9.526279,5.5
2301,-6.632804,-3.852396,9.526279,5.5
2302,-6.610732,-3.852678,9.526279,5.5
2303,-6.585818,-3.853859,9.526279,5.5
2304,-6.5618,-3.856753,9.526279,5.5
2305,-6.534636,-3.860495,9.526279,5.5
2306,-6.505859,-3.863915,9.526279,5.5
2307,-6.475161,-3.869127,9.526279,5.5
2308,-6.448543,-3.873427,9.526279,5.5
2309,-6.421538,-3.878965,9.526279,5.5
2310,-6.395713,-3.883193,9.526279,5.5
2311,-6.372197,-3.886173,9.526279,5.5
2312,-6.345702,-3.888184,9.526279,5.5
2313,-6.320129,-3.891876,9.526279,5.5
2314,-6.297211,-3.895793,9.526279,5.5
2315,-6.275438,-3.898495,9.526279,5.5
2316,-6.253182,-3.903289,9.526279,5.5
2317,-6.232601,-3.905842,9.526279,5.5
2318,-6.21029,-3.908362,9.526279,5.5
2319,-6.184796,-3.910354,9.526279,5.5
2320,-6.158153,-3.912508,9.526279,5.5
2321,-6.134634,-3.911979,9.526279,5.5
2322,-6.114232,-3.912476,9.526279,5.5
2323,-6.096231,-3.912683,9.526279,5.5
2324,-6.075508,-3.910594,9.526279,5.5
2325,-6.055582,-3.909284,9.526279,5.5
2326,-6.033191,-3.909091,9.526279,5.5
2327,-6.011683,-3.908275,9.526279,5.5
2328,-5.990362,-3.906802,9.526279,5.5
2329,-5.970656,-3.904052,9.526279,5.5
2330,-5.950721,-3.90057,9.526279,5.5
2331,-5.928619,-3.895829,9.526279,5.5
2332,-5.906885,-3.892637,9.526279,5.5
2333,-5.883721,-3.889632,9.526279,5.5
2334,-5.859539,-3.88811,9.526279,5.5
2335,-5.832798,-3.88541,9.526279,5.5
2336,-5.806191,-3.881631,9.526279,5.5
2337,-5.780432,-3.878061,9.526279,5.5
2338,-5.756168,-3.875545,9.526279,5.5
2339,-5.727791,-3.867214,9.526279,5.5
2340,-5.699829,-3.860094,9.526279,5.5
2341,-5.67152,-3.852471,9.526279,5.5
2342,-5.639838,-3.843928,9.526279,5.5
2343,-5.607525,-3.835354,9.526279,5.5
2344,-5.575543,-3.826958,9.526279,5.5
2345,-5.546642,-3.819791,9.526279,5.5
2346,-5.520275,-3.813507,9.526279,5.5
2347,-5.49649,-3.805656,9.526279,5.5
2348,-5.472651,-3.799197,9.526279,5.5
2349,-5.445753,-3.791016,9.526279,5.5
2350,-5.419721,-3.782208,9.526279,5.5
2351,-5.390995,-3.774333,9.526279,5.5
2352,-5.364275,-3.76701,9.526279,5.5
2353,-5.337759,-3.761517,9.526279,5.5
2354,-5.310966,-3.755278,9.526279,5.5
2355,-5.281892,-3.751007,9.526279,5.5
2356,-5.254648,-3.74726,9.526279,5.5
2357,-5.226111,-3.743057,9.526279,5.5
2358,-5.197001,-3.739292,9.526279,5.5
2359,-5.168153,-3.736741,9.526279,5.5
2360,-5.137986,-3.735088,9.526279,5.5
2361,-5.106233,-3.735234,9.526279,5.5
2362,-5.075835,-3.737262,9.526279,5.5
2363,-5.045398,-3.739854,9.526279,5.5
2364,-5.015574,-3.742575,9.526279,5.5
2365,-4.987342,-3.743364,9.526279,5.5
2366,-4.959244,-3.742632,9.526279,5.5
2367,-4.931508,-3.741322,9.526279,5.5
2368,-4.90325,-3.741827,9.526279,5.5
2369,-4.876605,-3.742359,9.526279,5.5
2370,-4.849636,-3.742698,9.526279,5.5
2371,-4.822969,-3.74472,9.526279,5.5
2372,-4.799848,-3.745037,9.526279,5.5
2373,-4.774905,-3.746479,9.526279,5.5
2374,-4.753695,-3.745506,9.526279,5.5
2375,-4.734555,-3.744418,9.526279,5.5
2376,-4.714356,-3.743157,9.526279,5.5
2377,-4.693727,-3.742368,9.526279,5.5
2378,-4.67326,-3.742029,9.526279,5.5
2379,-4.654268,-3.740385,9.526279,5.5
2380,-4.63349,-3.738474,9.526279,5.5
2381,-4.61349,-3.735877,9.526279,5.5
2382,-4.588847,-3.73179,9.526279,5.5
2383,-4.565857,-3.7264,9.526279,5.5
2384,-4.543145,-3.721144,9.526279,5.5
2385,-4.522038,-3.718278,9.526279,5.5
2386,-4.496337,-3.713526,9.526279,5.5
2387,-4.470307,-3.710727,9.526279,5.5
2388,-4.445088,-3.705107,9.526279,5.5
2389,-4.421692,-3.700742,9.526279,5.5
2390,-4.398849,-3.696778,9.526279,5.5
2391,-4.375025,-3.691126,9.526279,5.5
2392,-4.349278,-3.682866,9.526279,5.5
2393,-4.321509,-3.674047,9.526279,5.5
2394,-4.291957,-3.666159,9.526279,5.5
2395,-4.260082,-3.658069,9.526279,5.5
2396,-4.22629,-3.648445,9.526279,5.5
2397,-4.193608,-3.638701,9.526279,5.5
2398,-4.162508,-3.630431,9.526279,5.5
2399,-4.133705,-3.622397,9.526279,5.5
2400,-4.107873,-3.615262,9.526279,5.5
2401,-4.083038,-3.607391,-11,0
2402,-4.060699,-3.6014,-11,0
2403,-4.047258,-3.597255,-11,0
2404,-4.033349,-3.592104,-11,0
2405,-4.015522,-3.586507,-11,0
2406,-3.993102,-3.581792,-11,0
2407,-3.96754,-3.57854,-11,0
2408,-3.938441,-3.576955,-11,0
2409,-3.906802,-3.576915,-11,0
2410,-3.871508,-3.579536,-11,0
2411,-3.834535,-3.582159,-11,0
2412,-3.795468,-3.581792,-11,0
2413,-3.761426,-3.579235,-11,0
2414,-3.732109,-3.574522,-11,0
2415,-3.708824,-3.569263,-11,0
2416,-3.689441,-3.564894,-11,0
2417,-3.673853,-3.558813,-11,0
2418,-3.660195,-3.554523,-11,0
2419,-3.645688,-3.550849,-11,0
2420,-3.628803,-3.54684,-11,0
2421,-3.609194,-3.543572,-11,0
2422,-3.592698,-3.541814,-11,0
2423,-3.580449,-3.539021,-11,0
2424,-3.570628,-3.536315,-11,0
2425,-3.563386,-3.53144,-11,0
2426,-3.559473,-3.524584,-11,0
2427,-3.556575,-3.514681,-11,0
2428,-3.555172,-3.505575,-11,0
2429,-3.556886,-3.496592,-11,0
2430,-3.557106,-3.491109,-11,0
2431,-3.556582,-3.488741,-11,0
2432,-3.555052,-3.480542,-11,0
2433,-3.555887,-3.469854,-11,0
2434,-3.56158,-3.457926,-11,0
2435,-3.570986,-3.448356,-11,0
2436,-3.576117,-3.444525,-11,0
2437,-3.580862,-3.442546,-11,0
2438,-3.5857,-3.443074,-11,0
2439,-3.588549,-3.441586,-11,0
2440,-3.59163,-3.436947,-11,0
2441,-3.596673,-3.430498,-11,0
2442,-3.606179,-3.420959,-11,0
2443,-3.616686,-3.412423,-11,0
2444,-3.626131,-3.403942,-11,0
2445,-3.636563,-3.396403,-11,0
2446,-3.64983,-3.387265,-11,0
2447,-3.665202,-3.378396,-11,0
2448,-3.680436,-3.368566,-11,0
2449,-3.695758,-3.359962,-11,0
2450,-3.712354,-3.35147,-11,0
2451,-3.728043,-3.344239,-11,0
2452,-3.744932,-3.337744,-11,0
2453,-3.761748,-3.330241,-11,0
2454,-3.783951,-3.32146,-11,0
2455,-3.802696,-3.311052,-11,0
2456,-3.821018,-3.302399,-11,0
2457,-3.836416,-3.296411,-11,0
2458,-3.85502,-3.289248,-11,0
2459,-3.875137,-3.278467,-11,0
2460,-3.89535,-3.270022,-11,0
2461,-3.914374,-3.260053,-11,0
2462,-3.933529,-3.250969,-11,0
2463,-3.95227,-3.240968,-11,0
2464,-3.969434,-3.23158,-11,0
2465,-3.988286,-3.221604,-11,0
2466,-4.006761,-3.210714,-11,0
2467,-4.025568,-3.199667,-11,0
2468,-4.047862,-3.185564,-11,0
2469,-4.070706,-3.169578,-11,0
2470,-4.090719,-3.152087,-11,0
2471,-4.110608,-3.135685,-11,0
2472,-4.131817,-3.120025,-11,0
2473,-4.152475,-3.105329,-11,0
2474,-4.171414,-3.092029,-11,0
2475,-4.18998,-3.077388,-11,0
2476,-4.209016,-3.060888,-11,0
2477,-4.229306,-3.043334,-11,0
2478,-4.249433,-3.024998,-11,0
2479,-4.268279,-3.006756,-11,0
2480,-4.286269,-2.991918,-11,0
2481,-4.30339,-2.9789,-11,0
2482,-4.319507,-2.9656,-11,0
2483,-4.335504,-2.955446,-11,0
2484,-4.35248,-2.946478,-11,0
2485,-4.369839,-2.937799,-11,0
2486,-4.386177,-2.92906,-11,0
2487,-4.404028,-2.919546,-11,0
2488,-4.422252,-2.909834,-11,0
2489,-4.441693,-2.900693,-11,0
2490,-4.460988,-2.894309,-11,0
2491,-4.484199,-2.886921,-11,0
2492,-4.50571,-2.878415,-11,0
2493,-4.524808,-2.871122,-11,0
2494,-4.544898,-2.861223,-11,0
2495,-4.568253,-2.852042,-11,0
2496,-4.59117,-2.84275,-11,0
2497,-4.611651,-2.833704,-11,0
2498,-4.633897,-2.825159,-11,0
2499,-4.657435,-2.818261,-11,0
2500,-4.682178,-2.810262,-11,0
2501,-4.706695,-2.802547,-11,0
2502,-4.732081,-2.79566,-11,0
2503,-4.759606,-2.787285,-11,0
2504,-4.789274,-2.780073,-11,0
2505,-4.817101,-2.77489,-11,0
2506,-4.84198,-2.769634,-11,0
2507,-4.864726,-2.763427,-11,0
2508,-4.890174,-2.759289,-11,0
2509,-4.915513,-2.754,-11,0
2510,-4.940317,-2.750897,-11,0
2511,-4.965289,-2.745287,-11,0
2512,-4.992046,-2.740238,-11,0
2513,-5.02086,-2.733291,-11,0
2514,-5.047894,-2.728217,-11,0
2515,-5.076253,-2.722738,-11,0
2516,-5.100991,-2.71791,-11,0
2517,-5.126571,-2.711947,-11,0
2518,-5.150423,-2.705847,-11,0
2519,-5.173947,-2.698712,-11,0
2520,-5.198759,-2.69092,-11,0
2521,-5.22528,-2.678133,-11,0
2522,-5.251195,-2.664435,-11,0
2523,-5.278358,-2.650281,-11,0
2524,-5.305316,-2.635852,-11,0
2525,-5.335295,-2.619219,-11,0
2526,-5.363058,-2.603132,-11,0
2527,-5.389837,-2.586943,-11,0
2528,-5.415111,-2.574046,-11,0
2529,-5.444072,-2.559198,-11,0
2530,-5.474841,-2.540661,-11,0
2531,-5.504821,-2.521345,-11,0
2532,-5.533268,-2.502252,-11,0
2533,-5.559346,-2.484407,-11,0
2534,-5.58395,-2.470921,-11,0
2535,-5.610025,-2.45783,-11,0
2536,-5.632652,-2.445305,-11,0
2537,-5.654967,-2.434932,-11,0
2538,-5.677786,-2.42722,-11,0
2539,-5.699627,-2.420459,-11,0
2540,-5.72314,-2.414001,-11,0
2541,-5.746724,-2.407984,-11,0
2542,-5.770729,-2.401733,-11,0
2543,-5.79518,-2.39404,-11,0
2544,-5.817697,-2.391258,-11,0
2545,-5.841129,-2.386029,-11,0
2546,-5.864796,-2.380011,-11,0
2547,-5.888005,-2.37511,-11,0
2548,-5.909326,-2.369339,-11,0
2549,-5.935075,-2.364502,-11,0
2550,-5.959645,-2.360252,-11,0
2551,-5.984226,-2.356376,-11,0
2552,-6.011315,-2.352699,-11,0
2553,-6.041936,-2.349283,-11,0
2554,-6.07083,-2.346139,-11,0
2555,-6.102234,-2.341497,-11,0
2556,-6.133687,-2.337702,-11,0
2557,-6.16508,-2.335488,-11,0
2558,-6.195907,-2.331196,-11,0
2559,-6.228213,-2.326817,-11,0
2560,-6.257559,-2.324692,-11,0
2561,-6.28694,-2.321408,-11,0
2562,-6.316298,-2.319362,-11,0
2563,-6.343445,-2.319204,-11,0
2564,-6.371628,-2.319412,-11,0
2565,-6.404172,-2.318207,-11,0
2566,-6.436061,-2.315168,-11,0
2567,-6.467288,-2.313617,-11,0
2568,-6.500733,-2.312434,-11,0
2569,-6.531674,-2.310793,-11,0
2570,-6.561479,-2.306156,-11,0
2571,-6.593252,-2.301721,-11,0
2572,-6.624201,-2.294023,-11,0
2573,-6.653661,-2.286644,-11,0
2574,-6.682086,-2.277902,-11,0
2575,-6.711596,-2.268653,-11,0
2576,-6.743123,-2.258918,11,0
2577,-6.774732,-2.25127,11,0
2578,-6.807465,-2.242959,11,0
2579,-6.842766,-2.233116,11,0
2580,-6.877377,-2.227351,11,0
2581,-6.910578,-2.225736,11,0
2582,-6.941288,-2.224058,11,0
2583,-6.968621,-2.222471,11,0
2584,-6.993046,-2.221411,11,0
2585,-7.015287,-2.216875,11,0
2586,-7.036202,-2.212281,11,0
2587,-7.052777,-2.207667,11,0
2588,-7.067433,-2.201216,11,0
2589,-7.086718,-2.190928,11,0
2590,-7.110273,-2.18309,11,0
2591,-7.132874,-2.180124,11,0
2592,-7.155298,-2.179954,11,0
2593,-7.17614,-2.179119,11,0
2594,-7.194114,-2.17598,11,0
2595,-7.209761,-2.172235,11,0
2596,-7.221631,-2.169504,11,0
2597,-7.229869,-2.165339,11,0
2598,-7.236012,-2.16256,11,0
2599,-7.238668,-2.161644,11,0
2600,-7.241637,-2.162516,11,0
2601,-7.242171,-2.163445,11,0
2602,-7.235759,-2.166261,11,0
2603,-7.227211,-2.171168,11,0
2604,-7.217157,-2.174655,11,0
2605,-7.205977,-2.176699,11,0
2606,-7.193253,-2.178182,11,0
2607,-7.179533,-2.176531,11,0
2608,-7.165205,-2.176476,11,0
2609,-7.148766,-2.174979,11,0
2610,-7.131779,-2.174087,11,0
2611,-7.114356,-2.175645,11,0
2612,-7.098026,-2.174601,11,0
2613,-7.083564,-2.173084,11,0
2614,-7.06303,-2.169935,11,0
2615,-7.043456,-2.166023,11,0
2616,-7.024004,-2.166549,11,0
2617,-7.006372,-2.166324,11,0
2618,-6.990444,-2.165277,11,0
2619,-6.970827,-2.165478,11,0
2620,-6.951426,-2.164806,11,0
2621,-6.931686,-2.162861,11,0
2622,-6.91223,-2.161917,11,0
2623,-6.892197,-2.162913,11,0
2624,-6.871668,-2.164124,11,0
2625,-6.8548,-2.165333,11,0
2626,-6.83481,-2.16791,11,0
2627,-6.810543,-2.172281,11,0
2628,-6.785288,-2.176761,11,0
2629,-6.761735,-2.181248,11,0
2630,-6.73831,-2.186968,11,0
2631,-6.713607,-2.192667,11,0
2632,-6.688161,-2.199516,11,0
2633,-6.662434,-2.20685,11,0
2634,-6.639945,-2.213783,11,0
2635,-6.614295,-2.221217,11,0
2636,-6.588054,-2.230406,11,0
2637,-6.564539,-2.238231,11,0
2638,-6.541775,-2.246999,11,0
2639,-6.514895,-2.254982,11,0
2640,-6.487605,-2.261648,11,0
2641,-6.459764,-2.267969,11,0
2642,-6.432054,-2.27455,11,0
2643,-6.407824,-2.278402,11,0
2644,-6.385911,-2.280792,11,0
2645,-6.359787,-2.281709,11,0
2646,-6.338937,-2.282403,11,0
2647,-6.321391,-2.282653,11,0
2648,-6.302372,-2.284422,11,0
2649,-6.284014,-2.285271,-9.526278,5.5
2650,-6.26439,-2.285948,-9.526278,5.5
2651,-6.243005,-2.284578,-9.526278,5.5
2652,-6.223405,-2.28641,-9.526278,5.5
2653,-6.199304,-2.286404,-9.526278,5.5
2654,-6.180069,-2.289075,-9.526278,5.5
2655,-6.166558,-2.294072,-9.526278,5.5
2656,-6.151132,-2.298785,-9.526278,5.5
2657,-6.132236,-2.30238,-9.526278,5.5
2658,-6.109736,-2.304566,-9.526278,5.5
2659,-6.088077,-2.308429,-9.526278,5.5
2660,-6.070108,-2.308776,-9.526278,5.5
2661,-6.055748,-2.30663,-9.526278,5.5
2662,-6.042893,-2.302668,-9.526278,5.5
2663,-6.031075,-2.295952,-9.526278,5.5
2664,-6.020624,-2.290254,-9.526278,5.5
2665,-6.010849,-2.285103,-9.526278,5.5
2666,-6.001226,-2.277842,-9.526278,5.5
2667,-5.992276,-2.268634,-9.526278,5.5
2668,-5.983781,-2.258277,-9.526278,5.5
2669,-5.97523,-2.246363,-9.526278,5.5
2670,-5.968341,-2.233877,-9.526278,5.5
2671,-5.962321,-2.226242,-9.526278,5.5
2672,-5.955227,-2.218462,-9.526278,5.5
2673,-5.948199,-2.207477,-9.526278,5.5
2674,-5.942637,-2.194272,-9.526278,5.5
2675,-5.940302,-2.178336,-9.526278,5.5
2676,-5.937546,-2.159331,-9.526278,5.5
2677,-5.935574,-2.142605,-9.526278,5.5
2678,-5.932735,-2.123173,-9.526278,5.5
2679,-5.93013,-2.104794,-9.526278,5.5
2680,-5.925341,-2.088434,-9.526278,5.5
2681,-5.919811,-2.071509,-9.526278,5.5
2682,-5.913825,-2.054089,-9.526278,5.5
2683,-5.907666,-2.033223,-9.526278,5.5
2684,-5.898746,-2.007789,-9.526278,5.5
2685,-5.8893,-1.984315,-9.526278,5.5
2686,-5.881027,-1.964503,-9.526278,5.5
2687,-5.869467,-1.944829,-9.526278,5.5
2688,-5.859121,-1.929051,-9.526278,5.5
2689,-5.850478,-1.911508,-9.526278,5.5
2690,-5.841888,-1.891649,-9.526278,5.5
2691,-5.833027,-1.873203,-9.526278,5.5
2692,-5.824438,-1.855546,-9.526278,5.5
2693,-5.817265,-1.837543,-9.526278,5.5
2694,-5.811264,-1.81852,-9.526278,5.5
2695,-5.806812,-1.799854,-9.526278,5.5
2696,-5.801951,-1.781695,-9.526278,5.5
2697,-5.798971,-1.762028,-9.526278,5.5
2698,-5.79576,-1.745491,-9.526278,5.5
2699,-5.793743,-1.729833,-9.526278,5.5
2700,-5.790717,-1.714556,-9.526278,5.5
2701,-5.789623,-1.700509,-9.526278,5.5
2702,-5.78879,-1.679812,-9.526278,5.5
2703,-5.788239,-1.658865,-9.526278,5.5
2704,-5.789011,-1.637992,-9.526278,5.5
2705,-5.792217,-1.617598,-9.526278,5.5
2706,-5.795907,-1.601025,-9.526278,5.5
2707,-5.795747,-1.585411,-9.526278,5.5
2708,-5.797034,-1.567706,-9.526278,5.5
2709,-5.796049,-1.551268,-9.526278,5.5
2710,-5.795858,-1.532096,-9.526278,5.5
2711,-5.79493,-1.510293,-9.526278,5.5
2712,-5.795684,-1.486191,-9.526278,5.5
2713,-5.797318,-1.46419,-9.526278,5.5
2714,-5.799196,-1.443751,-9.526278,5.5
2715,-5.801953,-1.422795,-9.526278,5.5
2716,-5.806739,-1.401376,-9.526278,5.5
2717,-5.814855,-1.378371,-9.526278,5.5
2718,-5.823968,-1.351738,-9.526278,5.5
2719,-5.833521,-1.321924,-9.526278,5.5
2720,-5.843059,-1.296202,-9.526278,5.5
2721,-5.847858,-1.272409,-9.526278,5.5
2722,-5.85239,-1.250004,9.526278,-5.5
2723,-5.860695,-1.233395,9.526278,-5.5
2724,-5.872689,-1.215598,9.526278,-5.5
2725,-5.887178,-1.195358,9.526278,-5.5
2726,-5.902518,-1.170378,9.526278,-5.5
2727,-5.917893,-1.138582,9.526278,-5.5
2728,-5.926592,-1.103671,9.526278,-5.5
2729,-5.927649,-1.06991,9.526278,-5.5
2730,-5.924684,-1.041599,9.526278,-5.5
2731,-5.921387,-1.016972,9.526278,-5.5
2732,-5.921772,-0.9946792,9.526278,-5.5
2733,-5.922439,-0.9708688,9.526278,-5.5
2734,-5.9203,-0.9456323,9.526278,-5.5
2735,-5.915922,-0.9269604,9.526278,-5.5
2736,-5.910686,-0.909595,9.526278,-5.5
2737,-5.90504,-0.8924877,9.526278,-5.5
2738,-5.899858,-0.8763096,9.526278,-5.5
2739,-5.893578,-0.8605893,9.526278,-5.5
2740,-5.887364,-0.8450114,9.526278,-5.5
2741,-5.875491,-0.8289004,9.526278,-5.5
2742,-5.861006,-0.8145533,9.526278,-5.5
2743,-5.84343,-0.7999464,9.526278,-5.5
2744,-5.823299,-0.7860634,9.526278,-5.5
2745,-5.801812,-0.7738847,9.526278,-5.5
2746,-5.783227,-0.7613396,9.526278,-5.5
2747,-5.761228,-0.7462759,9.526278,-5.5
2748,-5.735612,-0.7291662,9.526278,-5.5
2749,-5.710038,-0.7139543,9.526278,-5.5
2750,-5.688454,-0.7001136,9.526278,-5.5
2751,-5.667631,-0.6879603,9.526278,-5.5
2752,-5.648579,-0.677748,9.526278,-5.5
2753,-5.631528,-0.6692122,9.526278,-5.5
2754,-5.613986,-0.6616874,9.526278,-5.5
2755,-5.597126,-0.652127,9.526278,-5.5
2756,-5.575758,-0.6400635,9.526278,-5.5
2757,-5.555377,-0.6287155,9.526278,-5.5
2758,-5.53505,-0.6184263,9.526278,-5.5
2759,-5.516514,-0.6088025,9.526278,-5.5
2760,-5.499373,-0.5966168,9.526278,-5.5
2761,-5.481058,-0.5850676,9.526278,-5.5
2762,-5.463868,-0.571725,9.526278,-5.5
2763,-5.442749,-0.5586597,9.526278,-5.5
2764,-5.423846,-0.5479582,9.526278,-5.5
2765,-5.404053,-0.5374722,9.526278,-5.5
2766,-5.382354,-0.5251644,9.526278,-5.5
2767,-5.361191,-0.5128469,9.526278,-5.5
2768,-5.342375,-0.5013224,9.526278,-5.5
2769,-5.319797,-0.4875239,9.526278,-5.5
2770,-5.296689,-0.4727558,9.526278,-5.5
2771,-5.272549,-0.4582131,9.526278,-5.5
2772,-5.24675,-0.444633,9.526278,-5.5
2773,-5.220434,-0.431972,9.526278,-5.5
2774,-5.196547,-0.4206775,9.526278,-5.5
2775,-5.172042,-0.4105397,9.526278,-5.5
2776,-5.147324,-0.3994942,9.526278,-5.5
2777,-5.123897,-0.3893805,9.526278,-5.5
2778,-5.104103,-0.380846,9.526278,-5.5
2779,-5.082932,-0.3706765,9.526278,-5.5
2780,-5.061104,-0.3622974,9.526278,-5.5
2781,-5.037647,-0.3539913,9.526278,-5.5
2782,-5.011722,-0.3455545,9.526278,-5.5
2783,-4.985883,-0.3383421,9.526278,-5.5
2784,-4.960687,-0.3286709,9.526278,-5.5
2785,-4.93769,-0.3206944,9.526278,-5.5
2786,-4.91386,-0.3144321,9.526278,-5.5
2787,-4.892145,-0.3085476,9.526278,-5.5
2788,-4.868634,-0.3057396,9.526278,-5.5
2789,-4.841868,-0.3053687,9.526278,-5.5
2790,-4.815311,-0.3065783,9.526278,-5.5
2791,-4.790204,-0.3107129,9.526278,-5.5
2792,-4.766546,-0.3167862,9.526278,-5.5
2793,-4.740954,-0.3233586,9.526278,-5.5
2794,-4.715223,-0.3307885,9.526278,-5.5
2795,-4.688734,-0.3392835,9.526278,-5.5
2796,-4.665087,-0.3459002,9.526278,-5.5
2797,-4.638923,-0.3533721,9.526278,-5.5
2798,-4.609671,-0.3615303,9.526278,-5.5
2799,-4.578819,-0.3701674,9.526278,-5.5
2800,-4.548748,-0.3766409,9.526278,-5.5
2801,-4.516913,-0.3858885,9.526278,-5.5
2802,-4.486921,-0.3952252,9.526278,-5.5
2803,-4.456159,-0.4029733,9.526278,-5.5
2804,-4.427922,-0.410388,9.526278,-5.5
2805,-4.401055,-0.4158884,9.526278,-5.5
2806,-4.380879,-0.4190239,9.526278,-5.5
2807,-4.360097,-0.4193877,9.526278,-5.5
2808,-4.336289,-0.4226917,9.526278,-5.5
2809,-4.314964,-0.4253592,9.526278,-5.5
2810,-4.290781,-0.4271603,9.526278,-5.5
2811,-4.267224,-0.426594,9.526278,-5.5
2812,-4.243934,-0.4250143,9.526278,-5.5
2813,-4.221171,-0.4230086,9.526278,-5.5
2814,-4.196665,-0.422334,9.526278,-5.5
2815,-4.176077,-0.4192155,9.526278,-5.5
2816,-4.152024,-0.4180261,9.526278,-5.5
2817,-4.12755,-0.4174803,9.526278,-5.5
2818,-4.10515,-0.417263,9.526278,-5.5
2819,-4.081109,-0.4183952,9.526278,-5.5
2820,-4.054149,-0.419502,9.526278,-5.5
2821,-4.029062,-0.4188102,9.526278,-5.5
2822,-4.001069,-0.4165843,9.526278,-5.5
2823,-3.971626,-0.4137735,9.526278,-5.5
2824,-3.943494,-0.4124838,9.526278,-5.5
2825,-3.915081,-0.410998,9.526278,-5.5
2826,-3.884575,-0.4098513,9.526278,-5.5
2827,-3.854168,-0.4071514,9.526278,-5.5
2828,-3.824146,-0.4047706,9.526278,-5.5
2829,-3.797386,-0.4033776,9.526278,-5.5
2830,-3.769014,-0.4014724,9.526278,-5.5
2831,-3.742956,-0.3983732,9.526278,-5.5
2832,-3.714335,-0.3959882,9.526278,-5.5
2833,-3.687137,-0.391309,9.526278,-5.5
2834,-3.658011,-0.388844,9.526278,-5.5
2835,-3.627111,-0.3884728,9.526278,-5.5
2836,-3.59844,-0.3878263,9.526278,-5.5
2837,-3.572408,-0.3867372,9.526278,-5.5
2838,-3.544791,-0.3887379,9.526278,-5.5
2839,-3.516817,-0.3897663,9.526278,-5.5
2840,-3.490288,-0.3913069,9.526278,-5.5
2841,-3.4648,-0.3952109,9.526278,-5.5
2842,-3.438037,-0.4011732,9.526278,-5.5
2843,-3.410153,-0.4079213,9.526278,-5.5
2844,-3.38044,-0.4151949,9.526278,-5.5
2845,-3.350171,-0.4250027,9.526278,-5.5
2846,-3.322077,-0.43524,9.526278,-5.5
2847,-3.293671,-0.4467906,9.526278,-5.5
2848,-3.267678,-0.459199,9.526278,-5.5
2849,-3.240313,-0.4695982,9.526278,-5.5
2850,-3.208569,-0.4807752,9.526278,-5.5
2851,-3.176617,-0.4934334,9.526278,-5.5
2852,-3.144971,-0.5066974,9.526278,-5.5
2853,-3.114195,-0.5205239,9.526278,-5.5
2854,-3.083589,-0.5329851,9.526278,-5.5
2855,-3.053838,-0.5455974,9.526278,-5.5
2856,-3.027576,-0.553979,9.526278,-5.5
2857,-3.001523,-0.561707,9.526278,-5.5
2858,-2.977478,-0.5684725,9.526278,-5.5
2859,-2.954664,-0.5761161,9.526278,-5.5
2860,-2.935606,-0.5822527,9.526278,-5.5
2861,-2.914969,-0.5856342,9.526278,-5.5
2862,-2.893324,-0.5894795,9.526278,-5.5
2863,-2.871459,-0.5902001,9.526278,-5.5
2864,-2.849634,-0.5938148,9.526278,-5.5
2865,-2.825923,-0.5963891,9.526278,-5.5
2866,-2.803664,-0.5966698,9.526278,-5.5
2867,-2.779715,-0.5965158,9.526278,-5.5
2868,-2.753413,-0.5992063,9.526278,-5.5
2869,-2.732311,-0.6017326,9.526278,-5.5
2870,-2.708549,-0.605073,-5.5,9.526279
2871,-2.683775,-0.6128132,-5.5,9.526279
2872,-2.653497,-0.6226658,-5.5,9.526279
2873,-2.623652,-0.631933,-5.5,9.526279
2874,-2.597705,-0.6380937,-5.5,9.526279
2875,-2.579447,-0.6420943,-5.5,9.526279
2876,-2.565808,-0.6471439,-5.5,9.526279
2877,-2.548644,-0.6554127,-5.5,9.526279
2878,-2.526136,-0.6610492,-5.5,9.526279
2879,-2.501096,-0.6660006,-5.5,9.526279
2880,-2.472924,-0.6718678,-5.5,9.526279
2881,-2.446539,-0.6791132,-5.5,9.526279
2882,-2.418351,-0.6871418,-5.5,9.526279
2883,-2.391341,-0.6905901,-5.5,9.526279
2884,-2.363739,-0.6905758,-5.5,9.526279
2885,-2.337627,-0.6859951,-5.5,9.526279
2886,-2.313752,-0.6803271,-5.5,9.526279
2887,-2.292622,-0.6745287,-5.5,9.526279
2888,-2.272558,-0.666487,-5.5,9.526279
2889,-2.256186,-0.6559352,-5.5,9.526279
2890,-2.240765,-0.6438584,-5.5,9.526279
2891,-2.227575,-0.6342334,-5.5,9.526279
2892,-2.215872,-0.6271089,-5.5,9.526279
2893,-2.201175,-0.6195651,-5.5,9.526279
2894,-2.184822,-0.6104898,-5.5,9.526279
2895,-2.169442,-0.5978589,-5.5,9.526279
2896,-2.151808,-0.5821564,-5.5,9.526279
2897,-2.133,-0.568133,-5.5,9.526279
2898,-2.114182,-0.5550051,-5.5,9.526279
2899,-2.094247,-0.5422865,-5.5,9.526279
2900,-2.070423,-0.5265419,-5.5,9.526279
2901,-2.048279,-0.5109382,-5.5,9.526279
2902,-2.025228,-0.4949302,-5.5,9.526279
2903,-2.005557,-0.4810722,-5.5,9.526279
2904,-1.986178,-0.4688259,-5.5,9.526279
2905,-1.968655,-0.4548857,-5.5,9.526279
2906,-1.953361,-0.4426632,-5.5,9.526279
2907,-1.939947,-0.4298962,-5.5,9.526279
2908,-1.925044,-0.4165489,-5.5,9.526279
2909,-1.911625,-0.4043882,-5.5,9.526279
2910,-1.89909,-0.3930082,-5.5,9.526279
2911,-1.888642,-0.3812257,-5.5,9.526279
2912,-1.878829,-0.3696743,-5.5,9.526279
2913,-1.868187,-0.3584889,-5.5,9.526279
2914,-1.859447,-0.3449216,-5.5,9.526279
2915,-1.851753,-0.3339469,-5.5,9.526279
2916,-1.844216,-0.3214722,-5.5,9.526279
2917,-1.838135,-0.3031507,-5.5,9.526279
2918,-1.828883,-0.2815729,-5.5,9.526279
2919,-1.822821,-0.2631058,-5.5,9.526279
2920,-1.818508,-0.2454198,-5.5,9.526279
2921,-1.816936,-0.2280238,-5.5,9.526279
2922,-1.813767,-0.2119459,-5.5,9.526279
2923,-1.810386,-0.1965975,-5.5,9.526279
2924,-1.805548,-0.1822734,-5.5,9.526279
2925,-1.802437,-0.1632915,-5.5,9.526279
2926,-1.800007,-0.1434892,-5.5,9.526279
2927,-1.794999,-0.1199418,-5.5,9.526279
2928,-1.790385,-0.1008241,-5.5,9.526279
2929,-1.785721,-0.07638168,-5.5,9.526279
2930,-1.780744,-0.04932171,-5.5,9.526279
2931,-1.77766,-0.02298778,-5.5,9.526279
2932,-1.774693,0.002339602,-5.5,9.526279
2933,-1.772838,0.02563107,-5.5,9.526279
2934,-1.771351,0.04781187,-5.5,9.526279
2935,-1.771901,0.07164931,-5.5,9.526279
2936,-1.771562,0.09251475,-5.5,9.526279
2937,-1.769117,0.1162468,-5.5,9.526279
2938,-1.770275,0.1429594,-5.5,9.526279
2939,-1.774974,0.167393,-5.5,9.526279
2940,-1.780367,0.1890031,-5.5,9.526279
2941,-1.784832,0.2141751,-5.5,9.526279
2942,-1.787486,0.2389061,-5.5,9.526279
2943,-1.789271,0.2655039,-5.5,9.526279
2944,-1.790041,0.2914633,-5.5,9.526279
2945,-1.788969,0.3156754,-5.5,9.526279
2946,-1.787248,0.3413807,-5.5,9.526279
2947,-1.78353,0.3693658,-5.5,9.526279
2948,-1.781095,0.3958933,-5.5,9.526279
2949,-1.776932,0.4242408,-5.5,9.526279
2950,-1.771866,0.4537665,-5.5,9.526279
2951,-1.766062,0.4830825,-5.5,9.526279
2952,-1.759828,0.5123906,-5.5,9.526279
2953,-1.75201,0.5419676,-5.5,9.526279
2954,-1.74387,0.5723429,-5.5,9.526279
2955,-1.735891,0.6014047,-5.5,9.526279
2956,-1.727036,0.6282287,-5.5,9.526279
2957,-1.718653,0.6526527,-5.5,9.526279
2958,-1.711105,0.6773406,-5.5,9.526279
2959,-1.702636,0.7070462,-5.5,9.526279
2960,-1.695414,0.7330198,-5.5,9.526279
2961,-1.688348,0.7578708,-5.5,9.526279
2962,-1.681874,0.7833819,-5.5,9.526279
2963,-1.674086,0.8115969,-5.5,9.526279
2964,-1.669536,0.8381276,-5.5,9.526279
2965,-1.66747,0.8607211,-5.5,9.526279
2966,-1.665024,0.8833649,-5.5,9.526279
2967,-1.661056,0.9055433,-5.5,9.526279
2968,-1.658774,0.9292226,-5.5,9.526279
2969,-1.655651,0.9498999,-5.5,9.526279
2970,-1.653773,0.9698499,-5.5,9.526279
2971,-1.653908,0.9920142,-5.5,9.526279
2972,-1.6547,1.016346,-5.5,9.526279
2973,-1.655638,1.039228,-5.5,9.526279
2974,-1.655918,1.063103,-5.5,9.526279
2975,-1.655215,1.083695,-5.5,9.526279
2976,-1.655481,1.106697,-5.5,9.526279
2977,-1.655471,1.13029,-5.5,9.526279
2978,-1.654341,1.151933,-5.5,9.526279
2979,-1.653259,1.175372,-5.5,9.526279
2980,-1.653011,1.20165,-5.5,9.526279
2981,-1.652722,1.22666,-5.5,9.526279
2982,-1.65275,1.249863,-5.5,9.526279
2983,-1.653474,1.275238,-5.5,9.526279
2984,-1.657546,1.303808,-5.5,9.526279
2985,-1.661616,1.332821,-5.5,9.526279
2986,-1.666526,1.364911,-5.5,9.526279
2987,-1.671755,1.39794,-5.5,9.526279
2988,-1.678716,1.427737,-5.5,9.526279
2989,-1.68541,1.453974,-5.5,9.526279
2990,-1.693179,1.476273,-5.5,9.526279
2991,-1.699407,1.501462,-5.5,9.526279
2992,-1.704758,1.530329,-5.5,9.526279
2993,-1.708365,1.557592,-5.5,9.526279
2994,-1.712046,1.584173,5.5,-9.526279
2995,-1.718711,1.603607,5.5,-9.526279
2996,-1.725621,1.622483,5.5,-9.526279
2997,-1.73166,1.645839,5.5,-9.526279
2998,-1.737276,1.671631,5.5,-9.526279
2999,-1.742398,1.700586,5.5,-9.526279
3000,-1.744911,1.731873,5.5,-9.526279
3001,-1.744952,1.762987,5.5,-9.526279
3002,-1.743007,1.796852,5.5,-9.526279
3003,-1.738109,1.831383,5.5,-9.526279
3004,-1.731446,1.866641,5.5,-9.526279
3005,-1.724549,1.900962,5.5,-9.526279
3006,-1.720796,1.934195,5.5,-9.526279
3007,-1.718934,1.965905,5.5,-9.526279
3008,-1.717667,1.994711,5.5,-9.526279
3009,-1.718549,2.02317,5.5,-9.526279
3010,-1.723941,2.051937,5.5,-9.526279
3011,-1.729644,2.077614,5.5,-9.526279
3012,-1.735714,2.101325,5.5,-9.526279
3013,-1.741046,2.122637,5.5,-9.526279
3014,-1.746505,2.139596,5.5,-9.526279
3015,-1.751405,2.152363,5.5,-9.526279
3016,-1.754481,2.16378,5.5,-9.526279
3017,-1.754898,2.175632,5.5,-9.526279
3018,-1.759628,2.188697,5.5,-9.526279
3019,-1.768322,2.199257,5.5,-9.526279
3020,-1.778229,2.208982,5.5,-9.526279
3021,-1.785181,2.215471,5.5,-9.526279
3022,-1.78686,2.224452,5.5,-9.526279
3023,-1.785492,2.234159,5.5,-9.526279
3024,-1.78223,2.23884,5.5,-9.526279
3025,-1.780136,2.23942,5.5,-9.526279
3026,-1.77944,2.239953,5.5,-9.526279
3027,-1.778265,2.239509,5.5,-9.526279
3028,-1.775203,2.235793,5.5,-9.526279
3029,-1.772565,2.23174,5.5,-9.526279
3030,-1.767497,2.22697,5.5,-9.526279
3031,-1.761608,2.2234,5.5,-9.526279
3032,-1.755979,2.216622,5.5,-9.526279
3033,-1.747767,2.208265,5.5,-9.526279
3034,-1.742859,2.202271,5.5,-9.526279
3035,-1.737355,2.194743,5.5,-9.526279
3036,-1.731849,2.185612,5.5,-9.526279
3037,-1.723409,2.174566,5.5,-9.526279
3038,-1.713404,2.162667,5.5,-9.526279
3039,-1.704801,2.151532,5.5,-9.526279
3040,-1.695477,2.139934,5.5,-9.526279
3041,-1.685058,2.124196,5.5,-9.526279
3042,-1.673798,2.10887,5.5,-9.526279
3043,-1.661521,2.098472,5.5,-9.526279
3044,-1.650343,2.085628,5.5,-9.526279
3045,-1.637103,2.068955,5.5,-9.526279
3046,-1.624801,2.050936,5.5,-9.526279
3047,-1.613384,2.034402,5.5,-9.526279
3048,-1.60158,2.018766,5.5,-9.526279
3049,-1.589463,2.004236,5.5,-9.526279
3050,-1.577427,1.987575,5.5,-9.526279
3051,-1.564801,1.972718,5.5,-9.526279
3052,-1.552475,1.956972,5.5,-9.526279
3053,-1.538873,1.941635,5.5,-9.526279
3054,-1.52486,1.923717,5.5,-9.526279
3055,-1.511963,1.903704,5.5,-9.526279
3056,-1.500328,1.884024,5.5,-9.526279
3057,-1.488887,1.862153,5.5,-9.526279
3058,-1.477146,1.840001,5.5,-9.526279
3059,-1.467973,1.816856,5.5,-9.526279
3060,-1.458766,1.791807,5.5,-9.526279
3061,-1.449529,1.76775,5.5,-9.526279
3062,-1.44097,1.74207,5.5,-9.526279
3063,-1.43488,1.714565,5.5,-9.526279
3064,-1.429914,1.689518,5.5,-9.526279
3065,-1.424831,1.663743,5.5,-9.526279
3066,-1.41913,1.635777,5.5,-9.526279
3067,-1.411598,1.607668,5.5,-9.526279
3068,-1.403276,1.579086,5.5,-9.526279
3069,-1.396697,1.55054,5.5,-9.526279
3070,-1.387594,1.522098,5.5,-9.526279
3071,-1.38029,1.497412,5.5,-9.526279
3072,-1.373923,1.475523,5.5,-9.526279
3073,-1.367161,1.454679,5.5,-9.526279
3074,-1.360106,1.43273,5.5,-9.526279
3075,-1.350545,1.411477,5.5,-9.526279
3076,-1.343204,1.391527,5.5,-9.526279
3077,-1.333531,1.37121,5.5,-9.526279
3078,-1.320444,1.348969,5.5,-9.526279
3079,-1.309878,1.326183,5.5,-9.526279
3080,-1.300451,1.305013,5.5,-9.526279
3081,-1.288826,1.282279,5.5,-9.526279
3082,-1.275696,1.259616,5.5,-9.526279
3083,-1.264241,1.2395,5.5,-9.526279
3084,-1.255058,1.222405,5.5,-9.526279
3085,-1.242791,1.204644,5.5,-9.526279
3086,-1.230617,1.185053,5.5,-9.526279
3087,-1.217126,1.165096,5.5,-9.526279
3088,-1.204478,1.143646,5.5,-9.526279
3089,-1.189343,1.121434,5.5,-9.526279
3090,-1.174829,1.09959,5.5,-9.526279
3091,-1.156993,1.07655,5.5,-9.526279
3092,-1.140766,1.052166,5.5,-9.526279
3093,-1.123621,1.030206,5.5,-9.526279
3094,-1.100695,1.002876,5.5,-9.526279
3095,-1.078332,0.9782584,5.5,-9.526279
3096,-1.05883,0.9530513,5.5,-9.526279
3097,-1.041358,0.9291668,5.5,-9.526279
3098,-1.023269,0.9066865,5.5,-9.526279
3099,-1.006608,0.8849578,5.5,-9.526279
3100,-0.9910712,0.8641871,5.5,-9.526279
3101,-0.9728906,0.8430858,5.5,-9.526279
3102,-0.9539908,0.8193047,5.5,-9.526279
3103,-0.9367098,0.7956113,5.5,-9.526279
3104,-0.9191732,0.7716572,5.5,-9.526279
3105,-0.9019772,0.747157,5.5,-9.526279
3106,-0.884912,0.7234631,5.5,-9.526279
3107,-0.8696284,0.6978452,5.5,-9.526279
3108,-0.8549845,0.6725297,5.5,-9.526279
3109,-0.8431354,0.6484668,5.5,-9.526279
3110,-0.8303723,0.6236936,5.5,-9.526279
3111,-0.8183531,0.5971966,5.5,-9.526279
3112,-0.8071824,0.5698682,5.5,-9.526279
3113,-0.7962397,0.5401686,5.5,-9.526279
3114,-0.7863554,0.5075009,5.5,-9.526279
3115,-0.7750257,0.4764051,5.5,-9.526279
3116,-0.7652445,0.4459352,5.5,-9.526279
3117,-0.7584237,0.4170976,5.5,-9.526279
3118,-0.7509065,0.3883119,5.5,-9.526279
3119,-0.7408928,0.3584521,5.5,-9.526279
3120,-0.7300034,0.3262346,5.5,-9.526279
3121,-0.721782,0.2958444,5.5,-9.526279
3122,-0.7160713,0.2690439,5.5,-9.526279
3123,-0.7096871,0.2418859,5.5,-9.526279
3124,-0.7039259,0.2163973,5.5,-9.526279
3125,-0.6985087,0.1947101,5.5,-9.526279
3126,-0.6917255,0.1731306,5.5,-9.526279
3127,-0.6845179,0.1535859,5.5,-9.526279
3128,-0.6752458,0.1321346,5.5,-9.526279
3129,-0.6658099,0.1134437,5.5,-9.526279
3130,-0.6580949,0.09548616,5.5,-9.526279
3131,-0.6484865,0.07759714,5.5,-9.526279
3132,-0.63707,0.0536375,5.5,-9.526279
3133,-0.6268045,0.0319227,5.5,-9.526279
3134,-0.6156369,0.01175761,5.5,-9.526279
3135,-0.6059937,-0.008264363,5.5,-9.526279
3136,-0.5928646,-0.02712876,5.5,-9.526279
3137,-0.5817876,-0.04594183,5.5,-9.526279
3138,-0.5717823,-0.06595844,5.5,-9.526279
3139,-0.5606106,-0.08617061,5.5,-9.526279
3140,-0.5498472,-0.1071307,5.5,-9.526279
3141,-0.5376773,-0.1297556,5.5,-9.526279
3142,-0.5233628,-0.1521217,5.5,-9.526279
3143,-0.5106676,-0.1745638,5.5,-9.526279
3144,-0.4962495,-0.1983605,5.5,-9.526279
3145,-0.4804904,-0.2219661,5.5,-9.526279
3146,-0.4629716,-0.2482038,5.5,-9.526279
3147,-0.4436947,-0.2750738,5.5,-9.526279
3148,-0.4242242,-0.3044616,5.5,-9.526279
3149,-0.4032537,-0.3302259,5.5,-9.526279
3150,-0.3843327,-0.3576222,5.5,-9.526279
3151,-0.3659072,-0.3848356,5.5,-9.526279
3152,-0.3497281,-0.4059246,0,11
3153,-0.3367424,-0.4260517,0,11
3154,-0.3278922,-0.4410881,0,11
3155,-0.3198152,-0.4534601,0,11
3156,-0.3099292,-0.4682106,0,11
3157,-0.2976827,-0.4870858,0,11
3158,-0.2856569,-0.5104923,0,11
3159,-0.2754284,-0.5357682,0,11
3160,-0.2674904,-0.5642386,0,11
3161,-0.2593108,-0.5974699,0,11
3162,-0.2497906,-0.6319387,0,11
3163,-0.239322,-0.6665614,0,11
3164,-0.2285292,-0.6997234,0,11
3165,-0.2166528,-0.7297231,0,11
3166,-0.2015808,-0.7563929,0,11
3167,-0.1863719,-0.7793621,0,11
3168,-0.1731308,-0.7978247,0,11
3169,-0.1629454,-0.8144159,0,11
3170,-0.1573562,-0.8287106,0,11
3171,-0.1582812,-0.8409785,0,11
3172,-0.1579836,-0.8540568,0,11
3173,-0.1529758,-0.8667691,0,11
3174,-0.1446766,-0.8799887,0,11
3175,-0.1353299,-0.8936231,0,11
3176,-0.127009,-0.9022872,0,11
3177,-0.1198777,-0.9063855,0,11
3178,-0.1124379,-0.9082068,0,11
3179,-0.1082173,-0.9115474,0,11
3180,-0.1047941,-0.9138283,0,11
3181,-0.09914509,-0.9158918,0,11
3182,-0.09083654,-0.9154851,0,11
3183,-0.08328595,-0.9156783,0,11
3184,-0.07791753,-0.9148499,0,11
3185,-0.07274049,-0.9140593,0,11
3186,-0.06543782,-0.9097493,0,11
3187,-0.05635132,-0.9016376,0,11
3188,-0.04723302,-0.8911737,0,11
3189,-0.03804197,-0.8837304,0,11
3190,-0.02918152,-0.8749291,0,11
3191,-0.02200984,-0.8683866,0,11
3192,-0.01584888,-0.8636962,0,11
3193,-0.009405153,-0.858708,0,11
3194,-0.00210885,-0.8518933,0,11
3195,0.005929443,-0.8422565,0,11
3196,0.01609523,-0.8299318,0,11
3197,0.02508082,-0.8163096,0,11
3198,0.03188772,-0.8008842,0,11
3199,0.03796252,-0.7852721,0,11
3200,0.04386385,-0.7665208,0,11
3201,0.04955027,-0.7438281,0,11
3202,0.0552512,-0.7219452,0,11
3203,0.06027842,-0.7038071,0,11
3204,0.06454146,-0.6861602,0,11
3205,0.06928194,-0.6685047,0,11
3206,0.07393329,-0.6507987,0,11
3207,0.07812721,-0.6320142,0,11
3208,0.08217996,-0.6122389,0,11
3209,0.08817309,-0.5906764,0,11
3210,0.09173982,-0.5715445,0,11
3211,0.09378959,-0.5490712,0,11
3212,0.09916031,-0.5243114,0,11
3213,0.1041542,-0.4993566,0,11
3214,0.1081593,-0.4794257,0,11
3215,0.1145084,-0.4598881,0,11
3216,0.1220054,-0.4383751,0,11
3217,0.1304167,-0.4154215,0,11
3218,0.1406864,-0.3902428,0,11
3219,0.1519912,-0.3655664,0,11
3220,0.1639577,-0.3415997,0,11
3221,0.1797221,-0.3148357,0,11
3222,0.1966474,-0.2895773,0,11
3223,0.2130512,-0.2645117,0,11
3224,0.2277963,-0.2406036,0,11
3225,0.242489,-0.2159919,0,11
3226,0.2567385,-0.1937213,0,11
3227,0.2715193,-0.1693513,0,11
3228,0.2888367,-0.1453751,0,11
3229,0.3041676,-0.1232435,0,11
3230,0.3169568,-0.1003923,0,11
3231,0.3305764,-0.07578743,0,11
3232,0.3440554,-0.05488861,0,11
3233,0.3556785,-0.03567094,0,11
3234,0.3649182,-0.0143398,0,11
3235,0.3732366,0.006244421,0,11
3236,0.3810379,0.02542305,0,11
3237,0.3885097,0.04371881,0,11
3238,0.3946762,0.06283617,0,11
3239,0.4004784,0.08583093,0,11
3240,0.4072597,0.1082187,0,11
3241,0.413754,0.1304944,0,11
3242,0.4213319,0.1516756,0,11
3243,0.4285741,0.1713839,0,11
3244,0.4352989,0.1922327,0,11
3245,0.4429407,0.2128599,0,11
3246,0.4480985,0.2366121,0,11
3247,0.4549761,0.2629383,0,11
3248,0.4625239,0.2908738,0,11
3249,0.4698826,0.3175998,0,11
3250,0.4760276,0.341393,0,11
3251,0.4815321,0.365773,0,11
3252,0.4886499,0.3932161,0,11
3253,0.4946047,0.4210534,0,11
3254,0.5027204,0.4507815,0,11
3255,0.5105042,0.482742,0,11
3256,0.5184294,0.518026,0,11
3257,0.5250393,0.5494998,0,11
3258,0.528981,0.5760077,0,11
3259,0.5329496,0.603802,0,11
3260,0.5384673,0.6337948,0,11
3261,0.5427044,0.6622354,0,11
3262,0.5471309,0.6902678,0,11
3263,0.5521769,0.7154452,0,11
3264,0.5575479,0.743577,0,11
3265,0.5611254,0.7698343,0,11
3266,0.5645682,0.7963517,0,11
3267,0.5678791,0.8244927,0,11
3268,0.5723976,0.8523304,0,11
3269,0.5742968,0.8801483,0,11
3270,0.5808567,0.9073005,0,11
3271,0.5882126,0.9343191,0,11
3272,0.5948504,0.9652647,0,11
3273,0.6030155,0.997792,0,11
3274,0.6119787,1.02887,0,11
3275,0.6231515,1.061833,0,11
3276,0.6343817,1.096335,0,11
3277,0.646778,1.129733,0,11
3278,0.657599,1.16057,0,11
3279,0.6679167,1.192118,0,11
3280,0.6806722,1.226219,0,11
3281,0.6948382,1.260499,0,11
3282,0.7064174,1.295308,0,11
3283,0.7159895,1.328039,0,-11
3284,0.721114,1.358183,0,-11
3285,0.7263342,1.387197,0,-11
3286,0.7307865,1.416473,0,-11
3287,0.7327495,1.445555,0,-11
3288,0.7352306,1.475684,0,-11
3289,0.7376841,1.506754,0,-11
3290,0.7383369,1.53789,0,-11
3291,0.7388058,1.565806,0,-11
3292,0.738259,1.591604,0,-11
3293,0.739179,1.617853,0,-11
3294,0.7436813,1.63986,0,-11
3295,0.7530573,1.660118,0,-11
3296,0.7632859,1.683414,0,-11
3297,0.7730607,1.708524,0,-11
3298,0.7868184,1.736073,0,-11
3299,0.7991305,1.763746,0,-11
3300,0.8070667,1.789661,0,-11
3301,0.8123796,1.812005,0,-11
3302,0.8191321,1.830505,0,-11
3303,0.8236356,1.848721,0,-11
3304,0.826592,1.86101,0,-11
3305,0.8279517,1.869839,0,-11
3306,0.8268065,1.879222,0,-11
3307,0.8227225,1.884736,0,-11
3308,0.8157137,1.887721,0,-11
3309,0.8109968,1.889952,0,-11
3310,0.8051431,1.890943,0,-11
3311,0.7961332,1.886244,0,-11
3312,0.7879525,1.879115,0,-11
3313,0.7806008,1.8725,0,-11
3314,0.7748083,1.865619,0,-11
3315,0.7647299,1.861387,0,-11
3316,0.7560564,1.85565,0,-11
3317,0.74791,1.850863,0,-11
3318,0.7357267,1.846611,0,-11
3319,0.7223753,1.840599,0,-11
3320,0.7109087,1.835472,0,-11
3321,0.6966984,1.827713,0,-11
3322,0.6831189,1.81789,0,-11
3323,0.6686351,1.808262,0,-11
3324,0.6520098,1.799123,0,-11
3325,0.6343113,1.787899,0,-11
3326,0.6148145,1.775949,0,-11
3327,0.5971717,1.76355,0,-11
3328,0.5836172,1.752485,0,-11
3329,0.570162,1.739973,0,-11
3330,0.5555418,1.728421,0,-11
3331,0.5405713,1.71895,0,-11
3332,0.5262318,1.70714,0,-11
3333,0.5133044,1.698219,0,-11
3334,0.5020937,1.690153,0,-11
3335,0.4894917,1.679261,0,-11
3336,0.4776464,1.667237,0,-11
3337,0.4664557,1.657172,0,-11
3338,0.4543087,1.644903,0,-11
3339,0.4436923,1.634426,0,-11
3340,0.4337539,1.626645,0,-11
3341,0.4258453,1.617801,0,-11
3342,0.414688,1.60806,0,-11
3343,0.4044144,1.597192,0,-11
3344,0.395973,1.586411,0,-11
3345,0.389414,1.575317,0,-11
3346,0.3812594,1.5647,0,-11
3347,0.3728418,1.551885,0,-11
3348,0.3644301,1.53891,0,-11
3349,0.3564118,1.524142,0,-11
3350,0.3501658,1.508805,0,-11
3351,0.3454226,1.491314,0,-11
3352,0.3410949,1.479335,0,-11
3353,0.334752,1.467652,0,-11
3354,0.3263934,1.458757,0,-11
3355,0.3180399,1.445865,0,-11
3356,0.3082546,1.431184,0,-11
3357,0.2981504,1.413562,0,-11
3358,0.2878736,1.392538,0,-11
3359,0.2779625,1.370261,0,-11
3360,0.2678068,1.347083,0,-11
3361,0.257667,1.324687,0,-11
3362,0.2473895,1.302653,0,-11
3363,0.2367108,1.282305,0,-11
3364,0.2274058,1.262042,0,-11
3365,0.2201046,1.24533,0,-11
3366,0.2134572,1.226857,0,-11
3367,0.2056318,1.206609,0,-11
3368,0.197453,1.184964,0,-11
3369,0.1886594,1.162054,0,-11
3370,0.1808573,1.137684,0,-11
3371,0.174573,1.113447,0,-11
3372,0.1644352,1.091188,0,-11
3373,0.1543441,1.068223,0,-11
3374,0.1435004,1.04432,0,-11
3375,0.1336963,1.021428,0,-11
3376,0.1220384,0.9998344,0,-11
3377,0.1089535,0.9760253,0,-11
3378,0.0966477,0.9545567,0,-11
3379,0.08248905,0.9330637,0,-11
3380,0.06420892,0.9096093,0,-11
3381,0.0462937,0.8854864,0,-11
3382,0.02738625,0.8597254,0,-11
3383,0.007889593,0.8334092,0,-11
3384,-0.009273678,0.8123474,0,-11
3385,-0.02601381,0.7919965,0,-11
3386,-0.04648561,0.7693371,0,-11
3387,-0.06773786,0.7463051,0,-11
3388,-0.08720747,0.7240391,0,-11
3389,-0.1069721,0.7003498,0,-11
3390,-0.1255616,0.6761761,0,-11
3391,-0.1431481,0.65295,0,-11
3392,-0.1590157,0.6327139,0,-11
3393,-0.1706295,0.6161439,0,-11
3394,-0.185335,0.5959485,0,-11
3395,-0.1988911,0.5758122,0,-11
3396,-0.2098677,0.555825,0,-11
3397,-0.2202808,0.5377568,0,-11
3398,-0.2301596,0.5193886,0,-11
3399,-0.2392709,0.5028509,0,-11
3400,-0.2502756,0.4809164,0,-11
3401,-0.2588949,0.459524,0,-11
3402,-0.2688255,0.437819,0,-11
3403,-0.2762713,0.4168081,0,-11
3404,-0.28473,0.396626,0,-11
3405,-0.293907,0.3774662,0,-11
3406,-0.3053446,0.3576667,0,-11
3407,-0.3164819,0.3370743,0,-11
3408,-0.3282159,0.315477,0,-11
3409,-0.3400062,0.2889688,0,-11
3410,-0.3509869,0.2642478,0,-11
3411,-0.3615496,0.2393801,0,-11
3412,-0.3706391,0.2143083,0,-11
3413,-0.3794617,0.1899325,0,-11
3414,-0.3873947,0.1628941,0,-11
3415,-0.3946207,0.1338487,0,-11
3416,-0.4023373,0.1024122,0,-11
3417,-0.4094132,0.07074785,0,-11
3418,-0.4180793,0.03704345,0,-11
3419,-0.4259092,0.006341577,0,-11
3420,-0.4315342,-0.01838279,0,-11
3421,-0.4354973,-0.04209656,0,-11
3422,-0.4435419,-0.06827343,0,-11
3423,-0.4509246,-0.09630924,0,-11
3424,-0.458738,-0.1227299,0,-11
3425,-0.4656693,-0.1500061,0,-11
3426,-0.4701352,-0.1789425,0,-11
3427,-0.4734004,-0.2056975,0,-11
3428,-0.4788291,-0.2321907,0,-11
3429,-0.485832,-0.260592,0,-11
3430,-0.4929476,-0.2860624,0,-11
3431,-0.5013242,-0.3131555,0,-11
3432,-0.5111669,-0.3414081,0,-11
3433,-0.5211248,-0.3694886,0,-11
3434,-0.5304401,-0.4008357,0,-11
3435,-0.5407996,-0.4330488,0,-11
3436,-0.5521724,-0.4648738,0,-11
3437,-0.5651416,-0.4949221,0,-11
3438,-0.5782523,-0.5270632,0,-11
3439,-0.5932028,-0.5593255,0,-11
3440,-0.6085536,-0.5885503,0,-11
3441,-0.6229411,-0.6180199,0,-11
3442,-0.6359469,-0.6487888,0,-11
3443,-0.6489088,-0.6804917,0,-11
3444,-0.6629078,-0.7105492,0,-11
3445,-0.6750539,-0.7423613,0,-11
3446,-0.6846085,-0.7722547,0,-11
3447,-0.6929178,-0.7988974,0,-11
3448,-0.7007961,-0.8222367,0,-11
3449,-0.7065209,-0.8459411,0,-11
3450,-0.7118939,-0.8680555,0,-11
3451,-0.7184176,-0.8905019,0,-11
3452,-0.7259194,-0.9140353,0,-11
3453,-0.7318559,-0.9400182,0,-11
3454,-0.73601,-0.9657991,0,-11
3455,-0.7403507,-0.9897575,0,-11
3456,-0.7416025,-1.013282,0,-11
3457,-0.7431459,-1.035811,0,-11
3458,-0.7457082,-1.058796,0,-11
3459,-0.7505333,-1.083053,0,-11
3460,-0.7553152,-1.107186,0,-11
3461,-0.7591757,-1.133096,0,-11
3462,-0.7624327,-1.159506,0,-11
3463,-0.7654806,-1.189175,0,-11
3464,-0.7690198,-1.216021,0,-11
3465,-0.7726011,-1.244319,0,-11
3466,-0.7735081,-1.273016,0,-11
3467,-0.7738393,-1.30361,0,-11
3468,-0.7725959,-1.338311,0,-11
3469,-0.7717704,-1.372865,0,-11
3470,-0.7716037,-1.409858,0,-11
3471,-0.7712954,-1.443065,0,-11
3472,-0.7734549,-1.472467,0,-11
3473,-0.7736387,-1.500476,0,-11
3474,-0.7702745,-1.527357,0,-11
3475,-0.7691477,-1.554401,0,-11
3476,-0.7674305,-1.583943,0,-11
3477,-0.7662728,-1.612448,0,-11
3478,-0.7649902,-1.640788,0,-11
3479,-0.7637888,-1.66938,0,-11
3480,-0.7634068,-1.697864,0,-11
3481,-0.7624521,-1.727978,0,-11
3482,-0.7616826,-1.758606,0,-11
3483,-0.7611082,-1.79007,0,-11
3484,-0.7606869,-1.820712,0,-11
3485,-0.7626022,-1.850256,0,-11
3486,-0.7649219,-1.881944,0,-11
3487,-0.7676837,-1.915959,0,-11
3488,-0.7697442,-1.949615,0,-11
3489,-0.7735924,-1.983837,0,-11
3490,-0.7797112,-2.019609,0,-11
3491,-0.78677,-2.055199,0,-11
3492,-0.7938016,-2.088999,0,-11
3493,-0.7991162,-2.120516,0,-11
3494,-0.8029259,-2.150756,0,-11
3495,-0.808426,-2.183617,0,-11
3496,-0.8140781,-2.213871,0,-11
3497,-0.819013,-2.241722,0,-11
3498,-0.8259579,-2.272866,0,-11
3499,-0.8328764,-2.301532,0,-11
3500,-0.8384667,-2.331939,0,-11
3501,-0.8448322,-2.3644,0,-11
3502,-0.8504961,-2.390074,0,-11
3503,-0.8544306,-2.41141,0,-11
3504,-0.8559363,-2.434733,0,-11
3505,-0.8591495,-2.457106,0,-11
3506,-0.8613797,-2.479612,0,-11
3507,-0.8624902,-2.499329,0,-11
3508,-0.8618434,-2.522404,0,-11
3509,-0.8638539,-2.550644,0,-11
3510,-0.8635725,-2.576721,0,-11
3511,-0.8637543,-2.600056,0,-11
3512,-0.8633472,-2.623919,0,-11
3513,-0.8627066,-2.649599,0,-11
3514,-0.8621353,-2.676368,0,-11
3515,-0.8613508,-2.702776,0,-11
3516,-0.8603414,-2.730962,0,-11
3517,-0.8598579,-2.755263,0,-11
3518,-0.8590393,-2.780433,0,-11
3519,-0.8566687,-2.808036,0,-11
3520,-0.8544208,-2.835145,0,-11
3521,-0.8520975,-2.862895,0,-11
3522,-0.8484022,-2.890393,0,-11
3523,-0.8431863,-2.920028,5.5,9.526279
3524,-0.8390396,-2.95296,5.5,9.526279
3525,-0.8369777,-2.986306,5.5,9.526279
3526,-0.8375779,-3.014373,5.5,9.526279
3527,-0.8401186,-3.036289,5.5,9.526279
3528,-0.8409287,-3.053129,5.5,9.526279
3529,-0.8407832,-3.070949,5.5,9.526279
3530,-0.8391241,-3.095372,5.5,9.526279
3531,-0.8366916,-3.125139,5.5,9.526279
3532,-0.8352518,-3.156503,5.5,9.526279
3533,-0.8341409,-3.189659,5.5,9.526279
3534,-0.8345323,-3.225147,5.5,9.526279
3535,-0.8372298,-3.262912,5.5,9.526279
3536,-0.8383192,-3.303756,5.5,9.526279
3537,-0.8352904,-3.347112,5.5,9.526279
3538,-0.8297505,-3.385025,5.5,9.526279
3539,-0.8232,-3.414043,5.5,9.526279
3540,-0.820287,-3.435779,5.5,9.526279
3541,-0.8182776,-3.454593,5.5,9.526279
3542,-0.8172635,-3.474579,5.5,9.526279
3543,-0.8186224,-3.492775,5.5,9.526279
3544,-0.8177729,-3.511634,5.5,9.526279
3545,-0.8156353,-3.537089,5.5,9.526279
3546,-0.8122221,-3.56364,5.5,9.526279
3547,-0.8079475,-3.585966,5.5,9.526279
3548,-0.8022347,-3.604539,5.5,9.526279
3549,-0.7934645,-3.622065,5.5,9.526279
3550,-0.7831037,-3.637499,5.5,9.526279
3551,-0.7725274,-3.653042,5.5,9.526279
3552,-0.7621078,-3.666979,5.5,9.526279
3553,-0.7535959,-3.67649,5.5,9.526279
3554,-0.7461075,-3.684769,5.5,9.526279
3555,-0.7371238,-3.693321,5.5,9.526279
3556,-0.7318129,-3.700309,5.5,9.526279
3557,-0.7290815,-3.707897,5.5,9.526279
3558,-0.7244756,-3.716569,5.5,9.526279
3559,-0.7157305,-3.72469,5.5,9.526279
3560,-0.7026266,-3.734715,5.5,9.526279
3561,-0.6875711,-3.743057,5.5,9.526279
3562,-0.6700036,-3.745787,5.5,9.526279
3563,-0.6528931,-3.748717,5.5,9.526279
3564,-0.6382264,-3.753171,5.5,9.526279
3565,-0.6242677,-3.755701,5.5,9.526279
3566,-0.6125594,-3.755692,5.5,9.526279
3567,-0.599133,-3.755153,5.5,9.526279
3568,-0.5858302,-3.757148,5.5,9.526279
3569,-0.5736038,-3.756402,5.5,9.526279
3570,-0.5614382,-3.753212,5.5,9.526279
3571,-0.5484776,-3.75129,5.5,9.526279
3572,-0.5377228,-3.746042,5.5,9.526279
3573,-0.5250664,-3.742029,5.5,9.526279
3574,-0.5141037,-3.738512,5.5,9.526279
3575,-0.502675,-3.732764,5.5,9.526279
3576,-0.4876377,-3.722989,5.5,9.526279
3577,-0.4684898,-3.708524,5.5,9.526279
3578,-0.4525361,-3.694546,5.5,9.526279
3579,-0.4364801,-3.682353,5.5,9.526279
3580,-0.4229264,-3.672347,5.5,9.526279
3581,-0.4110691,-3.663895,5.5,9.526279
3582,-0.4002996,-3.654277,5.5,9.526279
3583,-0.3894894,-3.644119,5.5,9.526279
3584,-0.3807084,-3.632415,5.5,9.526279
3585,-0.3686436,-3.620271,5.5,9.526279
3586,-0.3556466,-3.603507,5.5,9.526279
3587,-0.34202,-3.589156,5.5,9.526279
3588,-0.32903,-3.574988,5.5,9.526279
3589,-0.3127019,-3.56188,5.5,9.526279
3590,-0.2962992,-3.549249,5.5,9.526279
3591,-0.2799323,-3.536237,5.5,9.526279
3592,-0.2607071,-3.521462,5.5,9.526279
3593,-0.2406117,-3.507175,5.5,9.526279
3594,-0.2182732,-3.49181,5.5,9.526279
3595,-0.1965819,-3.476099,5.5,9.526279
3596,-0.1721118,-3.4612,5.5,9.526279
3597,-0.1477783,-3.447457,5.5,9.526279
3598,-0.1224869,-3.434869,5.5,9.526279
3599,-0.09863373,-3.423057,5.5,9.526279
3600,-0.07584175,-3.410825,5.5,9.526279
3601,-0.05262391,-3.397541,5.5,9.526279
3602,-0.02874845,-3.385523,5.5,9.526279
3603,-0.002804765,-3.371337,5.5,9.526279
3604,0.01991795,-3.358173,5.5,9.526279
3605,0.04198374,-3.344766,5.5,9.526279
3606,0.0641978,-3.332411,5.5,9.526279
3607,0.08728147,-3.319849,5.5,9.526279
3608,0.1100701,-3.306476,5.5,9.526279
3609,0.1327932,-3.290685,5.5,9.526279
3610,0.150217,-3.279591,5.5,9.526279
3611,0.1684937,-3.26626,5.5,9.526279
3612,0.186314,-3.254063,5.5,9.526279
3613,0.2018129,-3.242893,5.5,9.526279
3614,0.2167565,-3.22982,5.5,9.526279
3615,0.2335938,-3.216916,5.5,9.526279
3616,0.2500614,-3.204223,5.5,9.526279
3617,0.2657115,-3.189903,5.5,9.526279
3618,0.2815578,-3.173341,5.5,9.526279
3619,0.2951057,-3.15424,5.5,9.526279
3620,0.3087555,-3.138274,5.5,9.526279
3621,0.325109,-3.122468,5.5,9.526279
3622,0.3425792,-3.105885,5.5,9.526279
3623,0.3599447,-3.089195,5.5,9.526279
3624,0.3772948,-3.069278,5.5,9.526279
3625,0.3936696,-3.051653,5.5,9.526279
3626,0.4100064,-3.033338,5.5,9.526279
3627,0.427444,-3.014183,5.5,9.526279
3628,0.4425247,-2.994474,5.5,9.526279
3629,0.4595954,-2.971874,5.5,9.526279
3630,0.4765324,-2.946532,5.5,9.526279
3631,0.4933427,-2.919775,5.5,9.526279
3632,0.511391,-2.894704,5.5,9.526279
3633,0.5304654,-2.868311,5.5,9.526279
3634,0.5469486,-2.842685,5.5,9.526279
3635,0.5590811,-2.82102,5.5,9.526279
3636,0.5751055,-2.798311,5.5,9.526279
3637,0.5882761,-2.77667,5.5,9.526279
3638,0.6024069,-2.755221,5.5,9.526279
3639,0.6171446,-2.735703,5.5,9.526279
3640,0.6326176,-2.714352,5.5,9.526279
3641,0.6456718,-2.694381,5.5,9.526279
3642,0.6616641,-2.675226,5.5,9.526279
3643,0.6766694,-2.65455,5.5,9.526279
3644,0.6928585,-2.632561,5.5,9.526279
3645,0.7082771,-2.612959,5.5,9.526279
3646,0.7242904,-2.593786,5.5,9.526279
3647,0.7419553,-2.57332,5.5,9.526279
3648,0.7625375,-2.550623,5.5,9.526279
3649,0.7828141,-2.527185,5.5,9.526279
3650,0.8036764,-2.503666,5.5,9.526279
3651,0.8246359,-2.480213,5.5,9.526279
3652,0.8473861,-2.458801,5.5,9.526279
3653,0.8724867,-2.436296,5.5,9.526279
3654,0.8969432,-2.415004,5.5,9.526279
3655,0.9229679,-2.390063,5.5,9.526279
3656,0.9483529,-2.366449,5.5,9.526279
3657,0.9717387,-2.345287,5.5,9.526279
3658,0.9961496,-2.323509,5.5,9.526279
3659,1.017467,-2.302219,5.5,9.526279
3660,1.04178,-2.278329,5.5,9.526279
3661,1.064656,-2.257606,5.5,9.526279
3662,1.087843,-2.238641,5.5,9.526279
3663,1.107524,-2.221765,5.5,9.526279
3664,1.123178,-2.205027,5.5,9.526279
3665,1.14002,-2.186758,5.5,9.526279
3666,1.157338,-2.170358,5.5,9.526279
3667,1.171052,-2.151381,5.5,9.526279
3668,1.180496,-2.134621,5.5,9.526279
3669,1.195768,-2.110862,5.5,9.526279
3670,1.212006,-2.087667,5.5,9.526279
3671,1.226546,-2.066466,5.5,9.526279
3672,1.240698,-2.046083,5.5,9.526279
3673,1.253925,-2.027123,5.5,9.526279
3674,1.265716,-2.006665,5.5,9.526279
3675,1.278881,-1.984776,5.5,9.526279
3676,1.294512,-1.963169,5.5,9.526279
3677,1.309154,-1.943389,5.5,9.526279
3678,1.324352,-1.921284,5.5,9.526279
3679,1.33926,-1.897025,5.5,9.526279
3680,1.352991,-1.874228,5.5,9.526279
3681,1.364946,-1.852579,5.5,9.526279
3682,1.375833,-1.826142,5.5,9.526279
3683,1.387757,-1.798398,5.5,9.526279
3684,1.402155,-1.766991,5.5,9.526279
3685,1.41702,-1.734473,5.5,9.526279
3686,1.431279,-1.703588,5.5,9.526279
3687,1.445525,-1.677354,5.5,9.526279
3688,1.458523,-1.652412,5.5,9.526279
3689,1.469341,-1.628644,5.5,9.526279
3690,1.48158,-1.606699,5.5,9.526279
3691,1.493155,-1.582284,5.5,9.526279
3692,1.50611,-1.555924,5.5,9.526279
3693,1.514339,-1.530795,5.5,9.526279
3694,1.525681,-1.50568,5.5,9.526279
3695,1.534528,-1.480934,5.5,9.526279
3696,1.54661,-1.45522,5.5,9.526279
3697,1.559146,-1.428885,5.5,9.526279
3698,1.573564,-1.402545,5.5,9.526279
3699,1.588462,-1.376284,5.5,9.526279
3700,1.604516,-1.349296,5.5,9.526279
3701,1.621536,-1.322261,5.5,9.526279
3702,1.638257,-1.297059,5.5,9.526279
3703,1.65615,-1.271302,5.5,9.526279
3704,1.675582,-1.244373,5.5,9.526279
3705,1.696466,-1.21834,5.5,9.526279
3706,1.71738,-1.195417,5.5,9.526279
3707,1.738479,-1.173192,5.5,9.526279
3708,1.761173,-1.15007,5.5,9.526279
3709,1.780629,-1.128671,5.5,9.526279
3710,1.801213,-1.106894,5.5,9.526279
3711,1.821895,-1.086665,5.5,9.526279
3712,1.842358,-1.062882,5.5,9.526279
3713,1.863867,-1.042228,5.5,9.526279
3714,1.880138,-1.025173,5.5,9.526279
3715,1.896788,-1.007057,5.5,9.526279
3716,1.910187,-0.9934229,5.5,9.526279
3717,1.925949,-0.977291,5.5,9.526279
3718,1.942549,-0.9589608,5.5,9.526279
3719,1.95543,-0.9401363,5.5,9.526279
3720,1.968051,-0.9235039,5.5,9.526279
3721,1.979329,-0.9070202,5.5,9.526279
3722,1.9914,-0.8919366,5.5,9.526279
3723,2.004576,-0.8752152,5.5,9.526279
3724,2.020048,-0.856136,5.5,9.526279
3725,2.033508,-0.8363495,5.5,9.526279
3726,2.047195,-0.8147933,5.5,9.526279
3727,2.060053,-0.7924894,5.5,9.526279
3728,2.071434,-0.7714802,5.5,9.526279
3729,2.082528,-0.7520413,5.5,9.526279
3730,2.093703,-0.730858,5.5,9.526279
3731,2.104921,-0.7088185,5.5,9.526279
3732,2.115469,-0.6866882,5.5,9.526279
3733,2.126172,-0.6609263,5.5,9.526279
3734,2.136119,-0.6405512,5.5,9.526279
3735,2.147297,-0.6174928,5.5,9.526279
3736,2.160183,-0.5893404,5.5,9.526279
3737,2.174136,-0.5615563,5.5,9.526279
3738,2.1872,-0.5323057,5.5,9.526279
3739,2.200783,-0.503888,5.5,9.526279
3740,2.212698,-0.4749658,5.5,9.526279
3741,2.222862,-0.4475884,5.5,9.526279
3742,2.232896,-0.4207793,5.5,9.526279
3743,2.242931,-0.3939266,5.5,9.526279
3744,2.252131,-0.3667911,5.5,9.526279
3745,2.264895,-0.3416212,5.5,9.526279
3746,2.276223,-0.31705,5.5,9.526279
3747,2.286812,-0.2937673,5.5,9.526279
3748,2.296985,-0.2667986,5.5,9.526279
3749,2.307941,-0.2403875,5.5,9.526279
3750,2.319044,-0.2141525,5.5,9.526279
3751,2.330556,-0.18945,5.5,9.526279
3752,2.344947,-0.1655427,5.5,9.526279
3753,2.358836,-0.1417198,5.5,9.526279
3754,2.374856,-0.1165968,5.5,9.526279
3755,2.393682,-0.09137082,5.5,9.526279
3756,2.413129,-0.06684995,5.5,9.526279
3757,2.432616,-0.04288578,5.5,9.526279
3758,2.450806,-0.02158886,5.5,9.526279
3759,2.470517,0.001296282,5.5,9.526279
3760,2.488362,0.02208793,5.5,9.526279
3761,2.505722,0.04359281,5.5,9.526279
3762,2.527265,0.06747961,5.5,9.526279
3763,2.547065,0.08972085,5.5,9.526279
3764,2.569059,0.1117733,5.5,9.526279
3765,2.590296,0.1325427,5.5,9.526279
3766,2.611622,0.1509836,5.5,9.526279
3767,2.628327,0.1670874,5.5,9.526279
3768,2.644044,0.1848648,5.5,9.526279
3769,2.659686,0.2026664,5.5,9.526279
3770,2.673764,0.219538,5.5,9.526279
3771,2.688168,0.2359452,5.5,9.526279
3772,2.702114,0.2528986,5.5,9.526279
3773,2.715171,0.2697991,5.5,9.526279
3774,2.72808,0.2896237,5.5,9.526279
3775,2.740066,0.3079963,5.5,9.526279
3776,2.752294,0.3282281,5.5,9.526279
3777,2.765165,0.3500751,5.5,9.526279
3778,2.778759,0.3720428,5.5,9.526279
3779,2.787804,0.3915094,5.5,9.526279
3780,2.795153,0.4099607,5.5,9.526279
3781,2.806164,0.4318771,5.5,9.526279
3782,2.816955,0.452733,-5.5,-9.526279
3783,2.830893,0.4727801,-5.5,-9.526279
3784,2.850743,0.4967209,-5.5,-9.526279
3785,2.87173,0.5198961,-5.5,-9.526279
3786,2.890806,0.5439959,-5.5,-9.526279
3787,2.909698,0.5647228,-5.5,-9.526279
3788,2.928842,0.5842583,-5.5,-9.526279
3789,2.944964,0.6006186,-5.5,-9.526279
3790,2.957792,0.6107843,-5.5,-9.526279
3791,2.971619,0.6192021,-5.5,-9.526279
3792,2.983388,0.634441,-5.5,-9.526279
3793,2.994889,0.6517594,-5.5,-9.526279
3794,3.007171,0.6713411,-5.5,-9.526279
3795,3.022541,0.6941767,-5.5,-9.526279
3796,3.039235,0.7192087,-5.5,-9.526279
3797,3.052357,0.74421,-5.5,-9.526279
3798,3.063737,0.7684345,-5.5,-9.526279
3799,3.072829,0.7946749,-5.5,-9.526279
3800,3.078708,0.8188725,-5.5,-9.526279
3801,3.082126,0.8383335,-5.5,-9.526279
3802,3.084177,0.8552895,-5.5,-9.526279
3803,3.084674,0.8681065,-5.5,-9.526279
3804,3.082409,0.8796971,-5.5,-9.526279
3805,3.084557,0.8900003,-5.5,-9.526279
3806,3.089551,0.9017553,-5.5,-9.526279
3807,3.093357,0.913372,-5.5,-9.526279
3808,3.097693,0.9267528,-5.5,-9.526279
3809,3.10407,0.9437487,-5.5,-9.526279
3810,3.112587,0.9609506,-5.5,-9.526279
3811,3.119187,0.9781909,-5.5,-9.526279
3812,3.125317,0.9974389,-5.5,-9.526279
3813,3.132754,1.016154,-5.5,-9.526279
3814,3.137085,1.03362,-5.5,-9.526279
3815,3.136806,1.048656,-5.5,-9.526279
3816,3.133577,1.060456,-5.5,-9.526279
3817,3.1276,1.07043,-5.5,-9.526279
3818,3.120764,1.080104,-5.5,-9.526279
3819,3.115505,1.089793,-5.5,-9.526279
3820,3.110614,1.098863,-5.5,-9.526279
3821,3.10725,1.10732,-5.5,-9.526279
3822,3.104671,1.118667,-5.5,-9.526279
3823,3.100307,1.127831,-5.5,-9.526279
3824,3.095085,1.134908,-5.5,-9.526279
3825,3.089306,1.140226,-5.5,-9.526279
3826,3.0853,1.142555,-5.5,-9.526279
3827,3.079186,1.144987,-5.5,-9.526279
3828,3.070385,1.148553,-5.5,-9.526279
3829,3.062222,1.153204,-5.5,-9.526279
3830,3.051303,1.152878,-5.5,-9.526279
3831,3.042638,1.150946,-5.5,-9.526279
3832,3.032754,1.14748,-5.5,-9.526279
3833,3.022107,1.144858,-5.5,-9.526279
3834,3.015163,1.143703,-5.5,-9.526279
3835,3.003971,1.143865,-5.5,-9.526279
3836,2.991845,1.143797,-5.5,-9.526279
3837,2.975089,1.142513,-5.5,-9.526279
3838,2.957847,1.137163,-5.5,-9.526279
3839,2.94227,1.131518,-5.5,-9.526279
3840,2.925242,1.12655,-5.5,-9.526279
3841,2.907124,1.12048,-5.5,-9.526279
3842,2.889393,1.112418,-5.5,-9.526279
3843,2.872685,1.101559,-5.5,-9.526279
3844,2.85406,1.089913,-5.5,-9.526279
3845,2.834083,1.077067,-5.5,-9.526279
3846,2.815503,1.064295,-5.5,-9.526279
3847,2.795583,1.051347,-5.5,-9.526279
3848,2.77921,1.039526,-5.5,-9.526279
3849,2.762195,1.028221,-5.5,-9.526279
3850,2.744123,1.014416,-5.5,-9.526279
3851,2.724196,1.003294,-5.5,-9.526279
3852,2.702941,0.9908605,-5.5,-9.526279
3853,2.682722,0.9758353,-5.5,-9.526279
3854,2.662474,0.9619913,-5.5,-9.526279
3855,2.640111,0.9462349,-5.5,-9.526279
3856,2.617383,0.931926,-5.5,-9.526279
3857,2.596029,0.9199998,-5.5,-9.526279
3858,2.57573,0.9078059,-5.5,-9.526279
3859,2.553749,0.8948767,-5.5,-9.526279
3860,2.529435,0.8840549,-5.5,-9.526279
3861,2.504938,0.8747779,-5.5,-9.526279
3862,2.477847,0.8655854,-5.5,-9.526279
3863,2.450345,0.8566494,-5.5,-9.526279
3864,2.42128,0.8477292,-5.5,-9.526279
3865,2.391188,0.8393862,-5.5,-9.526279
3866,2.361829,0.8311478,-5.5,-9.526279
3867,2.335167,0.8237205,-5.5,-9.526279
3868,2.309794,0.8172359,-5.5,-9.526279
3869,2.283331,0.8109968,-5.5,-9.526279
3870,2.259987,0.8053672,-5.5,-9.526279
3871,2.236236,0.8013117,-5.5,-9.526279
3872,2.214316,0.7971113,-5.5,-9.526279
3873,2.189554,0.7933915,-5.5,-9.526279
3874,2.165066,0.7898566,-5.5,-9.526279
3875,2.141963,0.78531,-5.5,-9.526279
3876,2.119629,0.7809852,-5.5,-9.526279
3877,2.097322,0.7769028,-5.5,-9.526279
3878,2.077661,0.7726169,-5.5,-9.526279
3879,2.056786,0.7648622,-5.5,-9.526279
3880,2.036882,0.756979,-5.5,-9.526279
3881,2.02015,0.7481821,-5.5,-9.526279
3882,2.007025,0.7405059,-5.5,-9.526279
3883,1.993246,0.7334882,-5.5,-9.526279
3884,1.974618,0.7228196,-5.5,-9.526279
3885,1.958148,0.7117255,-5.5,-9.526279
3886,1.942417,0.7026907,-5.5,-9.526279
3887,1.924744,0.6924741,-5.5,-9.526279
3888,1.908279,0.6809058,-5.5,-9.526279
3889,1.889957,0.6705534,-5.5,-9.526279
3890,1.87099,0.658668,-5.5,-9.526279
3891,1.850891,0.647305,-5.5,-9.526279
3892,1.831076,0.6366935,-5.5,-9.526279
3893,1.809463,0.6260939,-5.5,-9.526279
3894,1.787349,0.6125002,-5.5,-9.526279
3895,1.766517,0.5976312,-5.5,-9.526279
3896,1.744002,0.5830784,-5.5,-9.526279
3897,1.721689,0.5671051,-5.5,-9.526279
3898,1.697795,0.5489097,-5.5,-9.526279
3899,1.672729,0.530111,-5.5,-9.526279
3900,1.643145,0.5084646,-5.5,-9.526279
3901,1.616885,0.487668,-5.5,-9.526279
3902,1.593369,0.4712348,-5.5,-9.526279
3903,1.572164,0.4553914,-5.5,-9.526279
3904,1.551419,0.4393792,-5.5,-9.526279
3905,1.531515,0.4239702,-5.5,-9.526279
3906,1.510292,0.4080671,-5.5,-9.526279
3907,1.48865,0.3944869,-5.5,-9.526279
3908,1.469555,0.3802984,-5.5,-9.526279
3909,1.448799,0.363732,-5.5,-9.526279
3910,1.427193,0.3479189,-5.5,-9.526279
3911,1.407923,0.3309269,-5.5,-9.526279
3912,1.386918,0.3153647,-5.5,-9.526279
3913,1.366349,0.2987846,-5.5,-9.526279
3914,1.345168,0.2840487,-5.5,-9.526279
3915,1.324722,0.2694439,-5.5,-9.526279
3916,1.301625,0.2541116,-5.5,-9.526279
3917,1.274977,0.2385235,-5.5,-9.526279
3918,1.246831,0.2220931,-5.5,-9.526279
3919,1.218978,0.2064734,-5.5,-9.526279
3920,1.190389,0.1902823,-5.5,-9.526279
3921,1.162682,0.1740694,-5.5,-9.526279
3922,1.136945,0.1622095,-5.5,-9.526279
3923,1.110561,0.1507058,-5.5,-9.526279
3924,1.083131,0.1403733,-5.5,-9.526279
3925,1.05564,0.1304103,-5.5,-9.526279
3926,1.029336,0.1198756,-5.5,-9.526279
3927,1.00293,0.1088717,-5.5,-9.526279
3928,0.9749251,0.0985924,-5.5,-9.526279
3929,0.9491053,0.08625412,-5.5,-9.526279
3930,0.9268732,0.07840872,-5.5,-9.526279
3931,0.9046071,0.06599009,-5.5,-9.526279
3932,0.884152,0.0528934,-5.5,-9.526279
3933,0.8624294,0.04109609,-5.5,-9.526279
3934,0.8433521,0.02704144,-5.5,-9.526279
3935,0.8237374,0.01309407,-5.5,-9.526279
3936,0.8048936,-0.0003541708,-5.5,-9.526279
3937,0.7877783,-0.01423901,-5.5,-9.526279
3938,0.7674143,-0.02853429,-5.5,-9.526279
3939,0.7440133,-0.04325539,-5.5,-9.526279
3940,0.7242752,-0.05816448,-5.5,-9.526279
3941,0.7063512,-0.07071531,-5.5,-9.526279
3942,0.6874799,-0.08412796,-5.5,-9.526279
3943,0.6710055,-0.09641856,-5.5,-9.526279
3944,0.6536255,-0.1099873,-5.5,-9.526279
3945,0.6346915,-0.1265662,-5.5,-9.526279
3946,0.61359,-0.1437143,-5.5,-9.526279
3947,0.592487,-0.1603063,-5.5,-9.526279
3948,0.5721641,-0.1794465,-5.5,-9.526279
3949,0.5521355,-0.1998263,-5.5,-9.526279
3950,0.530448,-0.2188011,-5.5,-9.526279
3951,0.5092361,-0.2374837,-5.5,-9.526279
3952,0.4850592,-0.2600875,-5.5,-9.526279
3953,0.462522,-0.2819753,-5.5,-9.526279
3954,0.4394727,-0.3064291,-5.5,-9.526279
3955,0.4147642,-0.3323461,-5.5,-9.526279
3956,0.3935375,-0.3535647,-5.5,-9.526279
3957,0.3728555,-0.3731648,-5.5,-9.526279
3958,0.3538223,-0.3926877,-5.5,-9.526279
3959,0.3384034,-0.4112577,-5.5,-9.526279
3960,0.3226062,-0.430582,-5.5,-9.526279
3961,0.3032167,-0.4515473,-5.5,-9.526279
3962,0.2857841,-0.4730593,-5.5,-9.526279
3963,0.2676043,-0.4957663,-5.5,-9.526279
3964,0.2467129,-0.5192583,-5.5,-9.526279
3965,0.2249179,-0.5437344,-5.5,-9.526279
3966,0.2040693,-0.5639795,-5.5,-9.526279
3967,0.1833988,-0.5839388,-5.5,-9.526279
3968,0.1618408,-0.604014,-5.5,-9.526279
3969,0.1396881,-0.6231989,-5.5,-9.526279
3970,0.1158597,-0.6425472,-5.5,-9.526279
3971,0.09044208,-0.6619776,-5.5,-9.526279
3972,0.06345757,-0.6809152,-5.5,-9.526279
3973,0.03456506,-0.7010571,-5.5,-9.526279
3974,0.004852686,-0.7197101,-5.5,-9.526279
3975,-0.02413341,-0.7386283,9.526279,5.5
3976,-0.04740064,-0.7575198,9.526279,5.5
3977,-0.06876744,-0.7770064,9.526279,5.5
3978,-0.09015023,-0.8013814,9.526279,5.5
3979,-0.1124962,-0.8277842,9.526279,5.5
3980,-0.1313187,-0.8511276,9.526279,5.5
3981,-0.1459835,-0.8707604,9.526279,5.5
3982,-0.1588928,-0.8880028,9.526279,5.5
3983,-0.1721548,-0.9000035,9.526279,5.5
3984,-0.1828784,-0.9091915,9.526279,5.5
3985,-0.1991564,-0.9163901,9.526279,5.5
3986,-0.2187359,-0.9242133,9.526279,5.5
3987,-0.2380367,-0.9336135,9.526279,5.5
3988,-0.2577605,-0.9461829,9.526279,5.5
3989,-0.2795453,-0.9604055,9.526279,5.5
3990,-0.2993452,-0.9739587,9.526279,5.5
3991,-0.3200537,-0.9862815,9.526279,5.5
3992,-0.3343949,-0.99848,9.526279,5.5
3993,-0.340503,-1.007432,9.526279,5.5
3994,-0.3438492,-1.012722,9.526279,5.5
3995,-0.3441111,-1.017257,9.526279,5.5
3996,-0.3456967,-1.019901,9.526279,5.5
3997,-0.3447511,-1.02071,9.526279,5.5
3998,-0.3430198,-1.02057,9.526279,5.5
3999,-0.3406269,-1.01851,9.526279,5.5
4000,-0.3354405,-1.016685,9.526279,5.5
4001,-0.3252788,-1.013636,9.526279,5.5
4002,-0.3165433,-1.01223,9.526279,5.5
4003,-0.3059421,-1.007614,9.526279,5.5
4004,-0.2940584,-1.000512,9.526279,5.5
4005,-0.2834949,-0.9942536,9.526279,5.5
4006,-0.2715231,-0.9872817,9.526279,5.5
4007,-0.2592545,-0.9787512,9.526279,5.5
4008,-0.2472713,-0.9715675,9.526279,5.5
4009,-0.2333039,-0.962851,9.526279,5.5
4010,-0.2217071,-0.9544555,9.526279,5.5
4011,-0.2070939,-0.9428445,9.526279,5.5
4012,-0.1940597,-0.931321,9.526279,5.5
4013,-0.1790851,-0.9186518,9.526279,5.5
4014,-0.1664294,-0.9045855,9.526279,5.5
4015,-0.1526705,-0.8954721,9.526279,5.5
4016,-0.1369871,-0.8859023,9.526279,5.5
4017,-0.1219439,-0.8745208,9.526279,5.5
4018,-0.1072084,-0.864991,9.526279,5.5
4019,-0.0940548,-0.8538092,9.526279,5.5
4020,-0.07970743,-0.8422973,9.526279,5.5
4021,-0.06295433,-0.8294991,9.526279,5.5
4022,-0.04583897,-0.8181912,9.526279,5.5
4023,-0.02812687,-0.807434,9.526279,5.5
4024,-0.006725781,-0.7973657,9.526279,5.5
4025,0.01525295,-0.7866429,9.526279,5.5
4026,0.03735572,-0.7780002,9.526279,5.5
4027,0.06196188,-0.7696073,9.526279,5.5
4028,0.08554745,-0.7604067,9.526279,5.5
4029,0.1102366,-0.7531536,9.526279,5.5
4030,0.1333282,-0.7484342,9.526279,5.5
4031,0.1581823,-0.7436612,9.526279,5.5
4032,0.1833584,-0.7399609,9.526279,5.5
4033,0.2075975,-0.7351361,9.526279,5.5
4034,0.2310213,-0.7321861,9.526279,5.5
4035,0.2554165,-0.729605,9.526279,5.5
4036,0.2786946,-0.7255809,9.526279,5.5
4037,0.30651,-0.7196704,9.526279,5.5
4038,0.336321,-0.7147281,9.526279,5.5
4039,0.3655366,-0.7093478,9.526279,5.5
4040,0.3907097,-0.7053584,9.526279,5.5
4041,0.41267,-0.7013006,9.526279,5.5
4042,0.4313236,-0.6968943,9.526279,5.5
4043,0.4492712,-0.6925433,9.526279,5.5
4044,0.4711984,-0.6858815,9.526279,5.5
4045,0.4923371,-0.6778235,9.526279,5.5
4046,0.5129292,-0.6717537,9.526279,5.5
4047,0.5334795,-0.6637261,9.526279,5.5
4048,0.5546951,-0.6525098,9.526279,5.5
4049,0.5740194,-0.6421779,9.526279,5.5
4050,0.5940786,-0.6327184,9.526279,5.5
4051,0.6133136,-0.6244899,9.526279,5.5
4052,0.6334409,-0.6159981,9.526279,5.5
4053,0.6551914,-0.6062366,9.526279,5.5
4054,0.6809164,-0.5953324,9.526279,5.5
4055,0.7044176,-0.586453,9.526279,5.5
4056,0.7289845,-0.5749933,9.526279,5.5
4057,0.7525426,-0.5615383,9.526279,5.5
4058,0.7770311,-0.5468245,9.526279,5.5
4059,0.8015954,-0.5304768,9.526279,5.5
4060,0.8270388,-0.5119568,9.526279,5.5
4061,0.8559361,-0.4925925,9.526279,5.5
4062,0.8854958,-0.4754604,9.526279,5.5
4063,0.9133311,-0.4591726,9.526279,5.5
4064,0.936149,-0.4474718,9.526279,5.5
4065,0.957453,-0.4333813,9.526279,5.5
4066,0.9796039,-0.4202658,9.526279,5.5
4067,1.00015,-0.4088024,9.526279,5.5
4068,1.020717,-0.3963457,9.526279,5.5
4069,1.042233,-0.3811938,9.526279,5.5
4070,1.065481,-0.364501,9.526279,5.5
4071,1.089132,-0.3478031,9.526279,5.5
4072,1.114691,-0.3311301,9.526279,5.5
4073,1.14148,-0.3158716,9.526279,5.5
4074,1.165971,-0.3024739,9.526279,5.5
4075,1.192376,-0.2882029,9.526279,5.5
4076,1.218955,-0.2774981,9.526279,5.5
4077,1.24473,-0.2667621,9.526279,5.5
4078,1.275177,-0.2543395,9.526279,5.5
4079,1.304506,-0.2429705,9.526279,5.5
4080,1.335504,-0.2312519,9.526279,5.5
4081,1.367489,-0.2193251,9.526279,5.5
4082,1.397402,-0.2084555,9.526279,5.5
4083,1.425787,-0.1989854,9.526279,5.5
4084,1.454325,-0.1898032,9.526279,5.5
4085,1.48499,-0.1811724,9.526279,5.5
4086,1.513902,-0.1728252,9.526279,5.5
4087,1.541865,-0.1651622,9.526279,5.5
4088,1.570512,-0.1577275,9.526279,5.5
4089,1.597733,-0.1503488,9.526279,5.5
4090,1.627384,-0.1425294,9.526279,5.5
4091,1.650594,-0.1362947,9.526279,5.5
4092,1.671376,-0.1320404,9.526279,5.5
4093,1.69619,-0.1236943,9.526279,5.5
4094,1.720253,-0.1139055,9.526279,5.5
4095,1.741061,-0.1068633,9.526279,5.5
4096,1.761646,-0.09709507,9.526279,5.5
4097,1.782274,-0.08614999,9.526279,5.5
4098,1.801428,-0.07644641,9.526279,5.5
4099,1.821132,-0.06513441,9.526279,5.5
4100,1.842131,-0.05389947,9.526279,5.5
4101,1.863067,-0.04191542,9.526279,5.5
4102,1.882029,-0.0305804,9.526279,5.5
4103,1.901161,-0.01717818,9.526279,5.5
4104,1.919341,-0.006182611,9.526279,5.5
4105,1.943081,0.0077492,9.526279,5.5
4106,1.965564,0.02076328,9.526279,5.5
4107,1.987306,0.0320797,9.526279,5.5
4108,2.008263,0.04361725,9.526279,5.5
4109,2.030987,0.05826437,9.526279,5.5
4110,2.053203,0.07089746,9.526279,5.5
4111,2.076138,0.08610392,9.526279,5.5
4112,2.100449,0.10399,9.526279,5.5
4113,2.125513,0.1239835,9.526279,5.5
4114,2.152989,0.1439544,9.526279,5.5
4115,2.181026,0.164575,9.526279,5.5
4116,2.206666,0.1841996,9.526279,5.5
4117,2.230322,0.2000157,9.526279,5.5
4118,2.25134,0.2169311,9.526279,5.5
4119,2.270499,0.2337995,9.526279,5.5
4120,2.292203,0.2529438,9.526279,5.5
4121,2.317269,0.271891,9.526279,5.5
4122,2.342724,0.2902563,9.526279,5.5
4123,2.366239,0.3077524,9.526279,5.5
4124,2.386221,0.3242781,9.526279,5.5
4125,2.407748,0.3417037,9.526279,5.5
4126,2.43189,0.3603158,9.526279,5.5
4127,2.457006,0.3780315,9.526279,5.5
4128,2.480359,0.3938444,9.526279,5.5
4129,2.504193,0.4077793,9.526279,5.5
4130,2.530979,0.4202032,9.526279,5.5
4131,2.55692,0.4327561,9.526279,5.5
4132,2.58239,0.4458796,9.526279,5.5
4133,2.608907,0.4588957,9.526279,5.5
4134,2.63421,0.4700731,9.526279,5.5
4135,2.660261,0.4805183,9.526279,5.5
4136,2.688187,0.4921825,9.526279,5.5
4137,2.719397,0.5031724,9.526279,5.5
4138,2.749393,0.5131352,9.526279,5.5
4139,2.777738,0.5227923,9.526279,5.5
4140,2.806004,0.5313897,9.526279,5.5
4141,2.835522,0.541064,9.526279,5.5
4142,2.866413,0.5526829,9.526279,5.5
4143,2.893732,0.563832,9.526279,5.5
4144,2.92178,0.5732628,9.526279,5.5
4145,2.947459,0.5820833,9.526279,5.5
4146,2.966971,0.5901887,9.526279,5.5
4147,2.986586,0.5983901,9.526279,5.5
4148,3.00657,0.6080848,9.526279,5.5
4149,3.025411,0.6185035,9.526279,5.5
4150,3.045048,0.6291246,9.526279,5.5
4151,3.06316,0.6389172,9.526279,5.5
4152,3.082465,0.6501386,9.526279,5.5
4153,3.102042,0.6602063,9.526279,5.5
4154,3.121967,0.6730669,9.526279,5.5
4155,3.140847,0.6856831,9.526279,5.5
4156,3.161212,0.6985664,9.526279,5.5
4157,3.181266,0.7132708,9.526279,5.5
4158,3.199805,0.7271441,9.526279,5.5
4159,3.218993,0.7404389,9.526279,5.5
4160,3.238027,0.7533987,9.526279,5.5
4161,3.258244,0.7691783,9.526279,5.5
4162,3.281268,0.786422,9.526279,5.5
4163,3.301888,0.800885,9.526279,5.5
4164,3.322331,0.8149601,9.526279,5.5
4165,3.34362,0.8317306,9.526279,5.5
4166,3.367543,0.8500915,9.526279,5.5
4167,3.391888,0.8711288,9.526279,5.5
4168,3.415138,0.8923637,9.526279,5.5
4169,3.439603,0.9152236,9.526279,5.5
4170,3.464627,0.9341104,9.526279,5.5
4171,3.485044,0.9533325,9.526279,5.5
4172,3.503579,0.972783,9.526279,5.5
4173,3.522153,0.9897208,9.526279,5.5
4174,3.53914,1.007185,9.526279,5.5
4175,3.559163,1.026197,9.526279,5.5
4176,3.578393,1.044524,9.526279,5.5
4177,3.599301,1.062363,9.526279,5.5
4178,3.620187,1.07979,9.526279,5.5
4179,3.640325,1.098412,9.526279,5.5
4180,3.661544,1.117357,9.526279,5.5
4181,3.685493,1.137716,9.526279,5.5
4182,3.709558,1.156888,9.526279,5.5
4183,3.733047,1.172352,9.526279,5.5
4184,3.756417,1.186998,9.526279,5.5
4185,3.781733,1.201599,9.526279,5.5
4186,3.80924,1.216163,9.526279,5.5
4187,3.838456,1.230709,9.526279,5.5
4188,3.86551,1.245408,9.526279,5.5
4189,3.895407,1.261171,9.526279,5.5
4190,3.928643,1.277857,9.526279,5.5
4191,3.961843,1.293354,9.526279,5.5
4192,3.993608,1.30653,9.526279,5.5
4193,4.023275,1.31774,9.526279,5.5
4194,4.053504,1.331404,9.526279,5.5
4195,4.08594,1.346319,9.526279,5.5
4196,4.114954,1.359361,9.526279,5.5
4197,4.139466,1.370696,9.526279,5.5
4198,4.162349,1.382328,9.526279,5.5
4199,4.183393,1.3933,9.526279,5.5
4200,4.205431,1.405935,9.526279,5.5
4201,4.224791,1.419067,9.526279,5.5
4202,4.244123,1.431312,9.526279,5.5
4203,4.262285,1.44213,9.526279,5.5
4204,4.280615,1.453252,9.526279,5.5
4205,4.29871,1.467993,9.526279,5.5
4206,4.314906,1.483531,9.526279,5.5
4207,4.332128,1.496018,9.526279,5.5
4208,4.347304,1.509429,-9.526279,-5.5
4209,4.363523,1.521688,-9.526279,-5.5
4210,4.384435,1.537622,-9.526279,-5.5
4211,4.408865,1.553214,-9.526279,-5.5
4212,4.435381,1.569789,-9.526279,-5.5
4213,4.459923,1.583468,-9.526279,-5.5
4214,4.481872,1.593647,-9.526279,-5.5
4215,4.503394,1.598448,-9.526279,-5.5
4216,4.520968,1.602163,-9.526279,-5.5
4217,4.538065,1.607103,-9.526279,-5.5
4218,4.557234,1.613849,-9.526279,-5.5
4219,4.577762,1.624977,-9.526279,-5.5
4220,4.59906,1.642951,-9.526279,-5.5
4221,4.617127,1.662529,-9.526279,-5.5
4222,4.631898,1.680068,-9.526279,-5.5
4223,4.64573,1.698534,-9.526279,-5.5
4224,4.656791,1.718007,-9.526279,-5.5
4225,4.664171,1.737552,-9.526279,-5.5
4226,4.66859,1.755682,-9.526279,-5.5
4227,4.669272,1.77074,-9.526279,-5.5
4228,4.6671,1.785575,-9.526279,-5.5
4229,4.664684,1.795383,-9.526279,-5.5
4230,4.665926,1.799498,-9.526279,-5.5
4231,4.671119,1.802311,-9.526279,-5.5
4232,4.676874,1.807071,-9.526279,-5.5
4233,4.680531,1.809731,-9.526279,-5.5
4234,4.684329,1.815445,-9.526279,-5.5
4235,4.683872,1.823236,-9.526279,-5.5
4236,4.682029,1.832652,-9.526279,-5.5
4237,4.676897,1.840554,-9.526279,-5.5
4238,4.67508,1.849608,-9.526279,-5.5
4239,4.672591,1.859839,-9.526279,-5.5
4240,4.668617,1.870488,-9.526279,-5.5
4241,4.663419,1.882367,-9.526279,-5.5
4242,4.658871,1.892786,-9.526279,-5.5
4243,4.658877,1.901756,-9.526279,-5.5
4244,4.660484,1.911998,-9.526279,-5.5
4245,4.659119,1.918534,-9.526279,-5.5
4246,4.660019,1.923813,-9.526279,-5.5
4247,4.661149,1.929698,-9.526279,-5.5
4248,4.661683,1.938047,-9.526279,-5.5
4249,4.660316,1.950658,-9.526279,-5.5
4250,4.657826,1.967145,-9.526279,-5.5
4251,4.65485,1.987679,-9.526279,-5.5
4252,4.649513,2.005232,-9.526279,-5.5
4253,4.642509,2.020107,-9.526279,-5.5
4254,4.634931,2.032205,-9.526279,-5.5
4255,4.627451,2.044739,-9.526279,-5.5
4256,4.620755,2.054841,-9.526279,-5.5
4257,4.613105,2.064971,-9.526279,-5.5
4258,4.605361,2.072752,-9.526279,-5.5
4259,4.598242,2.082817,-9.526279,-5.5
4260,4.584141,2.092085,-9.526279,-5.5
4261,4.570959,2.101778,-9.526279,-5.5
4262,4.558489,2.109939,-9.526279,-5.5
4263,4.546545,2.115774,-9.526279,-5.5
4264,4.535934,2.122561,-9.526279,-5.5
4265,4.526181,2.127837,-9.526279,-5.5
4266,4.516355,2.133031,-9.526279,-5.5
4267,4.507716,2.136414,-9.526279,-5.5
4268,4.495196,2.141295,-9.526279,-5.5
4269,4.482922,2.145982,-9.526279,-5.5
4270,4.469129,2.149719,-9.526279,-5.5
4271,4.457717,2.152792,-9.526279,-5.5
4272,4.440951,2.155311,-9.526279,-5.5
4273,4.424395,2.157969,-9.526279,-5.5
4274,4.403623,2.160393,-9.526279,-5.5
4275,4.384208,2.162367,-9.526279,-5.5
4276,4.363526,2.164344,-9.526279,-5.5
4277,4.346365,2.165615,-9.526279,-5.5
4278,4.328371,2.165191,-9.526279,-5.5
4279,4.312133,2.1651,-9.526279,-5.5
4280,4.295799,2.163617,-9.526279,-5.5
4281,4.277226,2.161062,-9.526279,-5.5
4282,4.259731,2.157531,-9.526279,-5.5
4283,4.242414,2.156389,-9.526279,-5.5
4284,4.223254,2.155995,-9.526279,-5.5
4285,4.201661,2.155264,-9.526279,-5.5
4286,4.177787,2.154067,-9.526279,-5.5
4287,4.151729,2.154639,-9.526279,-5.5
4288,4.127134,2.156765,-9.526279,-5.5
4289,4.102448,2.157318,-9.526279,-5.5
4290,4.079264,2.158458,-9.526279,-5.5
4291,4.056356,2.161192,-9.526279,-5.5
4292,4.031794,2.16521,-9.526279,-5.5
4293,4.007361,2.168043,-9.526279,-5.5
4294,3.981138,2.172819,-9.526279,-5.5
4295,3.954771,2.178106,-9.526279,-5.5
4296,3.927319,2.184478,-9.526279,-5.5
4297,3.900104,2.191406,-9.526279,-5.5
4298,3.87408,2.198361,-9.526279,-5.5
4299,3.8477,2.205703,-9.526279,-5.5
4300,3.824995,2.211666,-9.526279,-5.5
4301,3.801505,2.219071,-9.526279,-5.5
4302,3.778168,2.224393,-9.526279,-5.5
4303,3.753231,2.230445,-9.526279,-5.5
4304,3.727459,2.239402,-9.526279,-5.5
4305,3.701192,2.247099,-9.526279,-5.5
4306,3.678307,2.252584,-9.526279,-5.5
4307,3.654044,2.25654,-9.526279,-5.5
4308,3.632783,2.260441,-9.526279,-5.5
4309,3.610066,2.262726,-9.526279,-5.5
4310,3.58711,2.263137,-9.526279,-5.5
4311,3.563327,2.263966,-9.526279,-5.5
4312,3.541921,2.263195,-9.526279,-5.5
4313,3.521504,2.264833,-9.526279,-5.5
4314,3.500806,2.26607,-9.526279,-5.5
4315,3.479057,2.266086,-9.526279,-5.5
4316,3.458255,2.26526,-9.526279,-5.5
4317,3.437461,2.263758,-9.526279,-5.5
4318,3.415479,2.262166,-9.526279,-5.5
4319,3.393785,2.260981,-9.526279,-5.5
4320,3.36842,2.260866,-9.526279,-5.5
4321,3.344016,2.261039,-9.526279,-5.5
4322,3.31909,2.262534,-9.526279,-5.5
4323,3.293166,2.262388,-9.526279,-5.5
4324,3.266332,2.261461,-9.526279,-5.5
4325,3.240842,2.259913,-9.526279,-5.5
4326,3.214154,2.257678,-9.526279,-5.5
4327,3.18349,2.253718,-9.526279,-5.5
4328,3.153236,2.24692,-9.526279,-5.5
4329,3.126407,2.239998,-9.526279,-5.5
4330,3.095854,2.232752,-9.526279,-5.5
4331,3.061804,2.226027,-9.526279,-5.5
4332,3.028846,2.219989,-9.526279,-5.5
4333,3.002172,2.215312,-9.526279,-5.5
4334,2.973732,2.208982,-9.526279,-5.5
4335,2.9483,2.202938,-9.526279,-5.5
4336,2.921077,2.196196,-9.526279,-5.5
4337,2.893822,2.189685,-9.526279,-5.5
4338,2.869443,2.181026,-9.526279,-5.5
4339,2.841423,2.174705,-9.526279,-5.5
4340,2.813609,2.167299,-9.526279,-5.5
4341,2.78588,2.160995,-9.526279,-5.5
4342,2.759894,2.155409,-9.526279,-5.5
4343,2.733804,2.152234,-9.526279,-5.5
4344,2.705944,2.151206,-9.526279,-5.5
4345,2.677634,2.150983,-9.526279,-5.5
4346,2.649724,2.149115,-9.526279,-5.5
4347,2.620243,2.147052,-9.526279,-5.5
4348,2.587562,2.146487,-9.526279,-5.5
4349,2.554945,2.147163,-9.526279,-5.5
4350,2.522463,2.147107,-9.526279,-5.5
4351,2.489757,2.148278,-9.526279,-5.5
4352,2.45859,2.149674,-9.526279,-5.5
4353,2.425617,2.149911,-9.526279,-5.5
4354,2.393313,2.14955,-9.526279,-5.5
4355,2.362945,2.14898,-9.526279,-5.5
4356,2.331275,2.149028,-9.526279,-5.5
4357,2.298179,2.148694,-9.526279,-5.5
4358,2.265889,2.1454,-9.526279,-5.5
4359,2.235006,2.141074,-9.526279,-5.5
4360,2.205939,2.139974,-9.526279,-5.5
4361,2.181178,2.138997,-9.526279,-5.5
4362,2.155715,2.136121,-9.526279,-5.5
4363,2.129532,2.134539,-9.526279,-5.5
4364,2.107396,2.134675,-9.526279,-5.5
4365,2.088811,2.133626,-9.526279,-5.5
4366,2.069457,2.130128,-9.526279,-5.5
4367,2.046895,2.12552,-9.526279,-5.5
4368,2.021444,2.11768,-9.526279,-5.5
4369,1.99694,2.109377,-9.526279,-5.5
4370,1.973427,2.103555,-9.526279,-5.5
4371,1.951293,2.095165,-9.526279,-5.5
4372,1.928126,2.086736,-9.526279,-5.5
4373,1.904551,2.080051,-9.526279,-5.5
4374,1.882019,2.076039,-9.526279,-5.5
4375,1.859069,2.070517,-9.526279,-5.5
4376,1.833574,2.063981,-9.526279,-5.5
4377,1.807442,2.05775,-9.526279,-5.5
4378,1.782566,2.050621,-9.526279,-5.5
4379,1.758297,2.043103,-9.526279,-5.5
4380,1.734272,2.032613,-9.526279,-5.5
4381,1.705034,2.020609,-9.526279,-5.5
4382,1.675766,2.008669,-9.526279,-5.5
4383,1.646799,1.99449,-9.526279,-5.5
4384,1.619756,1.979774,-9.526279,-5.5
4385,1.593678,1.968665,-9.526279,-5.5
4386,1.568688,1.957465,-9.526279,-5.5
4387,1.544879,1.94661,-9.526279,-5.5
4388,1.521599,1.934065,-9.526279,-5.5
4389,1.497589,1.922683,-9.526279,-5.5
4390,1.470946,1.910008,-9.526279,-5.5
4391,1.443088,1.896048,-9.526279,-5.5
4392,1.412205,1.881949,-9.526279,-5.5
4393,1.384971,1.866299,-9.526279,-5.5
4394,1.354308,1.852634,-9.526279,-5.5
4395,1.325883,1.838498,-9.526279,-5.5
4396,1.298185,1.827269,-9.526279,-5.5
4397,1.26984,1.817981,-9.526279,-5.5
4398,1.243036,1.809335,-9.526279,-5.5
4399,1.216567,1.801689,-9.526279,-5.5
4400,1.188204,1.796306,-9.526279,-5.5
4401,1.15686,1.78998,-9.526279,-5.5
4402,1.125207,1.786213,-9.526279,-5.5
4403,1.094169,1.782261,-9.526279,-5.5
4404,1.06091,1.777436,-9.526279,-5.5
4405,1.028545,1.770347,-9.526279,-5.5
4406,0.9990216,1.764526,-9.526279,-5.5
4407,0.9673316,1.760968,-9.526279,-5.5
4408,0.9348636,1.758624,-9.526279,-5.5
4409,0.9024925,1.755657,-9.526279,-5.5
4410,0.8731292,1.752241,-9.526279,-5.5
4411,0.8445694,1.749556,-9.526279,-5.5
4412,0.8212089,1.746685,-9.526279,-5.5
4413,0.7965748,1.743738,-9.526279,-5.5
4414,0.7727146,1.739308,-9.526279,-5.5
4415,0.7503977,1.734878,-9.526279,-5.5
4416,0.7258518,1.727602,-9.526279,-5.5
4417,0.7038208,1.721223,-9.526279,-5.5
4418,0.6848704,1.717191,-9.526279,-5.5
4419,0.6614917,1.709395,-9.526279,-5.5
4420,0.6392299,1.702096,-9.526279,-5.5
4421,0.6148294,1.693468,-9.526279,-5.5
4422,0.5901201,1.684356,-9.526279,-5.5
4423,0.5679131,1.674481,-9.526279,-5.5
4424,0.5489383,1.667516,-9.526279,-5.5
4425,0.5308829,1.65951,-9.526279,-5.5
4426,0.5114009,1.649927,-9.526279,-5.5
4427,0.4900678,1.641526,-9.526279,-5.5
4428,0.4706296,1.632482,-9.526279,-5.5
4429,0.4480239,1.623182,-9.526279,-5.5
4430,0.4249759,1.612831,-9.526279,-5.5
4431,0.4023442,1.601974,-9.526279,-5.5
4432,0.3776934,1.588613,-9.526279,-5.5
4433,0.351486,1.574614,-9.526279,-5.5
4434,0.3247741,1.561279,-9.526279,-5.5
4435,0.296584,1.546034,-9.526279,-5.5
4436,0.2675112,1.528631,-9.526279,-5.5
4437,0.2362091,1.510734,-9.526279,-5.5
4438,0.2074703,1.493682,-9.526279,-5.5
4439,0.1794602,1.47796,-9.526279,-5.5
4440,0.1549611,1.465705,-9.526279,-5.5
4441,0.1319131,1.454071,-9.526279,-5.5
4442,0.1096508,1.439531,-9.526279,-5.5
4443,0.0873023,1.425377,-9.526279,-5.5
4444,0.06433077,1.410419,-9.526279,-5.5
4445,0.04129185,1.394904,-9.526279,-5.5
4446,0.01876867,1.379947,-9.526279,-5.5
4447,-0.003781307,1.36485,-9.526279,-5.5
4448,-0.02819397,1.351025,-9.526279,-5.5
4449,-0.05093086,1.337327,-9.526279,-5.5
4450,-0.07332193,1.32649,-9.526279,-5.5
4451,-0.09700157,1.315197,-9.526279,-5.5
4452,-0.1199062,1.305079,-9.526279,-5.5
4453,-0.1474245,1.294175,-9.526279,-5.5
4454,-0.1785154,1.285072,-9.526279,-5.5
4455,-0.2073344,1.275986,-9.526279,-5.5
4456,-0.2368444,1.266833,-9.526279,-5.5
4457,-0.2663543,1.258883,-9.526279,-5.5
4458,-0.2963614,1.25013,-9.526279,-5.5
4459,-0.3265137,1.241379,-9.526279,-5.5
4460,-0.3562859,1.233232,-9.526279,-5.5
4461,-0.3861044,1.225451,-9.526279,-5.5
4462,-0.4160119,1.216054,-9.526279,-5.5
4463,-0.4488473,1.208703,-9.526279,-5.5
4464,-0.4832574,1.201071,-9.526279,-5.5
4465,-0.514062,1.193784,-9.526279,-5.5
4466,-0.5404017,1.188713,-9.526279,-5.5
4467,-0.5627848,1.183378,-9.526279,-5.5
4468,-0.5844599,1.178343,-9.526279,-5.5
4469,-0.603536,1.172146,-9.526279,-5.5
4470,-0.6251498,1.165924,-9.526279,-5.5
4471,-0.6472705,1.158771,-9.526279,-5.5
4472,-0.6671072,1.149017,-9.526279,-5.5
4473,-0.6854321,1.139011,-9.526279,-5.5
4474,-0.7054015,1.127121,-9.526279,-5.5
4475,-0.7280464,1.113669,-9.526279,-5.5
4476,-0.7495137,1.103625,-9.526279,-5.5
4477,-0.7707499,1.092997,-9.526279,-5.5
4478,-0.7899041,1.083935,-9.526279,-5.5
4479,-0.8096766,1.074471,-9.526279,-5.5
4480,-0.829375,1.063229,-9.526279,-5.5
4481,-0.8486879,1.051373,-9.526279,-5.5
4482,-0.8695391,1.040743,-9.526279,-5.5
4483,-0.8912477,1.027074,11,0
4484,-0.916338,1.014673,11,0
4485,-0.9474875,0.9979444,11,0
4486,-0.9780737,0.9836555,11,0
4487,-1.00499,0.9750304,11,0
4488,-1.025573,0.9699991,11,0
4489,-1.042819,0.9657801,11,0
4490,-1.059727,0.9584931,11,0
4491,-1.079045,0.952239,11,0
4492,-1.101781,0.9473753,11,0
4493,-1.127685,0.9399552,11,0
4494,-1.157287,0.9282191,11,0
4495,-1.18738,0.9160914,11,0
4496,-1.213329,0.9039738,11,0
4497,-1.235301,0.8906622,11,0
4498,-1.254396,0.8751142,11,0
4499,-1.269685,0.8588479,11,0
4500,-1.280989,0.8417404,11,0
4501,-1.289667,0.8260612,11,0
4502,-1.295467,0.811681,11,0
4503,-1.299863,0.7990189,11,0
4504,-1.304336,0.7898281,11,0
4505,-1.30801,0.7852952,11,0
4506,-1.313864,0.7821543,11,0
4507,-1.318598,0.7776332,11,0
4508,-1.319602,0.7696563,11,0
4509,-1.319654,0.756958,11,0
4510,-1.324019,0.7389894,11,0
4511,-1.326981,0.7180121,11,0
4512,-1.330373,0.6987357,11,0
4513,-1.335453,0.6810446,11,0
4514,-1.339622,0.6622711,11,0
4515,-1.341693,0.6446515,11,0
4516,-1.343173,0.6274934,11,0
4517,-1.345753,0.6155057,11,0
4518,-1.347561,0.6057785,11,0
4519,-1.351398,0.5994771,11,0
4520,-1.356651,0.5919948,11,0
4521,-1.359941,0.5821028,11,0
4522,-1.363232,0.5673428,11,0
4523,-1.366465,0.549787,11,0
4524,-1.366109,0.5318215,11,0
4525,-1.36698,0.517113,11,0
4526,-1.367555,0.502528,11,0
4527,-1.366518,0.4857932,11,0
4528,-1.361473,0.4653401,11,0
4529,-1.351885,0.4485319,11,0
4530,-1.34466,0.4340414,11,0
4531,-1.338193,0.4214315,11,0
4532,-1.329067,0.4090996,11,0
4533,-1.325037,0.4005427,11,0
4534,-1.323871,0.3930471,11,0
4535,-1.318015,0.3823825,11,0
4536,-1.306505,0.3676546,11,0
4537,-1.298308,0.3546782,11,0
4538,-1.287504,0.3411626,11,0
4539,-1.273626,0.3276621,11,0
4540,-1.25925,0.313186,11,0
4541,-1.246645,0.2992001,11,0
4542,-1.231654,0.2846925,11,0
4543,-1.213103,0.2681397,11,0
4544,-1.193708,0.2519495,11,0
4545,-1.178527,0.2399067,11,0
4546,-1.16156,0.2278254,11,0
4547,-1.146113,0.2197012,11,0
4548,-1.129045,0.21156,11,0
4549,-1.110936,0.2018533,11,0
4550,-1.093271,0.1915901,11,0
4551,-1.07319,0.1816604,11,0
4552,-1.055907,0.1700437,11,0
4553,-1.038174,0.156315,11,0
4554,-1.018348,0.1451161,11,0
4555,-1.000249,0.1345284,11,0
4556,-0.980442,0.1212543,11,0
4557,-0.957717,0.1068753,11,0
4558,-0.9351853,0.09278703,11,0
4559,-0.9153052,0.07939672,11,0
4560,-0.8933161,0.06468832,11,0
4561,-0.8714809,0.04666245,11,0
4562,-0.8504624,0.02774537,11,0
4563,-0.8272597,0.008354902,11,0
4564,-0.8044954,-0.01032817,11,0
4565,-0.7817198,-0.02912468,11,0
4566,-0.7598836,-0.04479122,11,0
4567,-0.7390628,-0.06188476,11,0
4568,-0.7217051,-0.07884836,11,0
4569,-0.7027899,-0.09693092,11,0
4570,-0.6837883,-0.1156945,11,0
4571,-0.6631969,-0.1341071,11,0
4572,-0.6420273,-0.1534993,11,0
4573,-0.620903,-0.1705219,11,0
4574,-0.6015058,-0.1861016,11,0
4575,-0.5857453,-0.2010174,11,0
4576,-0.5692391,-0.2149892,11,0
4577,-0.5539792,-0.2279329,11,0
4578,-0.5386207,-0.2359161,11,0
4579,-0.5247678,-0.2447008,11,0
4580,-0.5086856,-0.2558978,11,0
4581,-0.4917091,-0.266194,11,0
4582,-0.4742777,-0.275552,11,0
4583,-0.4568283,-0.2848167,11,0
4584,-0.4377364,-0.2953224,11,0
4585,-0.418869,-0.3069428,11,0
4586,-0.4026612,-0.315329,11,0
4587,-0.3867694,-0.3220732,11,0
4588,-0.3695362,-0.3274243,11,0
4589,-0.3474416,-0.3361607,11,0
4590,-0.3255685,-0.3469672,11,0
4591,-0.3039392,-0.357155,11,0
4592,-0.2797476,-0.3656251,11,0
4593,-0.258129,-0.3739312,11,0
4594,-0.2340907,-0.3823887,11,0
4595,-0.2073216,-0.3923725,11,0
4596,-0.1790935,-0.4015318,11,0
4597,-0.1533085,-0.4091567,11,0
4598,-0.1243327,-0.4170316,11,0
4599,-0.09523597,-0.423493,11,0
4600,-0.06460752,-0.4325806,11,0
4601,-0.03821395,-0.4416616,11,0
4602,-0.01431521,-0.447704,11,0
4603,0.009013541,-0.455207,11,0
4604,0.03383519,-0.4607681,11,0
4605,0.05689578,-0.4677995,11,0
4606,0.08122425,-0.4746251,11,0
4607,0.1084696,-0.4813583,11,0
4608,0.1365415,-0.488288,11,0
4609,0.1649086,-0.4950539,11,0
4610,0.1918349,-0.5018212,11,0
4611,0.216353,-0.5086852,11,0
4612,0.2418766,-0.5184868,11,0
4613,0.2696168,-0.5296689,11,0
4614,0.2976361,-0.5424789,11,0
4615,0.3264263,-0.5563728,11,0
4616,0.3559861,-0.5691676,11,0
4617,0.3871806,-0.5840856,11,0
4618,0.4179224,-0.6007523,11,0
4619,0.4447556,-0.6159033,11,0
4620,0.4727937,-0.6304745,11,0
4621,0.4994618,-0.6439477,11,0
4622,0.5249702,-0.6566314,11,0
4623,0.5514306,-0.6704096,11,0
4624,0.5775295,-0.6847661,11,0
4625,0.6053118,-0.7007284,11,0
4626,0.6317949,-0.7158136,11,0
4627,0.659637,-0.7301742,11,0
4628,0.6896006,-0.7447961,11,0
4629,0.7136688,-0.7572801,11,0
4630,0.7370773,-0.7692384,11,0
4631,0.7610008,-0.7793774,11,0
4632,0.7834221,-0.7889461,11,0
4633,0.8029574,-0.7959244,11,0
4634,0.819648,-0.801586,11,0
4635,0.8389441,-0.8084944,11,0
4636,0.8651158,-0.8178764,11,0
4637,0.8910552,-0.8252904,11,0
4638,0.9194137,-0.8320314,11,0
4639,0.9456185,-0.8384748,11,0
4640,0.9711308,-0.8440695,11,0
4641,0.9960181,-0.8502922,11,0
4642,1.020991,-0.8563795,11,0
4643,1.048535,-0.8619304,11,0
4644,1.076985,-0.8651763,11,0
4645,1.107087,-0.8689952,11,0
4646,1.137431,-0.8736466,11,0
4647,1.166155,-0.8780087,11,0
4648,1.196103,-0.8822145,11,0
4649,1.228372,-0.8862449,11,0
4650,1.260378,-0.8904967,11,0
4651,1.291795,-0.8923138,11,0
4652,1.326306,-0.8951962,11,0
4653,1.361539,-0.8969818,11,0
4654,1.392677,-0.9003488,11,0
4655,1.417775,-0.9034333,11,0
4656,1.441819,-0.9072127,11,0
4657,1.467147,-0.9101241,11,0
4658,1.496363,-0.914455,11,0
4659,1.52584,-0.9154875,11,0
4660,1.55539,-0.9149141,11,0
4661,1.584004,-0.9163489,11,0
4662,1.611352,-0.9180412,11,0
4663,1.641393,-0.9196749,11,0
4664,1.670759,-0.9236482,11,0
4665,1.701295,-0.9277769,11,0
4666,1.731372,-0.9335854,11,0
4667,1.760273,-0.9400206,11,0
4668,1.792054,-0.9478874,11,0
4669,1.823043,-0.9557838,11,0
4670,1.855388,-0.9653043,11,0
4671,1.888085,-0.974764,11,0
4672,1.922151,-0.9842153,11,0
4673,1.95528,-0.9931256,11,0
4674,1.987713,-1.003354,11,0
4675,2.021829,-1.015568,11,0
4676,2.050792,-1.026274,11,0
4677,2.083183,-1.037892,11,0
4678,2.116112,-1.049595,11,0
4679,2.146435,-1.059868,11,0
4680,2.179137,-1.069905,11,0
4681,2.208622,-1.080176,11,0
4682,2.234156,-1.089398,11,0
4683,2.256546,-1.095631,11,0
4684,2.281229,-1.100408,11,0
4685,2.306393,-1.104875,11,0
4686,2.336413,-1.108656,11,0
4687,2.359508,-1.114002,11,0
4688,2.37961,-1.121253,11,0
4689,2.405093,-1.125887,11,0
4690,2.430431,-1.129327,11,0
4691,2.455384,-1.131377,11,0
4692,2.483461,-1.130405,11,0
4693,2.51155,-1.129424,11,0
4694,2.537251,-1.129314,11,0
4695,2.561781,-1.132299,11,0
4696,2.587322,-1.134187,11,0
4697,2.610112,-1.138231,11,0
4698,2.634127,-1.141534,11,0
4699,2.661469,-1.142837,11,0
4700,2.692405,-1.145217,11,0
4701,2.723886,-1.145304,11,0
4702,2.756603,-1.145713,11,0
4703,2.788978,-1.14606,11,0
4704,2.822366,-1.146387,11,0
4705,2.858271,-1.1462,11,0
4706,2.89321,-1.145494,11,0
4707,2.926539,-1.145355,11,0
4708,2.957065,-1.145286,11,0
4709,2.983359,-1.14113,11,0
4710,3.007261,-1.134265,11,0
4711,3.034616,-1.131693,11,0
4712,3.063794,-1.129258,11,0
4713,3.09195,-1.12794,11,0
4714,3.122497,-1.125971,11,0
4715,3.152152,-1.125706,11,0
4716,3.180706,-1.125926,11,0
4717,3.21286,-1.127096,11,0
4718,3.245249,-1.126973,11,0
4719,3.275086,-1.129471,11,0
4720,3.303245,-1.132279,11,0
4721,3.332509,-1.13561,11,0
4722,3.360491,-1.137816,11,0
4723,3.390113,-1.141858,11,0
4724,3.421576,-1.146197,11,0
4725,3.452129,-1.151565,11,0
4726,3.482823,-1.15571,11,0
4727,3.516037,-1.162199,11,0
4728,3.547017,-1.168334,11,0
4729,3.579248,-1.176577,11,0
4730,3.60994,-1.185601,11,0
4731,3.640308,-1.194337,11,0
4732,3.672427,-1.2021,11,0
4733,3.701339,-1.207265,11,0
4734,3.727473,-1.212891,11,0
4735,3.753449,-1.216932,11,0
4736,3.778437,-1.222546,11,0
4737,3.801227,-1.227611,11,0
4738,3.823312,-1.231084,11,0
4739,3.84549,-1.233281,11,0
4740,3.869444,-1.233294,11,0
4741,3.892633,-1.232913,11,0
4742,3.912078,-1.231649,11,0
4743,3.936157,-1.231585,11,0
4744,3.960369,-1.231341,11,0
4745,3.986805,-1.230713,11,0
4746,4.012447,-1.228488,11,0
4747,4.037597,-1.225572,-11,0
4748,4.062305,-1.226884,-11,0
4749,4.090099,-1.229409,-11,0
4750,4.120337,-1.231279,-11,0
4751,4.15015,-1.232967,-11,0
4752,4.17499,-1.238557,-11,0
4753,4.195335,-1.246304,-11,0
4754,4.20858,-1.256381,-11,0
4755,4.223697,-1.264533,-11,0
4756,4.241407,-1.270474,-11,0
4757,4.259797,-1.274803,-11,0
4758,4.281476,-1.282903,-11,0
4759,4.305924,-1.291003,-11,0
4760,4.333018,-1.297099,-11,0
4761,4.358169,-1.297218,-11,0
4762,4.381515,-1.293683,-11,0
4763,4.404327,-1.28738,-11,0
4764,4.424036,-1.280862,-11,0
4765,4.441651,-1.27506,-11,0
4766,4.455349,-1.26783,-11,0
4767,4.463412,-1.262321,-11,0
4768,4.469572,-1.259402,-11,0
4769,4.473744,-1.259771,-11,0
4770,4.47969,-1.260336,-11,0
4771,4.489123,-1.258853,-11,0
4772,4.499653,-1.254985,-11,0
4773,4.512981,-1.249712,-11,0
4774,4.52775,-1.241651,-11,0
4775,4.539976,-1.239797,-11,0
4776,4.552409,-1.236155,-11,0
4777,4.564223,-1.227265,-11,0
4778,4.575759,-1.217652,-11,0
4779,4.587717,-1.208655,-11,0
4780,4.59738,-1.198359,-11,0
4781,4.606077,-1.188038,-11,0
4782,4.611653,-1.182757,-11,0
4783,4.617968,-1.181622,-11,0
4784,4.622685,-1.18174,-11,0
4785,4.627912,-1.178931,-11,0
4786,4.634809,-1.172413,-11,0
4787,4.639125,-1.162047,-11,0
4788,4.643223,-1.152431,-11,0
4789,4.646395,-1.143941,-11,0
4790,4.649665,-1.13558,-11,0
4791,4.651097,-1.125277,-11,0
4792,4.653579,-1.113331,-11,0
4793,4.655811,-1.100324,-11,0
4794,4.65705,-1.087949,-11,0
4795,4.657932,-1.075435,-11,0
4796,4.655812,-1.062089,-11,0
4797,4.650132,-1.048873,-11,0
4798,4.643679,-1.033165,-11,0
4799,4.639543,-1.022837,-11,0
4800,4.636278,-1.014573,-11,0
4801,4.63439,-1.009026,-11,0
4802,4.633723,-1.002961,-11,0
4803,4.632812,-0.9988806,-11,0
4804,4.631461,-0.9927775,-11,0
4805,4.62732,-0.9837461,-11,0
4806,4.62241,-0.9742161,-11,0
4807,4.614806,-0.9646423,-11,0
4808,4.605906,-0.9556469,-11,0
4809,4.595613,-0.9452937,-11,0
4810,4.583737,-0.9362367,-11,0
4811,4.571175,-0.9294434,-11,0
4812,4.555195,-0.9213675,-11,0
4813,4.539334,-0.9127218,-11,0
4814,4.521397,-0.9021518,-11,0
4815,4.504766,-0.8928177,-11,0
4816,4.488029,-0.8832684,-11,0
4817,4.47282,-0.8750547,-11,0
4818,4.457714,-0.8693537,-11,0
4819,4.444095,-0.8609592,-11,0
4820,4.429202,-0.8477803,-11,0
4821,4.409914,-0.836447,-11,0
4822,4.389762,-0.8250419,-11,0
4823,4.370045,-0.8142177,-11,0
4824,4.348157,-0.8029885,-11,0
4825,4.326499,-0.7896689,-11,0
4826,4.30559,-0.7749856,-11,0
4827,4.286616,-0.7592104,-11,0
4828,4.266729,-0.7433713,-11,0
4829,4.246208,-0.7273691,-11,0
4830,4.226872,-0.7091947,-11,0
4831,4.206173,-0.6906428,-11,0
4832,4.184659,-0.6687649,-11,0
4833,4.163233,-0.6463795,-11,0
4834,4.14436,-0.625383,-11,0
4835,4.126536,-0.6054524,-11,0
4836,4.108906,-0.5880173,-11,0
4837,4.089619,-0.5697523,-11,0
4838,4.07285,-0.552566,-11,0
4839,4.05303,-0.5331618,-11,0
4840,4.032703,-0.5133384,-11,0
4841,4.010375,-0.4942714,-11,0
4842,3.990828,-0.4770543,-11,0
4843,3.97352,-0.4611216,-11,0
4844,3.959807,-0.4463702,-11,0
4845,3.945691,-0.4326429,-11,0
4846,3.927949,-0.4208305,-11,0
4847,3.910749,-0.4098728,-11,0
4848,3.894696,-0.4010782,-11,0
4849,3.875262,-0.3919079,-11,0
4850,3.856365,-0.3812788,-11,0
4851,3.839687,-0.3698047,-11,0
4852,3.821791,-0.35689,-11,0
4853,3.804223,-0.3456982,-11,0
4854,3.786908,-0.3383218,-11,0
4855,3.768843,-0.329986,-11,0
4856,3.747465,-0.3193427,-11,0
4857,3.727334,-0.3099142,-11,0
4858,3.710936,-0.3003219,-11,0
4859,3.691618,-0.2913251,-11,0
4860,3.669349,-0.2828296,-11,0
4861,3.645024,-0.2727275,-11,0
4862,3.620854,-0.2632176,-11,0
4863,3.594487,-0.2528509,-11,0
4864,3.56822,-0.2427305,-11,0
4865,3.540841,-0.2335696,-11,0
4866,3.511712,-0.2254445,-11,0
4867,3.483325,-0.218628,-11,0
4868,3.454771,-0.2105072,-11,0
4869,3.428133,-0.2033033,-11,0
4870,3.402604,-0.1992736,-11,0
4871,3.378015,-0.1942596,-11,0
4872,3.352976,-0.1889964,-11,0
4873,3.3268,-0.183259,-11,0
4874,3.302754,-0.177595,-11,0
4875,3.27638,-0.1695726,-11,0
4876,3.248977,-0.1607283,-11,0
4877,3.22012,-0.152669,-11,0
4878,3.192271,-0.145373,-11,0
4879,3.164437,-0.1367424,-11,0
4880,3.136755,-0.1274745,-11,0
4881,3.111414,-0.1191985,-11,0
4882,3.088912,-0.1107326,-11,0
4883,3.064411,-0.09940076,-11,0
4884,3.038161,-0.08517724,-11,0
4885,3.011052,-0.06950742,-11,0
4886,2.986085,-0.05504328,-11,0
4887,2.961303,-0.04005086,-11,0
4888,2.936396,-0.02451795,-11,0
4889,2.912364,-0.00977391,-11,0
4890,2.885262,0.008343101,-11,0
4891,2.860338,0.02598286,-11,0
4892,2.835493,0.04278266,-11,0
4893,2.807894,0.06106889,-11,0
4894,2.780273,0.07867658,-11,0
4895,2.754583,0.09525979,-11,0
4896,2.730062,0.1104141,-11,0
4897,2.706378,0.1261113,-11,0
4898,2.679909,0.1418643,-11,0
4899,2.656194,0.1547956,-11,0
4900,2.63872,0.1623179,-11,0
4901,2.618219,0.1700995,-11,0
4902,2.598098,0.1796626,-11,0
4903,2.579644,0.1896172,-11,0
4904,2.558341,0.1998227,-11,0
4905,2.530963,0.209307,-11,0
4906,2.506811,0.2145369,-11,0
4907,2.482445,0.2211847,-11,0
4908,2.457597,0.225878,-11,0
4909,2.434045,0.2315567,-11,0
4910,2.411608,0.2367789,-11,0
4911,2.390069,0.2424105,-11,0
4912,2.364204,0.2504621,-11,0
4913,2.338387,0.2589754,-11,0
4914,2.310786,0.2656975,-11,0
4915,2.286614,0.2716727,-11,0
4916,2.260206,0.2772667,-11,0
4917,2.232211,0.2837781,-11,0
4918,2.203746,0.2866614,-11,0
4919,2.173105,0.2913507,-11,0
4920,2.140876,0.2959955,-11,0
4921,2.107409,0.3018355,-11,0
4922,2.073635,0.3059593,-11,0
4923,2.043298,0.3110673,-11,0
4924,2.017739,0.3140485,-11,0
4925,1.994008,0.3155048,-11,0
4926,1.967806,0.3170276,-11,0
4927,1.938577,0.320365,-11,0
4928,1.910229,0.3241198,-11,0
4929,1.878888,0.3302929,-11,0
4930,1.849019,0.3341019,-11,0
4931,1.820989,0.3385112,-11,0
4932,1.791903,0.3436414,-11,0
4933,1.762567,0.3471336,-11,0
4934,1.733576,0.3522632,-11,0
4935,1.707769,0.3567499,-11,0
4936,1.679971,0.3628798,-11,0
4937,1.648292,0.3708555,-11,0
4938,1.618398,0.381296,-11,0
4939,1.58654,0.3926189,-11,0
4940,1.553421,0.4051818,-11,0
4941,1.521391,0.4166659,-11,0
4942,1.488377,0.4270874,-11,0
4943,1.455977,0.439857,-11,0
4944,1.42167,0.4539824,-11,0
4945,1.387852,0.4686942,-11,0
4946,1.352057,0.4817743,-11,0
4947,1.317447,0.4936726,-11,0
4948,1.286584,0.5066481,-11,0
4949,1.257875,0.5178605,-11,0
4950,1.230767,0.5265963,-11,0
4951,1.206032,0.5342776,-11,0
4952,1.181932,0.5408051,-11,0
4953,1.155299,0.546772,-11,0
4954,1.130396,0.5527182,-11,0
4955,1.108516,0.5597284,-11,0
4956,1.088495,0.5645404,-11,0
4957,1.065428,0.5693328,-11,0
4958,1.037727,0.5729849,-11,0
4959,1.009484,0.5765334,-11,0
4960,0.9837435,0.5808007,-11,0
4961,0.9589373,0.5851688,-11,0
4962,0.9341214,0.5899962,-11,0
4963,0.9073509,0.5949733,9.526278,-5.5
4964,0.8765838,0.6052006,9.526278,-5.5
4965,0.8422593,0.6154244,9.526278,-5.5
4966,0.8078734,0.626231,9.526278,-5.5
4967,0.7751764,0.6383126,9.526278,-5.5
4968,0.7477115,0.6500883,9.526278,-5.5
4969,0.7321365,0.6625466,9.526278,-5.5
4970,0.7180283,0.676003,9.526278,-5.5
4971,0.6992755,0.6854827,9.526278,-5.5
4972,0.6749083,0.6918467,9.526278,-5.5
4973,0.6450768,0.6980135,9.526278,-5.5
4974,0.6149353,0.7054284,9.526278,-5.5
4975,0.5863514,0.7144849,9.526278,-5.5
4976,0.5568429,0.7170951,9.526278,-5.5
4977,0.5291109,0.7182915,9.526278,-5.5
4978,0.5002449,0.7169564,9.526278,-5.5
4979,0.4729415,0.7133844,9.526278,-5.5
4980,0.4511235,0.7097173,9.526278,-5.5
4981,0.4329803,0.7043928,9.526278,-5.5
4982,0.4186387,0.6979122,9.526278,-5.5
4983,0.4068051,0.6955144,9.526278,-5.5
4984,0.3981442,0.6932273,9.526278,-5.5
4985,0.3902189,0.6913965,9.526278,-5.5
4986,0.3816754,0.6868041,9.526278,-5.5
4987,0.3730564,0.6783397,9.526278,-5.5
4988,0.3617774,0.667227,9.526278,-5.5
4989,0.3465929,0.6546354,9.526278,-5.5
4990,0.3300663,0.6434002,9.526278,-5.5
4991,0.310105,0.6330636,9.526278,-5.5
4992,0.2892832,0.6207561,9.526278,-5.5
4993,0.2694943,0.6107345,9.526278,-5.5
4994,0.2514095,0.6006753,9.526278,-5.5
4995,0.2374156,0.5886109,9.526278,-5.5
4996,0.2238281,0.5768678,9.526278,-5.5
4997,0.209729,0.5659957,9.526278,-5.5
4998,0.1975924,0.5540042,9.526278,-5.5
