Step,Hip_X,Hip_Z,Target_X,Target_Z
0,1.009226,-1.028984,11,0
1,1.011341,-1.028997,11,0
2,1.01318,-1.028935,11,0
3,1.014784,-1.028947,11,0
4,1.016037,-1.029019,11,0
5,1.017069,-1.028986,11,0
6,1.018224,-1.028976,11,0
7,1.019422,-1.028982,11,0
8,1.02024,-1.028997,11,0
9,1.021029,-1.02898,11,0
10,1.021395,-1.028983,11,0
11,1.021592,-1.028976,11,0
12,1.021746,-1.028981,11,0
13,1.021973,-1.028976,11,0
14,1.02233,-1.028976,11,0
15,1.023039,-1.029009,11,0
16,1.023873,-1.029013,11,0
17,1.024227,-1.028798,11,0
18,1.023907,-1.028955,11,0
19,1.022121,-1.029006,11,0
20,1.019784,-1.028982,11,0
21,1.017859,-1.02898,11,0
22,1.015796,-1.028982,11,0
23,1.013481,-1.028996,11,0
24,1.010536,-1.029005,11,0
25,1.007017,-1.029035,11,0
26,1.003286,-1.0289,11,0
27,1.000043,-1.028863,11,0
28,0.9973765,-1.029071,11,0
29,0.9948011,-1.028978,11,0
30,0.9931243,-1.029006,11,0
31,0.9918843,-1.028986,11,0
32,0.9904106,-1.028985,11,0
33,0.9891063,-1.028983,11,0
34,0.988106,-1.02899,11,0
35,0.9875908,-1.028975,11,0
36,0.987893,-1.028982,11,0
37,0.9882848,-1.02897,11,0
38,0.9885519,-1.02898,11,0
39,0.9884875,-1.028974,11,0
40,0.9880402,-1.028975,11,0
41,0.9867672,-1.028987,11,0
42,0.9852293,-1.028984,11,0
43,0.9851926,-1.028994,11,0
44,0.9861206,-1.028982,11,0
45,0.9876638,-1.028973,11,0
46,0.9894906,-1.028981,11,0
47,0.9911203,-1.028987,11,0
48,0.9932278,-1.028981,11,0
49,0.9961503,-1.028985,11,0
50,0.9992803,-1.028982,11,0
51,1.002521,-1.02899,11,0
52,1.005669,-1.028974,11,0
53,1.00789,-1.02898,11,0
54,1.009839,-1.028992,11,0
55,1.011938,-1.028989,11,0
56,1.013677,-1.028916,11,0
57,1.015205,-1.028982,11,0
58,1.016342,-1.029013,11,0
59,1.017403,-1.028979,11,0
60,1.018578,-1.02898,11,0
61,1.019633,-1.028989,11,0
62,1.020507,-1.028994,11,0
63,1.021178,-1.028978,11,0
64,1.021453,-1.028985,11,0
65,1.02164,-1.028976,11,0
66,1.021801,-1.028982,11,0
67,1.022054,-1.028974,11,0
68,1.022492,-1.02898,11,0
69,1.023315,-1.029023,11,0
70,1.024006,-1.028974,11,0
71,1.024245,-1.02879,11,0
72,1.023545,-1.02899,11,0
73,1.021401,-1.028998,11,0
74,1.019199,-1.028982,11,0
75,1.017283,-1.028979,11,0
76,1.015141,-1.028986,11,0
77,1.012694,-1.028994,11,0
78,1.009541,-1.02906,11,0
79,1.005924,-1.028917,11,0
80,1.00223,-1.028826,11,0
81,0.999248,-1.028958,11,0
82,0.9965683,-1.029052,11,0
83,0.9942004,-1.028987,11,0
84,0.9927545,-1.029002,11,0
85,0.9914675,-1.028984,11,0
86,0.9899793,-1.028986,11,0
87,0.988791,-1.028983,11,0
88,0.9878747,-1.02899,11,0
89,0.9876161,-1.028974,11,0
90,0.9880367,-1.028983,11,0
91,0.9883825,-1.028971,11,0
92,0.9885713,-1.028982,11,0
93,0.9884087,-1.028972,11,0
94,0.9877882,-1.028981,11,0
95,0.9862357,-1.028986,11,0
96,0.9850634,-1.028989,11,0
97,0.9854043,-1.028992,11,0
98,0.9864951,-1.028977,11,0
99,0.9882153,-1.028974,11,0
100,0.9899748,-1.028984,11,0
101,0.9916572,-1.028985,11,0
102,0.9940293,-1.028982,11,0
103,0.9970846,-1.028984,11,0
104,1.000227,-1.028984,11,0
105,1.003492,-1.028987,11,0
106,1.006449,-1.028972,11,0
107,1.008429,-1.028982,11,0
108,1.010471,-1.028998,11,0
109,1.012475,-1.028974,11,0
110,1.014158,-1.028917,11,0
111,1.015582,-1.029009,11,0
112,1.016642,-1.029001,11,0
113,1.017745,-1.028975,11,0
114,1.018934,-1.028984,11,0
115,1.019876,-1.028995,11,0
116,1.020754,-1.028989,11,0
117,1.021289,-1.028979,11,0
118,1.021509,-1.028982,11,0
119,1.021683,-1.028978,11,0
120,1.021872,-1.028981,11,0
121,1.022153,-1.028973,11,0
122,1.022689,-1.028988,11,0
123,1.023579,-1.02903,11,0
124,1.02411,-1.028913,11,0
125,1.024175,-1.028874,11,0
126,1.023021,-1.029006,11,0
127,1.020682,-1.028989,11,0
128,1.018633,-1.028981,11,0
129,1.016681,-1.028979,11,0
130,1.014469,-1.028991,11,0
131,1.011832,-1.028985,11,0
132,1.0085,-1.029096,11,0
133,1.004811,-1.028983,11,0
134,1.001252,-1.028798,11,0
135,0.9984785,-1.02904,11,0
136,0.9957839,-1.029016,11,0
137,0.9936999,-1.029002,11,0
138,0.9923981,-1.028995,11,0
139,0.9910262,-1.028984,11,0
140,0.9895795,-1.028986,11,0
141,0.9884868,-1.028986,11,0
142,0.9877003,-1.028986,11,0
143,0.987707,-1.028977,11,0
144,0.9881545,-1.028978,11,0
145,0.9884697,-1.028974,11,0
146,0.9885499,-1.02898,11,0
147,0.988289,-1.028971,11,0
148,0.9874349,-1.028986,11,0
149,0.9857386,-1.028984,11,0
150,0.9850426,-1.028993,11,0
151,0.9856789,-1.028988,11,0
152,0.98695,-1.028974,11,0
153,0.9887684,-1.028977,11,0
154,0.9904469,-1.028987,11,0
155,0.9922587,-1.028982,11,0
156,0.9948935,-1.028984,11,0
157,0.9980079,-1.028983,11,0
158,1.001187,-1.028987,11,0
159,1.004443,-1.028979,11,0
160,1.007116,-1.028972,11,0
161,1.009003,-1.028981,11,0
162,1.011107,-1.028999,11,0
163,1.01299,-1.028945,11,0
164,1.014618,-1.028936,11,0
165,1.015918,-1.029019,11,0
166,1.016949,-1.028989,11,0
167,1.018093,-1.028975,11,0
168,1.01929,-1.028984,11,0
169,1.020139,-1.028997,11,0
170,1.020963,-1.028982,11,0
171,1.02137,-1.028982,11,0
172,1.021571,-1.028977,11,0
173,1.021727,-1.02898,11,0
174,1.021945,-1.028978,11,0
175,1.022277,-1.028975,11,0
176,1.022938,-1.029002,11,0
177,1.023804,-1.029022,11,0
178,1.024201,-1.028833,11,0
179,1.024003,-1.028937,11,0
180,1.022381,-1.029008,11,0
181,1.020013,-1.028983,11,0
182,1.018072,-1.02898,11,0
183,1.01604,-1.028981,11,0
184,1.01376,-1.028995,11,0
185,1.010898,-1.02899,11,0
186,1.007426,-1.029069,11,0
187,1.003698,-1.028931,11,0
188,1.000358,-1.028835,11,0
189,0.9976805,-1.029071,11,0
190,0.9950542,-1.028985,11,0
191,0.9932716,-1.029007,11,0
192,0.9920303,-1.028988,11,0
193,0.9905775,-1.028985,11,0
194,0.9892261,-1.028984,11,0
195,0.988204,-1.028989,11,0
196,0.9876029,-1.028977,11,0
197,0.9878385,-1.028981,11,0
198,0.9882478,-1.028971,11,0
199,0.988535,-1.028979,11,0
200,0.9885087,-1.028976,11,0
201,0.9881188,-1.028973,11,0
202,0.9869624,-1.028987,11,0
203,0.9853404,-1.028984,11,0
204,0.9851336,-1.028995,11,0
205,0.9859953,-1.028983,11,0
206,0.9874617,-1.028973,11,0
207,0.9893005,-1.02898,11,0
208,0.9909309,-1.028987,11,0
209,0.9929464,-1.028981,11,0
210,0.9958019,-1.028985,11,0
211,0.998929,-1.028982,11,0
212,1.002156,-1.02899,11,0
213,1.005349,-1.028975,11,0
214,1.007689,-1.028978,11,0
215,1.009606,-1.028989,11,0
216,1.01172,-1.028993,11,0
217,1.013492,-1.028921,11,0
218,1.015051,-1.028968,11,0
219,1.016229,-1.029016,11,0
220,1.017276,-1.028981,11,0
221,1.018445,-1.028979,11,0
222,1.01955,-1.028986,11,0
223,1.020408,-1.028996,11,0
224,1.021127,-1.028978,11,0
225,1.021432,-1.028984,11,0
226,1.021623,-1.028976,11,0
227,1.021779,-1.028982,11,0
228,1.022022,-1.028975,11,0
229,1.022428,-1.028978,11,0
230,1.023212,-1.029018,11,0
231,1.023966,-1.028992,11,0
232,1.02425,-1.028754,11,0
233,1.023702,-1.028979,11,0
234,1.021674,-1.029002,11,0
235,1.019416,-1.028982,11,0
236,1.017502,-1.028979,-11,0
237,1.015388,-1.028984,-11,0
238,1.012998,-1.028995,-11,0
239,1.00992,-1.029039,-11,0
240,1.006337,-1.028942,-11,0
241,1.002618,-1.02885,-11,0
242,0.99954,-1.02892,-11,0
243,0.9968705,-1.029062,-11,0
244,0.9944125,-1.02898,-11,0
245,0.9928905,-1.029004,-11,0
246,0.9916279,-1.028984,-11,0
247,0.9901385,-1.028986,-11,0
248,0.9889086,-1.028982,-11,0
249,0.9879558,-1.02899,-11,0
250,0.9875976,-1.028973,-11,0
251,0.9879842,-1.028983,-11,0
252,0.9883464,-1.02897,-11,0
253,0.9885687,-1.028982,-11,0
254,0.9884425,-1.028973,-11,0
255,0.9878904,-1.028978,-11,0
256,0.9864348,-1.028987,-11,0
257,0.9851043,-1.028987,-11,0
258,0.9853162,-1.028993,-11,0
259,0.9863439,-1.028979,-11,0
260,0.9880068,-1.028974,-11,0
261,0.9897957,-1.028983,-11,0
262,0.9914493,-1.028986,-11,0
263,0.99372,-1.028982,-11,0
264,0.9967336,-1.028984,-11,0
265,0.9998698,-1.028983,-11,0
266,1.003128,-1.028989,-11,0
267,1.006169,-1.028972,-11,0
268,1.008223,-1.028983,-11,0
269,1.010232,-1.028996,-11,0
270,1.012278,-1.028982,-11,0
271,1.013979,-1.028914,-11,0
272,1.015446,-1.029001,-11,0
273,1.016529,-1.029006,-11,0
274,1.017616,-1.028976,-11,0
275,1.0188,-1.028983,-11,0
276,1.019782,-1.028993,-11,0
277,1.020664,-1.028991,-11,0
278,1.021251,-1.028979,-11,0
279,1.021487,-1.028984,-11,0
280,1.021667,-1.028977,-11,0
281,1.021843,-1.028982,-11,0
282,1.022114,-1.028973,-11,0
283,1.022608,-1.028984,-11,0
284,1.023483,-1.029029,-11,0
285,1.024071,-1.028938,-11,0
286,1.024212,-1.028845,-11,0
287,1.023234,-1.029002,-11,0
288,1.020949,-1.028992,-11,0
289,1.018844,-1.028981,-11,0
290,1.016911,-1.028979,-11,0
291,1.014724,-1.028989,-11,0
292,1.012166,-1.02899,-11,0
293,1.008896,-1.029087,-11,0
294,1.005226,-1.028978,-11,0
295,1.001609,-1.028801,-11,0
296,0.998771,-1.029016,-11,0
297,0.9960737,-1.02903,-11,0
298,0.9938779,-1.028997,-11,0
299,0.9925319,-1.028998,-11,0
300,0.9911936,-1.028983,-11,0
301,0.9897251,-1.028987,-11,0
302,0.9885991,-1.028985,-11,0
303,0.9877579,-1.028988,-11,0
304,0.9876667,-1.028975,-11,0
305,0.9881153,-1.028981,-11,0
306,0.9884389,-1.028973,-11,0
307,0.9885617,-1.028981,-11,0
308,0.9883394,-1.028971,-11,0
309,0.9875849,-1.028984,-11,0
310,0.9859172,-1.028985,-11,0
311,0.9850361,-1.028992,-11,0
312,0.9855698,-1.02899,-11,0
313,0.9867713,-1.028975,-11,0
314,0.988562,-1.028976,-11,0
315,0.9902695,-1.028986,-11,0
316,0.9920238,-1.028983,-11,0
317,0.9945627,-1.028983,-11,0
318,0.9976643,-1.028983,-11,0
319,1.000825,-1.028986,-11,0
320,1.00409,-1.028982,-11,0
321,1.006878,-1.028971,-11,0
322,1.008784,-1.02898,-11,0
323,1.010869,-1.028999,-11,0
324,1.012798,-1.028957,-11,0
325,1.014448,-1.028927,-11,0
326,1.015796,-1.029017,-11,0
327,1.016832,-1.028994,-11,0
328,1.017962,-1.028975,-11,0
329,1.019156,-1.028985,-11,0
330,1.020039,-1.028997,-11,0
331,1.02089,-1.028985,-11,0
332,1.021342,-1.028981,-11,0
333,1.021549,-1.028979,-11,0
334,1.02171,-1.02898,-11,0
335,1.021918,-1.028979,-11,0
336,1.022227,-1.028974,-11,0
337,1.02284,-1.028996,-11,0
338,1.023726,-1.029027,-11,0
339,1.02417,-1.028865,-11,0
340,1.024082,-1.028916,-11,0
341,1.022632,-1.029009,-11,0
342,1.020255,-1.028984,-11,0
343,1.018283,-1.02898,-11,0
344,1.016285,-1.02898,-11,0
345,1.014031,-1.028994,-11,0
346,1.011254,-1.028981,-11,0
347,1.007832,-1.029089,-11,0
348,1.004115,-1.028958,-11,0
349,1.000684,-1.028814,-11,0
350,0.9979828,-1.029065,-11,0
351,0.9953198,-1.028995,-11,0
352,0.9934256,-1.029006,-11,0
353,0.9921713,-1.02899,-11,0
354,0.9907457,-1.028985,-11,0
355,0.9893525,-1.028985,-11,0
356,0.9883069,-1.028988,-11,0
357,0.9876288,-1.02898,-11,0
358,0.9877859,-1.02898,-11,0
359,0.9882115,-1.028973,-11,0
360,0.9885137,-1.028977,-11,0
361,0.9885263,-1.028977,-11,0
362,0.9881892,-1.028972,-11,0
363,0.9871497,-1.028987,-11,0
364,0.9854743,-1.028984,-11,0
365,0.9850876,-1.028994,-11,0
366,0.9858729,-1.028985,-11,0
367,0.9872643,-1.028973,-11,0
368,0.9891046,-1.028979,-11,0
369,0.9907463,-1.028987,-11,0
370,0.9926773,-1.028981,-11,0
371,0.9954568,-1.028985,-11,0
372,0.9985804,-1.028982,-11,0
373,1.001791,-1.028989,-11,0
374,1.005017,-1.028976,-11,0
375,1.007483,-1.028975,-11,0
376,1.009376,-1.028986,-11,0
377,1.011494,-1.028996,-11,0
378,1.013305,-1.028929,-11,0
379,1.014892,-1.028955,-11,0
380,1.016114,-1.029019,-11,0
381,1.01715,-1.028983,-11,0
382,1.018312,-1.028977,-11,0
383,1.019471,-1.028984,-11,0
384,1.020307,-1.028997,-11,0
385,1.02107,-1.028979,-11,0
386,1.02141,-1.028984,-11,0
387,1.021605,-1.028976,-11,0
388,1.021758,-1.028982,-11,0
389,1.021992,-1.028976,-11,0
390,1.022368,-1.028977,-11,0
391,1.023108,-1.029013,-11,0
392,1.023914,-1.029006,-11,0
393,1.024239,-1.028774,9.526278,-5.5
394,1.023833,-1.028966,9.526278,-5.5
395,1.021944,-1.029005,9.526278,-5.5
396,1.019636,-1.028982,9.526278,-5.5
397,1.017718,-1.028979,9.526278,-5.5
398,1.015633,-1.028983,9.526278,-5.5
399,1.013291,-1.028996,9.526278,-5.5
400,1.010293,-1.029018,9.526278,-5.5
401,1.006746,-1.029004,9.526278,-5.5
402,1.003017,-1.028879,9.526278,-5.5
403,0.9998396,-1.028884,9.526278,-5.5
404,0.9971746,-1.029069,9.526278,-5.5
405,0.9946409,-1.028977,9.526278,-5.5
406,0.9930296,-1.029006,9.526278,-5.5
407,0.991784,-1.028985,9.526278,-5.5
408,0.9903012,-1.028986,9.526278,-5.5
409,0.9890273,-1.028982,9.526278,-5.5
410,0.9880441,-1.02899,9.526278,-5.5
411,0.9875896,-1.028974,9.526278,-5.5
412,0.9879296,-1.028983,9.526278,-5.5
413,0.9883094,-1.02897,9.526278,-5.5
414,0.9885604,-1.028981,9.526278,-5.5
415,0.9884711,-1.028974,9.526278,-5.5
416,0.9879834,-1.028976,9.526278,-5.5
417,0.9866352,-1.028987,9.526278,-5.5
418,0.9851699,-1.028985,9.526278,-5.5
419,0.9852382,-1.028994,9.526278,-5.5
420,0.9862055,-1.02898,9.526278,-5.5
421,0.9877997,-1.028973,9.526278,-5.5
422,0.9896136,-1.028981,9.526278,-5.5
423,0.9912492,-1.028987,9.526278,-5.5
424,0.9934205,-1.028981,9.526278,-5.5
425,0.9963825,-1.028985,9.526278,-5.5
426,0.9995145,-1.028982,9.526278,-5.5
427,1.002764,-1.02899,9.526278,-5.5
428,1.005873,-1.028973,9.526278,-5.5
429,1.008022,-1.028982,9.526278,-5.5
430,1.009995,-1.028994,9.526278,-5.5
431,1.012078,-1.028986,9.526278,-5.5
432,1.013798,-1.028914,9.526278,-5.5
433,1.015304,-1.02899,9.526278,-5.5
434,1.016417,-1.02901,9.526278,-5.5
435,1.017488,-1.028978,9.526278,-5.5
436,1.018666,-1.028981,9.526278,-5.5
437,1.019691,-1.028991,9.526278,-5.5
438,1.020571,-1.028993,9.526278,-5.5
439,1.021208,-1.028978,9.526278,-5.5
440,1.021466,-1.028984,9.526278,-5.5
441,1.021651,-1.028977,9.526278,-5.5
442,1.021817,-1.028982,9.526278,-5.5
443,1.022077,-1.028973,9.526278,-5.5
444,1.022536,-1.028981,9.526278,-5.5
445,1.023383,-1.029026,9.526278,-5.5
446,1.024032,-1.028961,9.526278,-5.5
447,1.024236,-1.028813,9.526278,-5.5
448,1.023428,-1.028995,9.526278,-5.5
449,1.02122,-1.028996,9.526278,-5.5
450,1.019057,-1.028981,9.526278,-5.5
451,1.017136,-1.028979,9.526278,-5.5
452,1.014976,-1.028987,9.526278,-5.5
453,1.012487,-1.028993,9.526278,-5.5
454,1.009286,-1.029072,9.526278,-5.5
455,1.005644,-1.028949,9.526278,-5.5
456,1.001978,-1.028813,9.526278,-5.5
457,0.9990582,-1.028983,9.526278,-5.5
458,0.9963697,-1.029044,9.526278,-5.5
459,0.9940677,-1.028992,9.526278,-5.5
460,0.9926655,-1.029,9.526278,-5.5
461,0.9913592,-1.028984,9.526278,-5.5
462,0.9898763,-1.028987,9.526278,-5.5
463,0.9887139,-1.028983,9.526278,-5.5
464,0.9878252,-1.028989,9.526278,-5.5
465,0.9876335,-1.028974,9.526278,-5.5
466,0.9880697,-1.028982,9.526278,-5.5
467,0.9884056,-1.028972,9.526278,-5.5
468,0.9885696,-1.028982,9.526278,-5.5
469,0.9883832,-1.028972,9.526278,-5.5
470,0.9877145,-1.028982,9.526278,-5.5
471,0.9861063,-1.028986,9.526278,-5.5
472,0.9850466,-1.02899,9.526278,-5.5
473,0.9854676,-1.028991,9.526278,-5.5
474,0.9866018,-1.028977,9.526278,-5.5
475,0.9883538,-1.028975,9.526278,-5.5
476,0.9900925,-1.028985,9.526278,-5.5
477,0.9918,-1.028984,9.526278,-5.5
478,0.9942393,-1.028983,9.526278,-5.5
479,0.9973165,-1.028984,9.526278,-5.5
480,1.000465,-1.028984,9.526278,-5.5
481,1.003732,-1.028986,9.526278,-5.5
482,1.006625,-1.028972,9.526278,-5.5
483,1.008569,-1.02898,9.526278,-5.5
484,1.01063,-1.028999,9.526278,-5.5
485,1.012604,-1.028968,9.526278,-5.5
486,1.014274,-1.02892,9.526278,-5.5
487,1.015669,-1.029013,9.526278,-5.5
488,1.016717,-1.028998,9.526278,-5.5
489,1.017831,-1.028975,9.526278,-5.5
490,1.019022,-1.028985,9.526278,-5.5
491,1.019941,-1.028996,9.526278,-5.5
492,1.02081,-1.028987,9.526278,-5.5
493,1.021311,-1.02898,9.526278,-5.5
494,1.021524,-1.028981,9.526278,-5.5
495,1.021694,-1.028979,9.526278,-5.5
496,1.02189,-1.02898,9.526278,-5.5
497,1.022182,-1.028973,9.526278,-5.5
498,1.022747,-1.028991,9.526278,-5.5
499,1.023639,-1.029029,9.526278,-5.5
500,1.024135,-1.028895,9.526278,-5.5
501,1.024143,-1.028892,9.526278,-5.5
502,1.022871,-1.029007,9.526278,-5.5
503,1.020509,-1.028987,9.526278,-5.5
504,1.018493,-1.02898,9.526278,-5.5
505,1.016525,-1.02898,9.526278,-5.5
506,1.014296,-1.028992,9.526278,-5.5
507,1.011604,-1.028981,9.526278,-5.5
508,1.008235,-1.029097,9.526278,-5.5
509,1.004534,-1.028977,9.526278,-5.5
510,1.001021,-1.028802,9.526278,-5.5
511,0.9982821,-1.029052,9.526278,-5.5
512,0.9955959,-1.029007,9.526278,-5.5
513,0.9935876,-1.029004,9.526278,-5.5
514,0.9923086,-1.028993,9.526278,-5.5
515,0.9909145,-1.028984,9.526278,-5.5
516,0.9894866,-1.028986,9.526278,-5.5
517,0.9884139,-1.028987,9.526278,-5.5
518,0.987668,-1.028984,9.526278,-5.5
519,0.9877369,-1.028978,9.526278,-5.5
520,0.9881769,-1.028976,9.526278,-5.5
521,0.9884883,-1.028976,9.526278,-5.5
522,0.9885412,-1.028979,9.526278,-5.5
523,0.9882517,-1.028972,9.526278,-5.5
524,0.987326,-1.028986,9.526278,-5.5
525,0.9856278,-1.028984,9.526278,-5.5
526,0.9850555,-1.028994,9.526278,-5.5
527,0.9857545,-1.028987,9.526278,-5.5
528,0.9870729,-1.028974,9.526278,-5.5
529,0.9889037,-1.028978,9.526278,-5.5
530,0.9905655,-1.028987,9.526278,-5.5
531,0.9924212,-1.028982,9.526278,-5.5
532,0.9951162,-1.028984,9.526278,-5.5
533,0.998235,-1.028983,9.526278,-5.5
534,1.001427,-1.028988,9.526278,-5.5
535,1.004675,-1.028978,9.526278,-5.5
536,1.007266,-1.028973,9.526278,-5.5
537,1.009151,-1.028983,9.526278,-5.5
538,1.011263,-1.028998,9.526278,-5.5
539,1.013116,-1.028938,9.526278,-5.5
540,1.014729,-1.028943,9.526278,-5.5
541,1.015997,-1.029019,9.526278,-5.5
542,1.017028,-1.028987,9.526278,-5.5
543,1.01818,-1.028976,9.526278,-5.5
544,1.019378,-1.028983,9.526278,-5.5
545,1.020206,-1.028997,9.526278,-5.5
546,1.021008,-1.02898,9.526278,-5.5
547,1.021387,-1.028983,9.526278,-5.5
548,1.021585,-1.028977,9.526278,-5.5
549,1.021739,-1.028981,9.526278,-5.5
550,1.021963,-1.028977,9.526278,-5.5
551,1.022312,-1.028975,9.526278,-5.5
552,1.023005,-1.029006,9.526278,-5.5
553,1.023851,-1.029016,9.526278,-5.5
554,1.024219,-1.02881,9.526278,-5.5
555,1.023942,-1.028949,9.526278,-5.5
556,1.02221,-1.029007,9.526278,-5.5
557,1.01986,-1.028982,9.526278,-5.5
558,1.017931,-1.02898,9.526278,-5.5
559,1.015878,-1.028981,9.526278,-5.5
560,1.013576,-1.028996,9.526278,-5.5
561,1.010659,-1.028999,9.526278,-5.5
562,1.007155,-1.029048,9.526278,-5.5
563,1.003424,-1.028911,9.526278,-5.5
564,1.000148,-1.028852,9.526278,-5.5
565,0.9974791,-1.029072,9.526278,-5.5
566,0.994885,-1.02898,9.526278,-5.5
567,0.9931733,-1.029007,9.526278,-5.5
568,0.9919341,-1.028987,9.526278,-5.5
569,0.9904667,-1.028985,9.526278,-5.5
570,0.9891465,-1.028983,9.526278,-5.5
571,0.9881384,-1.028989,9.526278,-5.5
572,0.9875934,-1.028975,9.526278,-5.5
573,0.9878745,-1.028982,9.526278,-5.5
574,0.9882722,-1.028971,9.526278,-5.5
575,0.9885467,-1.02898,9.526278,-5.5
576,0.9884951,-1.028975,9.526278,-5.5
577,0.9880676,-1.028974,9.526278,-5.5
578,0.9868336,-1.028987,9.526278,-5.5
579,0.9852639,-1.028984,9.526278,-5.5
580,0.9851713,-1.028995,9.526278,-5.5
581,0.9860782,-1.028982,9.526278,-5.5
582,0.9875952,-1.028973,9.526278,-5.5
583,0.9894271,-1.02898,9.526278,-5.5
584,0.9910558,-1.028987,9.526278,-5.5
585,0.9931316,-1.028981,9.526278,-5.5
586,0.9960325,-1.028985,9.526278,-5.5
587,0.9991617,-1.028982,9.526278,-5.5
588,1.002398,-1.02899,9.526278,-5.5
589,1.005562,-1.028974,9.526278,-5.5
590,1.007823,-1.028979,9.526278,-5.5
591,1.00976,-1.028991,9.526278,-5.5
592,1.011866,-1.028991,9.526278,-5.5
593,1.013615,-1.028917,9.526278,-5.5
594,1.015154,-1.028977,9.526278,-5.5
595,1.016304,-1.029014,9.526278,-5.5
596,1.01736,-1.028979,9.526278,-5.5
597,1.018533,-1.02898,9.526278,-5.5
598,1.019604,-1.028988,9.526278,-5.5
599,1.020473,-1.028995,9.526278,-5.5
600,1.021161,-1.028978,9.526278,-5.5
601,1.021446,-1.028985,9.526278,-5.5
602,1.021634,-1.028976,9.526278,-5.5
603,1.021794,-1.028982,9.526278,-5.5
604,1.022043,-1.028974,9.526278,-5.5
605,1.02247,-1.028979,9.526278,-5.5
606,1.023281,-1.029022,9.526278,-5.5
607,1.023993,-1.028981,9.526278,-5.5
608,1.024248,-1.028779,9.526278,-5.5
609,1.023601,-1.028987,9.526278,-5.5
610,1.021493,-1.028999,9.526278,-5.5
611,1.019272,-1.028982,9.526278,-5.5
612,1.017357,-1.028979,9.526278,-5.5
613,1.015225,-1.028986,9.526278,-5.5
614,1.012798,-1.028995,9.526278,-5.5
615,1.009669,-1.029053,9.526278,-5.5
616,1.006066,-1.028897,9.526278,-5.5
617,1.00236,-1.028833,9.526278,-5.5
618,0.9993457,-1.028945,9.526278,-5.5
619,0.9966699,-1.029056,9.526278,-5.5
620,0.9942703,-1.028985,9.526278,-5.5
621,0.9928001,-1.029003,9.526278,-5.5
622,0.991522,-1.028984,9.526278,-5.5
623,0.9900326,-1.028986,9.526278,-5.5
624,0.9888305,-1.028983,9.526278,-5.5
625,0.9879012,-1.02899,9.526278,-5.5
626,0.9876087,-1.028973,9.526278,-5.5
627,0.9880193,-1.028983,9.526278,-5.5
628,0.9883705,-1.028971,9.526278,-5.5
629,0.988571,-1.028982,9.526278,-5.5
630,0.9884208,-1.028972,9.526278,-5.5
631,0.9878236,-1.02898,9.526278,-5.5
632,0.9863025,-1.028986,9.526278,-5.5
633,0.985075,-1.028988,9.526278,-5.5
634,0.9853736,-1.028993,9.526278,-5.5
635,0.9864429,-1.028978,9.526278,-5.5
636,0.988145,-1.028974,9.526278,-5.5
637,0.9899146,-1.028984,9.526278,-5.5
638,0.9915862,-1.028985,9.526278,-5.5
639,0.993924,-1.028982,9.526278,-5.5
640,0.9969663,-1.028984,9.526278,-5.5
641,1.000107,-1.028983,9.526278,-5.5
642,1.00337,-1.028988,9.526278,-5.5
643,1.006356,-1.028972,9.526278,-5.5
644,1.008358,-1.028982,9.526278,-5.5
645,1.01039,-1.028998,9.526278,-5.5
646,1.012409,-1.028977,9.526278,-5.5
647,1.014098,-1.028916,9.526278,-5.5
648,1.015537,-1.029007,9.526278,-5.5
649,1.016604,-1.029003,9.526278,-5.5
650,1.017702,-1.028975,9.526278,-5.5
651,1.018889,-1.028984,9.526278,-5.5
652,1.019844,-1.028994,9.526278,-5.5
653,1.020724,-1.02899,9.526278,-5.5
654,1.021276,-1.028979,9.526278,-5.5
655,1.021501,-1.028983,9.526278,-5.5
656,1.021678,-1.028978,9.526278,-5.5
657,1.021862,-1.028981,9.526278,-5.5
658,1.02214,-1.028973,9.526278,-5.5
659,1.022661,-1.028986,9.526278,-5.5
660,1.023547,-1.02903,9.526278,-5.5
661,1.024097,-1.028922,9.526278,-5.5
662,1.024189,-1.028865,9.526278,-5.5
663,1.023095,-1.029005,9.526278,-5.5
664,1.020771,-1.02899,9.526278,-5.5
665,1.018704,-1.028981,9.526278,-5.5
666,1.016759,-1.028979,-9.526278,5.5
667,1.014555,-1.028991,-9.526278,5.5
668,1.011946,-1.028987,-9.526278,5.5
669,1.008634,-1.029094,-9.526278,5.5
670,1.004951,-1.028983,-9.526278,5.5
671,1.001371,-1.028798,-9.526278,5.5
672,0.9985777,-1.029033,-9.526278,5.5
673,0.995881,-1.029021,-9.526278,5.5
674,0.9937588,-1.029001,-9.526278,5.5
675,0.9924434,-1.028996,-9.526278,5.5
676,0.9910827,-1.028984,-9.526278,5.5
677,0.9896279,-1.028986,-9.526278,5.5
678,0.9885243,-1.028986,-9.526278,5.5
679,0.9877186,-1.028987,-9.526278,5.5
680,0.9876927,-1.028976,-9.526278,5.5
681,0.9881421,-1.028979,-9.526278,5.5
682,0.9884596,-1.028974,-9.526278,5.5
683,0.988554,-1.02898,-9.526278,5.5
684,0.9883068,-1.028971,-9.526278,5.5
685,0.9874876,-1.028985,-9.526278,5.5
686,0.9857975,-1.028985,-9.526278,5.5
687,0.9850385,-1.028993,-9.526278,5.5
688,0.9856413,-1.028989,-9.526278,5.5
689,0.9868888,-1.028975,-9.526278,5.5
690,0.9886991,-1.028977,-9.526278,5.5
691,0.9903869,-1.028986,-9.526278,5.5
692,0.9921783,-1.028983,-9.526278,5.5
693,0.9947813,-1.028984,-9.526278,5.5
694,0.9978926,-1.028983,-9.526278,5.5
695,1.001065,-1.028986,-9.526278,5.5
696,1.004325,-1.02898,-9.526278,5.5
697,1.007038,-1.028972,-9.526278,5.5
698,1.008929,-1.028981,-9.526278,5.5
699,1.011027,-1.028999,-9.526278,5.5
700,1.012925,-1.028949,-9.526278,5.5
701,1.014561,-1.028933,-9.526278,5.5
702,1.015877,-1.029019,-9.526278,5.5
703,1.016909,-1.028991,-9.526278,5.5
704,1.018049,-1.028975,-9.526278,5.5
705,1.019245,-1.028984,-9.526278,5.5
706,1.020105,-1.028997,-9.526278,5.5
707,1.020939,-1.028983,-9.526278,5.5
708,1.021361,-1.028982,-9.526278,5.5
709,1.021564,-1.028978,-9.526278,5.5
710,1.021721,-1.02898,-9.526278,5.5
711,1.021936,-1.028978,-9.526278,5.5
712,1.02226,-1.028974,-9.526278,5.5
713,1.022905,-1.029,-9.526278,5.5
714,1.023779,-1.029024,-9.526278,5.5
715,1.024191,-1.028844,-9.526278,5.5
716,1.024032,-1.02893,-9.526278,5.5
717,1.022467,-1.029008,-9.526278,5.5
718,1.020093,-1.028983,-9.526278,5.5
719,1.018143,-1.02898,-9.526278,5.5
720,1.016123,-1.02898,-9.526278,5.5
721,1.013852,-1.028995,-9.526278,5.5
722,1.011019,-1.028986,-9.526278,5.5
723,1.007563,-1.029077,-9.526278,5.5
724,1.003838,-1.028941,-9.526278,5.5
725,1.000467,-1.028827,-9.526278,5.5
726,0.9977826,-1.029069,-9.526278,5.5
727,0.9951425,-1.028988,-9.526278,5.5
728,0.9933227,-1.029007,-9.526278,5.5
729,0.9920784,-1.028989,-9.526278,5.5
730,0.9906341,-1.028985,-9.526278,5.5
731,0.9892678,-1.028984,-9.526278,5.5
732,0.9882382,-1.028989,-9.526278,5.5
733,0.98761,-1.028978,-9.526278,5.5
734,0.9878205,-1.028981,-9.526278,5.5
735,0.9882354,-1.028972,-9.526278,5.5
736,0.9885283,-1.028978,-9.526278,5.5
737,0.988515,-1.028976,-9.526278,5.5
738,0.9881434,-1.028973,-9.526278,5.5
739,0.9870265,-1.028987,-9.526278,5.5
740,0.9853831,-1.028984,-9.526278,5.5
741,0.9851167,-1.028995,-9.526278,5.5
742,0.9859537,-1.028984,-9.526278,5.5
743,0.9873946,-1.028973,-9.526278,5.5
744,0.9892351,-1.028979,-9.526278,5.5
745,0.9908682,-1.028987,-9.526278,5.5
746,0.9928542,-1.028981,-9.526278,5.5
747,0.9956852,-1.028985,-9.526278,5.5
748,0.9988111,-1.028982,-9.526278,5.5
749,1.002033,-1.028989,-9.526278,5.5
750,1.005238,-1.028975,-9.526278,5.5
751,1.00762,-1.028977,-9.526278,5.5
752,1.009528,-1.028988,-9.526278,5.5
753,1.011645,-1.028994,-9.526278,5.5
754,1.013429,-1.028923,-9.526278,5.5
755,1.014998,-1.028964,-9.526278,5.5
756,1.016191,-1.029017,-9.526278,5.5
757,1.017233,-1.028982,-9.526278,5.5
758,1.0184,-1.028978,-9.526278,5.5
759,1.019522,-1.028986,-9.526278,5.5
760,1.020374,-1.028996,-9.526278,5.5
761,1.021108,-1.028978,-9.526278,5.5
762,1.021425,-1.028984,-9.526278,5.5
763,1.021617,-1.028976,-9.526278,5.5
764,1.021772,-1.028982,-9.526278,5.5
765,1.022012,-1.028975,-9.526278,5.5
766,1.022407,-1.028978,-9.526278,5.5
767,1.023177,-1.029016,-9.526278,5.5
768,1.02395,-1.028997,-9.526278,5.5
769,1.024249,-1.028749,-9.526278,5.5
770,1.023749,-1.028975,-9.526278,5.5
771,1.021765,-1.029003,-9.526278,5.5
772,1.01949,-1.028982,-9.526278,5.5
773,1.017575,-1.028979,-9.526278,5.5
774,1.015471,-1.028984,-9.526278,5.5
775,1.013098,-1.028996,-9.526278,5.5
776,1.010046,-1.029032,-9.526278,5.5
777,1.006475,-1.028965,-9.526278,5.5
778,1.002751,-1.028859,-9.526278,5.5
779,0.99964,-1.028908,-9.526278,5.5
780,0.9969729,-1.029065,-9.526278,5.5
781,0.9944876,-1.028978,-9.526278,5.5
782,0.9929371,-1.029005,-9.526278,5.5
783,0.991681,-1.028985,-9.526278,5.5
784,0.990193,-1.028986,-9.526278,5.5
785,0.9889485,-1.028982,-9.526278,5.5
786,0.9879848,-1.02899,-9.526278,5.5
787,0.9875937,-1.028973,-9.526278,5.5
788,0.9879659,-1.028983,-9.526278,5.5
789,0.988334,-1.02897,-9.526278,5.5
790,0.9885665,-1.028982,-9.526278,5.5
791,0.9884527,-1.028973,-9.526278,5.5
792,0.9879227,-1.028977,-9.526278,5.5
793,0.9865023,-1.028987,-9.526278,5.5
794,0.985123,-1.028986,-9.526278,5.5
795,0.9852888,-1.028994,-9.526278,5.5
796,0.9862958,-1.028979,-9.526278,5.5
797,0.9879367,-1.028974,-9.526278,5.5
798,0.9897346,-1.028982,-9.526278,5.5
799,0.9913809,-1.028986,-9.526278,5.5
800,0.993618,-1.028981,-9.526278,5.5
801,0.9966152,-1.028985,-9.526278,5.5
802,0.9997498,-1.028983,-9.526278,5.5
803,1.003006,-1.02899,-9.526278,5.5
804,1.006071,-1.028973,-9.526278,5.5
805,1.008155,-1.028983,-9.526278,5.5
806,1.010152,-1.028995,-9.526278,5.5
807,1.012212,-1.028984,-9.526278,5.5
808,1.013918,-1.028914,-9.526278,5.5
809,1.015399,-1.028998,-9.526278,5.5
810,1.016491,-1.029008,-9.526278,5.5
811,1.017573,-1.028977,-9.526278,5.5
812,1.018755,-1.028982,-9.526278,5.5
813,1.019751,-1.028992,-9.526278,5.5
814,1.020633,-1.028992,-9.526278,5.5
815,1.021237,-1.028978,-9.526278,5.5
816,1.02148,-1.028984,-9.526278,5.5
817,1.021661,-1.028977,-9.526278,5.5
818,1.021834,-1.028982,-9.526278,5.5
819,1.022101,-1.028973,-9.526278,5.5
820,1.022583,-1.028983,-9.526278,5.5
821,1.02345,-1.029028,-9.526278,5.5
822,1.024058,-1.028946,-9.526278,5.5
823,1.024222,-1.028835,-9.526278,5.5
824,1.023302,-1.029,-9.526278,5.5
825,1.02104,-1.028993,-9.526278,5.5
826,1.018916,-1.028981,-9.526278,5.5
827,1.016987,-1.028979,-9.526278,5.5
828,1.01481,-1.028989,-9.526278,5.5
829,1.012275,-1.028991,-9.526278,5.5
830,1.009028,-1.029083,-9.526278,5.5
831,1.005367,-1.028971,-9.526278,5.5
832,1.001732,-1.028804,-9.526278,5.5
833,0.9988685,-1.029005,-9.526278,5.5
834,0.9961729,-1.029035,-9.526278,5.5
835,0.9939406,-1.028996,-9.526278,5.5
836,0.992577,-1.028999,-9.526278,5.5
837,0.9912497,-1.028984,-9.526278,5.5
838,0.9897753,-1.028987,-9.526278,5.5
839,0.9886376,-1.028984,-9.526278,5.5
840,0.9877796,-1.028988,-9.526278,5.5
841,0.9876546,-1.028975,-9.526278,5.5
842,0.9881005,-1.028981,-9.526278,5.5
843,0.9884279,-1.028973,-9.526278,5.5
844,0.9885651,-1.028982,-9.526278,5.5
845,0.9883549,-1.028971,-9.526278,5.5
846,0.987631,-1.028984,-9.526278,5.5
847,0.9859799,-1.028985,-9.526278,5.5
848,0.9850377,-1.028991,-9.526278,5.5
849,0.9855344,-1.028991,-9.526278,5.5
850,0.9867131,-1.028976,-9.526278,5.5
851,0.988492,-1.028976,-9.526278,5.5
852,0.9902098,-1.028986,-9.526278,5.5
853,0.9919472,-1.028984,-9.526278,5.5
854,0.9944528,-1.028983,-9.526278,5.5
855,0.9975474,-1.028983,-9.526278,5.5
856,1.000704,-1.028985,-9.526278,5.5
857,1.003969,-1.028983,-9.526278,5.5
858,1.006795,-1.028971,-9.526278,5.5
859,1.008712,-1.02898,-9.526278,5.5
860,1.010788,-1.028999,-9.526278,5.5
861,1.012733,-1.02896,-9.526278,5.5
862,1.01439,-1.028924,-9.526278,5.5
863,1.015754,-1.029016,-9.526278,5.5
864,1.016793,-1.028995,-9.526278,5.5
865,1.017918,-1.028975,-9.526278,5.5
866,1.019111,-1.028985,-9.526278,5.5
867,1.020006,-1.028996,-9.526278,5.5
868,1.020864,-1.028986,-9.526278,5.5
869,1.021332,-1.028981,-9.526278,5.5
870,1.021541,-1.02898,-9.526278,5.5
871,1.021704,-1.028979,-9.526278,5.5
872,1.021909,-1.028979,-9.526278,5.5
873,1.022212,-1.028974,-9.526278,5.5
874,1.022808,-1.028994,-9.526278,5.5
875,1.023697,-1.029028,-9.526278,5.5
876,1.024159,-1.028875,-9.526278,5.5
877,1.024104,-1.028908,-9.526278,5.5
878,1.022714,-1.029008,-9.526278,5.5
879,1.020339,-1.028985,-9.526278,5.5
880,1.018354,-1.02898,-9.526278,5.5
881,1.016366,-1.02898,-9.526278,5.5
882,1.014121,-1.028993,-9.526278,5.5
883,1.011373,-1.02898,-9.526278,5.5
884,1.007968,-1.029093,-9.526278,5.5
885,1.004256,-1.028965,-9.526278,5.5
886,1.000796,-1.028809,-9.526278,5.5
887,0.998084,-1.029061,-9.526278,5.5
888,0.9954117,-1.028999,-9.526278,5.5
889,0.9934793,-1.029005,-9.526278,5.5
890,0.992218,-1.028991,-9.526278,5.5
891,0.9908026,-1.028984,-9.526278,5.5
892,0.9893968,-1.028985,-9.526278,5.5
893,0.9883425,-1.028988,-9.526278,5.5
894,0.9876406,-1.028982,-9.526278,5.5
895,0.987769,-1.028979,-9.526278,5.5
896,0.9881996,-1.028974,-9.526278,5.5
897,0.9885055,-1.028977,-9.526278,5.5
898,0.9885317,-1.028978,-9.526278,5.5
899,0.9882112,-1.028972,-9.526278,5.5
900,0.9872106,-1.028987,-9.526278,5.5
901,0.985524,-1.028984,-9.526278,5.5
902,0.9850751,-1.028994,-9.526278,5.5
903,0.9858325,-1.028986,-9.526278,5.5
904,0.9871991,-1.028973,-9.526278,5.5
905,0.9890374,-1.028978,-9.526278,5.5
906,0.9906849,-1.028987,-9.526278,5.5
907,0.9925892,-1.028981,-9.526278,5.5
908,0.9953414,-1.028984,-9.526278,5.5
909,0.9984636,-1.028982,-9.526278,5.5
910,1.001669,-1.028988,-9.526278,5.5
911,1.004902,-1.028977,-9.526278,5.5
912,1.007411,-1.028974,-9.526278,5.5
913,1.0093,-1.028985,5.5,-9.526279
914,1.011417,-1.028997,5.5,-9.526279
915,1.013241,-1.028931,5.5,-9.526279
916,1.014838,-1.028951,5.5,-9.526279
917,1.016075,-1.029019,5.5,-9.526279
918,1.017108,-1.028985,5.5,-9.526279
919,1.018267,-1.028977,5.5,-9.526279
920,1.019446,-1.028983,5.5,-9.526279
921,1.020273,-1.028997,5.5,-9.526279
922,1.02105,-1.02898,5.5,-9.526279
923,1.021403,-1.028983,5.5,-9.526279
924,1.021598,-1.028976,5.5,-9.526279
925,1.021752,-1.028981,5.5,-9.526279
926,1.021982,-1.028976,5.5,-9.526279
927,1.022348,-1.028976,5.5,-9.526279
928,1.023073,-1.029011,5.5,-9.526279
929,1.023894,-1.02901,5.5,-9.526279
930,1.024233,-1.028787,5.5,-9.526279
931,1.023871,-1.028961,5.5,-9.526279
932,1.022034,-1.029006,5.5,-9.526279
933,1.019711,-1.028982,5.5,-9.526279
934,1.01779,-1.02898,5.5,-9.526279
935,1.015716,-1.028982,5.5,-9.526279
936,1.013388,-1.028996,5.5,-9.526279
937,1.010417,-1.029011,5.5,-9.526279
938,1.006884,-1.02902,5.5,-9.526279
939,1.003153,-1.02889,5.5,-9.526279
940,0.9999425,-1.028873,5.5,-9.526279
941,0.9972773,-1.02907,5.5,-9.526279
942,0.9947215,-1.028977,5.5,-9.526279
943,0.9930776,-1.029006,5.5,-9.526279
944,0.9918352,-1.028986,5.5,-9.526279
945,0.9903567,-1.028986,5.5,-9.526279
946,0.9890674,-1.028982,5.5,-9.526279
947,0.9880753,-1.02899,5.5,-9.526279
948,0.9875896,-1.028974,5.5,-9.526279
949,0.987911,-1.028983,5.5,-9.526279
950,0.9882969,-1.02897,5.5,-9.526279
951,0.9885563,-1.028981,5.5,-9.526279
952,0.9884797,-1.028974,5.5,-9.526279
953,0.9880127,-1.028975,5.5,-9.526279
954,0.9867025,-1.028987,5.5,-9.526279
955,0.9851986,-1.028985,5.5,-9.526279
956,0.9852144,-1.028994,5.5,-9.526279
957,0.9861619,-1.028981,5.5,-9.526279
958,0.9877304,-1.028973,5.5,-9.526279
959,0.9895512,-1.028981,5.5,-9.526279
960,0.9911833,-1.028987,5.5,-9.526279
961,0.9933218,-1.028981,5.5,-9.526279
962,0.9962644,-1.028985,5.5,-9.526279
963,0.9993953,-1.028982,5.5,-9.526279
964,1.00264,-1.02899,5.5,-9.526279
965,1.00577,-1.028974,5.5,-9.526279
966,1.007955,-1.028981,5.5,-9.526279
967,1.009915,-1.028993,5.5,-9.526279
968,1.012007,-1.028988,5.5,-9.526279
969,1.013736,-1.028915,5.5,-9.526279
970,1.015254,-1.028986,5.5,-9.526279
971,1.016379,-1.029012,5.5,-9.526279
972,1.017445,-1.028978,5.5,-9.526279
973,1.018621,-1.028981,5.5,-9.526279
974,1.019662,-1.02899,5.5,-9.526279
975,1.020538,-1.028994,5.5,-9.526279
976,1.021193,-1.028978,5.5,-9.526279
977,1.021459,-1.028985,5.5,-9.526279
978,1.021645,-1.028976,5.5,-9.526279
979,1.021809,-1.028982,5.5,-9.526279
980,1.022065,-1.028974,5.5,-9.526279
981,1.022513,-1.028981,5.5,-9.526279
982,1.023349,-1.029025,5.5,-9.526279
983,1.024019,-1.028968,5.5,-9.526279
984,1.024241,-1.028802,5.5,-9.526279
985,1.023489,-1.028993,5.5,-9.526279
986,1.021312,-1.028997,5.5,-9.526279
987,1.019129,-1.028982,5.5,-9.526279
988,1.017211,-1.028979,5.5,-9.526279
989,1.01506,-1.028987,5.5,-9.526279
990,1.012593,-1.028994,5.5,-9.526279
991,1.009416,-1.029066,5.5,-9.526279
992,1.005786,-1.028934,5.5,-9.526279
993,1.002105,-1.028819,5.5,-9.526279
994,0.9991544,-1.02897,5.5,-9.526279
995,0.9964705,-1.029048,5.5,-9.526279
996,0.9941344,-1.02899,5.5,-9.526279
997,0.9927108,-1.029001,5.5,-9.526279
998,0.9914145,-1.028984,5.5,-9.526279
999,0.9899284,-1.028986,5.5,-9.526279
1000,0.988753,-1.028983,5.5,-9.526279
1001,0.9878499,-1.02899,5.5,-9.526279
1002,0.9876241,-1.028974,5.5,-9.526279
1003,0.9880531,-1.028983,5.5,-9.526279
1004,0.988394,-1.028971,5.5,-9.526279
1005,0.9885707,-1.028982,5.5,-9.526279
1006,0.9883965,-1.028972,5.5,-9.526279
1007,0.9877529,-1.028981,5.5,-9.526279
1008,0.9861718,-1.028986,5.5,-9.526279
1009,0.9850541,-1.02899,5.5,-9.526279
1010,0.9854349,-1.028992,5.5,-9.526279
1011,0.986547,-1.028977,5.5,-9.526279
1012,0.9882834,-1.028975,5.5,-9.526279
1013,0.9900327,-1.028984,5.5,-9.526279
1014,0.9917269,-1.028985,5.5,-9.526279
1015,0.994132,-1.028983,5.5,-9.526279
1016,0.9971988,-1.028984,5.5,-9.526279
1017,1.000344,-1.028984,5.5,-9.526279
1018,1.00361,-1.028987,5.5,-9.526279
1019,1.006536,-1.028972,5.5,-9.526279
1020,1.008498,-1.028981,5.5,-9.526279
1021,1.010549,-1.028998,5.5,-9.526279
1022,1.012539,-1.028971,5.5,-9.526279
1023,1.014215,-1.028918,5.5,-9.526279
1024,1.015625,-1.029011,5.5,-9.526279
1025,1.016679,-1.029,5.5,-9.526279
1026,1.017788,-1.028975,5.5,-9.526279
1027,1.018977,-1.028984,5.5,-9.526279
1028,1.019908,-1.028995,5.5,-9.526279
1029,1.020782,-1.028988,5.5,-9.526279
1030,1.0213,-1.02898,5.5,-9.526279
1031,1.021516,-1.028982,5.5,-9.526279
1032,1.021688,-1.028978,5.5,-9.526279
1033,1.021881,-1.02898,5.5,-9.526279
1034,1.022167,-1.028973,5.5,-9.526279
1035,1.022718,-1.028989,5.5,-9.526279
1036,1.023609,-1.02903,5.5,-9.526279
1037,1.024123,-1.028904,5.5,-9.526279
1038,1.02416,-1.028883,5.5,-9.526279
1039,1.022948,-1.029007,5.5,-9.526279
1040,1.020597,-1.028988,5.5,-9.526279
1041,1.018564,-1.028981,5.5,-9.526279
1042,1.016604,-1.02898,5.5,-9.526279
1043,1.014384,-1.028992,5.5,-9.526279
1044,1.011721,-1.028983,5.5,-9.526279
1045,1.00837,-1.029097,5.5,-9.526279
1046,1.004675,-1.028981,5.5,-9.526279
1047,1.001138,-1.0288,5.5,-9.526279
1048,0.9983822,-1.029047,5.5,-9.526279
1049,0.9956911,-1.029012,5.5,-9.526279
1050,0.9936441,-1.029003,5.5,-9.526279
1051,0.9923542,-1.028994,5.5,-9.526279
1052,0.9909713,-1.028984,5.5,-9.526279
1053,0.9895334,-1.028986,5.5,-9.526279
1054,0.9884508,-1.028986,5.5,-9.526279
1055,0.9876838,-1.028985,5.5,-9.526279
1056,0.9877214,-1.028977,5.5,-9.526279
1057,0.9881657,-1.028977,5.5,-9.526279
1058,0.988479,-1.028975,5.5,-9.526279
1059,0.9885458,-1.028979,5.5,-9.526279
1060,0.9882712,-1.028972,5.5,-9.526279
1061,0.9873822,-1.028986,5.5,-9.526279
1062,0.9856834,-1.028984,5.5,-9.526279
1063,0.9850481,-1.028994,5.5,-9.526279
1064,0.9857157,-1.028988,5.5,-9.526279
1065,0.9870101,-1.028974,5.5,-9.526279
1066,0.9888352,-1.028977,5.5,-9.526279
1067,0.9905051,-1.028987,5.5,-9.526279
1068,0.9923379,-1.028982,5.5,-9.526279
1069,0.9950027,-1.028984,5.5,-9.526279
1070,0.9981195,-1.028983,5.5,-9.526279
1071,1.001305,-1.028987,5.5,-9.526279
1072,1.004557,-1.028978,5.5,-9.526279
1073,1.007191,-1.028973,5.5,-9.526279
1074,1.009076,-1.028982,5.5,-9.526279
1075,1.011184,-1.028998,5.5,-9.526279
1076,1.013052,-1.028942,5.5,-9.526279
1077,1.014673,-1.02894,5.5,-9.526279
1078,1.015957,-1.029019,5.5,-9.526279
1079,1.016987,-1.028988,5.5,-9.526279
1080,1.018136,-1.028976,5.5,-9.526279
1081,1.019333,-1.028983,5.5,-9.526279
1082,1.020172,-1.028997,5.5,-9.526279
1083,1.020985,-1.028981,5.5,-9.526279
1084,1.021379,-1.028983,5.5,-9.526279
1085,1.021578,-1.028977,5.5,-9.526279
1086,1.021733,-1.028981,5.5,-9.526279
1087,1.021954,-1.028977,5.5,-9.526279
1088,1.022294,-1.028975,5.5,-9.526279
1089,1.022971,-1.029004,5.5,-9.526279
1090,1.023828,-1.029019,5.5,-9.526279
1091,1.02421,-1.028822,5.5,-9.526279
1092,1.023974,-1.028943,5.5,-9.526279
1093,1.022297,-1.029008,5.5,-9.526279
1094,1.019937,-1.028982,5.5,-9.526279
1095,1.018003,-1.02898,5.5,-9.526279
1096,1.01596,-1.028981,5.5,-9.526279
1097,1.01367,-1.028995,5.5,-9.526279
1098,1.010781,-1.028994,5.5,-9.526279
1099,1.007293,-1.02906,5.5,-9.526279
1100,1.003563,-1.028921,5.5,-9.526279
1101,1.000254,-1.028843,5.5,-9.526279
1102,0.9975815,-1.029072,5.5,-9.526279
1103,0.9949703,-1.028982,-5.5,9.526279
1104,0.993223,-1.029007,-5.5,9.526279
1105,0.9919833,-1.028987,-5.5,9.526279
1106,0.990523,-1.028985,-5.5,9.526279
1107,0.9891868,-1.028983,-5.5,9.526279
1108,0.9881715,-1.028989,-5.5,9.526279
1109,0.9875975,-1.028976,-5.5,9.526279
1110,0.9878561,-1.028981,-5.5,9.526279
1111,0.9882597,-1.028971,-5.5,9.526279
1112,0.9885411,-1.02898,-5.5,9.526279
1113,0.9885022,-1.028975,-5.5,9.526279
1114,0.988094,-1.028974,-5.5,9.526279
1115,0.9868994,-1.028987,-5.5,9.526279
1116,0.9853014,-1.028984,-5.5,9.526279
1117,0.9851515,-1.028995,-5.5,9.526279
1118,0.9860359,-1.028983,-5.5,9.526279
1119,0.9875271,-1.028973,-5.5,9.526279
1120,0.9893631,-1.02898,-5.5,9.526279
1121,0.9909921,-1.028987,-5.5,9.526279
1122,0.9930368,-1.028981,-5.5,9.526279
1123,0.9959152,-1.028985,-5.5,9.526279
1124,0.9990432,-1.028982,-5.5,9.526279
1125,1.002275,-1.02899,-5.5,9.526279
1126,1.005454,-1.028975,-5.5,9.526279
1127,1.007755,-1.028978,-5.5,9.526279
1128,1.009681,-1.02899,-5.5,9.526279
1129,1.011792,-1.028992,-5.5,9.526279
1130,1.013552,-1.028919,-5.5,9.526279
1131,1.015102,-1.028973,-5.5,9.526279
1132,1.016266,-1.029015,-5.5,9.526279
1133,1.017317,-1.02898,-5.5,9.526279
1134,1.018488,-1.028979,-5.5,9.526279
1135,1.019576,-1.028987,-5.5,9.526279
1136,1.02044,-1.028996,-5.5,9.526279
1137,1.021144,-1.028978,-5.5,9.526279
1138,1.021439,-1.028984,-5.5,9.526279
1139,1.021628,-1.028976,-5.5,9.526279
1140,1.021786,-1.028982,-5.5,9.526279
1141,1.022032,-1.028974,-5.5,9.526279
1142,1.022448,-1.028979,-5.5,9.526279
1143,1.023246,-1.02902,-5.5,9.526279
1144,1.02398,-1.028986,-5.5,9.526279
1145,1.02425,-1.028766,-5.5,9.526279
1146,1.023654,-1.028983,-5.5,9.526279
1147,1.021585,-1.029001,-5.5,9.526279
1148,1.019345,-1.028982,-5.5,9.526279
1149,1.017431,-1.028979,-5.5,9.526279
1150,1.015308,-1.028985,-5.5,9.526279
1151,1.0129,-1.028995,-5.5,9.526279
1152,1.009797,-1.029046,-5.5,9.526279
1153,1.006204,-1.028918,-5.5,9.526279
1154,1.00249,-1.028842,-5.5,9.526279
1155,0.999444,-1.028932,-5.5,9.526279
1156,0.9967718,-1.029059,-5.5,9.526279
1157,0.9943417,-1.028982,-5.5,9.526279
1158,0.992846,-1.029004,-5.5,9.526279
1159,0.9915761,-1.028984,-5.5,9.526279
1160,0.9900862,-1.028986,-5.5,9.526279
1161,0.9888702,-1.028982,-5.5,9.526279
1162,0.9879286,-1.02899,-5.5,9.526279
1163,0.9876025,-1.028973,-5.5,9.526279
1164,0.9880016,-1.028983,-5.5,9.526279
1165,0.9883583,-1.02897,-5.5,9.526279
1166,0.9885702,-1.028982,-5.5,9.526279
1167,0.9884321,-1.028972,-5.5,9.526279
1168,0.9878581,-1.028979,-5.5,9.526279
1169,0.9863696,-1.028986,-5.5,9.526279
1170,0.9850888,-1.028988,-5.5,9.526279
1171,0.9853439,-1.028993,-5.5,9.526279
1172,0.9863919,-1.028978,-5.5,9.526279
1173,0.9880747,-1.028974,-5.5,9.526279
1174,0.9898543,-1.028983,-5.5,9.526279
1175,0.9915161,-1.028986,-5.5,9.526279
1176,0.9938198,-1.028982,-5.5,9.526279
1177,0.996848,-1.028984,-5.5,9.526279
1178,0.9999861,-1.028983,-5.5,9.526279
1179,1.003247,-1.028989,-5.5,9.526279
1180,1.006262,-1.028972,-5.5,9.526279
1181,1.008289,-1.028983,-5.5,9.526279
1182,1.01031,-1.028997,-5.5,9.526279
1183,1.012343,-1.02898,-5.5,9.526279
1184,1.014037,-1.028915,-5.5,9.526279
1185,1.015491,-1.029004,-5.5,9.526279
1186,1.016566,-1.029005,-5.5,9.526279
1187,1.017658,-1.028976,-5.5,9.526279
1188,1.018843,-1.028983,-5.5,9.526279
1189,1.019812,-1.028994,-5.5,9.526279
1190,1.020694,-1.028991,-5.5,9.526279
1191,1.021264,-1.028979,-5.5,9.526279
1192,1.021494,-1.028983,-5.5,9.526279
1193,1.021672,-1.028978,-5.5,9.526279
1194,1.021852,-1.028981,-5.5,9.526279
1195,1.022126,-1.028973,-5.5,9.526279
1196,1.022634,-1.028985,-5.5,9.526279
1197,1.023515,-1.029029,-5.5,9.526279
1198,1.024084,-1.02893,-5.5,9.526279
1199,1.024202,-1.028855,-5.5,9.526279
1200,1.023167,-1.029003,-5.5,9.526279
1201,1.020861,-1.028991,-5.5,9.526279
1202,1.018775,-1.028981,-5.5,9.526279
1203,1.016836,-1.028979,-5.5,9.526279
1204,1.014641,-1.02899,-5.5,9.526279
1205,1.012058,-1.028988,-5.5,9.526279
1206,1.008767,-1.029091,-5.5,9.526279
1207,1.005091,-1.028982,-5.5,9.526279
1208,1.001491,-1.028799,-5.5,9.526279
1209,0.9986762,-1.029024,-5.5,9.526279
1210,0.9959785,-1.029026,-5.5,9.526279
1211,0.9938188,-1.028999,-5.5,9.526279
1212,0.9924884,-1.028997,-5.5,9.526279
1213,0.9911392,-1.028984,-5.5,9.526279
1214,0.9896769,-1.028986,-5.5,9.526279
1215,0.9885622,-1.028985,-5.5,9.526279
1216,0.9877381,-1.028987,-5.5,9.526279
1217,0.9876791,-1.028976,-5.5,9.526279
1218,0.9881288,-1.02898,-5.5,9.526279
1219,0.9884492,-1.028973,-5.5,9.526279
1220,0.988558,-1.028981,-5.5,9.526279
1221,0.9883237,-1.028971,-5.5,9.526279
1222,0.9875381,-1.028985,-5.5,9.526279
1223,0.9858577,-1.028985,-5.5,9.526279
1224,0.9850364,-1.028993,-5.5,9.526279
1225,0.9856045,-1.028989,-5.5,9.526279
1226,0.9868286,-1.028975,-5.5,9.526279
1227,0.9886295,-1.028976,-5.5,9.526279
1228,0.9903272,-1.028986,-5.5,9.526279
1229,0.9920991,-1.028983,-5.5,9.526279
1230,0.9946698,-1.028984,-5.5,9.526279
1231,0.9977767,-1.028983,-5.5,9.526279
1232,1.000943,-1.028986,-5.5,9.526279
1233,1.004205,-1.028981,-5.5,9.526279
1234,1.006957,-1.028972,-5.5,9.526279
1235,1.008855,-1.02898,-5.5,9.526279
1236,1.010947,-1.028999,-5.5,9.526279
1237,1.012861,-1.028953,-5.5,9.526279
1238,1.014504,-1.02893,-5.5,9.526279
1239,1.015836,-1.029018,-5.5,9.526279
1240,1.01687,-1.028992,-5.5,9.526279
1241,1.018004,-1.028975,-5.5,9.526279
1242,1.0192,-1.028985,-5.5,9.526279
1243,1.020072,-1.028997,-5.5,9.526279
1244,1.020915,-1.028984,-5.5,9.526279
1245,1.021352,-1.028982,-5.5,9.526279
1246,1.021556,-1.028978,-5.5,9.526279
1247,1.021716,-1.02898,-5.5,9.526279
1248,1.021927,-1.028978,-5.5,9.526279
1249,1.022243,-1.028974,-5.5,9.526279
1250,1.022872,-1.028998,-5.5,9.526279
1251,1.023752,-1.029025,-5.5,9.526279
1252,1.024181,-1.028855,-5.5,9.526279
1253,1.024058,-1.028923,-5.5,9.526279
1254,1.022552,-1.029009,-5.5,9.526279
1255,1.020175,-1.028983,-5.5,9.526279
1256,1.018214,-1.02898,-5.5,9.526279
1257,1.016205,-1.02898,-5.5,9.526279
1258,1.013944,-1.028994,-5.5,9.526279
1259,1.011139,-1.028983,-5.5,9.526279
1260,1.0077,-1.029084,-5.5,9.526279
1261,1.003978,-1.02895,-5.5,9.526279
1262,1.000577,-1.02882,-5.5,9.526279
1263,0.9978846,-1.029067,-5.5,9.526279
1264,0.9952319,-1.028991,-5.5,9.526279
1265,0.9933746,-1.029006,-5.5,9.526279
1266,0.9921259,-1.02899,-5.5,9.526279
1267,0.9906908,-1.028985,-5.5,9.526279
1268,0.9893103,-1.028985,-5.5,9.526279
1269,0.9882729,-1.028988,-5.5,9.526279
1270,0.9876188,-1.028979,-5.5,9.526279
1271,0.9878027,-1.02898,-5.5,9.526279
1272,0.9882232,-1.028973,-5.5,9.526279
1273,0.988521,-1.028978,-5.5,9.526279
1274,0.988521,-1.028977,-5.5,9.526279
1275,0.9881672,-1.028973,-5.5,9.526279
1276,0.9870897,-1.028987,-5.5,9.526279
1277,0.9854283,-1.028984,-5.5,9.526279
1278,0.9851011,-1.028995,-5.5,9.526279
1279,0.9859124,-1.028985,-5.5,9.526279
1280,0.9873281,-1.028973,-5.5,9.526279
1281,0.9891691,-1.028979,-5.5,9.526279
1282,0.990806,-1.028988,-5.5,9.526279
1283,0.9927635,-1.028981,-5.5,9.526279
1284,0.9955688,-1.028985,-5.5,9.526279
1285,0.9986936,-1.028982,-5.5,9.526279
1286,1.00191,-1.028989,-5.5,9.526279
1287,1.005126,-1.028976,-5.5,9.526279
1288,1.007551,-1.028976,-5.5,9.526279
1289,1.009451,-1.028987,-5.5,9.526279
1290,1.011569,-1.028995,-5.5,9.526279
1291,1.013366,-1.028926,-5.5,9.526279
1292,1.014945,-1.028959,-5.5,9.526279
1293,1.016152,-1.029018,-5.5,9.526279
1294,1.01719,-1.028983,-5.5,9.526279
1295,1.018355,-1.028978,-5.5,9.526279
1296,1.019496,-1.028985,-5.5,9.526279
1297,1.02034,-1.028997,-5.5,9.526279
1298,1.021089,-1.028979,-5.5,9.526279
1299,1.021417,-1.028984,-5.5,9.526279
1300,1.021611,-1.028976,-5.5,9.526279
1301,1.021765,-1.028982,-5.5,9.526279
1302,1.022002,-1.028975,-5.5,9.526279
1303,1.022387,-1.028977,-5.5,9.526279
1304,1.023142,-1.029015,-5.5,9.526279
1305,1.023932,-1.029002,-5.5,9.526279
1306,1.024245,-1.028762,-5.5,9.526279
1307,1.023793,-1.028971,-5.5,9.526279
1308,1.021857,-1.029004,-5.5,9.526279
1309,1.019564,-1.028982,-5.5,9.526279
1310,1.017648,-1.028979,-5.5,9.526279
1311,1.015554,-1.028983,-5.5,9.526279
1312,1.013197,-1.028996,-5.5,9.526279
1313,1.010172,-1.029025,-5.5,9.526279
1314,1.006613,-1.028986,-5.5,9.526279
1315,1.002886,-1.028869,-5.5,9.526279
1316,0.999741,-1.028895,-5.5,9.526279
1317,0.9970754,-1.029067,-5.5,9.526279
1318,0.9945647,-1.028977,-5.5,9.526279
1319,0.9929838,-1.029005,-5.5,9.526279
1320,0.9917336,-1.028985,-5.5,9.526279
1321,0.9902478,-1.028986,-5.5,9.526279
1322,0.9889885,-1.028982,-5.5,9.526279
1323,0.9880146,-1.02899,-5.5,9.526279
1324,0.987591,-1.028974,-5.5,9.526279
1325,0.9879475,-1.028983,-5.5,9.526279
1326,0.9883215,-1.02897,0,-11
1327,0.9885637,-1.028982,0,-11
1328,0.9884623,-1.028973,0,-11
1329,0.9879541,-1.028977,0,-11
1330,0.98657,-1.028987,0,-11
1331,0.9851452,-1.028986,0,-11
1332,0.9852625,-1.028994,0,-11
1333,0.9862492,-1.02898,0,-11
1334,0.9878669,-1.028974,0,-11
1335,0.9896733,-1.028982,0,-11
1336,0.9913136,-1.028986,0,-11
1337,0.9935169,-1.028981,0,-11
1338,0.9964969,-1.028985,0,-11
1339,0.99963,-1.028982,0,-11
1340,1.002883,-1.02899,0,-11
1341,1.005971,-1.028973,0,-11
1342,1.008087,-1.028982,0,-11
1343,1.010072,-1.028995,0,-11
1344,1.012144,-1.028985,0,-11
1345,1.013857,-1.028914,0,-11
1346,1.015351,-1.028994,0,-11
1347,1.016453,-1.029009,0,-11
1348,1.017529,-1.028977,0,-11
1349,1.01871,-1.028982,0,-11
1350,1.01972,-1.028992,0,-11
1351,1.020602,-1.028993,0,-11
1352,1.021223,-1.028978,0,-11
1353,1.021473,-1.028984,0,-11
1354,1.021656,-1.028977,0,-11
1355,1.021826,-1.028982,0,-11
1356,1.022089,-1.028973,0,-11
1357,1.022559,-1.028982,0,-11
1358,1.023416,-1.029027,0,-11
1359,1.024045,-1.028954,0,-11
1360,1.02423,-1.028824,0,-11
1361,1.023368,-1.028998,0,-11
1362,1.021131,-1.028995,0,-11
1363,1.018987,-1.028981,0,-11
1364,1.017063,-1.028979,0,-11
1365,1.014894,-1.028988,0,-11
1366,1.012384,-1.028992,0,-11
1367,1.009159,-1.029078,0,-11
1368,1.005508,-1.028961,0,-11
1369,1.001856,-1.028809,0,-11
1370,0.9989653,-1.028994,0,-11
1371,0.9962726,-1.02904,0,-11
1372,0.9940045,-1.028994,0,-11
1373,0.992622,-1.029,0,-11
1374,0.9913055,-1.028984,0,-11
1375,0.9898264,-1.028986,0,-11
1376,0.9886762,-1.028984,0,-11
1377,0.9878023,-1.028989,0,-11
1378,0.9876435,-1.028975,0,-11
1379,0.9880851,-1.028982,0,-11
1380,0.9884167,-1.028972,0,-11
1381,0.9885677,-1.028982,0,-11
1382,0.9883695,-1.028971,0,-11
1383,0.9876747,-1.028983,0,-11
1384,0.9860437,-1.028985,0,-11
1385,0.9850413,-1.028991,0,-11
1386,0.9855,-1.028991,0,-11
1387,0.9866558,-1.028976,0,-11
1388,0.9884217,-1.028975,0,-11
1389,0.9901502,-1.028985,0,-11
1390,0.9918718,-1.028984,0,-11
1391,0.9943438,-1.028983,0,-11
1392,0.9974302,-1.028984,0,-11
1393,1.000582,-1.028985,0,-11
1394,1.003849,-1.028984,0,-11
1395,1.006709,-1.028971,0,-11
1396,1.008639,-1.02898,0,-11
1397,1.010708,-1.028999,0,-11
1398,1.012668,-1.028964,0,-11
1399,1.014331,-1.028922,0,-11
1400,1.015711,-1.029015,0,-11
1401,1.016754,-1.028997,0,-11
1402,1.017874,-1.028975,0,-11
1403,1.019066,-1.028985,0,-11
1404,1.019973,-1.028996,0,-11
1405,1.020837,-1.028987,0,-11
1406,1.021322,-1.02898,0,-11
1407,1.021532,-1.02898,0,-11
1408,1.021699,-1.028979,0,-11
1409,1.021899,-1.02898,0,-11
1410,1.022196,-1.028973,0,-11
1411,1.022777,-1.028992,0,-11
1412,1.023668,-1.029029,0,-11
1413,1.024147,-1.028885,0,-11
1414,1.024125,-1.0289,0,-11
1415,1.022795,-1.029008,0,-11
1416,1.020425,-1.028986,0,-11
1417,1.018425,-1.02898,0,-11
1418,1.016447,-1.02898,0,-11
1419,1.01421,-1.028993,0,-11
1420,1.011491,-1.02898,0,-11
1421,1.008104,-1.029095,0,-11
1422,1.004397,-1.028972,0,-11
1423,1.00091,-1.028805,0,-11
1424,0.998185,-1.029057,0,-11
1425,0.9955048,-1.029003,0,-11
1426,0.9935338,-1.029005,0,-11
1427,0.9922642,-1.028992,0,-11
1428,0.9908594,-1.028984,0,-11
1429,0.9894421,-1.028986,0,-11
1430,0.9883786,-1.028987,0,-11
1431,0.9876538,-1.028983,0,-11
1432,0.9877524,-1.028978,0,-11
1433,0.988188,-1.028975,0,-11
1434,0.988497,-1.028976,0,-11
1435,0.9885367,-1.028978,0,-11
1436,0.9882322,-1.028972,0,-11
1437,0.9872699,-1.028987,0,-11
1438,0.9855759,-1.028984,0,-11
1439,0.9850643,-1.028994,0,-11
1440,0.9857926,-1.028986,0,-11
1441,0.9871346,-1.028974,0,-11
1442,0.9889697,-1.028978,0,-11
1443,0.990624,-1.028987,0,-11
1444,0.9925031,-1.028982,0,-11
1445,0.9952267,-1.028984,0,-11
1446,0.9983473,-1.028982,0,-11
1447,1.001546,-1.028988,0,11
1448,1.004787,-1.028977,0,11
1449,1.007338,-1.028974,0,11
1450,1.009224,-1.028984,0,11
1451,1.011339,-1.028997,0,11
1452,1.013178,-1.028935,0,11
1453,1.014783,-1.028947,0,11
1454,1.016036,-1.029019,0,11
1455,1.017067,-1.028986,0,11
1456,1.018223,-1.028976,0,11
1457,1.019421,-1.028982,0,11
1458,1.020239,-1.028997,0,11
1459,1.021029,-1.02898,0,11
1460,1.021395,-1.028983,0,11
1461,1.021592,-1.028976,0,11
1462,1.021745,-1.028981,0,11
1463,1.021972,-1.028976,0,11
1464,1.022329,-1.028976,0,11
1465,1.023038,-1.029009,0,11
1466,1.023873,-1.029013,0,11
1467,1.024226,-1.028799,0,11
1468,1.023908,-1.028955,0,11
1469,1.022124,-1.029006,0,11
1470,1.019786,-1.028982,0,11
1471,1.017862,-1.02898,0,11
1472,1.015798,-1.028982,0,11
1473,1.013484,-1.028996,0,11
1474,1.01054,-1.029005,0,11
1475,1.007022,-1.029035,0,11
1476,1.003291,-1.0289,0,11
1477,1.000047,-1.028862,0,11
1478,0.9973799,-1.029071,0,11
1479,0.9948038,-1.028978,0,11
1480,0.993126,-1.029007,0,11
1481,0.991886,-1.028986,0,11
1482,0.9904125,-1.028986,0,11
1483,0.9891076,-1.028983,0,11
1484,0.9881071,-1.02899,0,11
1485,0.9875908,-1.028975,0,11
1486,0.9878924,-1.028982,0,11
1487,0.9882843,-1.02897,0,11
1488,0.9885517,-1.02898,0,11
1489,0.9884878,-1.028974,0,11
1490,0.9880411,-1.028975,0,11
1491,0.9867694,-1.028987,0,11
1492,0.9852303,-1.028984,0,11
1493,0.9851918,-1.028995,0,11
1494,0.9861193,-1.028982,0,11
1495,0.9876614,-1.028973,0,11
1496,0.9894884,-1.028981,0,11
1497,0.9911182,-1.028987,0,11
1498,0.9932245,-1.028981,0,11
1499,0.9961464,-1.028985,0,11
1500,0.9992763,-1.028982,0,11
1501,1.002517,-1.02899,0,11
1502,1.005665,-1.028974,0,11
1503,1.007888,-1.02898,0,11
1504,1.009836,-1.028992,0,11
1505,1.011936,-1.028989,0,11
1506,1.013674,-1.028916,0,11
1507,1.015203,-1.028982,0,11
1508,1.016341,-1.029013,0,11
1509,1.017401,-1.028979,0,11
1510,1.018576,-1.02898,0,11
1511,1.019632,-1.028989,0,11
1512,1.020505,-1.028995,0,11
1513,1.021177,-1.028978,0,11
1514,1.021453,-1.028984,0,11
1515,1.02164,-1.028976,0,11
1516,1.021801,-1.028982,0,11
1517,1.022054,-1.028974,0,11
1518,1.022491,-1.02898,0,11
1519,1.023314,-1.029023,0,11
1520,1.024006,-1.028974,0,11
1521,1.024246,-1.02879,0,11
1522,1.023547,-1.02899,0,11
1523,1.021404,-1.028998,0,11
1524,1.019202,-1.028982,0,11
1525,1.017286,-1.028979,0,11
1526,1.015144,-1.028986,0,11
1527,1.012698,-1.028994,0,11
1528,1.009545,-1.02906,0,11
1529,1.005928,-1.028916,0,11
1530,1.002234,-1.028826,0,11
1531,0.9992514,-1.028958,0,11
1532,0.9965717,-1.029052,0,11
1533,0.9942027,-1.028987,0,11
1534,0.992756,-1.029002,0,11
1535,0.9914693,-1.028984,0,11
1536,0.9899811,-1.028986,0,11
1537,0.9887923,-1.028983,0,11
1538,0.9878755,-1.02899,0,11
1539,0.9876158,-1.028974,0,11
1540,0.9880362,-1.028983,0,11
1541,0.9883821,-1.028971,0,11
1542,0.9885712,-1.028983,0,11
1543,0.9884092,-1.028972,0,11
1544,0.9877893,-1.02898,0,11
1545,0.9862379,-1.028986,0,11
1546,0.9850637,-1.028989,0,11
1547,0.9854032,-1.028992,0,11
1548,0.9864934,-1.028977,0,11
1549,0.988213,-1.028974,0,11
1550,0.9899728,-1.028984,0,11
1551,0.9916548,-1.028985,0,11
1552,0.9940258,-1.028982,0,11
1553,0.9970807,-1.028984,0,11
1554,1.000223,-1.028983,0,11
1555,1.003488,-1.028987,0,11
1556,1.006446,-1.028972,0,11
1557,1.008427,-1.028982,0,11
1558,1.010468,-1.028998,0,11
1559,1.012473,-1.028974,0,11
1560,1.014156,-1.028917,0,11
1561,1.015581,-1.029009,0,11
1562,1.01664,-1.029001,0,11
1563,1.017744,-1.028975,0,11
1564,1.018932,-1.028984,0,11
1565,1.019875,-1.028995,0,11
1566,1.020753,-1.028989,0,11
1567,1.021288,-1.028979,0,11
1568,1.021509,-1.028982,0,11
1569,1.021683,-1.028978,0,11
1570,1.021871,-1.028981,0,11
1571,1.022153,-1.028973,0,11
1572,1.022689,-1.028988,0,11
1573,1.023578,-1.02903,0,11
1574,1.02411,-1.028913,0,11
1575,1.024176,-1.028874,0,11
1576,1.023024,-1.029006,0,11
1577,1.020685,-1.028989,0,11
1578,1.018635,-1.028981,0,11
1579,1.016683,-1.028979,0,11
1580,1.014471,-1.028991,0,11
1581,1.011836,-1.028985,0,11
1582,1.008505,-1.029096,0,11
1583,1.004815,-1.028983,0,11
1584,1.001256,-1.028798,0,11
1585,0.9984819,-1.02904,0,11
1586,0.9957871,-1.029016,0,11
1587,0.9937018,-1.029002,0,11
1588,0.9923996,-1.028995,0,11
1589,0.991028,-1.028984,0,11
1590,0.9895811,-1.028986,0,11
1591,0.988488,-1.028986,0,11
1592,0.9877008,-1.028986,0,11
1593,0.9877064,-1.028977,0,11
1594,0.9881542,-1.028978,0,11
1595,0.9884692,-1.028974,0,11
1596,0.9885501,-1.02898,0,11
1597,0.9882896,-1.028971,0,11
1598,0.9874368,-1.028986,0,11
1599,0.9857407,-1.028984,0,11
1600,0.9850423,-1.028993,0,11
1601,0.9856777,-1.028988,0,11
1602,0.986948,-1.028974,0,11
1603,0.9887661,-1.028977,0,11
1604,0.9904449,-1.028987,0,11
1605,0.9922559,-1.028982,0,11
1606,0.9948896,-1.028984,0,11
1607,0.9980042,-1.028983,0,11
1608,1.001183,-1.028987,0,11
1609,1.004439,-1.028979,0,11
1610,1.007114,-1.028972,0,11
1611,1.009001,-1.028981,0,11
1612,1.011104,-1.028999,0,11
1613,1.012988,-1.028945,0,11
1614,1.014616,-1.028936,0,11
1615,1.015917,-1.029019,0,11
1616,1.016947,-1.02899,0,11
1617,1.018091,-1.028975,0,11
1618,1.019288,-1.028984,0,11
1619,1.020138,-1.028997,0,11
1620,1.020962,-1.028982,0,11
1621,1.02137,-1.028982,0,11
1622,1.021571,-1.028977,0,11
1623,1.021727,-1.02898,0,11
1624,1.021945,-1.028978,0,11
1625,1.022276,-1.028975,0,11
1626,1.022937,-1.029002,0,11
1627,1.023803,-1.029021,0,11
1628,1.024201,-1.028833,0,11
1629,1.024004,-1.028937,0,11
1630,1.022384,-1.029008,0,11
1631,1.020015,-1.028983,0,11
1632,1.018074,-1.02898,0,11
1633,1.016043,-1.028981,0,11
1634,1.013763,-1.028995,0,11
1635,1.010902,-1.02899,0,11
1636,1.00743,-1.029069,0,11
1637,1.003702,-1.028931,0,11
1638,1.000362,-1.028834,0,11
1639,0.9976839,-1.029071,0,11
1640,0.9950572,-1.028985,0,11
1641,0.9932733,-1.029007,0,11
1642,0.9920319,-1.028988,0,11
1643,0.9905794,-1.028985,0,11
1644,0.9892274,-1.028984,0,11
1645,0.9882051,-1.028989,0,11
1646,0.9876032,-1.028977,0,11
1647,0.9878379,-1.028981,0,11
1648,0.9882473,-1.028971,0,11
1649,0.9885349,-1.028979,0,11
1650,0.9885089,-1.028976,0,11
1651,0.9881197,-1.028973,0,11
1652,0.9869645,-1.028987,0,11
1653,0.9853417,-1.028984,0,11
1654,0.985133,-1.028995,0,11
1655,0.985994,-1.028983,0,11
1656,0.9874595,-1.028973,0,11
1657,0.9892983,-1.02898,0,11
1658,0.9909288,-1.028987,0,11
1659,0.9929434,-1.028981,0,11
1660,0.9957981,-1.028985,0,11
1661,0.9989251,-1.028982,0,11
1662,1.002152,-1.02899,0,11
1663,1.005345,-1.028975,0,11
1664,1.007687,-1.028978,0,11
1665,1.009603,-1.028989,0,11
1666,1.011718,-1.028993,0,11
1667,1.013489,-1.028921,0,11
1668,1.01505,-1.028968,0,11
1669,1.016228,-1.029016,0,11
1670,1.017274,-1.028981,0,11
1671,1.018443,-1.028979,0,11
1672,1.019549,-1.028986,0,11
1673,1.020407,-1.028996,0,11
1674,1.021126,-1.028978,0,11
1675,1.021432,-1.028984,0,11
1676,1.021623,-1.028976,0,11
1677,1.021779,-1.028982,0,11
1678,1.022022,-1.028975,0,11
1679,1.022427,-1.028978,0,11
1680,1.023211,-1.029018,0,11
1681,1.023965,-1.028992,0,11
1682,1.024251,-1.028754,0,11
1683,1.023703,-1.028979,0,11
1684,1.021677,-1.029002,0,11
1685,1.019418,-1.028982,0,11
1686,1.017504,-1.028979,0,11
1687,1.015391,-1.028984,0,11
1688,1.013001,-1.028996,0,11
1689,1.009924,-1.029039,0,11
1690,1.006342,-1.028943,0,11
1691,1.002623,-1.02885,0,11
1692,0.9995432,-1.02892,0,11
1693,0.9968739,-1.029062,0,11
1694,0.9944149,-1.028979,0,11
1695,0.992892,-1.029004,0,11
1696,0.9916297,-1.028984,0,11
1697,0.9901402,-1.028986,0,11
1698,0.98891,-1.028982,0,11
1699,0.9879568,-1.02899,0,11
1700,0.9875975,-1.028973,0,11
1701,0.9879835,-1.028983,-5.5,-9.526279
1702,0.988346,-1.02897,-5.5,-9.526279
1703,0.9885687,-1.028982,-5.5,-9.526279
1704,0.9884429,-1.028973,-5.5,-9.526279
1705,0.9878914,-1.028978,-5.5,-9.526279
1706,0.986437,-1.028987,-5.5,-9.526279
1707,0.9851048,-1.028987,-5.5,-9.526279
1708,0.9853153,-1.028993,-5.5,-9.526279
1709,0.9863424,-1.028979,-5.5,-9.526279
1710,0.9880044,-1.028974,-5.5,-9.526279
1711,0.9897937,-1.028983,-5.5,-9.526279
1712,0.9914469,-1.028986,-5.5,-9.526279
1713,0.9937167,-1.028982,-5.5,-9.526279
1714,0.9967297,-1.028984,-5.5,-9.526279
1715,0.9998659,-1.028983,-5.5,-9.526279
1716,1.003124,-1.028989,-5.5,-9.526279
1717,1.006166,-1.028973,-5.5,-9.526279
1718,1.00822,-1.028983,-5.5,-9.526279
1719,1.010229,-1.028996,-5.5,-9.526279
1720,1.012276,-1.028982,-5.5,-9.526279
1721,1.013977,-1.028914,-5.5,-9.526279
1722,1.015445,-1.029001,-5.5,-9.526279
1723,1.016528,-1.029006,-5.5,-9.526279
1724,1.017615,-1.028976,-5.5,-9.526279
1725,1.018798,-1.028983,-5.5,-9.526279
1726,1.019781,-1.028993,-5.5,-9.526279
1727,1.020663,-1.028991,-5.5,-9.526279
1728,1.02125,-1.028979,-5.5,-9.526279
1729,1.021487,-1.028984,-5.5,-9.526279
1730,1.021667,-1.028977,-5.5,-9.526279
1731,1.021843,-1.028982,-5.5,-9.526279
1732,1.022113,-1.028973,-5.5,-9.526279
1733,1.022608,-1.028984,-5.5,-9.526279
1734,1.023482,-1.029029,-5.5,-9.526279
1735,1.024071,-1.028938,-5.5,-9.526279
1736,1.024213,-1.028845,-5.5,-9.526279
1737,1.023237,-1.029002,-5.5,-9.526279
1738,1.020952,-1.028992,-5.5,-9.526279
1739,1.018847,-1.028981,-5.5,-9.526279
1740,1.016913,-1.028979,-5.5,-9.526279
1741,1.014727,-1.028989,-5.5,-9.526279
1742,1.012169,-1.02899,-5.5,-9.526279
1743,1.0089,-1.029087,-5.5,-9.526279
1744,1.005231,-1.028978,-5.5,-9.526279
1745,1.001613,-1.028802,-5.5,-9.526279
1746,0.9987743,-1.029015,-5.5,-9.526279
1747,0.9960771,-1.02903,-5.5,-9.526279
1748,0.9938801,-1.028997,-5.5,-9.526279
1749,0.9925335,-1.028998,-5.5,-9.526279
1750,0.9911956,-1.028984,-5.5,-9.526279
1751,0.9897266,-1.028987,-5.5,-9.526279
1752,0.9886004,-1.028985,-5.5,-9.526279
1753,0.9877586,-1.028988,-5.5,-9.526279
1754,0.9876662,-1.028975,-5.5,-9.526279
1755,0.9881148,-1.028981,-5.5,-9.526279
1756,0.9884385,-1.028973,-5.5,-9.526279
1757,0.9885618,-1.028981,-5.5,-9.526279
1758,0.98834,-1.028971,-5.5,-9.526279
1759,0.9875864,-1.028984,-5.5,-9.526279
1760,0.9859193,-1.028985,-5.5,-9.526279
1761,0.9850361,-1.028992,-5.5,-9.526279
1762,0.9855685,-1.02899,-5.5,-9.526279
1763,0.9867693,-1.028975,-5.5,-9.526279
1764,0.9885597,-1.028976,-5.5,-9.526279
1765,0.9902675,-1.028986,-5.5,-9.526279
1766,0.9920212,-1.028983,-5.5,-9.526279
1767,0.9945591,-1.028983,-5.5,-9.526279
1768,0.9976603,-1.028983,-5.5,-9.526279
1769,1.000821,-1.028986,-5.5,-9.526279
1770,1.004086,-1.028982,-5.5,-9.526279
1771,1.006876,-1.028971,-5.5,-9.526279
1772,1.008782,-1.02898,-5.5,-9.526279
1773,1.010866,-1.028999,-5.5,-9.526279
1774,1.012796,-1.028957,-5.5,-9.526279
1775,1.014446,-1.028927,-5.5,-9.526279
1776,1.015794,-1.029017,-5.5,-9.526279
1777,1.01683,-1.028994,-5.5,-9.526279
1778,1.01796,-1.028975,-5.5,-9.526279
1779,1.019155,-1.028985,-5.5,-9.526279
1780,1.020038,-1.028997,-5.5,-9.526279
1781,1.020889,-1.028985,-5.5,-9.526279
1782,1.021342,-1.028981,-5.5,-9.526279
1783,1.021549,-1.028979,-5.5,-9.526279
1784,1.02171,-1.028979,-5.5,-9.526279
1785,1.021917,-1.028979,-5.5,-9.526279
1786,1.022227,-1.028974,-5.5,-9.526279
1787,1.022839,-1.028996,-5.5,-9.526279
1788,1.023724,-1.029027,-5.5,-9.526279
1789,1.02417,-1.028865,-5.5,-9.526279
1790,1.024082,-1.028916,-5.5,-9.526279
1791,1.022635,-1.029009,-5.5,-9.526279
1792,1.020258,-1.028984,-5.5,-9.526279
1793,1.018285,-1.02898,-5.5,-9.526279
1794,1.016288,-1.02898,-5.5,-9.526279
1795,1.014034,-1.028994,-5.5,-9.526279
1796,1.011258,-1.028981,-5.5,-9.526279
1797,1.007836,-1.029089,-5.5,-9.526279
1798,1.004119,-1.028958,-5.5,-9.526279
1799,1.000688,-1.028814,-5.5,-9.526279
1800,0.9979861,-1.029065,-5.5,-9.526279
1801,0.9953228,-1.028995,-5.5,-9.526279
1802,0.9934273,-1.029006,-5.5,-9.526279
1803,0.9921728,-1.02899,-5.5,-9.526279
1804,0.9907476,-1.028984,-5.5,-9.526279
1805,0.9893538,-1.028985,-5.5,-9.526279
1806,0.9883081,-1.028988,-5.5,-9.526279
1807,0.9876291,-1.02898,-5.5,-9.526279
1808,0.9877854,-1.02898,-5.5,-9.526279
1809,0.9882112,-1.028973,-5.5,-9.526279
1810,0.9885135,-1.028977,-5.5,-9.526279
1811,0.9885266,-1.028977,-5.5,-9.526279
1812,0.9881899,-1.028972,-5.5,-9.526279
1813,0.9871517,-1.028987,-5.5,-9.526279
1814,0.9854759,-1.028984,-5.5,-9.526279
1815,0.9850872,-1.028994,-5.5,-9.526279
1816,0.9858716,-1.028985,-5.5,-9.526279
1817,0.9872622,-1.028973,-5.5,-9.526279
1818,0.9891024,-1.028979,-5.5,-9.526279
1819,0.9907444,-1.028987,-5.5,-9.526279
1820,0.9926743,-1.028981,-5.5,-9.526279
1821,0.9954529,-1.028985,-5.5,-9.526279
1822,0.9985766,-1.028982,-5.5,-9.526279
1823,1.001787,-1.028989,-5.5,-9.526279
1824,1.005013,-1.028976,-5.5,-9.526279
1825,1.00748,-1.028975,-5.5,-9.526279
1826,1.009374,-1.028986,-5.5,-9.526279
1827,1.011492,-1.028996,-5.5,-9.526279
1828,1.013303,-1.028929,-5.5,-9.526279
1829,1.014891,-1.028955,-5.5,-9.526279
1830,1.016113,-1.029019,-5.5,-9.526279
1831,1.017148,-1.028984,-5.5,-9.526279
1832,1.018311,-1.028977,-5.5,-9.526279
1833,1.01947,-1.028984,-5.5,-9.526279
1834,1.020306,-1.028997,-5.5,-9.526279
1835,1.021069,-1.028979,-5.5,-9.526279
1836,1.02141,-1.028984,-5.5,-9.526279
1837,1.021604,-1.028976,-5.5,-9.526279
1838,1.021758,-1.028982,-5.5,-9.526279
1839,1.021991,-1.028976,-5.5,-9.526279
1840,1.022367,-1.028976,-5.5,-9.526279
1841,1.023107,-1.029013,-5.5,-9.526279
1842,1.023913,-1.029006,-5.5,-9.526279
1843,1.024239,-1.028775,-5.5,-9.526279
1844,1.023834,-1.028966,-5.5,-9.526279
1845,1.021947,-1.029005,-5.5,-9.526279
1846,1.019638,-1.028982,-5.5,-9.526279
1847,1.01772,-1.028979,-5.5,-9.526279
1848,1.015636,-1.028983,-5.5,-9.526279
1849,1.013295,-1.028996,-5.5,-9.526279
1850,1.010297,-1.029018,-5.5,-9.526279
1851,1.00675,-1.029004,-5.5,-9.526279
1852,1.003021,-1.02888,-5.5,-9.526279
1853,0.9998429,-1.028884,-5.5,-9.526279
1854,0.997178,-1.029069,-5.5,-9.526279
1855,0.9946436,-1.028977,-5.5,-9.526279
1856,0.9930313,-1.029006,-5.5,-9.526279
1857,0.9917857,-1.028985,-5.5,-9.526279
1858,0.990303,-1.028986,-5.5,-9.526279
1859,0.9890286,-1.028982,-5.5,-9.526279
1860,0.9880452,-1.02899,-5.5,-9.526279
1861,0.9875896,-1.028974,-5.5,-9.526279
1862,0.9879289,-1.028983,5.5,9.526279
1863,0.988309,-1.02897,5.5,9.526279
1864,0.9885603,-1.028981,5.5,9.526279
1865,0.9884714,-1.028974,5.5,9.526279
1866,0.9879844,-1.028976,5.5,9.526279
1867,0.9866374,-1.028987,5.5,9.526279
1868,0.9851708,-1.028985,5.5,9.526279
1869,0.9852374,-1.028994,5.5,9.526279
1870,0.986204,-1.02898,5.5,9.526279
1871,0.9877974,-1.028973,5.5,9.526279
1872,0.9896115,-1.028981,5.5,9.526279
1873,0.9912469,-1.028987,5.5,9.526279
1874,0.9934173,-1.028981,5.5,9.526279
1875,0.9963785,-1.028985,5.5,9.526279
1876,0.9995106,-1.028982,5.5,9.526279
1877,1.002759,-1.02899,5.5,9.526279
1878,1.005869,-1.028973,5.5,9.526279
1879,1.00802,-1.028982,5.5,9.526279
1880,1.009992,-1.028994,5.5,9.526279
1881,1.012075,-1.028987,5.5,9.526279
1882,1.013796,-1.028914,5.5,9.526279
1883,1.015302,-1.02899,5.5,9.526279
1884,1.016416,-1.02901,5.5,9.526279
1885,1.017486,-1.028978,5.5,9.526279
1886,1.018665,-1.028981,5.5,9.526279
1887,1.01969,-1.028991,5.5,9.526279
1888,1.020569,-1.028993,5.5,9.526279
1889,1.021208,-1.028978,5.5,9.526279
1890,1.021466,-1.028984,5.5,9.526279
1891,1.021651,-1.028976,5.5,9.526279
1892,1.021817,-1.028982,5.5,9.526279
1893,1.022076,-1.028973,5.5,9.526279
1894,1.022536,-1.028981,5.5,9.526279
1895,1.023382,-1.029026,5.5,9.526279
1896,1.024031,-1.028961,5.5,9.526279
1897,1.024236,-1.028813,5.5,9.526279
1898,1.02343,-1.028995,5.5,9.526279
1899,1.021223,-1.028996,5.5,9.526279
1900,1.019059,-1.028981,5.5,9.526279
1901,1.017139,-1.028979,5.5,9.526279
1902,1.014979,-1.028987,5.5,9.526279
1903,1.012491,-1.028993,5.5,9.526279
1904,1.00929,-1.029072,5.5,9.526279
1905,1.005649,-1.028949,5.5,9.526279
1906,1.001982,-1.028813,5.5,9.526279
1907,0.9990615,-1.028982,5.5,9.526279
1908,0.9963729,-1.029044,5.5,9.526279
1909,0.9940699,-1.028992,5.5,9.526279
1910,0.992667,-1.029001,5.5,9.526279
1911,0.9913611,-1.028984,5.5,9.526279
1912,0.9898779,-1.028987,5.5,9.526279
1913,0.9887152,-1.028983,5.5,9.526279
1914,0.987826,-1.028989,5.5,9.526279
1915,0.9876332,-1.028974,5.5,9.526279
1916,0.9880691,-1.028982,5.5,9.526279
1917,0.9884052,-1.028972,5.5,9.526279
1918,0.9885696,-1.028982,5.5,9.526279
1919,0.9883836,-1.028971,5.5,9.526279
1920,0.9877157,-1.028982,5.5,9.526279
1921,0.9861084,-1.028986,5.5,9.526279
1922,0.9850468,-1.02899,5.5,9.526279
1923,0.9854664,-1.028991,5.5,9.526279
1924,0.9866,-1.028976,5.5,9.526279
1925,0.9883515,-1.028975,5.5,9.526279
1926,0.9900905,-1.028985,5.5,9.526279
1927,0.9917976,-1.028984,5.5,9.526279
1928,0.9942356,-1.028983,5.5,9.526279
1929,0.9973127,-1.028984,5.5,9.526279
1930,1.000461,-1.028984,5.5,9.526279
1931,1.003727,-1.028986,5.5,9.526279
1932,1.006622,-1.028972,5.5,9.526279
1933,1.008567,-1.02898,5.5,9.526279
1934,1.010627,-1.028999,5.5,9.526279
1935,1.012602,-1.028968,5.5,9.526279
1936,1.014272,-1.02892,5.5,9.526279
1937,1.015667,-1.029013,5.5,9.526279
1938,1.016716,-1.028998,5.5,9.526279
1939,1.01783,-1.028975,5.5,9.526279
1940,1.019021,-1.028985,5.5,9.526279
1941,1.019939,-1.028996,5.5,9.526279
1942,1.020809,-1.028987,5.5,9.526279
1943,1.021311,-1.02898,5.5,9.526279
1944,1.021524,-1.028981,5.5,9.526279
1945,1.021693,-1.028979,5.5,9.526279
1946,1.02189,-1.02898,5.5,9.526279
1947,1.022181,-1.028973,5.5,9.526279
1948,1.022746,-1.028991,5.5,9.526279
1949,1.023638,-1.029029,5.5,9.526279
1950,1.024135,-1.028895,5.5,9.526279
1951,1.024144,-1.028891,-9.526279,-5.5
1952,1.022874,-1.029007,-9.526279,-5.5
1953,1.020512,-1.028987,-9.526279,-5.5
1954,1.018496,-1.02898,-9.526279,-5.5
1955,1.016528,-1.028979,-9.526279,-5.5
1956,1.014299,-1.028992,-9.526279,-5.5
1957,1.011608,-1.028981,-9.526279,-5.5
1958,1.00824,-1.029097,-9.526279,-5.5
1959,1.004538,-1.028977,-9.526279,-5.5
1960,1.001025,-1.028801,-9.526279,-5.5
1961,0.9982855,-1.029052,-9.526279,-5.5
1962,0.995599,-1.029007,-9.526279,-5.5
1963,0.9935893,-1.029004,-9.526279,-5.5
1964,0.9923101,-1.028993,-9.526279,-5.5
1965,0.9909164,-1.028984,-9.526279,-5.5
1966,0.9894881,-1.028986,-9.526279,-5.5
1967,0.9884151,-1.028987,-9.526279,-5.5
1968,0.9876685,-1.028984,-9.526279,-5.5
1969,0.9877364,-1.028978,-9.526279,-5.5
1970,0.9881766,-1.028976,-9.526279,-5.5
1971,0.988488,-1.028976,-9.526279,-5.5
1972,0.9885414,-1.028979,-9.526279,-5.5
1973,0.9882523,-1.028972,-9.526279,-5.5
1974,0.9873278,-1.028986,-9.526279,-5.5
1975,0.9856296,-1.028984,-9.526279,-5.5
1976,0.9850552,-1.028994,-9.526279,-5.5
1977,0.9857533,-1.028987,-9.526279,-5.5
1978,0.9870709,-1.028974,-9.526279,-5.5
1979,0.9889014,-1.028978,-9.526279,-5.5
1980,0.9905634,-1.028987,-9.526279,-5.5
1981,0.9924183,-1.028982,-9.526279,-5.5
1982,0.9951125,-1.028984,-9.526279,-5.5
1983,0.9982312,-1.028982,-9.526279,-5.5
1984,1.001423,-1.028988,-9.526279,-5.5
1985,1.004671,-1.028978,-9.526279,-5.5
1986,1.007264,-1.028973,-9.526279,-5.5
1987,1.009148,-1.028983,-9.526279,-5.5
1988,1.01126,-1.028998,-9.526279,-5.5
1989,1.013114,-1.028938,-9.526279,-5.5
1990,1.014727,-1.028943,-9.526279,-5.5
1991,1.015996,-1.029019,-9.526279,-5.5
1992,1.017026,-1.028987,-9.526279,-5.5
1993,1.018178,-1.028976,-9.526279,-5.5
1994,1.019376,-1.028983,-9.526279,-5.5
1995,1.020205,-1.028997,-9.526279,-5.5
1996,1.021007,-1.028981,-9.526279,-5.5
1997,1.021387,-1.028983,-9.526279,-5.5
1998,1.021585,-1.028977,-9.526279,-5.5
1999,1.021739,-1.028981,-9.526279,-5.5
2000,1.021963,-1.028977,-9.526279,-5.5
2001,1.022311,-1.028975,-9.526279,-5.5
2002,1.023004,-1.029006,-9.526279,-5.5
2003,1.02385,-1.029016,-9.526279,-5.5
2004,1.024218,-1.028811,-9.526279,-5.5
2005,1.023943,-1.028949,-9.526279,-5.5
2006,1.022212,-1.029007,-9.526279,-5.5
2007,1.019862,-1.028982,-9.526279,-5.5
2008,1.017934,-1.02898,-9.526279,-5.5
2009,1.015881,-1.028981,-9.526279,-5.5
2010,1.013579,-1.028996,-9.526279,-5.5
2011,1.010663,-1.028999,-9.526279,-5.5
2012,1.007159,-1.029049,-9.526279,-5.5
2013,1.003429,-1.028911,-9.526279,-5.5
2014,1.000152,-1.028852,-9.526279,-5.5
2015,0.9974825,-1.029072,-9.526279,-5.5
2016,0.9948878,-1.02898,-9.526279,-5.5
2017,0.9931749,-1.029007,-9.526279,-5.5
2018,0.9919358,-1.028987,-9.526279,-5.5
2019,0.9904686,-1.028985,-9.526279,-5.5
2020,0.9891478,-1.028983,-9.526279,-5.5
2021,0.9881396,-1.02899,-9.526279,-5.5
2022,0.9875935,-1.028975,-9.526279,-5.5
2023,0.9878739,-1.028982,-9.526279,-5.5
2024,0.9882718,-1.028971,-9.526279,-5.5
2025,0.9885466,-1.02898,-9.526279,-5.5
2026,0.9884953,-1.028975,-9.526279,-5.5
2027,0.9880685,-1.028974,-9.526279,-5.5
2028,0.9868358,-1.028987,-9.526279,-5.5
2029,0.9852651,-1.028984,-9.526279,-5.5
2030,0.9851707,-1.028995,-9.526279,-5.5
2031,0.9860767,-1.028982,-9.526279,-5.5
2032,0.987593,-1.028973,-9.526279,-5.5
2033,0.989425,-1.02898,-9.526279,-5.5
2034,0.9910539,-1.028987,-9.526279,-5.5
2035,0.9931284,-1.028981,-9.526279,-5.5
2036,0.9960287,-1.028985,-9.526279,-5.5
2037,0.9991577,-1.028982,-9.526279,-5.5
2038,1.002394,-1.02899,-9.526279,-5.5
2039,1.005559,-1.028974,-9.526279,-5.5
2040,1.007821,-1.028979,-9.526279,-5.5
2041,1.009757,-1.028991,-9.526279,-5.5
2042,1.011863,-1.028991,-9.526279,-5.5
2043,1.013612,-1.028917,-9.526279,-5.5
2044,1.015152,-1.028977,-9.526279,-5.5
2045,1.016303,-1.029014,-9.526279,-5.5
2046,1.017359,-1.028979,-9.526279,-5.5
2047,1.018531,-1.02898,-9.526279,-5.5
2048,1.019604,-1.028988,-9.526279,-5.5
2049,1.020472,-1.028995,-9.526279,-5.5
2050,1.02116,-1.028978,-9.526279,-5.5
2051,1.021446,-1.028984,-9.526279,-5.5
2052,1.021634,-1.028976,-9.526279,-5.5
2053,1.021793,-1.028982,-9.526279,-5.5
2054,1.022043,-1.028974,-9.526279,-5.5
2055,1.022469,-1.028979,-9.526279,-5.5
2056,1.023279,-1.029022,-9.526279,-5.5
2057,1.023993,-1.028981,-9.526279,-5.5
2058,1.024248,-1.028778,-9.526279,-5.5
2059,1.023602,-1.028986,-9.526279,-5.5
2060,1.021496,-1.029,-9.526279,-5.5
2061,1.019274,-1.028982,-9.526279,-5.5
2062,1.01736,-1.028979,-9.526279,-5.5
2063,1.015227,-1.028985,-9.526279,-5.5
2064,1.012801,-1.028995,-9.526279,-5.5
2065,1.009673,-1.029053,-9.526279,-5.5
2066,1.006071,-1.028896,-9.526279,-5.5
2067,1.002364,-1.028834,-9.526279,-5.5
2068,0.9993489,-1.028945,-9.526279,-5.5
2069,0.9966732,-1.029056,-9.526279,-5.5
2070,0.9942725,-1.028985,-9.526279,-5.5
2071,0.9928016,-1.029003,-9.526279,-5.5
2072,0.9915238,-1.028984,-9.526279,-5.5
2073,0.9900343,-1.028986,-9.526279,-5.5
2074,0.9888319,-1.028983,-9.526279,-5.5
2075,0.987902,-1.02899,-9.526279,-5.5
2076,0.9876086,-1.028974,-9.526279,-5.5
2077,0.9880188,-1.028983,-9.526279,-5.5
2078,0.9883701,-1.028971,-9.526279,-5.5
2079,0.988571,-1.028982,-9.526279,-5.5
2080,0.9884211,-1.028972,-9.526279,-5.5
2081,0.9878249,-1.02898,-9.526279,-5.5
2082,0.9863047,-1.028986,-9.526279,-5.5
2083,0.9850754,-1.028988,-9.526279,-5.5
2084,0.9853725,-1.028993,-9.526279,-5.5
2085,0.9864411,-1.028978,-9.526279,-5.5
2086,0.9881425,-1.028974,-9.526279,-5.5
2087,0.9899126,-1.028984,-9.526279,-5.5
2088,0.9915839,-1.028985,-9.526279,-5.5
2089,0.9939206,-1.028982,-9.526279,-5.5
2090,0.9969624,-1.028984,-9.526279,-5.5
2091,1.000102,-1.028983,-9.526279,-5.5
2092,1.003366,-1.028988,-9.526279,-5.5
2093,1.006353,-1.028972,-9.526279,-5.5
2094,1.008356,-1.028982,-9.526279,-5.5
2095,1.010388,-1.028998,-9.526279,-5.5
2096,1.012407,-1.028977,-9.526279,-5.5
2097,1.014096,-1.028916,-9.526279,-5.5
2098,1.015535,-1.029007,-9.526279,-5.5
2099,1.016602,-1.029003,-9.526279,-5.5
2100,1.0177,-1.028976,-9.526279,-5.5
2101,1.018887,-1.028984,-9.526279,-5.5
2102,1.019843,-1.028994,-9.526279,-5.5
2103,1.020723,-1.02899,-9.526279,-5.5
2104,1.021276,-1.028979,-9.526279,-5.5
2105,1.021501,-1.028983,-9.526279,-5.5
2106,1.021677,-1.028978,-9.526279,-5.5
2107,1.021862,-1.028981,-9.526279,-5.5
2108,1.022139,-1.028973,-9.526279,-5.5
2109,1.02266,-1.028986,-9.526279,-5.5
2110,1.023546,-1.02903,-9.526279,-5.5
2111,1.024097,-1.028922,-9.526279,-5.5
2112,1.02419,-1.028864,-9.526279,-5.5
2113,1.023098,-1.029005,-9.526279,-5.5
2114,1.020774,-1.02899,-9.526279,-5.5
2115,1.018706,-1.028981,-9.526279,-5.5
2116,1.016761,-1.028979,-9.526279,-5.5
2117,1.014558,-1.028991,-9.526279,-5.5
2118,1.01195,-1.028987,-9.526279,-5.5
2119,1.008639,-1.029094,-9.526279,-5.5
2120,1.004956,-1.028983,-9.526279,-5.5
2121,1.001375,-1.028798,-9.526279,-5.5
2122,0.9985809,-1.029032,-9.526279,-5.5
2123,0.9958841,-1.029021,-9.526279,-5.5
2124,0.9937607,-1.029,-9.526279,-5.5
2125,0.9924449,-1.028996,-9.526279,-5.5
2126,0.9910846,-1.028984,-9.526279,-5.5
2127,0.9896295,-1.028986,-9.526279,-5.5
2128,0.9885256,-1.028986,-9.526279,-5.5
2129,0.9877192,-1.028987,-9.526279,-5.5
2130,0.9876922,-1.028976,-9.526279,-5.5
2131,0.9881418,-1.028979,-9.526279,-5.5
2132,0.9884592,-1.028974,-9.526279,-5.5
2133,0.9885541,-1.02898,-9.526279,-5.5
2134,0.9883074,-1.028971,-9.526279,-5.5
2135,0.9874893,-1.028985,-9.526279,-5.5
2136,0.9857995,-1.028985,-9.526279,-5.5
2137,0.9850384,-1.028993,-9.526279,-5.5
2138,0.9856401,-1.028989,-9.526279,-5.5
2139,0.9868867,-1.028975,-9.526279,-5.5
2140,0.9886968,-1.028977,-9.526279,-5.5
2141,0.990385,-1.028986,-9.526279,-5.5
2142,0.9921756,-1.028983,-9.526279,-5.5
2143,0.9947774,-1.028984,-9.526279,-5.5
2144,0.9978888,-1.028983,-9.526279,-5.5
2145,1.001061,-1.028986,-9.526279,-5.5
2146,1.004321,-1.02898,-9.526279,-5.5
2147,1.007035,-1.028972,-9.526279,-5.5
2148,1.008927,-1.028981,-9.526279,-5.5
2149,1.011024,-1.028999,9.526279,5.5
2150,1.012923,-1.028949,9.526279,5.5
2151,1.014559,-1.028933,9.526279,5.5
2152,1.015876,-1.029019,9.526279,5.5
2153,1.016908,-1.028991,9.526279,5.5
2154,1.018047,-1.028975,9.526279,5.5
2155,1.019243,-1.028984,9.526279,5.5
2156,1.020104,-1.028997,9.526279,5.5
2157,1.020939,-1.028983,9.526279,5.5
2158,1.021361,-1.028982,9.526279,5.5
2159,1.021564,-1.028978,9.526279,5.5
2160,1.021721,-1.02898,9.526279,5.5
2161,1.021935,-1.028978,9.526279,5.5
2162,1.022259,-1.028974,9.526279,5.5
2163,1.022904,-1.029,9.526279,5.5
2164,1.023777,-1.029024,9.526279,5.5
2165,1.024191,-1.028844,9.526279,5.5
2166,1.024033,-1.02893,9.526279,5.5
2167,1.02247,-1.029008,9.526279,5.5
2168,1.020096,-1.028983,9.526279,5.5
2169,1.018145,-1.02898,9.526279,5.5
2170,1.016125,-1.02898,9.526279,5.5
2171,1.013855,-1.028995,9.526279,5.5
2172,1.011023,-1.028986,9.526279,5.5
2173,1.007567,-1.029078,9.526279,5.5
2174,1.003843,-1.028941,9.526279,5.5
2175,1.000471,-1.028827,9.526279,5.5
2176,0.997786,-1.029069,9.526279,5.5
2177,0.9951454,-1.028988,9.526279,5.5
2178,0.9933244,-1.029006,9.526279,5.5
2179,0.99208,-1.028989,9.526279,5.5
2180,0.9906361,-1.028985,9.526279,5.5
2181,0.9892691,-1.028984,9.526279,5.5
2182,0.9882394,-1.028989,9.526279,5.5
2183,0.9876103,-1.028978,9.526279,5.5
2184,0.9878199,-1.02898,9.526279,5.5
2185,0.9882349,-1.028972,9.526279,5.5
2186,0.988528,-1.028978,9.526279,5.5
2187,0.9885153,-1.028976,9.526279,5.5
2188,0.9881442,-1.028973,9.526279,5.5
2189,0.9870287,-1.028987,9.526279,5.5
2190,0.9853845,-1.028984,9.526279,5.5
2191,0.9851161,-1.028995,9.526279,5.5
2192,0.9859523,-1.028984,9.526279,5.5
2193,0.9873924,-1.028973,9.526279,5.5
2194,0.9892329,-1.028979,9.526279,5.5
2195,0.9908661,-1.028987,9.526279,5.5
2196,0.9928513,-1.028981,9.526279,5.5
2197,0.9956813,-1.028985,9.526279,5.5
2198,0.9988072,-1.028982,9.526279,5.5
2199,1.002029,-1.028989,9.526279,5.5
2200,1.005234,-1.028975,9.526279,5.5
2201,1.007618,-1.028977,9.526279,5.5
2202,1.009526,-1.028988,9.526279,5.5
2203,1.011642,-1.028994,9.526279,5.5
2204,1.013427,-1.028923,9.526279,5.5
2205,1.014997,-1.028964,9.526279,5.5
2206,1.016189,-1.029017,9.526279,5.5
2207,1.017231,-1.028982,9.526279,5.5
2208,1.018398,-1.028978,9.526279,5.5
2209,1.019521,-1.028986,9.526279,5.5
2210,1.020373,-1.028996,9.526279,5.5
2211,1.021108,-1.028978,9.526279,5.5
2212,1.021425,-1.028984,9.526279,5.5
2213,1.021617,-1.028976,9.526279,5.5
2214,1.021772,-1.028982,9.526279,5.5
2215,1.022011,-1.028975,9.526279,5.5
2216,1.022406,-1.028978,9.526279,5.5
2217,1.023175,-1.029016,9.526279,5.5
2218,1.023949,-1.028997,9.526279,5.5
2219,1.024249,-1.02875,9.526279,5.5
2220,1.02375,-1.028975,9.526279,5.5
2221,1.021768,-1.029003,9.526279,5.5
2222,1.019492,-1.028982,9.526279,5.5
2223,1.017578,-1.028979,9.526279,5.5
2224,1.015474,-1.028984,9.526279,5.5
2225,1.013101,-1.028996,9.526279,5.5
2226,1.010051,-1.029032,9.526279,5.5
2227,1.006479,-1.028965,9.526279,5.5
2228,1.002756,-1.02886,9.526279,5.5
2229,0.9996434,-1.028907,9.526279,5.5
2230,0.9969763,-1.029065,9.526279,5.5
2231,0.9944901,-1.028978,9.526279,5.5
2232,0.9929386,-1.029005,9.526279,5.5
2233,0.9916828,-1.028985,9.526279,5.5
2234,0.9901947,-1.028986,9.526279,5.5
2235,0.9889498,-1.028982,9.526279,5.5
2236,0.9879858,-1.02899,9.526279,5.5
2237,0.9875936,-1.028973,9.526279,5.5
2238,0.9879653,-1.028983,9.526279,5.5
2239,0.9883336,-1.02897,9.526279,5.5
2240,0.9885664,-1.028982,9.526279,5.5
2241,0.988453,-1.028973,9.526279,5.5
2242,0.9879237,-1.028977,9.526279,5.5
2243,0.9865046,-1.028987,9.526279,5.5
2244,0.9851237,-1.028986,9.526279,5.5
2245,0.9852879,-1.028994,9.526279,5.5
2246,0.9862942,-1.028979,9.526279,5.5
2247,0.9879344,-1.028974,9.526279,5.5
2248,0.9897327,-1.028982,9.526279,5.5
2249,0.9913787,-1.028986,9.526279,5.5
2250,0.9936145,-1.028981,9.526279,5.5
2251,0.9966113,-1.028984,9.526279,5.5
2252,0.9997458,-1.028983,9.526279,5.5
2253,1.003001,-1.02899,9.526279,5.5
2254,1.006067,-1.028973,9.526279,5.5
2255,1.008152,-1.028983,9.526279,5.5
2256,1.010149,-1.028995,9.526279,5.5
2257,1.012209,-1.028984,9.526279,5.5
2258,1.013916,-1.028914,9.526279,5.5
2259,1.015397,-1.028998,9.526279,5.5
2260,1.01649,-1.029008,9.526279,5.5
2261,1.017571,-1.028977,9.526279,5.5
2262,1.018753,-1.028982,9.526279,5.5
2263,1.01975,-1.028992,9.526279,5.5
2264,1.020632,-1.028992,9.526279,5.5
2265,1.021237,-1.028978,9.526279,5.5
2266,1.02148,-1.028984,9.526279,5.5
2267,1.021661,-1.028977,9.526279,5.5
2268,1.021834,-1.028982,9.526279,5.5
2269,1.0221,-1.028973,9.526279,5.5
2270,1.022582,-1.028983,9.526279,5.5
2271,1.023449,-1.029028,9.526279,5.5
2272,1.024058,-1.028946,9.526279,5.5
2273,1.024222,-1.028834,9.526279,5.5
2274,1.023304,-1.029,9.526279,5.5
2275,1.021043,-1.028993,9.526279,5.5
2276,1.018918,-1.028981,9.526279,5.5
2277,1.01699,-1.028979,9.526279,5.5
2278,1.014812,-1.028989,9.526279,5.5
2279,1.012279,-1.028991,9.526279,5.5
2280,1.009032,-1.029083,9.526279,5.5
2281,1.005372,-1.028971,9.526279,5.5
2282,1.001736,-1.028805,9.526279,5.5
2283,0.9988717,-1.029005,9.526279,5.5
2284,0.9961762,-1.029035,9.526279,5.5
2285,0.9939427,-1.028996,9.526279,5.5
2286,0.9925785,-1.028999,9.526279,5.5
2287,0.9912515,-1.028984,9.526279,5.5
2288,0.989777,-1.028987,9.526279,5.5
2289,0.9886388,-1.028984,9.526279,5.5
2290,0.9877803,-1.028988,9.526279,5.5
2291,0.9876543,-1.028975,9.526279,5.5
2292,0.9881001,-1.028981,9.526279,5.5
2293,0.9884275,-1.028972,9.526279,5.5
2294,0.9885652,-1.028982,9.526279,5.5
2295,0.9883554,-1.028971,9.526279,5.5
2296,0.9876326,-1.028984,9.526279,5.5
2297,0.985982,-1.028985,9.526279,5.5
2298,0.9850378,-1.028991,9.526279,5.5
2299,0.9855333,-1.028991,9.526279,5.5
2300,0.9867111,-1.028976,9.526279,5.5
2301,0.9884896,-1.028976,9.526279,5.5
2302,0.9902079,-1.028986,9.526279,5.5
2303,0.9919447,-1.028984,9.526279,5.5
2304,0.9944493,-1.028983,9.526279,5.5
2305,0.9975434,-1.028983,9.526279,5.5
2306,1.0007,-1.028985,9.526279,5.5
2307,1.003965,-1.028983,9.526279,5.5
2308,1.006792,-1.028971,9.526279,5.5
2309,1.008709,-1.02898,9.526279,5.5
2310,1.010786,-1.028999,9.526279,5.5
2311,1.012731,-1.028961,9.526279,5.5
2312,1.014388,-1.028924,9.526279,5.5
2313,1.015752,-1.029016,9.526279,5.5
2314,1.016792,-1.028995,9.526279,5.5
2315,1.017916,-1.028975,9.526279,5.5
2316,1.01911,-1.028985,9.526279,5.5
2317,1.020005,-1.028996,9.526279,5.5
2318,1.020863,-1.028986,9.526279,5.5
2319,1.021332,-1.028981,9.526279,5.5
2320,1.021541,-1.02898,9.526279,5.5
2321,1.021704,-1.028979,9.526279,5.5
2322,1.021908,-1.028979,9.526279,5.5
2323,1.022211,-1.028973,9.526279,5.5
2324,1.022807,-1.028994,9.526279,5.5
2325,1.023696,-1.029028,9.526279,5.5
2326,1.024158,-1.028875,9.526279,5.5
2327,1.024105,-1.028908,-11,0
2328,1.022717,-1.029008,-11,0
2329,1.020342,-1.028985,-11,0
2330,1.018356,-1.02898,-11,0
2331,1.016369,-1.02898,-11,0
2332,1.014124,-1.028993,-11,0
2333,1.011377,-1.02898,-11,0
2334,1.007973,-1.029093,-11,0
2335,1.00426,-1.028965,-11,0
2336,1.0008,-1.028809,-11,0
2337,0.9980874,-1.029061,-11,0
2338,0.9954148,-1.028999,-11,0
2339,0.993481,-1.029005,-11,0
2340,0.9922195,-1.028991,-11,0
2341,0.9908045,-1.028984,-11,0
2342,0.9893983,-1.028986,-11,0
2343,0.9883438,-1.028988,-11,0
2344,0.987641,-1.028982,-11,0
2345,0.9877684,-1.028979,-11,0
2346,0.9881993,-1.028974,-11,0
2347,0.9885053,-1.028977,-11,0
2348,0.9885318,-1.028978,-11,0
2349,0.9882118,-1.028972,-11,0
2350,0.9872125,-1.028987,-11,0
2351,0.9855257,-1.028984,-11,0
2352,0.9850748,-1.028994,-11,0
2353,0.9858311,-1.028986,-11,0
2354,0.987197,-1.028973,-11,0
2355,0.9890351,-1.028978,-11,0
2356,0.990683,-1.028987,-11,0
2357,0.9925864,-1.028981,-11,0
2358,0.9953377,-1.028984,-11,0
2359,0.9984598,-1.028982,-11,0
2360,1.001665,-1.028988,-11,0
2361,1.004899,-1.028977,-11,0
2362,1.007408,-1.028974,-11,0
2363,1.009297,-1.028985,-11,0
2364,1.011414,-1.028997,-11,0
2365,1.013239,-1.028931,-11,0
2366,1.014836,-1.028951,-11,0
2367,1.016074,-1.029019,-11,0
2368,1.017107,-1.028985,-11,0
2369,1.018266,-1.028977,-11,0
2370,1.019445,-1.028983,-11,0
2371,1.020272,-1.028997,-11,0
2372,1.021049,-1.02898,-11,0
2373,1.021402,-1.028984,-11,0
2374,1.021598,-1.028976,-11,0
2375,1.021752,-1.028981,-11,0
2376,1.021982,-1.028976,-11,0
2377,1.022348,-1.028976,-11,0
2378,1.023072,-1.029011,-11,0
2379,1.023893,-1.02901,-11,0
2380,1.024233,-1.028787,-11,0
2381,1.023873,-1.02896,-11,0
2382,1.022037,-1.029006,-11,0
2383,1.019713,-1.028982,-11,0
2384,1.017792,-1.02898,-11,0
2385,1.015719,-1.028982,-11,0
2386,1.013391,-1.028996,-11,0
2387,1.010421,-1.029011,-11,0
2388,1.006888,-1.029021,-11,0
2389,1.003158,-1.02889,-11,0
2390,0.999946,-1.028872,-11,0
2391,0.9972807,-1.02907,-11,0
2392,0.9947243,-1.028977,-11,0
2393,0.9930791,-1.029006,-11,0
2394,0.9918371,-1.028986,-11,0
2395,0.9903585,-1.028986,-11,0
2396,0.9890687,-1.028982,-11,0
2397,0.9880763,-1.02899,-11,0
2398,0.9875896,-1.028974,-11,0
2399,0.9879103,-1.028983,-11,0
2400,0.9882965,-1.02897,-11,0
2401,0.9885561,-1.028981,-11,0
2402,0.98848,-1.028974,-11,0
2403,0.9880137,-1.028975,-11,0
2404,0.9867047,-1.028987,-11,0
2405,0.9851996,-1.028985,-11,0
2406,0.9852136,-1.028994,-11,0
2407,0.9861605,-1.028981,-11,0
2408,0.9877282,-1.028973,-11,0
2409,0.9895492,-1.028981,-11,0
2410,0.9911811,-1.028987,-11,0
2411,0.9933186,-1.028981,-11,0
2412,0.9962605,-1.028985,-11,0
2413,0.9993914,-1.028982,-11,0
2414,1.002636,-1.02899,-11,0
2415,1.005766,-1.028974,-11,0
2416,1.007953,-1.028981,-11,0
2417,1.009913,-1.028993,-11,0
2418,1.012005,-1.028988,-11,0
2419,1.013734,-1.028915,-11,0
2420,1.015252,-1.028986,-11,0
2421,1.016378,-1.029012,-11,0
2422,1.017443,-1.028978,-11,0
2423,1.01862,-1.028981,-11,0
2424,1.019661,-1.02899,-11,0
2425,1.020537,-1.028994,-11,0
2426,1.021193,-1.028978,-11,0
2427,1.021459,-1.028985,-11,0
2428,1.021645,-1.028976,-11,0
2429,1.021809,-1.028982,-11,0
2430,1.022065,-1.028974,-11,0
2431,1.022513,-1.028981,-11,0
2432,1.023348,-1.029025,-11,0
2433,1.024018,-1.028968,-11,0
2434,1.024241,-1.028801,-11,0
2435,1.023491,-1.028993,-11,0
2436,1.021315,-1.028997,-11,0
2437,1.019132,-1.028982,-11,0
2438,1.017214,-1.028979,-11,0
2439,1.015063,-1.028987,-11,0
2440,1.012597,-1.028994,-11,0
2441,1.00942,-1.029066,-11,0
2442,1.005791,-1.028934,-11,0
2443,1.00211,-1.02882,-11,0
2444,0.9991577,-1.02897,-11,0
2445,0.9964738,-1.029048,-11,0
2446,0.9941366,-1.028989,-11,0
2447,0.9927122,-1.029001,-11,0
2448,0.9914163,-1.028984,-11,0
2449,0.9899302,-1.028987,-11,0
2450,0.9887543,-1.028983,-11,0
2451,0.9878507,-1.02899,-11,0
2452,0.9876239,-1.028974,-11,0
2453,0.9880525,-1.028983,-11,0
2454,0.9883936,-1.028971,-11,0
2455,0.9885708,-1.028982,-11,0
2456,0.9883969,-1.028972,-11,0
2457,0.9877541,-1.028981,-11,0
2458,0.986174,-1.028986,-11,0
2459,0.9850544,-1.02899,-11,0
2460,0.9854338,-1.028992,-11,0
2461,0.9865451,-1.028977,-11,0
2462,0.9882811,-1.028975,-11,0
2463,0.9900306,-1.028985,-11,0
2464,0.9917245,-1.028985,-11,0
2465,0.9941285,-1.028983,-11,0
2466,0.9971949,-1.028984,-11,0
2467,1.00034,-1.028984,-11,0
2468,1.003606,-1.028987,-11,0
2469,1.006533,-1.028972,-11,0
2470,1.008495,-1.028981,-11,0
2471,1.010546,-1.028998,-11,0
2472,1.012536,-1.028971,-11,0
2473,1.014213,-1.028918,-11,0
2474,1.015623,-1.029011,-11,0
2475,1.016677,-1.029,-11,0
2476,1.017786,-1.028975,-11,0
2477,1.018976,-1.028984,-11,0
2478,1.019907,-1.028995,-11,0
2479,1.020781,-1.028988,-11,0
2480,1.0213,-1.02898,-11,0
2481,1.021516,-1.028982,-11,0
2482,1.021688,-1.028978,-11,0
2483,1.021881,-1.028981,-11,0
2484,1.022167,-1.028973,-11,0
2485,1.022717,-1.028989,-11,0
2486,1.023608,-1.02903,-11,0
2487,1.024122,-1.028904,-11,0
2488,1.024161,-1.028882,-11,0
2489,1.022951,-1.029007,-11,0
2490,1.020599,-1.028988,11,0
2491,1.018567,-1.028981,11,0
2492,1.016607,-1.028979,11,0
2493,1.014387,-1.028992,11,0
2494,1.011725,-1.028984,11,0
2495,1.008375,-1.029097,11,0
2496,1.004679,-1.028981,11,0
2497,1.001142,-1.028799,11,0
2498,0.9983855,-1.029046,11,0
2499,0.9956942,-1.029012,11,0
2500,0.993646,-1.029003,11,0
2501,0.9923557,-1.028994,11,0
2502,0.9909732,-1.028984,11,0
2503,0.989535,-1.028986,11,0
2504,0.988452,-1.028986,11,0
2505,0.9876843,-1.028985,11,0
2506,0.9877209,-1.028977,11,0
2507,0.9881653,-1.028977,11,0
2508,0.9884786,-1.028975,11,0
2509,0.9885459,-1.028979,11,0
2510,0.9882717,-1.028971,11,0
2511,0.9873841,-1.028986,11,0
2512,0.9856852,-1.028984,11,0
2513,0.9850478,-1.028993,11,0
2514,0.9857144,-1.028988,11,0
2515,0.9870079,-1.028974,11,0
2516,0.9888329,-1.028977,11,0
2517,0.990503,-1.028987,11,0
2518,0.9923351,-1.028982,11,0
2519,0.9949989,-1.028984,11,0
2520,0.9981155,-1.028983,11,0
2521,1.001301,-1.028987,11,0
2522,1.004553,-1.028978,11,0
2523,1.007188,-1.028973,11,0
2524,1.009073,-1.028982,11,0
2525,1.011181,-1.028998,11,0
2526,1.01305,-1.028942,11,0
2527,1.014671,-1.02894,11,0
2528,1.015956,-1.029019,11,0
2529,1.016986,-1.028988,11,0
2530,1.018134,-1.028976,11,0
2531,1.019332,-1.028983,11,0
2532,1.020171,-1.028997,11,0
2533,1.020985,-1.028981,11,0
2534,1.021378,-1.028983,11,0
2535,1.021578,-1.028977,11,0
2536,1.021733,-1.02898,11,0
2537,1.021954,-1.028977,11,0
2538,1.022293,-1.028975,11,0
2539,1.02297,-1.029004,11,0
2540,1.023827,-1.029019,11,0
2541,1.02421,-1.028822,11,0
2542,1.023975,-1.028943,11,0
2543,1.0223,-1.029008,11,0
2544,1.019939,-1.028982,11,0
2545,1.018005,-1.02898,11,0
2546,1.015963,-1.028981,11,0
2547,1.013673,-1.028995,11,0
2548,1.010785,-1.028994,11,0
2549,1.007297,-1.02906,11,0
2550,1.003568,-1.028921,11,0
2551,1.000258,-1.028843,11,0
2552,0.9975849,-1.029071,11,0
2553,0.9949731,-1.028982,11,0
2554,0.9932246,-1.029007,11,0
2555,0.991985,-1.028987,11,0
2556,0.9905248,-1.028985,11,0
2557,0.9891881,-1.028983,11,0
2558,0.9881727,-1.028989,11,0
2559,0.9875976,-1.028976,11,0
2560,0.9878555,-1.028981,11,0
2561,0.9882594,-1.028971,11,0
2562,0.9885408,-1.02898,11,0
2563,0.9885024,-1.028975,11,0
2564,0.988095,-1.028974,11,0
2565,0.9869016,-1.028987,11,0
2566,0.9853028,-1.028984,11,0
2567,0.9851508,-1.028995,11,0
2568,0.9860345,-1.028983,11,0
2569,0.9875249,-1.028973,11,0
2570,0.9893609,-1.02898,11,0
2571,0.9909899,-1.028987,11,0
2572,0.9930337,-1.028981,11,0
2573,0.9959113,-1.028985,11,0
2574,0.9990394,-1.028982,11,0
2575,1.002271,-1.02899,11,0
2576,1.005451,-1.028975,11,0
2577,1.007753,-1.028978,11,0
2578,1.009679,-1.02899,11,0
2579,1.01179,-1.028992,11,0
2580,1.01355,-1.028919,11,0
2581,1.0151,-1.028972,11,0
2582,1.016265,-1.029015,11,0
2583,1.017316,-1.02898,11,0
2584,1.018486,-1.028979,11,0
2585,1.019575,-1.028987,11,0
2586,1.020439,-1.028996,11,0
2587,1.021143,-1.028978,11,0
2588,1.021438,-1.028984,11,0
2589,1.021628,-1.028976,11,0
2590,1.021786,-1.028982,11,0
2591,1.022032,-1.028974,11,0
2592,1.022447,-1.028979,11,0
2593,1.023245,-1.02902,11,0
2594,1.02398,-1.028987,11,0
2595,1.02425,-1.028766,11,0
2596,1.023655,-1.028983,11,0
2597,1.021588,-1.029001,11,0
2598,1.019347,-1.028982,11,0
2599,1.017434,-1.028979,11,0
2600,1.015311,-1.028985,11,0
2601,1.012903,-1.028995,11,0
2602,1.009801,-1.029046,11,0
2603,1.006209,-1.028919,11,0
2604,1.002495,-1.028842,11,0
2605,0.9994473,-1.028932,11,0
2606,0.9967752,-1.029059,11,0
2607,0.9943441,-1.028982,11,0
2608,0.9928474,-1.029004,11,0
2609,0.9915779,-1.028984,11,0
2610,0.990088,-1.028986,11,0
2611,0.9888715,-1.028982,11,0
2612,0.9879295,-1.02899,11,0
2613,0.9876024,-1.028973,11,0
2614,0.9880009,-1.028983,11,0
2615,0.988358,-1.02897,11,0
2616,0.9885702,-1.028982,11,0
2617,0.9884325,-1.028972,11,0
2618,0.9878592,-1.028979,11,0
2619,0.9863718,-1.028986,11,0
2620,0.9850893,-1.028988,11,0
2621,0.9853429,-1.028993,11,0
2622,0.9863902,-1.028978,11,0
2623,0.9880723,-1.028974,11,0
2624,0.9898522,-1.028983,11,0
2625,0.9915137,-1.028986,11,0
2626,0.9938164,-1.028982,11,0
2627,0.9968441,-1.028984,11,0
2628,0.9999821,-1.028983,11,0
2629,1.003243,-1.028989,11,0
2630,1.006258,-1.028972,11,0
2631,1.008287,-1.028983,11,0
2632,1.010307,-1.028997,11,0
2633,1.01234,-1.02898,11,0
2634,1.014036,-1.028915,11,0
2635,1.015489,-1.029004,11,0
2636,1.016564,-1.029005,11,0
2637,1.017657,-1.028976,11,0
2638,1.018842,-1.028983,11,0
2639,1.019812,-1.028994,11,0
2640,1.020693,-1.028991,11,0
2641,1.021263,-1.028979,11,0
2642,1.021494,-1.028983,11,0
2643,1.021672,-1.028978,11,0
2644,1.021852,-1.028981,11,0
2645,1.022126,-1.028973,11,0
2646,1.022633,-1.028985,11,0
2647,1.023514,-1.029029,11,0
2648,1.024084,-1.02893,11,0
2649,1.024202,-1.028854,11,0
2650,1.023169,-1.029003,11,0
2651,1.020864,-1.028991,11,0
2652,1.018778,-1.028981,11,0
2653,1.016839,-1.028979,11,0
2654,1.014644,-1.02899,11,0
2655,1.012062,-1.028988,11,0
2656,1.008772,-1.029091,11,0
2657,1.005096,-1.028982,11,0
2658,1.001495,-1.0288,11,0
2659,0.9986795,-1.029024,11,0
2660,0.9959818,-1.029026,11,0
2661,0.9938208,-1.028999,11,0
2662,0.9924899,-1.028997,11,0
2663,0.9911411,-1.028984,11,0
2664,0.9896786,-1.028986,11,0
2665,0.9885635,-1.028985,11,0
2666,0.9877387,-1.028987,11,0
2667,0.9876786,-1.028976,11,0
2668,0.9881284,-1.02898,11,0
2669,0.9884489,-1.028973,11,0
2670,0.9885581,-1.028981,11,0
2671,0.9883243,-1.028971,11,0
2672,0.9875398,-1.028985,11,0
2673,0.9858598,-1.028985,11,0
2674,0.9850363,-1.028992,11,0
2675,0.9856033,-1.028989,11,0
2676,0.9868265,-1.028975,11,0
2677,0.9886272,-1.028976,11,0
2678,0.9903252,-1.028986,11,0
2679,0.9920965,-1.028983,11,0
2680,0.9946661,-1.028983,11,0
2681,0.9977728,-1.028983,11,0
2682,1.000939,-1.028986,11,0
2683,1.004201,-1.028981,11,0
2684,1.006955,-1.028972,11,0
2685,1.008853,-1.02898,11,0
2686,1.010944,-1.028999,11,0
2687,1.012859,-1.028953,11,0
2688,1.014502,-1.02893,11,0
2689,1.015835,-1.029018,11,0
2690,1.016868,-1.028992,11,0
2691,1.018003,-1.028975,11,0
2692,1.019198,-1.028985,11,0
2693,1.020071,-1.028997,11,0
2694,1.020914,-1.028984,11,0
2695,1.021351,-1.028981,11,0
2696,1.021556,-1.028978,11,0
2697,1.021715,-1.02898,11,0
2698,1.021926,-1.028979,11,0
2699,1.022243,-1.028974,11,0
2700,1.022871,-1.028998,11,0
2701,1.023751,-1.029025,11,0
2702,1.02418,-1.028855,11,0
2703,1.024059,-1.028923,11,0
2704,1.022554,-1.029009,11,0
2705,1.020178,-1.028984,11,0
2706,1.018216,-1.02898,11,0
2707,1.016208,-1.02898,11,0
2708,1.013947,-1.028994,11,0
2709,1.011143,-1.028983,11,0
2710,1.007704,-1.029084,11,0
2711,1.003983,-1.02895,11,0
2712,1.00058,-1.02882,11,0
2713,0.9978879,-1.029067,11,0
2714,0.995235,-1.028991,11,0
2715,0.9933764,-1.029006,11,0
2716,0.9921275,-1.02899,11,0
2717,0.9906927,-1.028985,11,0
2718,0.9893118,-1.028985,11,0
2719,0.988274,-1.028988,11,0
2720,0.9876191,-1.028979,11,0
2721,0.9878022,-1.02898,11,0
2722,0.9882228,-1.028973,11,0
2723,0.9885208,-1.028978,11,0
2724,0.9885212,-1.028977,11,0
2725,0.9881679,-1.028973,11,0
2726,0.9870918,-1.028987,11,0
2727,0.9854298,-1.028984,11,0
2728,0.9851006,-1.028995,11,0
2729,0.985911,-1.028985,11,0
2730,0.9873258,-1.028973,11,0
2731,0.9891668,-1.028979,11,0
2732,0.9908039,-1.028987,11,0
2733,0.9927606,-1.028981,11,0
2734,0.995565,-1.028985,11,0
2735,0.9986898,-1.028982,11,0
2736,1.001906,-1.028989,11,0
2737,1.005122,-1.028976,11,0
2738,1.007548,-1.028976,11,0
2739,1.009448,-1.028987,11,0
2740,1.011566,-1.028995,11,0
2741,1.013364,-1.028926,11,0
2742,1.014943,-1.028959,11,0
2743,1.016151,-1.029018,11,0
2744,1.017189,-1.028983,11,0
2745,1.018354,-1.028978,11,0
2746,1.019495,-1.028985,11,0
2747,1.020339,-1.028997,11,0
2748,1.021088,-1.028979,11,0
2749,1.021417,-1.028984,11,0
2750,1.02161,-1.028976,11,0
2751,1.021765,-1.028982,11,0
2752,1.022001,-1.028975,11,0
2753,1.022386,-1.028977,11,0
2754,1.023141,-1.029015,11,0
2755,1.023932,-1.029002,11,0
2756,1.024244,-1.028763,11,0
2757,1.023794,-1.02897,11,0
2758,1.02186,-1.029004,11,0
2759,1.019566,-1.028982,11,0
2760,1.01765,-1.028979,11,0
2761,1.015556,-1.028983,11,0
2762,1.0132,-1.028996,11,0
2763,1.010176,-1.029024,11,0
2764,1.006617,-1.028986,11,0
2765,1.00289,-1.02887,11,0
2766,0.9997444,-1.028895,11,0
2767,0.9970788,-1.029067,11,0
2768,0.9945673,-1.028977,11,0
2769,0.9929855,-1.029005,11,0
2770,0.9917354,-1.028985,11,0
2771,0.9902496,-1.028986,11,0
2772,0.9889898,-1.028982,11,0
2773,0.9880156,-1.02899,11,0
2774,0.9875909,-1.028974,11,0
2775,0.9879469,-1.028983,11,0
2776,0.9883211,-1.02897,11,0
2777,0.9885635,-1.028982,11,0
2778,0.9884627,-1.028973,11,0
2779,0.9879551,-1.028977,11,0
2780,0.9865722,-1.028987,11,0
2781,0.985146,-1.028986,11,0
2782,0.9852617,-1.028994,11,0
2783,0.9862477,-1.02898,11,0
2784,0.9878647,-1.028973,-9.526278,5.5
2785,0.9896713,-1.028982,-9.526278,5.5
2786,0.9913113,-1.028986,-9.526278,5.5
2787,0.9935136,-1.028981,-9.526278,5.5
2788,0.996493,-1.028985,-9.526278,5.5
2789,0.9996261,-1.028982,-9.526278,5.5
2790,1.002878,-1.02899,-9.526278,5.5
2791,1.005968,-1.028973,-9.526278,5.5
2792,1.008085,-1.028982,-9.526278,5.5
2793,1.010069,-1.028995,-9.526278,5.5
2794,1.012142,-1.028985,-9.526278,5.5
2795,1.013855,-1.028914,-9.526278,5.5
2796,1.015349,-1.028994,-9.526278,5.5
2797,1.016452,-1.029009,-9.526278,5.5
2798,1.017528,-1.028977,-9.526278,5.5
2799,1.018708,-1.028982,-9.526278,5.5
2800,1.019719,-1.028992,-9.526278,5.5
2801,1.0206,-1.028993,-9.526278,5.5
2802,1.021222,-1.028978,-9.526278,5.5
2803,1.021473,-1.028984,-9.526278,5.5
2804,1.021656,-1.028977,-9.526278,5.5
2805,1.021825,-1.028982,-9.526278,5.5
2806,1.022088,-1.028973,-9.526278,5.5
2807,1.022558,-1.028982,-9.526278,5.5
2808,1.023415,-1.029027,-9.526278,5.5
2809,1.024044,-1.028954,-9.526278,5.5
2810,1.02423,-1.028823,-9.526278,5.5
2811,1.02337,-1.028998,-9.526278,5.5
2812,1.021134,-1.028995,-9.526278,5.5
2813,1.01899,-1.028981,-9.526278,5.5
2814,1.017066,-1.028979,-9.526278,5.5
2815,1.014897,-1.028988,-9.526278,5.5
2816,1.012387,-1.028992,-9.526278,5.5
2817,1.009163,-1.029078,-9.526278,5.5
2818,1.005512,-1.028961,-9.526278,5.5
2819,1.001861,-1.028809,-9.526278,5.5
2820,0.9989684,-1.028994,-9.526278,5.5
2821,0.996276,-1.02904,-9.526278,5.5
2822,0.9940067,-1.028994,-9.526278,5.5
2823,0.9926235,-1.029,-9.526278,5.5
2824,0.9913074,-1.028983,-9.526278,5.5
2825,0.9898281,-1.028987,-9.526278,5.5
2826,0.9886776,-1.028984,-9.526278,5.5
2827,0.9878031,-1.028989,-9.526278,5.5
2828,0.9876431,-1.028975,-9.526278,5.5
2829,0.9880846,-1.028982,-9.526278,5.5
2830,0.9884163,-1.028972,-9.526278,5.5
2831,0.9885678,-1.028982,-9.526278,5.5
2832,0.9883701,-1.028971,-9.526278,5.5
2833,0.9876761,-1.028983,-9.526278,5.5
2834,0.9860459,-1.028985,-9.526278,5.5
2835,0.9850414,-1.028991,-9.526278,5.5
2836,0.9854988,-1.028991,-9.526278,5.5
2837,0.986654,-1.028976,-9.526278,5.5
2838,0.9884194,-1.028975,-9.526278,5.5
2839,0.9901482,-1.028985,-9.526278,5.5
2840,0.9918693,-1.028984,-9.526278,5.5
2841,0.9943401,-1.028983,-9.526278,5.5
2842,0.9974262,-1.028983,-9.526278,5.5
2843,1.000578,-1.028985,-9.526278,5.5
2844,1.003845,-1.028985,-9.526278,5.5
2845,1.006706,-1.028971,-9.526278,5.5
2846,1.008637,-1.02898,-9.526278,5.5
2847,1.010705,-1.028999,-9.526278,5.5
2848,1.012666,-1.028964,-9.526278,5.5
2849,1.014329,-1.028922,-9.526278,5.5
2850,1.015709,-1.029015,-9.526278,5.5
2851,1.016753,-1.028997,-9.526278,5.5
2852,1.017872,-1.028975,-9.526278,5.5
2853,1.019065,-1.028985,-9.526278,5.5
2854,1.019971,-1.028996,-9.526278,5.5
2855,1.020836,-1.028986,-9.526278,5.5
2856,1.021321,-1.02898,-9.526278,5.5
2857,1.021532,-1.02898,-9.526278,5.5
2858,1.021699,-1.028979,-9.526278,5.5
2859,1.021899,-1.02898,-9.526278,5.5
2860,1.022196,-1.028973,-9.526278,5.5
2861,1.022776,-1.028992,-9.526278,5.5
2862,1.023667,-1.029029,-9.526278,5.5
2863,1.024147,-1.028885,-9.526278,5.5
2864,1.024125,-1.028899,-9.526278,5.5
2865,1.022797,-1.029008,-9.526278,5.5
2866,1.020428,-1.028986,-9.526278,5.5
2867,1.018427,-1.02898,-9.526278,5.5
2868,1.01645,-1.02898,-9.526278,5.5
2869,1.014213,-1.028993,-9.526278,5.5
2870,1.011495,-1.02898,-9.526278,5.5
2871,1.008109,-1.029095,-9.526278,5.5
2872,1.004402,-1.028972,-9.526278,5.5
2873,1.000914,-1.028805,-9.526278,5.5
2874,0.9981883,-1.029057,-9.526278,5.5
2875,0.995508,-1.029003,-9.526278,5.5
2876,0.9935356,-1.029005,-9.526278,5.5
2877,0.9922657,-1.028992,-9.526278,5.5
2878,0.9908614,-1.028984,-9.526278,5.5
2879,0.9894435,-1.028986,-9.526278,5.5
2880,0.9883798,-1.028987,-9.526278,5.5
2881,0.9876543,-1.028983,-9.526278,5.5
2882,0.9877518,-1.028978,-9.526278,5.5
2883,0.9881876,-1.028975,-9.526278,5.5
2884,0.9884967,-1.028976,-9.526278,5.5
2885,0.9885368,-1.028978,-9.526278,5.5
2886,0.9882329,-1.028972,-9.526278,5.5
2887,0.987272,-1.028987,-9.526278,5.5
2888,0.9855776,-1.028984,-9.526278,5.5
2889,0.985064,-1.028994,-9.526278,5.5
2890,0.9857913,-1.028986,-9.526278,5.5
2891,0.9871324,-1.028974,-9.526278,5.5
2892,0.9889674,-1.028978,-9.526278,5.5
2893,0.990622,-1.028987,-9.526278,5.5
2894,0.9925002,-1.028982,-9.526278,5.5
2895,0.9952228,-1.028984,-9.526278,5.5
2896,0.9983434,-1.028982,-9.526278,5.5
2897,1.001542,-1.028988,-9.526278,5.5
2898,1.004783,-1.028977,-9.526278,5.5
2899,1.007335,-1.028974,-9.526278,5.5
2900,1.009221,-1.028984,-9.526278,5.5
2901,1.011336,-1.028997,-9.526278,5.5
2902,1.013176,-1.028935,-9.526278,5.5
2903,1.014781,-1.028947,-9.526278,5.5
2904,1.016034,-1.029019,-9.526278,5.5
2905,1.017066,-1.028986,-9.526278,5.5
2906,1.018221,-1.028976,-9.526278,5.5
2907,1.01942,-1.028982,-9.526278,5.5
2908,1.020238,-1.028997,-9.526278,5.5
2909,1.021028,-1.02898,-9.526278,5.5
2910,1.021394,-1.028983,-9.526278,5.5
2911,1.021591,-1.028976,-9.526278,5.5
2912,1.021745,-1.028981,-9.526278,5.5
2913,1.021972,-1.028976,-9.526278,5.5
2914,1.022329,-1.028976,-9.526278,5.5
2915,1.023037,-1.029009,-9.526278,5.5
2916,1.023872,-1.029013,-9.526278,5.5
2917,1.024226,-1.028799,-9.526278,5.5
2918,1.023909,-1.028955,-9.526278,5.5
2919,1.022127,-1.029006,-9.526278,5.5
2920,1.019789,-1.028982,-9.526278,5.5
2921,1.017864,-1.02898,-9.526278,5.5
2922,1.015801,-1.028982,-9.526278,5.5
2923,1.013487,-1.028996,-9.526278,5.5
2924,1.010544,-1.029005,-9.526278,5.5
2925,1.007026,-1.029036,-9.526278,5.5
2926,1.003295,-1.028901,-9.526278,5.5
2927,1.00005,-1.028862,-9.526278,5.5
2928,0.9973833,-1.029071,-9.526278,5.5
2929,0.9948066,-1.028978,-9.526278,5.5
2930,0.9931275,-1.029006,-9.526278,5.5
2931,0.9918875,-1.028986,-9.526278,5.5
2932,0.9904144,-1.028986,-9.526278,5.5
2933,0.9891089,-1.028983,-9.526278,5.5
2934,0.9881082,-1.02899,-9.526278,5.5
2935,0.9875908,-1.028975,-9.526278,5.5
2936,0.9878918,-1.028982,-9.526278,5.5
2937,0.9882839,-1.02897,-9.526278,5.5
2938,0.9885516,-1.02898,-9.526278,5.5
2939,0.988488,-1.028975,-9.526278,5.5
2940,0.9880421,-1.028975,-9.526278,5.5
2941,0.9867716,-1.028987,-9.526278,5.5
2942,0.9852315,-1.028984,-9.526278,5.5
2943,0.9851911,-1.028995,-9.526278,5.5
2944,0.9861178,-1.028982,-9.526278,5.5
2945,0.9876592,-1.028973,-9.526278,5.5
2946,0.9894863,-1.028981,-9.526278,5.5
2947,0.991116,-1.028987,-9.526278,5.5
2948,0.9932213,-1.028981,-9.526278,5.5
2949,0.9961424,-1.028985,-9.526278,5.5
2950,0.9992723,-1.028982,-9.526278,5.5
2951,1.002513,-1.02899,-9.526278,5.5
2952,1.005661,-1.028974,-9.526278,5.5
2953,1.007886,-1.02898,-9.526278,5.5
2954,1.009833,-1.028992,-9.526278,5.5
2955,1.011934,-1.028989,-9.526278,5.5
2956,1.013672,-1.028916,-9.526278,5.5
2957,1.015202,-1.028981,-9.526278,5.5
2958,1.01634,-1.029013,-9.526278,5.5
2959,1.0174,-1.028979,-9.526278,5.5
2960,1.018575,-1.02898,-9.526278,5.5
2961,1.019631,-1.028989,-9.526278,5.5
2962,1.020504,-1.028995,-9.526278,5.5
2963,1.021177,-1.028978,-9.526278,5.5
2964,1.021452,-1.028985,-9.526278,5.5
2965,1.021639,-1.028976,-9.526278,5.5
2966,1.021801,-1.028982,-9.526278,5.5
2967,1.022053,-1.028974,-9.526278,5.5
2968,1.02249,-1.02898,-9.526278,5.5
2969,1.023313,-1.029023,-9.526278,5.5
2970,1.024005,-1.028975,-9.526278,5.5
2971,1.024246,-1.02879,-9.526278,5.5
2972,1.023549,-1.02899,-9.526278,5.5
2973,1.021407,-1.028998,-9.526278,5.5
2974,1.019204,-1.028982,-9.526278,5.5
2975,1.017288,-1.028979,-9.526278,5.5
2976,1.015147,-1.028986,-9.526278,5.5
2977,1.012701,-1.028994,-9.526278,5.5
2978,1.009549,-1.029059,-9.526278,5.5
2979,1.005933,-1.028916,-9.526278,5.5
2980,1.002238,-1.028826,-9.526278,5.5
2981,0.9992545,-1.028957,-9.526278,5.5
2982,0.996575,-1.029052,-9.526278,5.5
2983,0.994205,-1.028987,-9.526278,5.5
2984,0.9927576,-1.029002,-9.526278,5.5
2985,0.9914712,-1.028984,-9.526278,5.5
2986,0.9899829,-1.028986,-9.526278,5.5
2987,0.9887936,-1.028983,-9.526278,5.5
2988,0.9878764,-1.02899,-9.526278,5.5
2989,0.9876156,-1.028974,-9.526278,5.5
2990,0.9880356,-1.028983,-9.526278,5.5
2991,0.9883817,-1.028971,-9.526278,5.5
2992,0.9885713,-1.028982,-9.526278,5.5
2993,0.9884095,-1.028972,-9.526278,5.5
2994,0.9877906,-1.02898,-9.526278,5.5
2995,0.9862402,-1.028986,-9.526278,5.5
2996,0.9850641,-1.028989,-9.526278,5.5
2997,0.9854022,-1.028992,-9.526278,5.5
2998,0.9864917,-1.028977,-9.526278,5.5
2999,0.9882107,-1.028974,-9.526278,5.5
3000,0.9899708,-1.028984,-9.526278,5.5
3001,0.9916525,-1.028985,-9.526278,5.5
3002,0.9940223,-1.028982,-9.526278,5.5
3003,0.9970768,-1.028984,-9.526278,5.5
3004,1.000219,-1.028984,-9.526278,5.5
3005,1.003484,-1.028987,-9.526278,5.5
3006,1.006443,-1.028972,-9.526278,5.5
3007,1.008424,-1.028982,-9.526278,5.5
3008,1.010466,-1.028998,-9.526278,5.5
3009,1.01247,-1.028974,-9.526278,5.5
3010,1.014154,-1.028917,-9.526278,5.5
3011,1.015579,-1.029009,-9.526278,5.5
3012,1.016639,-1.029001,-9.526278,5.5
3013,1.017743,-1.028975,-9.526278,5.5
3014,1.018931,-1.028984,-9.526278,5.5
3015,1.019874,-1.028995,-9.526278,5.5
3016,1.020752,-1.028989,-9.526278,5.5
3017,1.021288,-1.028979,-9.526278,5.5
3018,1.021508,-1.028982,-9.526278,5.5
3019,1.021683,-1.028978,-9.526278,5.5
3020,1.021871,-1.028981,-9.526278,5.5
3021,1.022153,-1.028973,-9.526278,5.5
3022,1.022688,-1.028988,-9.526278,5.5
3023,1.023577,-1.02903,-9.526278,5.5
3024,1.024109,-1.028913,-9.526278,5.5
3025,1.024176,-1.028873,-9.526278,5.5
3026,1.023026,-1.029006,-9.526278,5.5
3027,1.020688,-1.028989,-9.526278,5.5
3028,1.018638,-1.028981,-9.526278,5.5
3029,1.016686,-1.028979,-9.526278,5.5
3030,1.014474,-1.028991,-9.526278,5.5
3031,1.01184,-1.028985,-9.526278,5.5
3032,1.008509,-1.029096,-9.526278,5.5
3033,1.00482,-1.028983,-9.526278,5.5
3034,1.001259,-1.028798,-9.526278,5.5
3035,0.9984851,-1.02904,-9.526278,5.5
3036,0.9957903,-1.029017,-9.526278,5.5
3037,0.9937038,-1.029002,-9.526278,5.5
3038,0.9924011,-1.028995,-9.526278,5.5
3039,0.9910299,-1.028984,-9.526278,5.5
3040,0.9895827,-1.028986,-9.526278,5.5
3041,0.9884892,-1.028986,-9.526278,5.5
3042,0.9877015,-1.028986,-9.526278,5.5
3043,0.9877059,-1.028977,-9.526278,5.5
3044,0.9881538,-1.028978,-9.526278,5.5
3045,0.9884689,-1.028975,-9.526278,5.5
3046,0.9885502,-1.02898,-9.526278,5.5
3047,0.9882903,-1.028971,-9.526278,5.5
3048,0.9874386,-1.028986,-9.526278,5.5
3049,0.9857426,-1.028984,-9.526278,5.5
3050,0.9850422,-1.028993,-9.526278,5.5
3051,0.9856763,-1.028988,-9.526278,5.5
3052,0.9869459,-1.028974,-9.526278,5.5
3053,0.9887638,-1.028977,-9.526278,5.5
3054,0.990443,-1.028987,-9.526278,5.5
3055,0.9922533,-1.028982,-9.526278,5.5
3056,0.994886,-1.028984,-9.526278,5.5
3057,0.9980003,-1.028983,-9.526278,5.5
3058,1.001179,-1.028987,-9.526278,5.5
3059,1.004435,-1.028979,-9.526278,5.5
3060,1.007111,-1.028972,-9.526278,5.5
3061,1.008998,-1.028981,-9.526278,5.5
3062,1.011101,-1.028999,-9.526278,5.5
3063,1.012986,-1.028945,-9.526278,5.5
3064,1.014614,-1.028936,-9.526278,5.5
3065,1.015915,-1.029019,-9.526278,5.5
3066,1.016946,-1.02899,-9.526278,5.5
3067,1.01809,-1.028975,-9.526278,5.5
3068,1.019287,-1.028984,-9.526278,5.5
3069,1.020137,-1.028997,-9.526278,5.5
3070,1.020961,-1.028982,-9.526278,5.5
3071,1.021369,-1.028982,-9.526278,5.5
3072,1.021571,-1.028977,-9.526278,5.5
3073,1.021727,-1.02898,-9.526278,5.5
3074,1.021944,-1.028978,-9.526278,5.5
3075,1.022276,-1.028975,-9.526278,5.5
3076,1.022936,-1.029002,-9.526278,5.5
3077,1.023802,-1.029022,9.526278,-5.5
3078,1.0242,-1.028834,9.526278,-5.5
3079,1.024005,-1.028936,9.526278,-5.5
3080,1.022387,-1.029008,9.526278,-5.5
3081,1.020018,-1.028983,9.526278,-5.5
3082,1.018076,-1.02898,9.526278,-5.5
3083,1.016046,-1.028981,9.526278,-5.5
3084,1.013766,-1.028995,9.526278,-5.5
3085,1.010906,-1.028989,9.526278,-5.5
3086,1.007435,-1.02907,9.526278,-5.5
3087,1.003707,-1.028931,9.526278,-5.5
3088,1.000365,-1.028834,9.526278,-5.5
3089,0.9976873,-1.029071,9.526278,-5.5
3090,0.99506,-1.028985,9.526278,-5.5
3091,0.993275,-1.029007,9.526278,-5.5
3092,0.9920335,-1.028988,9.526278,-5.5
3093,0.9905813,-1.028985,9.526278,-5.5
3094,0.9892288,-1.028984,9.526278,-5.5
3095,0.9882063,-1.028989,9.526278,-5.5
3096,0.9876033,-1.028977,9.526278,-5.5
3097,0.9878373,-1.028981,9.526278,-5.5
3098,0.9882469,-1.028971,9.526278,-5.5
3099,0.9885346,-1.028979,9.526278,-5.5
3100,0.9885092,-1.028976,9.526278,-5.5
3101,0.9881205,-1.028973,9.526278,-5.5
3102,0.9869666,-1.028987,9.526278,-5.5
3103,0.9853431,-1.028984,9.526278,-5.5
3104,0.9851325,-1.028995,9.526278,-5.5
3105,0.9859926,-1.028983,9.526278,-5.5
3106,0.9874573,-1.028973,9.526278,-5.5
3107,0.9892962,-1.02898,9.526278,-5.5
3108,0.9909267,-1.028987,9.526278,-5.5
3109,0.9929403,-1.028981,9.526278,-5.5
3110,0.9957941,-1.028985,9.526278,-5.5
3111,0.9989211,-1.028982,9.526278,-5.5
3112,1.002148,-1.02899,9.526278,-5.5
3113,1.005341,-1.028975,9.526278,-5.5
3114,1.007685,-1.028977,9.526278,-5.5
3115,1.009601,-1.028989,9.526278,-5.5
3116,1.011715,-1.028993,9.526278,-5.5
3117,1.013488,-1.028921,9.526278,-5.5
3118,1.015048,-1.028968,9.526278,-5.5
3119,1.016227,-1.029016,9.526278,-5.5
3120,1.017273,-1.028981,9.526278,-5.5
3121,1.018442,-1.028979,9.526278,-5.5
3122,1.019548,-1.028986,9.526278,-5.5
3123,1.020406,-1.028996,9.526278,-5.5
3124,1.021125,-1.028978,9.526278,-5.5
3125,1.021431,-1.028984,9.526278,-5.5
3126,1.021622,-1.028976,9.526278,-5.5
3127,1.021778,-1.028982,9.526278,-5.5
3128,1.022021,-1.028975,9.526278,-5.5
3129,1.022426,-1.028978,9.526278,-5.5
3130,1.023209,-1.029018,9.526278,-5.5
3131,1.023965,-1.028992,9.526278,-5.5
3132,1.024251,-1.028753,9.526278,-5.5
3133,1.023705,-1.028979,9.526278,-5.5
3134,1.02168,-1.029002,9.526278,-5.5
3135,1.019421,-1.028982,9.526278,-5.5
3136,1.017507,-1.028979,9.526278,-5.5
3137,1.015394,-1.028984,9.526278,-5.5
3138,1.013004,-1.028996,9.526278,-5.5
3139,1.009928,-1.029039,9.526278,-5.5
3140,1.006346,-1.028944,9.526278,-5.5
3141,1.002627,-1.028851,9.526278,-5.5
3142,0.9995465,-1.028919,9.526278,-5.5
3143,0.9968773,-1.029062,9.526278,-5.5
3144,0.9944174,-1.028979,9.526278,-5.5
3145,0.9928936,-1.029004,9.526278,-5.5
3146,0.9916314,-1.028984,9.526278,-5.5
3147,0.990142,-1.028986,9.526278,-5.5
3148,0.9889112,-1.028982,9.526278,-5.5
3149,0.9879578,-1.02899,9.526278,-5.5
3150,0.9875973,-1.028973,9.526278,-5.5
3151,0.987983,-1.028983,9.526278,-5.5
3152,0.9883456,-1.02897,9.526278,-5.5
3153,0.9885686,-1.028982,9.526278,-5.5
3154,0.9884432,-1.028973,9.526278,-5.5
3155,0.9878925,-1.028978,9.526278,-5.5
3156,0.9864393,-1.028987,-5.5,9.526279
3157,0.9851054,-1.028987,-5.5,9.526279
3158,0.9853144,-1.028993,-5.5,9.526279
3159,0.9863408,-1.028979,-5.5,9.526279
3160,0.9880022,-1.028974,-5.5,9.526279
3161,0.9897916,-1.028983,-5.5,9.526279
3162,0.9914447,-1.028986,-5.5,9.526279
3163,0.9937132,-1.028982,-5.5,9.526279
3164,0.9967258,-1.028984,-5.5,9.526279
3165,0.9998618,-1.028983,-5.5,9.526279
3166,1.00312,-1.028989,-5.5,9.526279
3167,1.006162,-1.028973,-5.5,9.526279
3168,1.008218,-1.028983,-5.5,9.526279
3169,1.010227,-1.028996,-5.5,9.526279
3170,1.012274,-1.028982,-5.5,9.526279
3171,1.013975,-1.028914,-5.5,9.526279
3172,1.015443,-1.029001,-5.5,9.526279
3173,1.016527,-1.029006,-5.5,9.526279
3174,1.017613,-1.028976,-5.5,9.526279
3175,1.018797,-1.028983,-5.5,9.526279
3176,1.01978,-1.028993,-5.5,9.526279
3177,1.020662,-1.028991,-5.5,9.526279
3178,1.02125,-1.028979,-5.5,9.526279
3179,1.021486,-1.028984,-5.5,9.526279
3180,1.021667,-1.028977,-5.5,9.526279
3181,1.021843,-1.028982,-5.5,9.526279
3182,1.022113,-1.028973,-5.5,9.526279
3183,1.022607,-1.028984,-5.5,9.526279
3184,1.023481,-1.029029,-5.5,9.526279
3185,1.02407,-1.028939,-5.5,9.526279
3186,1.024213,-1.028844,-5.5,9.526279
3187,1.023239,-1.029002,-5.5,9.526279
3188,1.020955,-1.028992,-5.5,9.526279
3189,1.018849,-1.028981,-5.5,9.526279
3190,1.016916,-1.028979,-5.5,9.526279
3191,1.01473,-1.028989,-5.5,9.526279
3192,1.012173,-1.02899,-5.5,9.526279
3193,1.008904,-1.029087,-5.5,9.526279
3194,1.005236,-1.028978,-5.5,9.526279
3195,1.001617,-1.028802,-5.5,9.526279
3196,0.9987775,-1.029015,-5.5,9.526279
3197,0.9960803,-1.029031,-5.5,9.526279
3198,0.9938822,-1.028997,-5.5,9.526279
3199,0.9925349,-1.028998,-5.5,9.526279
3200,0.9911974,-1.028984,-5.5,9.526279
3201,0.9897283,-1.028986,-5.5,9.526279
3202,0.9886017,-1.028985,-5.5,9.526279
3203,0.9877594,-1.028988,-5.5,9.526279
3204,0.9876658,-1.028975,-5.5,9.526279
3205,0.9881144,-1.028981,-5.5,9.526279
3206,0.9884381,-1.028973,-5.5,9.526279
3207,0.9885619,-1.028981,-5.5,9.526279
3208,0.9883404,-1.028971,-5.5,9.526279
3209,0.987588,-1.028984,-5.5,9.526279
3210,0.9859214,-1.028985,-5.5,9.526279
3211,0.9850361,-1.028992,-5.5,9.526279
3212,0.9855673,-1.02899,-5.5,9.526279
3213,0.9867674,-1.028975,-5.5,9.526279
3214,0.9885574,-1.028976,-5.5,9.526279
3215,0.9902655,-1.028986,-5.5,9.526279
3216,0.9920188,-1.028983,-5.5,9.526279
3217,0.9945554,-1.028983,-5.5,9.526279
3218,0.9976565,-1.028983,-5.5,9.526279
3219,1.000817,-1.028986,-5.5,9.526279
3220,1.004082,-1.028982,-5.5,9.526279
3221,1.006873,-1.028971,-5.5,9.526279
3222,1.00878,-1.02898,-5.5,9.526279
3223,1.010864,-1.028999,-5.5,9.526279
3224,1.012794,-1.028957,-5.5,9.526279
3225,1.014444,-1.028927,-5.5,9.526279
3226,1.015793,-1.029017,-5.5,9.526279
3227,1.016829,-1.028994,-5.5,9.526279
3228,1.017959,-1.028975,-5.5,9.526279
3229,1.019153,-1.028985,-5.5,9.526279
3230,1.020037,-1.028997,-5.5,9.526279
3231,1.020889,-1.028985,-5.5,9.526279
3232,1.021342,-1.028981,-5.5,9.526279
3233,1.021548,-1.028979,-5.5,9.526279
3234,1.02171,-1.02898,-5.5,9.526279
3235,1.021917,-1.028979,-5.5,9.526279
3236,1.022226,-1.028974,-5.5,9.526279
3237,1.022838,-1.028996,-5.5,9.526279
3238,1.023724,-1.029027,-5.5,9.526279
3239,1.024169,-1.028866,-5.5,9.526279
3240,1.024083,-1.028915,-5.5,9.526279
3241,1.022638,-1.029009,-5.5,9.526279
3242,1.020261,-1.028984,-5.5,9.526279
3243,1.018287,-1.02898,-5.5,9.526279
3244,1.01629,-1.02898,-5.5,9.526279
3245,1.014037,-1.028994,-5.5,9.526279
3246,1.011262,-1.028981,-5.5,9.526279
3247,1.007841,-1.029089,-5.5,9.526279
3248,1.004124,-1.028958,-5.5,9.526279
3249,1.000691,-1.028813,-5.5,9.526279
3250,0.9979895,-1.029064,-5.5,9.526279
3251,0.9953258,-1.028995,-5.5,9.526279
3252,0.9934291,-1.029006,-5.5,9.526279
3253,0.9921745,-1.02899,-5.5,9.526279
3254,0.9907495,-1.028984,-5.5,9.526279
3255,0.9893553,-1.028985,-5.5,9.526279
3256,0.9883093,-1.028988,-5.5,9.526279
3257,0.9876295,-1.02898,-5.5,9.526279
3258,0.9877849,-1.02898,-5.5,9.526279
3259,0.9882107,-1.028973,-5.5,9.526279
3260,0.9885132,-1.028977,-5.5,9.526279
3261,0.9885268,-1.028977,-5.5,9.526279
3262,0.9881907,-1.028972,-5.5,9.526279
3263,0.9871538,-1.028987,-5.5,9.526279
3264,0.9854775,-1.028984,-5.5,9.526279
3265,0.9850867,-1.028994,-5.5,9.526279
3266,0.9858702,-1.028985,-5.5,9.526279
3267,0.98726,-1.028973,-5.5,9.526279
3268,0.9891001,-1.028979,-5.5,9.526279
3269,0.9907422,-1.028987,-5.5,9.526279
3270,0.9926713,-1.028981,-5.5,9.526279
3271,0.9954491,-1.028985,-5.5,9.526279
3272,0.9985727,-1.028982,-5.5,9.526279
3273,1.001783,-1.028989,-5.5,9.526279
3274,1.005009,-1.028976,-5.5,9.526279
3275,1.007478,-1.028975,-5.5,9.526279
3276,1.009371,-1.028986,-5.5,9.526279
3277,1.011489,-1.028996,-5.5,9.526279
3278,1.013301,-1.028929,-5.5,9.526279
3279,1.014889,-1.028955,-5.5,9.526279
3280,1.016112,-1.029019,-5.5,9.526279
3281,1.017147,-1.028984,-5.5,9.526279
3282,1.018309,-1.028977,-5.5,9.526279
3283,1.019469,-1.028984,-5.5,9.526279
3284,1.020305,-1.028997,-5.5,9.526279
3285,1.021069,-1.028979,-5.5,9.526279
3286,1.02141,-1.028984,-5.5,9.526279
3287,1.021604,-1.028976,-5.5,9.526279
3288,1.021758,-1.028982,-5.5,9.526279
3289,1.021991,-1.028976,5.5,-9.526279
3290,1.022366,-1.028976,5.5,-9.526279
3291,1.023106,-1.029013,5.5,-9.526279
3292,1.023913,-1.029006,5.5,-9.526279
3293,1.024239,-1.028775,5.5,-9.526279
3294,1.023835,-1.028965,5.5,-9.526279
3295,1.02195,-1.029005,5.5,-9.526279
3296,1.019641,-1.028982,5.5,-9.526279
3297,1.017723,-1.028979,5.5,-9.526279
3298,1.015639,-1.028983,5.5,-9.526279
3299,1.013298,-1.028996,5.5,-9.526279
3300,1.010301,-1.029017,5.5,-9.526279
3301,1.006755,-1.029005,5.5,-9.526279
3302,1.003026,-1.02888,5.5,-9.526279
3303,0.9998464,-1.028883,5.5,-9.526279
3304,0.9971814,-1.029069,5.5,-9.526279
3305,0.9946463,-1.028977,5.5,-9.526279
3306,0.9930329,-1.029006,5.5,-9.526279
3307,0.9917874,-1.028985,5.5,-9.526279
3308,0.9903048,-1.028986,5.5,-9.526279
3309,0.9890299,-1.028982,5.5,-9.526279
3310,0.9880461,-1.02899,5.5,-9.526279
3311,0.9875896,-1.028974,5.5,-9.526279
3312,0.9879283,-1.028983,5.5,-9.526279
3313,0.9883086,-1.02897,5.5,-9.526279
3314,0.9885601,-1.028981,5.5,-9.526279
3315,0.9884717,-1.028974,5.5,-9.526279
3316,0.9879853,-1.028976,5.5,-9.526279
3317,0.9866397,-1.028987,5.5,-9.526279
3318,0.9851717,-1.028985,5.5,-9.526279
3319,0.9852366,-1.028994,5.5,-9.526279
3320,0.9862025,-1.02898,5.5,-9.526279
3321,0.9877951,-1.028973,5.5,-9.526279
3322,0.9896094,-1.028981,5.5,-9.526279
3323,0.9912447,-1.028987,5.5,-9.526279
3324,0.9934139,-1.028981,5.5,-9.526279
3325,0.9963746,-1.028985,5.5,-9.526279
3326,0.9995067,-1.028982,5.5,-9.526279
3327,1.002755,-1.02899,5.5,-9.526279
3328,1.005866,-1.028973,5.5,-9.526279
3329,1.008018,-1.028981,5.5,-9.526279
3330,1.00999,-1.028994,5.5,-9.526279
3331,1.012073,-1.028987,5.5,-9.526279
3332,1.013794,-1.028914,5.5,-9.526279
3333,1.0153,-1.02899,5.5,-9.526279
3334,1.016414,-1.02901,5.5,-9.526279
3335,1.017485,-1.028978,5.5,-9.526279
3336,1.018663,-1.028981,5.5,-9.526279
3337,1.019689,-1.028991,5.5,-9.526279
3338,1.020568,-1.028993,5.5,-9.526279
3339,1.021208,-1.028978,5.5,-9.526279
3340,1.021466,-1.028984,5.5,-9.526279
3341,1.02165,-1.028976,5.5,-9.526279
3342,1.021817,-1.028982,5.5,-9.526279
3343,1.022076,-1.028973,5.5,-9.526279
3344,1.022535,-1.028981,5.5,-9.526279
3345,1.023381,-1.029026,5.5,-9.526279
3346,1.024031,-1.028961,5.5,-9.526279
3347,1.024236,-1.028812,5.5,-9.526279
3348,1.023433,-1.028995,5.5,-9.526279
3349,1.021226,-1.028996,5.5,-9.526279
3350,1.019062,-1.028981,5.5,-9.526279
3351,1.017141,-1.028979,5.5,-9.526279
3352,1.014982,-1.028987,5.5,-9.526279
3353,1.012494,-1.028993,5.5,-9.526279
3354,1.009294,-1.029072,5.5,-9.526279
3355,1.005654,-1.028948,5.5,-9.526279
3356,1.001987,-1.028814,5.5,-9.526279
3357,0.9990646,-1.028982,5.5,-9.526279
3358,0.9963763,-1.029044,5.5,-9.526279
3359,0.9940721,-1.028992,5.5,-9.526279
3360,0.9926686,-1.029001,5.5,-9.526279
3361,0.9913629,-1.028984,5.5,-9.526279
3362,0.9898797,-1.028986,5.5,-9.526279
3363,0.9887164,-1.028983,5.5,-9.526279
3364,0.9878268,-1.028989,5.5,-9.526279
3365,0.9876329,-1.028974,5.5,-9.526279
3366,0.9880685,-1.028982,5.5,-9.526279
3367,0.9884048,-1.028972,5.5,-9.526279
3368,0.9885697,-1.028982,5.5,-9.526279
3369,0.9883841,-1.028971,5.5,-9.526279
3370,0.9877171,-1.028982,5.5,-9.526279
3371,0.9861107,-1.028986,5.5,-9.526279
3372,0.9850471,-1.02899,5.5,-9.526279
3373,0.9854653,-1.028991,5.5,-9.526279
3374,0.986598,-1.028977,5.5,-9.526279
3375,0.988349,-1.028975,5.5,-9.526279
3376,0.9900885,-1.028985,5.5,-9.526279
3377,0.9917952,-1.028984,5.5,-9.526279
3378,0.9942321,-1.028983,5.5,-9.526279
3379,0.9973087,-1.028984,5.5,-9.526279
3380,1.000457,-1.028984,5.5,-9.526279
3381,1.003724,-1.028986,5.5,-9.526279
3382,1.006619,-1.028971,5.5,-9.526279
3383,1.008565,-1.02898,5.5,-9.526279
3384,1.010624,-1.028999,5.5,-9.526279
3385,1.0126,-1.028968,5.5,-9.526279
3386,1.01427,-1.02892,5.5,-9.526279
3387,1.015666,-1.029013,5.5,-9.526279
3388,1.016714,-1.028998,5.5,-9.526279
3389,1.017829,-1.028975,5.5,-9.526279
3390,1.019019,-1.028985,5.5,-9.526279
3391,1.019938,-1.028996,5.5,-9.526279
3392,1.020808,-1.028987,5.5,-9.526279
3393,1.021311,-1.02898,5.5,-9.526279
3394,1.021524,-1.028981,5.5,-9.526279
3395,1.021693,-1.028979,5.5,-9.526279
3396,1.02189,-1.02898,5.5,-9.526279
3397,1.022181,-1.028973,5.5,-9.526279
3398,1.022745,-1.028991,5.5,-9.526279
3399,1.023637,-1.029029,5.5,-9.526279
3400,1.024134,-1.028895,5.5,-9.526279
3401,1.024144,-1.028891,5.5,-9.526279
3402,1.022876,-1.029007,5.5,-9.526279
3403,1.020515,-1.028987,5.5,-9.526279
3404,1.018498,-1.028981,5.5,-9.526279
3405,1.01653,-1.02898,5.5,-9.526279
3406,1.014302,-1.028992,5.5,-9.526279
3407,1.011612,-1.028982,5.5,-9.526279
3408,1.008244,-1.029097,5.5,-9.526279
3409,1.004543,-1.028977,5.5,-9.526279
3410,1.001029,-1.028801,5.5,-9.526279
3411,0.9982888,-1.029052,5.5,-9.526279
3412,0.9956022,-1.029007,5.5,-9.526279
3413,0.9935912,-1.029004,5.5,-9.526279
3414,0.9923117,-1.028993,5.5,-9.526279
3415,0.9909182,-1.028984,5.5,-9.526279
3416,0.9894897,-1.028986,5.5,-9.526279
3417,0.9884163,-1.028987,5.5,-9.526279
3418,0.9876689,-1.028984,5.5,-9.526279
3419,0.9877358,-1.028978,5.5,-9.526279
3420,0.9881762,-1.028976,5.5,-9.526279
3421,0.9884877,-1.028975,5.5,-9.526279
3422,0.9885415,-1.028979,5.5,-9.526279
3423,0.988253,-1.028972,5.5,-9.526279
3424,0.9873298,-1.028986,5.5,-9.526279
3425,0.9856315,-1.028984,5.5,-9.526279
3426,0.985055,-1.028994,5.5,-9.526279
3427,0.9857519,-1.028987,5.5,-9.526279
3428,0.9870688,-1.028974,5.5,-9.526279
3429,0.9888992,-1.028978,5.5,-9.526279
3430,0.9905614,-1.028987,5.5,-9.526279
3431,0.9924156,-1.028982,5.5,-9.526279
3432,0.9951087,-1.028984,5.5,-9.526279
3433,0.9982274,-1.028982,5.5,-9.526279
3434,1.001419,-1.028988,5.5,-9.526279
3435,1.004667,-1.028978,5.5,-9.526279
3436,1.007261,-1.028973,5.5,-9.526279
3437,1.009146,-1.028983,0,11
3438,1.011257,-1.028998,0,11
3439,1.013112,-1.028938,0,11
3440,1.014725,-1.028943,0,11
3441,1.015995,-1.029019,0,11
3442,1.017025,-1.028987,0,11
3443,1.018177,-1.028976,0,11
3444,1.019375,-1.028983,0,11
3445,1.020204,-1.028997,0,11
3446,1.021006,-1.028981,0,11
3447,1.021386,-1.028983,0,11
3448,1.021585,-1.028977,0,11
3449,1.021739,-1.028981,0,11
3450,1.021963,-1.028977,0,11
3451,1.02231,-1.028975,0,11
3452,1.023003,-1.029006,0,11
3453,1.02385,-1.029016,0,11
3454,1.024218,-1.028811,0,11
3455,1.023944,-1.028949,0,11
3456,1.022215,-1.029007,0,11
3457,1.019865,-1.028982,0,11
3458,1.017936,-1.02898,0,11
3459,1.015883,-1.028981,0,11
3460,1.013582,-1.028996,0,11
3461,1.010667,-1.028999,0,11
3462,1.007164,-1.029049,0,11
3463,1.003433,-1.028911,0,11
3464,1.000155,-1.028852,0,11
3465,0.9974859,-1.029072,0,11
3466,0.9948906,-1.02898,0,11
3467,0.9931766,-1.029007,0,11
3468,0.9919375,-1.028987,0,11
3469,0.9904704,-1.028985,0,11
3470,0.9891492,-1.028983,0,11
3471,0.9881406,-1.028989,0,11
3472,0.9875935,-1.028975,0,11
3473,0.9878733,-1.028982,0,11
3474,0.9882714,-1.028971,0,11
3475,0.9885464,-1.02898,0,11
3476,0.9884955,-1.028975,0,11
3477,0.9880695,-1.028974,0,11
3478,0.986838,-1.028987,0,11
3479,0.9852663,-1.028984,0,11
3480,0.98517,-1.028995,0,11
3481,0.9860754,-1.028982,0,11
3482,0.9875907,-1.028973,0,11
3483,0.9894229,-1.02898,0,11
3484,0.9910516,-1.028987,0,11
3485,0.9931253,-1.028981,0,11
3486,0.9960248,-1.028985,0,11
3487,0.9991537,-1.028982,0,11
3488,1.00239,-1.02899,0,11
3489,1.005555,-1.028974,0,11
3490,1.007819,-1.028979,0,11
3491,1.009755,-1.028991,0,11
3492,1.011861,-1.028991,0,11
3493,1.01361,-1.028917,0,11
3494,1.015151,-1.028977,0,11
3495,1.016302,-1.029014,0,11
3496,1.017357,-1.028979,0,11
3497,1.01853,-1.02898,0,11
3498,1.019603,-1.028988,0,11
3499,1.020471,-1.028995,0,11
3500,1.02116,-1.028978,0,11
3501,1.021445,-1.028985,0,11
3502,1.021634,-1.028976,0,11
3503,1.021793,-1.028982,0,11
3504,1.022042,-1.028974,0,11
3505,1.022468,-1.028979,0,11
3506,1.023278,-1.029022,0,11
3507,1.023993,-1.028981,0,11
3508,1.024248,-1.028778,0,11
3509,1.023604,-1.028986,0,11
3510,1.021499,-1.029,0,11
3511,1.019277,-1.028982,0,11
3512,1.017362,-1.028979,0,11
3513,1.01523,-1.028986,0,11
3514,1.012805,-1.028995,0,11
3515,1.009678,-1.029052,0,11
3516,1.006076,-1.028895,0,11
3517,1.002368,-1.028834,0,11
3518,0.9993522,-1.028944,0,11
3519,0.9966766,-1.029056,0,11
3520,0.9942749,-1.028984,0,11
3521,0.9928032,-1.029003,0,11
3522,0.9915257,-1.028984,0,11
3523,0.9900361,-1.028986,0,11
3524,0.9888331,-1.028983,0,11
3525,0.987903,-1.02899,0,11
3526,0.9876083,-1.028974,0,11
3527,0.9880182,-1.028983,0,11
3528,0.9883696,-1.028971,0,11
3529,0.988571,-1.028982,0,11
3530,0.9884215,-1.028972,0,11
3531,0.987826,-1.02898,0,11
3532,0.9863069,-1.028986,0,11
3533,0.9850758,-1.028988,0,11
3534,0.9853715,-1.028993,0,11
3535,0.9864395,-1.028978,0,11
3536,0.9881403,-1.028974,0,11
3537,0.9899107,-1.028983,0,11
3538,0.9915814,-1.028985,0,11
3539,0.993917,-1.028982,0,11
3540,0.9969586,-1.028984,0,11
3541,1.000098,-1.028983,0,11
3542,1.003361,-1.028988,0,11
3543,1.00635,-1.028972,0,11
3544,1.008354,-1.028982,0,11
3545,1.010385,-1.028998,0,11
3546,1.012404,-1.028977,0,11
3547,1.014094,-1.028916,0,11
3548,1.015534,-1.029007,0,11
3549,1.016601,-1.029003,0,11
3550,1.017699,-1.028976,0,11
3551,1.018886,-1.028984,0,11
3552,1.019842,-1.028994,0,11
3553,1.020722,-1.02899,0,11
3554,1.021276,-1.028979,0,11
3555,1.021501,-1.028983,0,11
3556,1.021677,-1.028978,0,11
3557,1.021861,-1.028981,0,11
3558,1.022139,-1.028973,0,11
3559,1.022659,-1.028986,0,11
3560,1.023545,-1.02903,0,11
3561,1.024096,-1.028922,0,11
3562,1.02419,-1.028864,0,11
3563,1.0231,-1.029005,0,11
3564,1.020777,-1.02899,0,11
3565,1.018709,-1.028981,0,11
3566,1.016764,-1.028979,0,11
3567,1.014561,-1.028991,0,11
3568,1.011953,-1.028987,0,11
3569,1.008643,-1.029094,0,11
3570,1.004961,-1.028983,0,11
3571,1.001379,-1.028798,0,11
3572,0.9985842,-1.029032,0,11
3573,0.9958873,-1.029021,0,11
3574,0.9937627,-1.029,0,11
3575,0.9924463,-1.028996,0,11
3576,0.9910865,-1.028984,0,11
3577,0.9896311,-1.028986,0,11
3578,0.9885268,-1.028985,0,11
3579,0.9877198,-1.028987,0,11
3580,0.9876917,-1.028976,0,11
3581,0.9881413,-1.028979,0,11
3582,0.9884589,-1.028974,0,11
3583,0.9885542,-1.02898,0,11
3584,0.988308,-1.028971,0,11
3585,0.987491,-1.028985,0,11
3586,0.9858015,-1.028985,0,11
3587,0.9850383,-1.028993,0,11
3588,0.9856389,-1.028989,0,11
3589,0.9868847,-1.028975,0,11
3590,0.9886945,-1.028977,0,11
3591,0.990383,-1.028986,0,11
3592,0.9921729,-1.028983,0,11
3593,0.9947738,-1.028984,0,11
3594,0.9978849,-1.028983,0,11
3595,1.001057,-1.028986,0,11
3596,1.004317,-1.02898,0,11
3597,1.007032,-1.028972,0,11
3598,1.008924,-1.028981,0,11
3599,1.011021,-1.028999,0,11
3600,1.012921,-1.028949,0,11
3601,1.014557,-1.028933,0,11
3602,1.015875,-1.029019,0,11
3603,1.016906,-1.028991,0,11
3604,1.018046,-1.028975,0,11
3605,1.019242,-1.028984,0,11
3606,1.020103,-1.028997,0,11
3607,1.020938,-1.028983,0,11
3608,1.02136,-1.028982,0,11
3609,1.021563,-1.028978,0,11
3610,1.021721,-1.02898,0,11
3611,1.021935,-1.028978,0,11
3612,1.022259,-1.028974,0,11
3613,1.022902,-1.029,0,11
3614,1.023777,-1.029024,0,11
3615,1.024191,-1.028845,0,11
3616,1.024033,-1.02893,0,11
3617,1.022473,-1.029008,0,11
3618,1.020098,-1.028983,0,11
3619,1.018148,-1.02898,0,11
3620,1.016128,-1.02898,0,11
3621,1.013858,-1.028995,0,11
3622,1.011027,-1.028986,0,11
3623,1.007572,-1.029078,0,11
3624,1.003847,-1.028941,0,11
3625,1.000474,-1.028826,0,11
3626,0.9977894,-1.029069,0,11
3627,0.9951484,-1.028988,0,11
3628,0.9933262,-1.029006,0,11
3629,0.9920816,-1.028989,0,11
3630,0.9906379,-1.028985,0,11
3631,0.9892706,-1.028984,0,11
3632,0.9882405,-1.028989,0,11
3633,0.9876106,-1.028978,0,11
3634,0.9878193,-1.02898,0,11
3635,0.9882346,-1.028972,0,11
3636,0.9885278,-1.028978,0,11
3637,0.9885154,-1.028976,0,11
3638,0.988145,-1.028973,0,11
3639,0.9870307,-1.028987,0,11
3640,0.9853861,-1.028984,0,11
3641,0.9851155,-1.028995,0,11
3642,0.9859509,-1.028984,0,11
3643,0.9873902,-1.028973,0,11
3644,0.9892308,-1.028979,0,11
3645,0.990864,-1.028987,0,11
3646,0.9928483,-1.028981,0,11
3647,0.9956774,-1.028985,0,11
3648,0.9988034,-1.028982,0,11
3649,1.002025,-1.028989,0,11
3650,1.005231,-1.028975,0,11
3651,1.007616,-1.028977,0,11
3652,1.009523,-1.028988,0,11
3653,1.01164,-1.028994,0,11
3654,1.013425,-1.028923,0,11
3655,1.014995,-1.028964,0,11
3656,1.016188,-1.029017,0,11
3657,1.01723,-1.028982,0,11
3658,1.018397,-1.028978,0,11
3659,1.019521,-1.028986,0,11
3660,1.020372,-1.028996,0,11
3661,1.021107,-1.028978,0,11
3662,1.021424,-1.028984,0,11
3663,1.021616,-1.028976,0,11
3664,1.021771,-1.028982,0,11
3665,1.022011,-1.028975,0,11
3666,1.022406,-1.028978,0,11
3667,1.023174,-1.029016,0,11
3668,1.023949,-1.028997,0,11
3669,1.024249,-1.02875,0,11
3670,1.023752,-1.028975,0,11
3671,1.021772,-1.029003,0,11
3672,1.019494,-1.028982,0,11
3673,1.01758,-1.028979,0,11
3674,1.015476,-1.028984,0,11
3675,1.013104,-1.028996,0,11
3676,1.010055,-1.029031,0,11
3677,1.006484,-1.028966,0,-11
3678,1.00276,-1.02886,0,-11
3679,0.9996467,-1.028907,0,-11
3680,0.9969797,-1.029065,0,-11
3681,0.9944927,-1.028978,0,-11
3682,0.9929401,-1.029005,0,-11
3683,0.9916846,-1.028985,0,-11
3684,0.9901965,-1.028986,0,-11
3685,0.9889512,-1.028982,0,-11
3686,0.9879869,-1.02899,0,-11
3687,0.9875935,-1.028973,0,-11
3688,0.9879646,-1.028983,0,-11
3689,0.9883332,-1.02897,0,-11
3690,0.9885664,-1.028982,0,-11
3691,0.9884533,-1.028973,0,-11
3692,0.9879248,-1.028977,0,-11
3693,0.9865068,-1.028987,0,-11
3694,0.9851243,-1.028986,0,-11
3695,0.9852871,-1.028994,0,-11
3696,0.9862927,-1.028979,0,-11
3697,0.9879321,-1.028974,0,-11
3698,0.9897307,-1.028982,0,-11
3699,0.9913765,-1.028986,0,-11
3700,0.9936112,-1.028982,0,-11
3701,0.9966072,-1.028985,0,-11
3702,0.9997419,-1.028982,0,-11
3703,1.002997,-1.02899,0,-11
3704,1.006064,-1.028973,0,-11
3705,1.00815,-1.028983,0,-11
3706,1.010147,-1.028995,0,-11
3707,1.012207,-1.028984,0,-11
3708,1.013914,-1.028914,0,-11
3709,1.015396,-1.028997,0,-11
3710,1.016489,-1.029008,0,-11
3711,1.01757,-1.028977,0,-11
3712,1.018752,-1.028982,0,-11
3713,1.019749,-1.028992,0,-11
3714,1.020631,-1.028992,0,-11
3715,1.021236,-1.028978,0,-11
3716,1.021479,-1.028984,0,-11
3717,1.021661,-1.028977,0,-11
3718,1.021834,-1.028982,0,-11
3719,1.0221,-1.028973,0,-11
3720,1.022581,-1.028983,0,-11
3721,1.023447,-1.029028,0,-11
3722,1.024057,-1.028947,0,-11
3723,1.024222,-1.028834,0,-11
3724,1.023306,-1.029,0,-11
3725,1.021046,-1.028993,0,-11
3726,1.01892,-1.028981,0,-11
3727,1.016992,-1.028979,0,-11
3728,1.014815,-1.028989,0,-11
3729,1.012282,-1.028991,0,-11
3730,1.009037,-1.029083,0,-11
3731,1.005376,-1.02897,0,-11
3732,1.00174,-1.028805,0,-11
3733,0.9988749,-1.029005,0,-11
3734,0.9961795,-1.029035,0,-11
3735,0.9939448,-1.028996,0,-11
3736,0.99258,-1.028999,0,-11
3737,0.9912534,-1.028984,0,-11
3738,0.9897788,-1.028987,0,-11
3739,0.9886401,-1.028984,0,-11
3740,0.987781,-1.028988,0,-11
3741,0.9876539,-1.028975,0,-11
3742,0.9880996,-1.028981,0,-11
3743,0.9884272,-1.028973,0,-11
3744,0.9885653,-1.028982,0,-11
3745,0.9883559,-1.028971,0,-11
3746,0.987634,-1.028984,0,-11
3747,0.9859841,-1.028985,0,-11
3748,0.9850379,-1.028991,0,-11
3749,0.9855321,-1.028991,0,-11
3750,0.9867092,-1.028976,0,-11
3751,0.9884872,-1.028976,0,-11
3752,0.9902059,-1.028986,0,-11
3753,0.9919421,-1.028984,0,-11
3754,0.9944456,-1.028983,0,-11
3755,0.9975396,-1.028983,0,-11
3756,1.000696,-1.028985,0,-11
3757,1.003961,-1.028983,0,-11
3758,1.006789,-1.028971,0,-11
3759,1.008707,-1.02898,0,-11
