Step,Hip_X,Hip_Z,Target_X,Target_Z
0,0,0,8.8,0
1,-0.007456448,0.0004565742,8.8,0
2,-0.01107534,0.001867155,8.8,0
3,-0.01292833,0.003235512,8.8,0
4,-0.01410441,0.005501577,8.8,0
5,-0.01283954,0.007232829,8.8,0
6,-0.01255308,0.007457008,8.8,0
7,-0.009477553,0.009068582,8.8,0
8,-0.005854239,0.009376972,8.8,0
9,-0.005189063,0.00836092,8.8,0
10,-0.0009592744,0.005509882,8.8,0
11,0.006360209,0.002707169,8.8,0
12,0.01477734,0.003348882,8.8,0
13,0.02349952,0.003918003,8.8,0
14,0.030082,0.003584468,8.8,0
15,0.03653026,0.004822433,8.8,0
16,0.04030883,0.004911217,8.8,0
17,0.04212503,0.00718082,8.8,0
18,0.04352681,0.01066027,8.8,0
19,0.04559291,0.01209522,8.8,0
20,0.05223837,0.01583123,8.8,0
21,0.06161615,0.01816869,8.8,0
22,0.07071387,0.02071632,8.8,0
23,0.07717245,0.02189591,8.8,0
24,0.08294531,0.02510489,8.8,0
25,0.09074799,0.02933497,8.8,0
26,0.1008677,0.03333043,8.8,0
27,0.1096516,0.03596668,8.8,0
28,0.1207462,0.03934021,8.8,0
29,0.1295883,0.04258244,8.8,0
30,0.1433959,0.04753798,8.8,0
31,0.1553034,0.05414284,8.8,0
32,0.166323,0.06129994,8.8,0
33,0.1781863,0.06693198,8.8,0
34,0.1878798,0.07172975,8.8,0
35,0.2026222,0.07834107,8.8,0
36,0.2149868,0.08459815,8.8,0
37,0.2294838,0.09048062,8.8,0
38,0.2439335,0.09677724,8.8,0
39,0.2594589,0.1057929,8.8,0
40,0.277451,0.1146141,8.8,0
41,0.2970743,0.123725,8.8,0
42,0.3156543,0.131528,8.8,0
43,0.3329724,0.1381378,8.8,0
44,0.3515159,0.1438005,8.8,0
45,0.369906,0.1483285,8.8,0
46,0.3895468,0.1510681,8.8,0
47,0.4114309,0.1521897,8.8,0
48,0.4335741,0.1516034,8.8,0
49,0.4559294,0.1497461,8.8,0
50,0.4794705,0.1462495,8.8,0
51,0.5038525,0.1418695,8.8,0
52,0.5285492,0.1373438,8.8,0
53,0.5536775,0.1312953,8.8,0
54,0.5770494,0.1248743,8.8,0
55,0.6002986,0.1185717,8.8,0
56,0.6254867,0.1128238,8.8,0
57,0.6524107,0.1062368,8.8,0
58,0.6803761,0.09918655,8.8,0
59,0.7069478,0.09434205,8.8,0
60,0.7323828,0.08733672,8.8,0
61,0.756085,0.08119027,8.8,0
62,0.7774138,0.07787754,8.8,0
63,0.7984431,0.07430337,8.8,0
64,0.8201268,0.07192668,8.8,0
65,0.8415194,0.06924116,8.8,0
66,0.8632321,0.06875326,8.8,0
67,0.8850707,0.06826594,8.8,0
68,0.9084712,0.07101744,8.8,0
69,0.93168,0.07139105,8.8,0
70,0.9540569,0.07122985,8.8,0
71,0.976876,0.07243045,8.8,0
72,0.9986344,0.07350911,8.8,0
73,1.021295,0.07485606,8.8,0
74,1.041818,0.07553291,8.8,0
75,1.063414,0.07622176,8.8,0
76,1.088279,0.07804704,8.8,0
77,1.114419,0.08041353,8.8,0
78,1.143192,0.0821157,8.8,0
79,1.169933,0.08442417,8.8,0
80,1.19592,0.08903009,8.8,0
81,1.225027,0.09350757,8.8,0
82,1.257013,0.09833977,8.8,0
83,1.290964,0.1051338,8.8,0
84,1.321457,0.10768,8.8,0
85,1.35117,0.1117251,8.8,0
86,1.377252,0.1139887,8.8,0
87,1.40343,0.1179729,8.8,0
88,1.425483,0.1232165,8.8,0
89,1.45102,0.1318236,8.8,0
90,1.480035,0.137931,8.8,0
91,1.506971,0.1444209,8.8,0
92,1.535355,0.1506232,8.8,0
93,1.56684,0.1543011,8.8,0
94,1.597844,0.1576759,8.8,0
95,1.628581,0.1594956,8.8,0
96,1.657293,0.1594214,8.8,0
97,1.686728,0.1586598,8.8,0
98,1.714891,0.1597973,8.8,0
99,1.745047,0.15974,8.8,0
100,1.776755,0.15792,8.8,0
101,1.807609,0.1559308,8.8,0
102,1.837526,0.1525351,8.8,0
103,1.865528,0.149032,8.8,0
104,1.895451,0.1473203,8.8,0
105,1.925132,0.1440206,8.8,0
106,1.956127,0.1388576,8.8,0
107,1.987182,0.1361201,8.8,0
108,2.019675,0.1330002,8.8,0
109,2.051189,0.1309874,8.8,0
110,2.080097,0.1263448,8.8,0
111,2.105472,0.1236829,8.8,0
112,2.127361,0.1208982,8.8,0
113,2.14829,0.1190734,8.8,0
114,2.172376,0.1190337,8.8,0
115,2.19983,0.1184559,8.8,0
116,2.226094,0.1187891,8.8,0
117,2.250454,0.1199205,8.8,0
118,2.271281,0.1203513,8.8,0
119,2.29189,0.1231245,8.8,0
120,2.321762,0.1272071,8.8,0
121,2.348122,0.1298614,8.8,0
122,2.373128,0.1308475,8.8,0
123,2.395636,0.1324001,8.8,0
124,2.418764,0.1358418,8.8,0
125,2.444836,0.1410722,8.8,0
126,2.469403,0.1457775,8.8,0
127,2.493053,0.1504899,8.8,0
128,2.518376,0.1552614,8.8,0
129,2.543755,0.1592754,8.8,0
130,2.569287,0.16163,8.8,0
131,2.595315,0.16717,8.8,0
132,2.623209,0.1738462,8.8,0
133,2.653704,0.180804,8.8,0
134,2.684767,0.1905723,8.8,0
135,2.714305,0.1972106,8.8,0
136,2.747936,0.2056295,8.8,0
137,2.778503,0.2136179,8.8,0
138,2.805341,0.2208464,8.8,0
139,2.829138,0.2279501,8.8,0
140,2.852978,0.235524,8.8,0
141,2.876793,0.2427315,8.8,0
142,2.900758,0.2508849,8.8,0
143,2.927111,0.2602727,8.8,0
144,2.953211,0.2690511,8.8,0
145,2.98079,0.278282,8.8,0
146,3.010297,0.2879242,8.8,0
147,3.039689,0.2966371,8.8,0
148,3.066918,0.3044659,8.8,0
149,3.093836,0.3102005,8.8,0
150,3.122124,0.3147897,8.8,0
151,3.149657,0.3162312,8.8,0
152,3.180004,0.3173001,8.8,0
153,3.210967,0.3163223,8.8,0
154,3.241783,0.315315,8.8,0
155,3.272553,0.3142649,8.8,0
156,3.305219,0.3127878,8.8,0
157,3.336961,0.3107033,8.8,0
158,3.368226,0.3076257,8.8,0
159,3.400009,0.3058786,8.8,0
160,3.430113,0.3039876,8.8,0
161,3.460863,0.3026429,8.8,0
162,3.494645,0.3004376,8.8,0
163,3.525479,0.2978402,8.8,0
164,3.555847,0.2949626,8.8,0
165,3.581508,0.2905689,8.8,0
166,3.605418,0.2882798,8.8,0
167,3.629764,0.2870328,8.8,0
168,3.655191,0.2867324,8.8,0
169,3.677786,0.2878673,8.8,0
170,3.69946,0.2878453,8.8,0
171,3.717775,0.2906599,8.8,0
172,3.739862,0.2929698,8.8,0
173,3.764774,0.2972324,8.8,0
174,3.7896,0.30268,8.8,0
175,3.813328,0.3064457,8.8,0
176,3.836243,0.3113307,8.8,0
177,3.858011,0.3180274,8.8,0
178,3.878967,0.3235505,8.8,0
179,3.901931,0.3287813,8.8,0
180,3.924862,0.3329778,8.8,0
181,3.948781,0.3370859,8.8,0
182,3.974781,0.342554,8.8,0
183,4.000933,0.3480676,8.8,0
184,4.026062,0.3531214,8.8,0
185,4.051191,0.3590456,8.8,0
186,4.076728,0.3663689,8.8,0
187,4.101886,0.3740416,8.8,0
188,4.130898,0.3829611,8.8,0
189,4.162669,0.3911642,8.8,0
190,4.192937,0.4002668,8.8,0
191,4.223683,0.4096391,8.8,0
192,4.25207,0.4186068,8.8,0
193,4.279354,0.4277898,8.8,0
194,4.305836,0.4376372,8.8,0
195,4.331647,0.4443726,8.8,0
196,4.358382,0.4540513,8.8,0
197,4.385021,0.4633217,8.8,0
198,4.413243,0.473562,8.8,0
199,4.441789,0.4812443,8.8,0
200,4.466636,0.489679,8.8,0
201,4.493196,0.4988744,8.8,0
202,4.521947,0.5060576,8.8,0
203,4.548584,0.5117294,8.8,0
204,4.575503,0.5151357,8.8,0
205,4.605869,0.5182389,8.8,0
206,4.637367,0.5193483,8.8,0
207,4.669942,0.5205891,8.8,0
208,4.699857,0.5213944,8.8,0
209,4.729988,0.5200358,8.8,0
210,4.759954,0.5179656,8.8,0
211,4.792845,0.515291,8.8,0
212,4.824845,0.5129057,8.8,0
213,4.853098,0.5112142,8.8,0
214,4.885615,0.5099911,8.8,0
215,4.917951,0.5069726,8.8,0
216,4.95003,0.5067218,8.8,0
217,4.981163,0.5049871,8.8,0
218,5.011997,0.5028305,8.8,0
219,5.0424,0.5010093,8.8,0
220,5.068669,0.4998224,8.8,0
221,5.094204,0.495995,8.8,0
222,5.117904,0.4933243,8.8,0
223,5.13849,0.4953906,8.8,0
224,5.157546,0.4970856,8.8,0
225,5.175037,0.4990455,8.8,0
226,5.193462,0.5026006,8.8,0
227,5.214342,0.5058714,8.8,0
228,5.233871,0.5093992,8.8,0
229,5.257737,0.512156,8.8,0
230,5.279755,0.5139564,8.8,0
231,5.30165,0.5176727,8.8,0
232,5.32944,0.5234877,8.8,0
233,5.354944,0.5279002,8.8,0
234,5.375782,0.5302882,8.8,0
235,5.401159,0.533792,8.8,0
236,5.427499,0.5368018,8.8,0
237,5.451945,0.5394769,8.8,0
238,5.478286,0.5445436,8.8,0
239,5.506563,0.5500957,8.8,0
240,5.535173,0.5553626,8.8,0
241,5.56183,0.5614238,8.8,0
242,5.592653,0.5694165,8.8,0
243,5.621811,0.5746243,8.8,0
244,5.64817,0.580144,8.8,0
245,5.673532,0.584981,8.8,0
246,5.700708,0.5901828,8.8,0
247,5.726289,0.5954515,8.8,0
248,5.752864,0.6021282,8.8,0
249,5.777538,0.6091526,8.8,0
250,5.80093,0.6161803,8.8,0
251,5.82538,0.6216694,8.8,0
252,5.853518,0.627844,8.8,0
253,5.879409,0.6336815,8.8,0
254,5.903858,0.6390699,8.8,0
255,5.92908,0.6455684,8.8,0
256,5.957147,0.6506074,8.8,0
257,5.985074,0.6536236,8.8,0
258,6.013146,0.6546229,8.8,0
259,6.042221,0.655903,8.8,0
260,6.071158,0.6549335,8.8,0
261,6.101356,0.6536995,8.8,0
262,6.132457,0.6501731,8.8,0
263,6.162345,0.6464562,8.8,0
264,6.192739,0.6409737,8.8,0
265,6.223376,0.6346585,8.8,0
266,6.254484,0.6284268,8.8,0
267,6.28711,0.623185,8.8,0
268,6.318366,0.6187903,8.8,0
269,6.350482,0.6136359,8.8,0
270,6.382465,0.6087881,8.8,0
271,6.416147,0.6032528,8.8,0
272,6.44681,0.5958728,8.8,0
273,6.474261,0.5900359,8.8,0
274,6.500272,0.5851771,8.8,0
275,6.527731,0.5806957,8.8,0
276,6.55198,0.5783566,8.8,0
277,6.574315,0.5757791,8.8,0
278,6.596564,0.5748724,8.8,0
279,6.616848,0.5759221,8.8,0
280,6.639611,0.5748589,8.8,0
281,6.663648,0.5757175,8.8,0
282,6.685588,0.574631,8.8,0
283,6.709686,0.5736509,8.8,0
284,6.732571,0.574305,8.8,0
285,6.755864,0.5759208,8.8,0
286,6.779056,0.5768753,8.8,0
287,6.802572,0.5776561,8.8,0
288,6.829275,0.5800493,8.8,0
289,6.857053,0.5801248,8.8,0
290,6.881559,0.5810898,8.8,0
291,6.905975,0.5819976,8.8,0
292,6.932901,0.5851472,8.8,0
293,6.958984,0.5882323,8.8,0
294,6.98714,0.5920738,8.8,0
295,7.017926,0.5964328,8.8,0
296,7.049034,0.6014025,8.8,0
297,7.079978,0.60419,8.8,0
298,7.107727,0.607345,8.8,0
299,7.136424,0.6095023,8.8,0
300,7.161421,0.6134773,8.8,0
301,7.182969,0.6169354,8.8,0
302,7.210489,0.6208547,8.8,0
303,7.236834,0.622242,8.8,0
304,7.26373,0.6242877,8.8,0
305,7.291487,0.6302202,8.8,0
306,7.322063,0.6323127,8.8,0
307,7.352043,0.6354869,8.8,0
308,7.382751,0.6368029,8.8,0
309,7.412737,0.6364918,8.8,0
310,7.439881,0.6343712,8.8,0
311,7.465287,0.63326,8.8,0
312,7.494674,0.6299331,8.8,0
313,7.524483,0.6250285,8.8,0
314,7.551962,0.6201034,8.8,0
315,7.578568,0.6160831,8.8,0
316,7.602793,0.6110614,8.8,0
317,7.628375,0.6055511,8.8,0
318,7.653738,0.5986433,8.8,0
319,7.677201,0.5907075,8.8,0
320,7.703496,0.5839399,8.8,0
321,7.730402,0.5765622,8.8,0
322,7.76087,0.5688167,8.8,0
323,7.791177,0.5576795,8.8,0
324,7.817459,0.5503621,8.8,0
325,7.845332,0.5415211,8.8,0
326,7.874186,0.5307316,8.8,0
327,7.899817,0.5210062,8.8,0
328,7.924472,0.5125669,8.8,0
329,7.947114,0.5047765,8.8,0
330,7.967794,0.4986363,8.8,0
331,7.988559,0.4941372,8.8,0
332,8.011988,0.4890434,8.8,0
333,8.033758,0.484446,8.8,0
334,8.056272,0.4804138,8.8,0
335,8.080407,0.4749645,8.8,0
336,8.101943,0.4719785,8.8,0
337,8.123153,0.4690296,8.8,0
338,8.145132,0.4668689,8.8,0
339,8.166018,0.4641981,8.8,0
340,8.187317,0.4627999,8.8,0
341,8.207536,0.4596317,8.8,0
342,8.225961,0.4576335,8.8,0
343,8.246938,0.4566203,8.8,0
344,8.266695,0.4550676,8.8,0
345,8.29061,0.4539987,8.8,0
346,8.31621,0.4520542,8.8,0
347,8.343686,0.4491799,8.8,0
348,8.369608,0.4458108,8.8,0
349,8.398101,0.442659,8.8,0
350,8.424613,0.4386308,8.8,0
351,8.449347,0.4343099,8.8,0
352,8.471376,0.432097,8.8,0
353,8.493123,0.4289149,8.8,0
354,8.51289,0.4271404,8.8,0
355,8.535036,0.4258322,8.8,0
356,8.556595,0.4209759,8.8,0
357,8.576701,0.4178329,8.8,0
358,8.599043,0.4137453,8.8,0
359,8.6205,0.4086272,8.8,0
360,8.642786,0.4035026,8.8,0
361,8.666183,0.3976068,8.8,0
362,8.688451,0.3887318,8.8,0
363,8.708352,0.3803899,8.8,0
364,8.728594,0.3727341,8.8,0
365,8.747031,0.3643384,8.8,0
366,8.764216,0.3542705,8.8,0
367,8.780977,0.341093,8.8,0
368,8.80051,0.3232727,8.8,0
369,8.81871,0.3030132,8.8,0
370,8.836649,0.2789063,8.8,0
371,8.853028,0.2539338,8.8,0
372,8.867502,0.2312968,8.8,0
373,8.881065,0.2074315,8.8,0
374,8.894193,0.1818778,8.8,0
375,8.907754,0.1561067,8.8,0
376,8.923185,0.1304114,-8.8,0
377,8.938687,0.1075029,-8.8,0
378,8.95395,0.08360574,-8.8,0
379,8.968708,0.06020647,-8.8,0
380,8.983064,0.03530031,-8.8,0
381,8.995554,0.01259492,-8.8,0
382,9.007309,-0.007082604,-8.8,0
383,9.013313,-0.02417109,-8.8,0
384,9.020577,-0.04039747,-8.8,0
385,9.029889,-0.05976232,-8.8,0
386,9.037756,-0.07801633,-8.8,0
387,9.047201,-0.09635009,-8.8,0
388,9.059331,-0.1162862,-8.8,0
389,9.069208,-0.1358358,-8.8,0
390,9.079041,-0.1534642,-8.8,0
391,9.088178,-0.1691359,-8.8,0
392,9.097331,-0.1827555,-8.8,0
393,9.107747,-0.196273,-8.8,0
394,9.117393,-0.2088389,-8.8,0
395,9.127026,-0.2220794,-8.8,0
396,9.137091,-0.2351735,-8.8,0
397,9.147264,-0.2496479,-8.8,0
398,9.15792,-0.2646831,-8.8,0
399,9.166128,-0.2819191,-8.8,0
400,9.173677,-0.2977903,-8.8,0
401,9.176006,-0.3127275,-8.8,0
402,9.179767,-0.3283664,-8.8,0
403,9.183583,-0.3443972,-8.8,0
404,9.186339,-0.359719,-8.8,0
405,9.187825,-0.375241,-8.8,0
406,9.19015,-0.3903733,-8.8,0
407,9.188661,-0.4078583,-8.8,0
408,9.186216,-0.4243932,-8.8,0
409,9.184634,-0.4409059,-8.8,0
410,9.181667,-0.4557278,-8.8,0
411,9.176895,-0.4706842,-8.8,0
412,9.17086,-0.4829167,-8.8,0
413,9.163237,-0.4942776,-8.8,0
414,9.157096,-0.5044841,-8.8,0
415,9.150391,-0.5136684,-8.8,0
416,9.143364,-0.5237632,-8.8,0
417,9.135374,-0.5348901,-8.8,0
418,9.124795,-0.5461989,-8.8,0
419,9.110006,-0.5567774,-8.8,0
420,9.091146,-0.5654911,-8.8,0
421,9.07105,-0.5703978,-8.8,0
422,9.051927,-0.5742763,-8.8,0
423,9.030284,-0.5755946,-8.8,0
424,9.008334,-0.5784922,-8.8,0
425,8.98513,-0.5809582,-8.8,0
426,8.962963,-0.5816205,-8.8,0
427,8.937361,-0.5846189,-8.8,0
428,8.908188,-0.5851433,-8.8,0
429,8.880955,-0.5836417,-8.8,0
430,8.852063,-0.5846784,-8.8,0
431,8.824982,-0.5856701,-8.8,0
432,8.797156,-0.5884464,-8.8,0
433,8.774137,-0.5885774,-8.8,0
434,8.753528,-0.5896438,-8.8,0
435,8.732334,-0.5910725,-8.8,0
436,8.712647,-0.5944611,-8.8,0
437,8.693358,-0.5972041,-8.8,0
438,8.674792,-0.6005511,-8.8,0
439,8.656563,-0.6068832,-8.8,0
440,8.636955,-0.6138142,-8.8,0
441,8.615563,-0.6182954,-8.8,0
442,8.592582,-0.6241429,-8.8,0
443,8.572346,-0.6294766,-8.8,0
444,8.550587,-0.634814,-8.8,0
445,8.52919,-0.6390955,-8.8,0
446,8.5081,-0.6442279,-8.8,0
447,8.485195,-0.6506071,-8.8,0
448,8.465302,-0.6570224,-8.8,0
449,8.445645,-0.6636109,-8.8,0
450,8.42461,-0.6707036,-8.8,0
451,8.401265,-0.6775721,-8.8,0
452,8.380075,-0.6854398,-8.8,0
453,8.36035,-0.6917536,-8.8,0
454,8.336707,-0.6995392,-8.8,0
455,8.313011,-0.7064287,-8.8,0
456,8.288369,-0.715474,-8.8,0
457,8.263055,-0.7232563,-8.8,0
458,8.235367,-0.732865,-8.8,0
459,8.207287,-0.7437158,-8.8,0
460,8.17786,-0.7542095,-8.8,0
461,8.154263,-0.7643424,-8.8,0
462,8.128335,-0.7734154,-8.8,0
463,8.100155,-0.7814589,-8.8,0
464,8.076836,-0.7900124,-8.8,0
465,8.054763,-0.800685,-8.8,0
466,8.031735,-0.8099076,-8.8,0
467,8.007521,-0.8202107,-8.8,0
468,7.982856,-0.8270046,-8.8,0
469,7.955807,-0.8321862,-8.8,0
470,7.930189,-0.8392441,-8.8,0
471,7.903135,-0.8456959,-8.8,0
472,7.874982,-0.8521484,-8.8,0
473,7.848968,-0.8539404,-8.8,0
474,7.82393,-0.8544605,-8.8,0
475,7.795647,-0.8534096,-8.8,0
476,7.764444,-0.8538336,-8.8,0
477,7.732621,-0.8523478,-8.8,0
478,7.700274,-0.8491538,-8.8,0
479,7.666533,-0.8438271,-8.8,0
480,7.638116,-0.8395585,-8.8,0
481,7.612951,-0.8355901,-8.8,0
482,7.587691,-0.8316961,-8.8,0
483,7.556119,-0.8282867,-8.8,0
484,7.524874,-0.8227412,-8.8,0
485,7.49264,-0.8168706,-8.8,0
486,7.462913,-0.8120837,-8.8,0
487,7.434511,-0.8075688,-8.8,0
488,7.410131,-0.803012,-8.8,0
489,7.387599,-0.8012857,-8.8,0
490,7.363157,-0.8003883,-8.8,0
491,7.33891,-0.7985974,-8.8,0
492,7.318853,-0.7962753,-8.8,0
493,7.300561,-0.7961894,-8.8,0
494,7.279309,-0.7932937,-8.8,0
495,7.258525,-0.7951487,-8.8,0
496,7.234022,-0.7972301,-8.8,0
497,7.210132,-0.7992827,-8.8,0
498,7.186763,-0.798831,-8.8,0
499,7.163201,-0.8006862,-8.8,0
500,7.138619,-0.8023148,-8.8,0
501,7.114229,-0.8048472,-8.8,0
502,7.087557,-0.8048198,-8.8,0
503,7.063293,-0.8066089,-8.8,0
504,7.037185,-0.8088378,-8.8,0
505,7.008352,-0.809922,-8.8,0
506,6.983244,-0.8110052,-8.8,0
507,6.958176,-0.8141942,-8.8,0
508,6.931798,-0.8195816,-8.8,0
509,6.90321,-0.8259249,-8.8,0
510,6.87095,-0.8331267,-8.8,0
511,6.839209,-0.8377533,-8.8,0
512,6.80454,-0.8396226,-8.8,0
513,6.776446,-0.8421237,-8.8,0
514,6.744808,-0.8458676,-8.8,0
515,6.715729,-0.8516602,-8.8,0
516,6.686586,-0.8551877,-8.8,0
517,6.655311,-0.8610749,-8.8,0
518,6.625984,-0.8657843,-8.8,0
519,6.596556,-0.8699747,-8.8,0
520,6.568059,-0.8748491,-8.8,0
521,6.540444,-0.8793652,-8.8,0
522,6.511389,-0.8846188,-8.8,0
523,6.480962,-0.8889201,-8.8,0
524,6.451193,-0.8931769,-8.8,0
525,6.422569,-0.8971475,-8.8,0
526,6.393491,-0.9006417,-8.8,0
527,6.365904,-0.901926,-8.8,0
528,6.3377,-0.9015876,-8.8,0
529,6.308495,-0.8999962,-8.8,0
530,6.278313,-0.8982375,-8.8,0
531,6.245321,-0.8947346,-8.8,0
532,6.211711,-0.8931261,-8.8,0
533,6.180689,-0.8921334,-8.8,0
534,6.147901,-0.8900472,-8.8,0
535,6.115036,-0.8867857,-8.8,0
536,6.082191,-0.8822242,-8.8,0
537,6.049612,-0.8770364,-8.8,0
538,6.016575,-0.8729659,-8.8,0
539,5.986734,-0.8699144,-8.8,0
540,5.957479,-0.8663682,-8.8,0
541,5.929939,-0.8623805,-8.8,0
542,5.905311,-0.8604546,-8.8,0
543,5.879196,-0.8592112,-8.8,0
544,5.857043,-0.8627428,-8.8,0
545,5.836343,-0.86602,-8.8,0
546,5.814372,-0.8688476,-8.8,0
547,5.790429,-0.8708883,-8.8,0
548,5.766924,-0.8739001,-8.8,0
549,5.743945,-0.8785252,-8.8,0
550,5.720994,-0.880929,-8.8,0
551,5.696023,-0.883363,-8.8,0
552,5.671238,-0.885172,-8.8,0
553,5.648664,-0.8898352,-8.8,0
554,5.623981,-0.8952562,-8.8,0
555,5.600268,-0.8988969,-8.8,0
556,5.573812,-0.9035913,-8.8,0
557,5.548768,-0.9092399,-8.8,0
558,5.520458,-0.9152457,-8.8,0
559,5.493547,-0.9205595,-8.8,0
560,5.466144,-0.9258551,-8.8,0
561,5.438142,-0.9305833,-8.8,0
562,5.406552,-0.9379891,-8.8,0
563,5.377401,-0.9451388,-8.8,0
564,5.34585,-0.9543925,-8.8,0
565,5.313894,-0.9640511,-8.8,0
566,5.28478,-0.9728595,-8.8,0
567,5.254741,-0.9845166,-8.8,0
568,5.224744,-0.9948054,-8.8,0
569,5.198476,-1.003037,-8.8,0
570,5.169919,-1.012957,-8.8,0
571,5.142362,-1.020735,-8.8,0
572,5.111824,-1.029225,-8.8,0
573,5.08182,-1.038983,-8.8,0
574,5.052629,-1.049534,-8.8,0
575,5.026174,-1.059238,-8.8,0
576,4.999286,-1.068403,-8.8,0
577,4.972741,-1.077424,-8.8,0
578,4.94621,-1.084455,-8.8,0
579,4.914282,-1.089142,-8.8,0
580,4.881579,-1.091401,-8.8,0
581,4.849876,-1.091258,-8.8,0
582,4.817368,-1.090353,-8.8,0
583,4.784523,-1.088832,-8.8,0
584,4.750656,-1.087131,-8.8,0
585,4.719037,-1.084861,-8.8,0
586,4.687873,-1.082862,-8.8,0
587,4.658989,-1.08091,-8.8,0
588,4.626092,-1.077863,-8.8,0
589,4.593598,-1.073808,-8.8,0
590,4.562878,-1.071869,-8.8,0
591,4.531175,-1.06956,-8.8,0
592,4.500505,-1.066093,-8.8,0
593,4.472545,-1.060489,-8.8,0
594,4.445713,-1.057991,-8.8,0
595,4.418607,-1.056877,-8.8,0
596,4.39549,-1.055468,-8.8,0
597,4.370601,-1.056095,-8.8,0
598,4.346679,-1.056931,-8.8,0
599,4.324544,-1.059708,-8.8,0
600,4.301605,-1.062329,-8.8,0
601,4.279739,-1.063171,-8.8,0
602,4.257154,-1.06533,-8.8,0
603,4.233715,-1.067994,-8.8,0
604,4.20995,-1.069906,-8.8,0
605,4.186023,-1.074972,-8.8,0
606,4.162873,-1.080802,-8.8,0
607,4.14343,-1.0851,-8.8,0
608,4.120177,-1.088084,-8.8,0
609,4.098274,-1.092064,-8.8,0
610,4.076284,-1.094783,-8.8,0
611,4.052127,-1.095652,-8.8,0
612,4.025626,-1.09844,-8.8,0
613,3.997138,-1.102348,-8.8,0
614,3.969126,-1.105788,-8.8,0
615,3.938513,-1.111578,-8.8,0
616,3.909925,-1.116898,-8.8,0
617,3.880157,-1.123281,-8.8,0
618,3.849933,-1.131456,-8.8,0
619,3.820552,-1.138631,-8.8,0
620,3.792879,-1.144238,-8.8,0
621,3.763749,-1.152225,-8.8,0
622,3.73468,-1.158861,-8.8,0
623,3.706554,-1.166332,-8.8,0
624,3.676472,-1.172197,-8.8,0
625,3.648106,-1.17906,-8.8,0
626,3.619217,-1.186305,-8.8,0
627,3.590582,-1.192899,-8.8,0
628,3.561983,-1.200723,-8.8,0
629,3.53765,-1.210686,-8.8,0
630,3.512638,-1.219128,-8.8,0
631,3.484179,-1.227028,-8.8,0
632,3.457151,-1.232404,-8.8,0
633,3.428207,-1.236901,-8.8,0
634,3.39801,-1.238366,-8.8,0
635,3.367254,-1.237451,-8.8,0
636,3.336483,-1.237401,-8.8,0
637,3.305553,-1.235857,-8.8,0
638,3.275373,-1.234798,-8.8,0
639,3.243361,-1.233238,-8.8,0
640,3.210088,-1.230797,-8.8,0
641,3.17767,-1.2287,-8.8,0
642,3.145338,-1.226927,-8.8,0
643,3.113037,-1.224581,-8.8,0
644,3.079609,-1.221421,-8.8,0
645,3.044698,-1.218332,-8.8,0
646,3.008888,-1.216408,-8.8,0
647,2.97724,-1.214694,-8.8,0
648,2.946666,-1.211357,-8.8,0
649,2.916646,-1.208489,-8.8,0
650,2.886205,-1.208233,-8.8,0
651,2.858784,-1.207051,-8.8,0
652,2.838771,-1.206167,-8.8,0
653,2.816989,-1.208595,-8.8,0
654,2.791274,-1.211915,-8.8,0
655,2.767308,-1.213799,-8.8,0
656,2.7451,-1.214605,-8.8,0
657,2.722645,-1.218188,-8.8,0
658,2.695994,-1.221232,-8.8,0
659,2.67034,-1.225112,-8.8,0
660,2.645691,-1.226946,-8.8,0
661,2.623367,-1.230393,-8.8,0
662,2.60059,-1.234345,-8.8,0
663,2.576877,-1.239376,-8.8,0
664,2.549779,-1.242972,-8.8,0
665,2.522402,-1.246411,-8.8,0
666,2.496464,-1.250247,-8.8,0
667,2.472731,-1.25388,-8.8,0
668,2.447034,-1.257819,-8.8,0
669,2.420724,-1.262677,-8.8,0
670,2.391368,-1.269279,-8.8,0
671,2.360669,-1.27633,-8.8,0
672,2.329088,-1.282881,-8.8,0
673,2.296179,-1.290351,-8.8,0
674,2.265604,-1.298285,-8.8,0
675,2.237101,-1.305558,-8.8,0
676,2.210869,-1.31413,-8.8,0
677,2.182654,-1.322845,-8.8,0
678,2.152484,-1.331126,-8.8,0
679,2.123965,-1.338094,-8.8,0
680,2.096107,-1.346808,-8.8,0
681,2.068216,-1.354142,-8.8,0
682,2.039393,-1.362054,-8.8,0
683,2.008875,-1.37031,-8.8,0
684,1.980655,-1.376797,-8.8,0
685,1.955102,-1.380324,-8.8,0
686,1.929187,-1.384638,-8.8,0
687,1.900849,-1.387212,-8.8,0
688,1.871455,-1.39024,-8.8,0
689,1.840326,-1.392649,-8.8,0
690,1.808498,-1.394171,-8.8,0
691,1.774168,-1.39212,-8.8,0
692,1.740113,-1.389079,-8.8,0
693,1.707973,-1.385297,-8.8,0
694,1.676269,-1.381498,-8.8,0
695,1.647476,-1.379469,-8.8,0
696,1.615776,-1.378772,-8.8,0
697,1.582267,-1.375377,-8.8,0
698,1.547131,-1.371188,-8.8,0
699,1.515467,-1.367806,-8.8,0
700,1.482896,-1.365172,-8.8,0
701,1.452327,-1.362807,-8.8,0
702,1.424097,-1.360368,-8.8,0
703,1.39977,-1.360163,-8.8,0
704,1.379897,-1.359483,-8.8,0
705,1.358857,-1.360036,-8.8,0
706,1.338131,-1.361661,-8.8,0
707,1.315901,-1.362289,-8.8,0
708,1.294495,-1.362911,-8.8,0
709,1.270357,-1.363905,-8.8,0
710,1.24077,-1.367,-8.8,0
711,1.210064,-1.369899,-8.8,0
712,1.182664,-1.373237,-8.8,0
713,1.161484,-1.376752,-8.8,0
714,1.140929,-1.381848,-8.8,0
715,1.119708,-1.387047,-8.8,0
716,1.098774,-1.393059,-8.8,0
717,1.075419,-1.398108,-8.8,0
718,1.056077,-1.401177,-8.8,0
719,1.035414,-1.403161,-8.8,0
720,1.012287,-1.407724,-8.8,0
721,0.9853998,-1.414939,-8.8,0
722,0.9585392,-1.421404,-8.8,0
723,0.9282197,-1.427233,-8.8,0
724,0.9020272,-1.432967,-8.8,0
725,0.8741772,-1.437638,-8.8,0
726,0.8420473,-1.442945,-8.8,0
727,0.8120625,-1.449489,-8.8,0
728,0.7826375,-1.456776,-8.8,0
729,0.7494081,-1.462709,-8.8,0
730,0.7195167,-1.468224,-8.8,0
731,0.6911375,-1.474593,-8.8,0
732,0.6661491,-1.482448,-8.8,0
733,0.6409051,-1.491922,-8.8,0
734,0.6130659,-1.49772,-8.8,0
735,0.5825856,-1.502701,-8.8,0
736,0.5536562,-1.509395,-8.8,0
737,0.5241265,-1.518005,-8.8,0
738,0.4960715,-1.523605,-8.8,0
739,0.4674338,-1.528957,-8.8,0
740,0.4397268,-1.532628,-8.8,0
741,0.4138977,-1.535417,-8.8,0
742,0.3842266,-1.536203,-8.8,0
743,0.3536331,-1.535813,-8.8,0
744,0.3222942,-1.532389,-8.8,0
745,0.2931109,-1.528812,-8.8,0
746,0.2609919,-1.524881,-8.8,0
747,0.2301326,-1.522621,-8.8,0
748,0.2028095,-1.520315,-8.8,0
749,0.1731172,-1.517514,-8.8,0
750,0.1392964,-1.514148,-8.8,0
751,0.1060473,-1.509751,-8.8,0
752,0.07308479,-1.504357,-8.8,0
753,0.04050358,-1.499442,-8.8,0
754,0.01068665,-1.494241,-8.8,0
755,-0.01687894,-1.488281,-8.8,0
756,-0.04214049,-1.483874,-8.8,0
757,-0.06722863,-1.480721,-8.8,0
758,-0.09146124,-1.476711,-8.8,0
759,-0.1157821,-1.475949,-8.8,0
760,-0.1387007,-1.475917,-8.8,0
761,-0.1570076,-1.476809,-8.8,0
762,-0.1750375,-1.477507,-8.8,0
763,-0.1936464,-1.477651,-8.8,0
764,-0.2174814,-1.480687,-8.8,0
765,-0.2409205,-1.481315,-8.8,0
766,-0.2667401,-1.481588,-8.8,0
767,-0.289355,-1.480871,-8.8,0
768,-0.3122424,-1.481681,-8.8,0
769,-0.3335724,-1.483536,-8.8,0
770,-0.3578117,-1.486475,-8.8,0
771,-0.3867158,-1.48848,-8.8,0
772,-0.4133591,-1.489611,-8.8,0
773,-0.4392892,-1.490092,-8.8,0
774,-0.4661815,-1.491414,-8.8,0
775,-0.4933089,-1.493558,-8.8,0
776,-0.5190417,-1.497035,-8.8,0
777,-0.5446758,-1.500911,-8.8,0
778,-0.5719603,-1.506538,-8.8,0
779,-0.6030332,-1.514262,-8.8,0
780,-0.633361,-1.522889,-8.8,0
781,-0.6628423,-1.52902,-8.8,0
782,-0.6937811,-1.533278,-8.8,0
783,-0.7232891,-1.536554,-8.8,0
784,-0.7523671,-1.541756,-8.8,0
785,-0.778187,-1.547399,-8.8,0
786,-0.8053523,-1.553351,-8.8,0
787,-0.8318979,-1.558095,-8.8,0
788,-0.8596607,-1.565333,-8.8,0
789,-0.8868577,-1.573451,-8.8,0
790,-0.9145067,-1.578834,-8.8,0
791,-0.9460979,-1.583302,-8.8,0
792,-0.9766161,-1.585852,-8.8,0
793,-1.003478,-1.586919,-8.8,0
794,-1.030339,-1.586844,-8.8,0
795,-1.058843,-1.58544,-8.8,0
796,-1.090037,-1.582857,-8.8,0
797,-1.119798,-1.579328,-8.8,0
798,-1.150468,-1.575261,-8.8,0
799,-1.180796,-1.570011,-8.8,0
800,-1.207912,-1.564502,-8.8,0
801,-1.234827,-1.558521,-8.8,0
802,-1.265247,-1.553481,-8.8,0
803,-1.295014,-1.548173,-8.8,0
804,-1.325244,-1.54175,-8.8,0
805,-1.355702,-1.534185,-8.8,0
806,-1.388919,-1.527289,-8.8,0
807,-1.42269,-1.52077,-8.8,0
808,-1.454937,-1.515144,-8.8,0
809,-1.488348,-1.509651,-8.8,0
810,-1.518825,-1.502465,-8.8,0
811,-1.546367,-1.496684,-8.8,0
812,-1.566776,-1.493365,-8.8,0
813,-1.589862,-1.48995,-8.8,0
814,-1.611681,-1.489033,-8.8,0
815,-1.631339,-1.489598,-8.8,0
816,-1.652441,-1.489255,-8.8,0
817,-1.6773,-1.490524,-8.8,0
818,-1.702302,-1.491551,-8.8,0
819,-1.725183,-1.490892,-8.8,0
820,-1.745644,-1.48997,-8.8,0
821,-1.767017,-1.489379,-8.8,0
822,-1.786437,-1.489165,-8.8,0
823,-1.807383,-1.491974,-8.8,0
824,-1.83167,-1.49497,-8.8,0
825,-1.858409,-1.495952,-8.8,0
826,-1.884761,-1.497349,-8.8,0
827,-1.911408,-1.499996,-8.8,0
828,-1.938915,-1.501036,-8.8,0
829,-1.968279,-1.501248,-8.8,0
830,-1.997094,-1.503226,-8.8,0
831,-2.026982,-1.506845,-8.8,0
832,-2.06074,-1.510531,-8.8,0
833,-2.094808,-1.514547,-8.8,0
834,-2.126626,-1.517383,-8.8,0
835,-2.155255,-1.520675,-8.8,0
836,-2.180957,-1.524215,-8.8,0
837,-2.205293,-1.527944,-8.8,0
838,-2.231328,-1.531811,-8.8,0
839,-2.259935,-1.535189,-8.8,0
840,-2.290888,-1.538409,-8.8,0
841,-2.323513,-1.541802,-8.8,0
842,-2.356902,-1.545148,-8.8,0
843,-2.387551,-1.547197,-8.8,0
844,-2.415744,-1.548255,-8.8,0
845,-2.444766,-1.548625,-8.8,0
846,-2.476046,-1.54751,-8.8,0
847,-2.503162,-1.548162,-8.8,0
848,-2.528691,-1.54982,-8.8,0
849,-2.55626,-1.550439,-8.8,0
850,-2.585827,-1.547928,-8.8,0
851,-2.616393,-1.542546,-8.8,0
852,-2.644053,-1.536258,-8.8,0
853,-2.672246,-1.528395,-8.8,0
854,-2.703015,-1.518927,-8.8,0
855,-2.733107,-1.509979,-8.8,0
856,-2.764194,-1.501723,-8.8,0
857,-2.795421,-1.494994,-8.8,0
858,-2.828371,-1.487887,-8.8,0
859,-2.86427,-1.481588,-8.8,0
860,-2.900339,-1.474466,-8.8,0
861,-2.930815,-1.467181,-8.8,0
862,-2.960303,-1.459962,-8.8,0
863,-2.992728,-1.45131,-8.8,0
864,-3.024283,-1.444716,-8.8,0
865,-3.054042,-1.438289,-8.8,0
866,-3.07789,-1.43535,-8.8,0
867,-3.101518,-1.434536,-8.8,0
868,-3.123811,-1.430499,-8.8,0
869,-3.14407,-1.42831,-8.8,0
870,-3.163282,-1.428841,-8.8,0
871,-3.188878,-1.42982,-8.8,0
872,-3.214741,-1.427394,-8.8,0
873,-3.239579,-1.424374,-8.8,0
874,-3.262348,-1.42341,-8.8,0
875,-3.283968,-1.42405,-8.8,0
876,-3.305609,-1.425596,-8.8,0
877,-3.327995,-1.425313,-8.8,0
878,-3.352775,-1.426006,-8.8,0
879,-3.377183,-1.427738,-8.8,0
880,-3.400974,-1.429393,-8.8,0
881,-3.424875,-1.430217,-8.8,0
882,-3.452871,-1.432217,-8.8,0
883,-3.481062,-1.435554,-8.8,0
884,-3.507256,-1.438622,-8.8,0
885,-3.535842,-1.442989,-8.8,0
886,-3.566291,-1.448062,-8.8,0
887,-3.599538,-1.453638,-8.8,0
888,-3.630076,-1.456533,-8.8,0
889,-3.660166,-1.457959,-8.8,0
890,-3.687066,-1.461323,-8.8,0
891,-3.714837,-1.463181,-8.8,0
892,-3.740658,-1.467915,-8.8,0
893,-3.765698,-1.472519,-8.8,0
894,-3.792559,-1.474774,-8.8,0
895,-3.823117,-1.47662,-8.8,0
896,-3.852761,-1.479486,-8.8,0
897,-3.881752,-1.482394,-8.8,0
898,-3.910207,-1.485384,-8.8,0
899,-3.938041,-1.48815,-8.8,0
900,-3.9674,-1.489682,-8.8,0
901,-3.993519,-1.489415,-8.8,0
902,-4.01944,-1.488282,-8.8,0
903,-4.048398,-1.484891,-8.8,0
904,-4.076439,-1.480486,-8.8,0
905,-4.10575,-1.474732,-8.8,0
906,-4.135501,-1.467094,-8.8,0
907,-4.166656,-1.459717,-8.8,0
908,-4.19787,-1.451696,-8.8,0
909,-4.227156,-1.443092,-8.8,0
910,-4.255004,-1.434792,-8.8,0
911,-4.285958,-1.426542,-8.8,0
912,-4.317285,-1.416043,-8.8,0
913,-4.345875,-1.404466,-8.8,0
914,-4.371813,-1.395041,-8.8,0
915,-4.397369,-1.385514,-8.8,0
916,-4.423479,-1.377293,-8.8,0
917,-4.450833,-1.369031,-8.8,0
918,-4.474864,-1.361828,-8.8,0
919,-4.496733,-1.356101,-8.8,0
920,-4.516302,-1.352685,-8.8,0
921,-4.537263,-1.349096,-8.8,0
922,-4.55606,-1.346323,-8.8,0
923,-4.577825,-1.344091,-8.8,0
924,-4.59984,-1.33979,-8.8,0
925,-4.624701,-1.338337,-8.8,0
926,-4.650949,-1.333689,-8.8,0
927,-4.676188,-1.331078,-8.8,0
928,-4.699687,-1.329414,-8.8,0
929,-4.724619,-1.328601,-8.8,0
930,-4.745831,-1.326634,-8.8,0
931,-4.767215,-1.324585,-8.8,0
932,-4.790132,-1.323081,-8.8,0
933,-4.816159,-1.322695,-8.8,0
934,-4.841533,-1.322274,-8.8,0
935,-4.867677,-1.320289,-8.8,0
936,-4.893628,-1.318196,-8.8,0
937,-4.918457,-1.31576,-8.8,0
938,-4.946609,-1.314941,-8.8,0
939,-4.978788,-1.315226,-8.8,0
940,-5.009824,-1.315208,-8.8,0
941,-5.043717,-1.314896,-8.8,0
942,-5.074324,-1.314738,-8.8,0
943,-5.104941,-1.315977,-8.8,0
944,-5.132333,-1.315776,-8.8,0
945,-5.162866,-1.318411,-8.8,0
946,-5.189675,-1.320298,-8.8,0
947,-5.216748,-1.320541,-8.8,0
948,-5.245371,-1.322786,-8.8,0
949,-5.275251,-1.324734,-8.8,0
950,-5.300961,-1.325476,-8.8,0
951,-5.327185,-1.32629,-8.8,0
952,-5.35261,-1.325731,-8.8,0
953,-5.380287,-1.324913,-8.8,0
954,-5.40925,-1.322179,-8.8,0
955,-5.435709,-1.319504,-8.8,0
956,-5.463465,-1.313363,-8.8,0
957,-5.494372,-1.306508,-8.8,0
958,-5.527038,-1.297499,-8.8,0
959,-5.558495,-1.28962,-8.8,0
960,-5.589723,-1.279932,-8.8,0
961,-5.61981,-1.270381,-8.8,0
962,-5.650899,-1.258904,-8.8,0
963,-5.682745,-1.248361,-8.8,0
964,-5.713157,-1.237847,-8.8,0
965,-5.746106,-1.226807,-8.8,0
966,-5.778475,-1.216964,-8.8,0
967,-5.811518,-1.204973,-8.8,0
968,-5.845445,-1.190558,-8.8,0
969,-5.877065,-1.178157,-8.8,0
970,-5.90167,-1.167959,-8.8,0
971,-5.922493,-1.158827,-8.8,0
972,-5.94549,-1.151571,-8.8,0
973,-5.967122,-1.145836,-8.8,0
974,-5.989257,-1.141089,-8.8,0
975,-6.010499,-1.134186,-8.8,0
976,-6.031962,-1.128331,-8.8,0
977,-6.051752,-1.122814,-8.8,0
978,-6.071467,-1.119144,-8.8,0
979,-6.094642,-1.11329,-8.8,0
980,-6.115772,-1.108354,-8.8,0
981,-6.138127,-1.105541,-8.8,0
982,-6.161567,-1.103022,-8.8,0
983,-6.186195,-1.101958,-8.8,0
984,-6.209334,-1.09921,-8.8,0
985,-6.233847,-1.095747,-8.8,0
986,-6.25483,-1.092573,-8.8,0
987,-6.275576,-1.090188,-8.8,0
988,-6.298736,-1.090291,-8.8,0
989,-6.319858,-1.08781,-8.8,0
990,-6.342628,-1.084926,-8.8,0
991,-6.366608,-1.082789,-8.8,0
992,-6.393736,-1.082122,-8.8,0
993,-6.421264,-1.081598,-8.8,0
994,-6.45113,-1.080351,-8.8,0
995,-6.476594,-1.0781,-8.8,0
996,-6.503718,-1.074932,-8.8,0
997,-6.532205,-1.073723,-8.8,0
998,-6.560203,-1.073494,-8.8,0
999,-6.584821,-1.073108,-8.8,0
1000,-6.607693,-1.071095,-8.8,0
1001,-6.629868,-1.071696,-8.8,0
1002,-6.650895,-1.072248,-8.8,0
1003,-6.676167,-1.071638,-8.8,0
1004,-6.703812,-1.068542,-8.8,0
1005,-6.733162,-1.063747,-8.8,0
1006,-6.761641,-1.059861,-8.8,0
1007,-6.787263,-1.055765,-8.8,0
1008,-6.812864,-1.052051,-8.8,0
1009,-6.839624,-1.04707,-8.8,0
1010,-6.86854,-1.038796,-8.8,0
1011,-6.896179,-1.029543,-8.8,0
1012,-6.923522,-1.019174,-8.8,0
1013,-6.9485,-1.010521,-8.8,0
1014,-6.972883,-0.9995873,-8.8,0
1015,-6.997177,-0.9859126,-8.8,0
1016,-7.020482,-0.9715995,-8.8,0
1017,-7.045142,-0.954867,-8.8,0
1018,-7.066956,-0.9385303,-8.8,0
1019,-7.088562,-0.9240185,-8.8,0
1020,-7.114016,-0.9055716,-8.8,0
1021,-7.138131,-0.8870353,-8.8,0
1022,-7.161838,-0.8698866,-8.8,0
1023,-7.186591,-0.8555397,-8.8,0
1024,-7.20947,-0.8422977,-8.8,0
1025,-7.233392,-0.828042,-8.8,0
1026,-7.25498,-0.813867,-8.8,0
1027,-7.275091,-0.8013983,-8.8,0
1028,-7.295303,-0.7903221,-8.8,0
1029,-7.314606,-0.7814507,-8.8,0
1030,-7.333555,-0.7741699,-8.8,0
1031,-7.353199,-0.7663021,-8.8,0
1032,-7.374689,-0.7600262,-8.8,0
1033,-7.393367,-0.755737,-8.8,0
1034,-7.413363,-0.7510163,-8.8,0
1035,-7.434401,-0.7445552,-8.8,0
1036,-7.456731,-0.7383263,-8.8,0
1037,-7.480433,-0.7340968,-8.8,0
1038,-7.503326,-0.7293522,-8.8,0
1039,-7.525216,-0.7242221,-8.8,0
1040,-7.54638,-0.7187637,-8.8,0
1041,-7.567017,-0.7155991,-8.8,0
1042,-7.587092,-0.7101507,-8.8,0
1043,-7.607437,-0.7047721,-8.8,0
1044,-7.629972,-0.6996685,-8.8,0
1045,-7.656773,-0.6942614,-8.8,0
1046,-7.681488,-0.6888995,-8.8,0
1047,-7.706521,-0.6843615,-8.8,0
1048,-7.735667,-0.6790667,-8.8,0
1049,-7.76406,-0.6742195,-8.8,0
1050,-7.791857,-0.6697551,-8.8,0
1051,-7.819739,-0.6658438,-8.8,0
1052,-7.844753,-0.6612706,-8.8,0
1053,-7.869058,-0.6597383,-8.8,0
1054,-7.893011,-0.6570833,-8.8,0
1055,-7.915816,-0.6519133,-8.8,0
1056,-7.940972,-0.6481775,-8.8,0
1057,-7.96678,-0.6441455,-8.8,0
1058,-7.994723,-0.6407164,-8.8,0
1059,-8.023045,-0.6377748,-8.8,0
1060,-8.05365,-0.6347893,-8.8,0
1061,-8.083024,-0.630726,-8.8,0
1062,-8.111107,-0.6252569,-8.8,0
1063,-8.136844,-0.6189809,-8.8,0
1064,-8.162953,-0.6111321,-8.8,0
1065,-8.187865,-0.5988691,-8.8,0
1066,-8.212405,-0.5876029,-8.8,0
1067,-8.236698,-0.5742865,-8.8,0
1068,-8.260091,-0.5606166,-8.8,0
1069,-8.281322,-0.5461687,-8.8,0
1070,-8.303538,-0.5306914,-8.8,0
1071,-8.327916,-0.5145982,-8.8,0
1072,-8.351786,-0.4988674,-8.8,0
1073,-8.374398,-0.4808659,-8.8,0
1074,-8.396317,-0.4626573,-8.8,0
1075,-8.419871,-0.4438631,-8.8,0
1076,-8.443629,-0.4257013,-8.8,0
1077,-8.468232,-0.4053156,-8.8,0
1078,-8.490431,-0.3847518,-8.8,0
1079,-8.513013,-0.3665192,-8.8,0
1080,-8.534374,-0.3493128,-8.8,0
1081,-8.553587,-0.3338934,-8.8,0
1082,-8.571812,-0.3205952,-8.8,0
1083,-8.587751,-0.309374,-8.8,0
1084,-8.607432,-0.2975318,-8.8,0
1085,-8.626214,-0.2850597,-8.8,0
1086,-8.647057,-0.2711662,-8.8,0
1087,-8.664942,-0.2599201,-8.8,0
1088,-8.682817,-0.2471472,-8.8,0
1089,-8.699872,-0.2353477,-7.621023,4.4
1090,-8.71669,-0.2273641,-7.621023,4.4
1091,-8.736793,-0.216579,-7.621023,4.4
1092,-8.755888,-0.2066198,-7.621023,4.4
1093,-8.770842,-0.1966151,-7.621023,4.4
1094,-8.786103,-0.1876416,-7.621023,4.4
1095,-8.800986,-0.1789151,-7.621023,4.4
1096,-8.818697,-0.1712898,-7.621023,4.4
1097,-8.836818,-0.1616754,-7.621023,4.4
1098,-8.855605,-0.1536237,-7.621023,4.4
1099,-8.87498,-0.1437946,-7.621023,4.4
1100,-8.892733,-0.1334718,-7.621023,4.4
1101,-8.908652,-0.1201558,-7.621023,4.4
1102,-8.923464,-0.1068072,-7.621023,4.4
1103,-8.935418,-0.09543429,-7.621023,4.4
1104,-8.949594,-0.08375756,-7.621023,4.4
1105,-8.963203,-0.07210889,-7.621023,4.4
1106,-8.981114,-0.05987629,-7.621023,4.4
1107,-8.99692,-0.04658209,-7.621023,4.4
1108,-9.010829,-0.03275132,-7.621023,4.4
1109,-9.023335,-0.01964568,-7.621023,4.4
1110,-9.037252,-0.004631942,-7.621023,4.4
1111,-9.051701,0.01314982,-7.621023,4.4
1112,-9.062135,0.03167605,-7.621023,4.4
1113,-9.072303,0.04828285,-7.621023,4.4
1114,-9.081277,0.06371508,-7.621023,4.4
1115,-9.089849,0.07910317,-7.621023,4.4
1116,-9.098845,0.09710685,-7.621023,4.4
1117,-9.106669,0.1154384,-7.621023,4.4
1118,-9.111697,0.1340934,-7.621023,4.4
1119,-9.114735,0.1557266,-7.621023,4.4
1120,-9.116125,0.1784232,-7.621023,4.4
1121,-9.114933,0.2030519,-7.621023,4.4
1122,-9.110988,0.2318072,-7.621023,4.4
1123,-9.105679,0.2578548,-7.621023,4.4
1124,-9.098813,0.2817817,-7.621023,4.4
1125,-9.092486,0.3086885,-7.621023,4.4
1126,-9.086005,0.3394962,-7.621023,4.4
1127,-9.077344,0.3696076,-7.621023,4.4
1128,-9.066786,0.4017788,-7.621023,4.4
1129,-9.055509,0.4329269,-7.621023,4.4
1130,-9.044445,0.4601528,-7.621023,4.4
1131,-9.035021,0.4889438,-7.621023,4.4
1132,-9.026222,0.5125666,-7.621023,4.4
1133,-9.020171,0.5325214,-7.621023,4.4
1134,-9.014955,0.5547291,-7.621023,4.4
1135,-9.011229,0.5724065,-7.621023,4.4
1136,-9.005837,0.5892313,-7.621023,4.4
1137,-9.000622,0.6077687,-7.621023,4.4
1138,-8.996305,0.6273268,-7.621023,4.4
1139,-8.992954,0.6482049,-7.621023,4.4
1140,-8.990042,0.6718308,-7.621023,4.4
1141,-8.985641,0.6969884,-7.621023,4.4
1142,-8.982656,0.7192695,-7.621023,4.4
1143,-8.98153,0.7418857,-7.621023,4.4
1144,-8.980066,0.7632241,-7.621023,4.4
1145,-8.979194,0.7859722,-7.621023,4.4
1146,-8.976858,0.8079681,-7.621023,4.4
1147,-8.975024,0.8281043,-7.621023,4.4
1148,-8.97246,0.8508701,-7.621023,4.4
1149,-8.969281,0.8739592,-7.621023,4.4
1150,-8.965771,0.8986513,-7.621023,4.4
1151,-8.96325,0.9210443,-7.621023,4.4
1152,-8.960243,0.9450178,-7.621023,4.4
1153,-8.958811,0.968461,-7.621023,4.4
1154,-8.957786,0.9919247,-7.621023,4.4
1155,-8.956329,1.018362,-7.621023,4.4
1156,-8.954935,1.046354,-7.621023,4.4
1157,-8.952369,1.078894,-7.621023,4.4
1158,-8.950992,1.109076,-7.621023,4.4
1159,-8.95104,1.134934,-7.621023,4.4
1160,-8.948488,1.160796,-7.621023,4.4
1161,-8.948096,1.185284,-7.621023,4.4
1162,-8.950415,1.208879,-7.621023,4.4
1163,-8.952818,1.233797,-7.621023,4.4
1164,-8.953641,1.258341,-7.621023,4.4
1165,-8.95034,1.284452,-7.621023,4.4
1166,-8.946794,1.313124,-7.621023,4.4
1167,-8.942855,1.342792,-7.621023,4.4
1168,-8.937306,1.371892,-7.621023,4.4
1169,-8.928742,1.399442,-7.621023,4.4
1170,-8.921396,1.423928,-7.621023,4.4
1171,-8.915073,1.448982,-7.621023,4.4
1172,-8.904449,1.4765,-7.621023,4.4
1173,-8.892241,1.501554,-7.621023,4.4
1174,-8.876953,1.526642,-7.621023,4.4
1175,-8.862224,1.55346,-7.621023,4.4
1176,-8.849354,1.580615,-7.621023,4.4
1177,-8.83695,1.606695,-7.621023,4.4
1178,-8.823543,1.632444,-7.621023,4.4
1179,-8.810041,1.657737,-7.621023,4.4
1180,-8.795453,1.681772,-7.621023,4.4
1181,-8.779737,1.707394,-7.621023,4.4
1182,-8.764749,1.733899,-7.621023,4.4
1183,-8.747445,1.759439,-7.621023,4.4
1184,-8.728979,1.784928,-7.621023,4.4
1185,-8.71368,1.810922,-7.621023,4.4
1186,-8.701246,1.835115,-7.621023,4.4
1187,-8.691317,1.854216,-7.621023,4.4
1188,-8.680334,1.871748,-7.621023,4.4
1189,-8.672215,1.888696,-7.621023,4.4
1190,-8.663503,1.905106,-7.621023,4.4
1191,-8.657826,1.924783,-7.621023,4.4
1192,-8.652845,1.944113,-7.621023,4.4
1193,-8.647672,1.962592,-7.621023,4.4
1194,-8.642975,1.983511,-7.621023,4.4
1195,-8.63925,2.006256,-7.621023,4.4
1196,-8.632628,2.02588,-7.621023,4.4
1197,-8.627643,2.04629,-7.621023,4.4
1198,-8.623398,2.069747,-7.621023,4.4
1199,-8.617901,2.091902,-7.621023,4.4
1200,-8.612877,2.112724,-7.621023,4.4
1201,-8.607803,2.131717,-7.621023,4.4
1202,-8.601032,2.150087,-7.621023,4.4
1203,-8.594069,2.171499,-7.621023,4.4
1204,-8.589175,2.196069,-7.621023,4.4
1205,-8.585344,2.221391,-7.621023,4.4
1206,-8.581002,2.246991,-7.621023,4.4
1207,-8.577816,2.273535,-7.621023,4.4
1208,-8.573948,2.30362,-7.621023,4.4
1209,-8.570107,2.333196,-7.621023,4.4
1210,-8.56652,2.360102,-7.621023,4.4
1211,-8.5636,2.38894,-7.621023,4.4
1212,-8.560155,2.417051,-7.621023,4.4
1213,-8.557978,2.444223,-7.621023,4.4
1214,-8.557528,2.469981,-7.621023,4.4
1215,-8.555886,2.499108,-7.621023,4.4
1216,-8.552814,2.526695,-7.621023,4.4
1217,-8.552126,2.555913,-7.621023,4.4
1218,-8.551831,2.582437,-7.621023,4.4
1219,-8.550344,2.610142,-7.621023,4.4
1220,-8.54667,2.641478,-7.621023,4.4
1221,-8.541851,2.672751,-7.621023,4.4
1222,-8.537075,2.703002,-7.621023,4.4
1223,-8.529991,2.730515,-7.621023,4.4
1224,-8.525362,2.757306,-7.621023,4.4
1225,-8.518161,2.785901,-7.621023,4.4
1226,-8.509557,2.811896,-7.621023,4.4
1227,-8.49925,2.841128,-7.621023,4.4
1228,-8.488878,2.870332,-7.621023,4.4
1229,-8.477194,2.901307,-7.621023,4.4
1230,-8.466463,2.931818,-7.621023,4.4
1231,-8.453967,2.959427,-7.621023,4.4
1232,-8.441282,2.985715,-7.621023,4.4
1233,-8.426466,3.01176,-7.621023,4.4
1234,-8.411925,3.040192,-7.621023,4.4
1235,-8.397738,3.069708,-7.621023,4.4
1236,-8.383017,3.096429,-7.621023,4.4
1237,-8.369309,3.122539,-7.621023,4.4
1238,-8.356186,3.147964,-7.621023,4.4
1239,-8.344662,3.169852,-7.621023,4.4
1240,-8.334016,3.194524,-7.621023,4.4
1241,-8.323308,3.218252,-7.621023,4.4
1242,-8.31482,3.238036,-7.621023,4.4
1243,-8.308885,3.256362,-7.621023,4.4
1244,-8.30206,3.273988,-7.621023,4.4
1245,-8.29477,3.293535,-7.621023,4.4
1246,-8.287583,3.313444,-7.621023,4.4
1247,-8.280023,3.335372,-7.621023,4.4
1248,-8.272126,3.358757,-7.621023,4.4
1249,-8.265046,3.37858,-7.621023,4.4
1250,-8.25857,3.400816,-7.621023,4.4
1251,-8.253002,3.424439,-7.621023,4.4
1252,-8.249955,3.446374,-7.621023,4.4
1253,-8.246699,3.467764,-7.621023,4.4
1254,-8.241594,3.489398,-7.621023,4.4
1255,-8.235732,3.511789,-7.621023,4.4
1256,-8.229424,3.535774,-7.621023,4.4
1257,-8.22227,3.560444,-7.621023,4.4
1258,-8.218725,3.580823,-7.621023,4.4
1259,-8.214775,3.603967,-7.621023,4.4
1260,-8.211046,3.631062,-7.621023,4.4
1261,-8.205918,3.658973,-7.621023,4.4
1262,-8.202102,3.686895,-7.621023,4.4
1263,-8.198512,3.712879,-7.621023,4.4
1264,-8.19468,3.739934,-7.621023,4.4
1265,-8.18929,3.766024,-7.621023,4.4
1266,-8.1827,3.787512,-7.621023,4.4
1267,-8.176888,3.81006,-7.621023,4.4
1268,-8.171557,3.832083,-7.621023,4.4
1269,-8.166533,3.850924,-7.621023,4.4
1270,-8.163302,3.873374,-7.621023,4.4
1271,-8.156494,3.89483,-7.621023,4.4
1272,-8.149971,3.918274,-7.621023,4.4
1273,-8.144812,3.940617,-7.621023,4.4
1274,-8.139989,3.961824,-7.621023,4.4
1275,-8.133932,3.984654,-7.621023,4.4
1276,-8.127611,4.007671,-7.621023,4.4
1277,-8.120193,4.031279,-7.621023,4.4
1278,-8.110339,4.056931,-7.621023,4.4
1279,-8.098995,4.080398,-7.621023,4.4
1280,-8.084074,4.102333,-7.621023,4.4
1281,-8.06605,4.123292,-7.621023,4.4
1282,-8.044648,4.142863,-7.621023,4.4
1283,-8.02416,4.162862,-7.621023,4.4
1284,-8.002995,4.183396,-7.621023,4.4
1285,-7.980478,4.20171,-7.621023,4.4
1286,-7.96042,4.217592,-7.621023,4.4
1287,-7.938382,4.23441,-7.621023,4.4
1288,-7.916811,4.251977,-7.621023,4.4
1289,-7.895232,4.2697,-7.621023,4.4
1290,-7.870973,4.286808,-7.621023,4.4
1291,-7.845659,4.302956,-7.621023,4.4
1292,-7.820362,4.316887,-7.621023,4.4
1293,-7.79833,4.330284,-7.621023,4.4
1294,-7.775098,4.3451,-7.621023,4.4
1295,-7.752094,4.359358,4.4,-7.621024
1296,-7.733118,4.371485,4.4,-7.621024
1297,-7.714928,4.382262,4.4,-7.621024
1298,-7.698211,4.392323,4.4,-7.621024
1299,-7.682346,4.402971,4.4,-7.621024
1300,-7.666049,4.414106,4.4,-7.621024
1301,-7.652143,4.42834,4.4,-7.621024
1302,-7.63536,4.443619,4.4,-7.621024
1303,-7.616637,4.457076,4.4,-7.621024
1304,-7.600792,4.471166,4.4,-7.621024
1305,-7.584565,4.485447,4.4,-7.621024
1306,-7.568708,4.499065,4.4,-7.621024
1307,-7.55619,4.510871,4.4,-7.621024
1308,-7.545897,4.523076,4.4,-7.621024
1309,-7.536107,4.537791,4.4,-7.621024
1310,-7.52243,4.553153,4.4,-7.621024
1311,-7.510617,4.568857,4.4,-7.621024
1312,-7.498278,4.585373,4.4,-7.621024
1313,-7.4816,4.60032,4.4,-7.621024
1314,-7.466561,4.614302,4.4,-7.621024
1315,-7.451117,4.624135,4.4,-7.621024
1316,-7.436417,4.632481,4.4,-7.621024
1317,-7.418839,4.640476,4.4,-7.621024
1318,-7.400212,4.648315,4.4,-7.621024
1319,-7.382518,4.658689,4.4,-7.621024
1320,-7.365491,4.667583,4.4,-7.621024
1321,-7.347693,4.676095,4.4,-7.621024
1322,-7.330235,4.682394,4.4,-7.621024
1323,-7.312747,4.687265,4.4,-7.621024
1324,-7.293909,4.691372,4.4,-7.621024
1325,-7.27457,4.695433,4.4,-7.621024
1326,-7.256604,4.700108,4.4,-7.621024
1327,-7.236778,4.704865,4.4,-7.621024
1328,-7.219578,4.708932,4.4,-7.621024
1329,-7.202561,4.711072,4.4,-7.621024
1330,-7.185663,4.710351,4.4,-7.621024
1331,-7.167154,4.70985,4.4,-7.621024
1332,-7.14762,4.707448,4.4,-7.621024
1333,-7.129083,4.702642,4.4,-7.621024
1334,-7.109094,4.694475,4.4,-7.621024
1335,-7.087971,4.683709,4.4,-7.621024
1336,-7.068263,4.670478,4.4,-7.621024
1337,-7.049063,4.65321,4.4,-7.621024
1338,-7.030092,4.634964,4.4,-7.621024
1339,-7.011672,4.617395,4.4,-7.621024
1340,-6.992992,4.59986,4.4,-7.621024
1341,-6.972841,4.582164,4.4,-7.621024
1342,-6.953744,4.562375,4.4,-7.621024
1343,-6.934104,4.542787,4.4,-7.621024
1344,-6.911768,4.522591,4.4,-7.621024
1345,-6.88838,4.500737,4.4,-7.621024
1346,-6.866238,4.480042,4.4,-7.621024
1347,-6.847264,4.460448,4.4,-7.621024
1348,-6.828276,4.44491,4.4,-7.621024
1349,-6.810882,4.429292,4.4,-7.621024
1350,-6.799103,4.417535,4.4,-7.621024
1351,-6.781925,4.405311,4.4,-7.621024
1352,-6.766517,4.394137,4.4,-7.621024
1353,-6.752249,4.382577,4.4,-7.621024
1354,-6.737586,4.373456,4.4,-7.621024
1355,-6.718393,4.361812,4.4,-7.621024
1356,-6.698614,4.346747,4.4,-7.621024
1357,-6.678596,4.333835,4.4,-7.621024
1358,-6.6582,4.32586,4.4,-7.621024
1359,-6.641029,4.314863,4.4,-7.621024
1360,-6.625498,4.303306,4.4,-7.621024
1361,-6.609211,4.2917,4.4,-7.621024
1362,-6.591075,4.278139,4.4,-7.621024
1363,-6.571973,4.264745,4.4,-7.621024
1364,-6.551113,4.249347,4.4,-7.621024
1365,-6.529297,4.232801,4.4,-7.621024
1366,-6.508957,4.221019,4.4,-7.621024
1367,-6.487352,4.208425,4.4,-7.621024
1368,-6.465536,4.194394,4.4,-7.621024
1369,-6.443605,4.179292,4.4,-7.621024
1370,-6.419903,4.163932,4.4,-7.621024
1371,-6.393499,4.145667,4.4,-7.621024
1372,-6.367313,4.130228,4.4,-7.621024
1373,-6.340528,4.11744,4.4,-7.621024
1374,-6.315618,4.103977,4.4,-7.621024
1375,-6.293622,4.091028,4.4,-7.621024
1376,-6.269991,4.077998,4.4,-7.621024
1377,-6.248037,4.061389,4.4,-7.621024
1378,-6.225161,4.046819,4.4,-7.621024
1379,-6.199663,4.031586,4.4,-7.621024
1380,-6.174972,4.015804,4.4,-7.621024
1381,-6.151931,4.001293,4.4,-7.621024
1382,-6.12813,3.985818,4.4,-7.621024
1383,-6.103517,3.96691,4.4,-7.621024
1384,-6.081415,3.946299,4.4,-7.621024
1385,-6.060737,3.92729,4.4,-7.621024
1386,-6.044197,3.909323,4.4,-7.621024
1387,-6.025975,3.887168,4.4,-7.621024
1388,-6.007059,3.861807,4.4,-7.621024
1389,-5.990245,3.838122,4.4,-7.621024
1390,-5.971232,3.811251,4.4,-7.621024
1391,-5.952776,3.784297,4.4,-7.621024
1392,-5.93315,3.75578,4.4,-7.621024
1393,-5.912815,3.72839,4.4,-7.621024
1394,-5.8925,3.701217,4.4,-7.621024
1395,-5.871377,3.675514,4.4,-7.621024
1396,-5.850296,3.648735,4.4,-7.621024
1397,-5.832216,3.622273,4.4,-7.621024
1398,-5.816399,3.597303,4.4,-7.621024
1399,-5.797321,3.568967,4.4,-7.621024
1400,-5.781184,3.545159,4.4,-7.621024
1401,-5.765201,3.525675,4.4,-7.621024
1402,-5.746925,3.50678,4.4,-7.621024
1403,-5.731012,3.490121,4.4,-7.621024
1404,-5.717692,3.471296,4.4,-7.621024
1405,-5.70678,3.453638,4.4,-7.621024
1406,-5.694689,3.438897,4.4,-7.621024
1407,-5.680179,3.422766,4.4,-7.621024
1408,-5.663974,3.405646,4.4,-7.621024
1409,-5.64749,3.388464,4.4,-7.621024
1410,-5.629818,3.370309,4.4,-7.621024
1411,-5.611192,3.354928,4.4,-7.621024
1412,-5.591825,3.33988,4.4,-7.621024
1413,-5.576966,3.3256,4.4,-7.621024
1414,-5.562015,3.310446,4.4,-7.621024
1415,-5.544201,3.29549,4.4,-7.621024
1416,-5.527956,3.279916,4.4,-7.621024
1417,-5.5116,3.262911,4.4,-7.621024
1418,-5.494724,3.245452,4.4,-7.621024
1419,-5.477793,3.229118,4.4,-7.621024
1420,-5.457469,3.211463,4.4,-7.621024
1421,-5.435909,3.193416,4.4,-7.621024
1422,-5.416085,3.176587,4.4,-7.621024
1423,-5.394568,3.15919,4.4,-7.621024
1424,-5.367053,3.140418,4.4,-7.621024
1425,-5.337807,3.118988,4.4,-7.621024
1426,-5.313591,3.101074,4.4,-7.621024
1427,-5.288661,3.083471,4.4,-7.621024
1428,-5.264736,3.06704,4.4,-7.621024
1429,-5.241532,3.049816,4.4,-7.621024
1430,-5.219097,3.034064,4.4,-7.621024
1431,-5.195484,3.019291,4.4,-7.621024
1432,-5.172401,3.002441,4.4,-7.621024
1433,-5.148442,2.986241,4.4,-7.621024
1434,-5.122217,2.970964,4.4,-7.621024
1435,-5.097421,2.953371,4.4,-7.621024
1436,-5.074202,2.937881,4.4,-7.621024
1437,-5.050491,2.921091,4.4,-7.621024
1438,-5.026602,2.902689,4.4,-7.621024
1439,-5.002897,2.883305,4.4,-7.621024
1440,-4.981762,2.862885,4.4,-7.621024
1441,-4.963,2.84266,4.4,-7.621024
1442,-4.943696,2.82141,4.4,-7.621024
1443,-4.924465,2.798969,4.4,-7.621024
1444,-4.905032,2.775957,4.4,-7.621024
1445,-4.883182,2.749742,4.4,-7.621024
1446,-4.862155,2.724395,4.4,-7.621024
1447,-4.84227,2.699091,4.4,-7.621024
1448,-4.821148,2.672675,4.4,-7.621024
1449,-4.800464,2.646577,4.4,-7.621024
1450,-4.77945,2.618997,4.4,-7.621024
1451,-4.757111,2.59099,4.4,-7.621024
1452,-4.735179,2.563258,4.4,-7.621024
1453,-4.712969,2.533561,4.4,-7.621024
1454,-4.692874,2.507254,4.4,-7.621024
1455,-4.676284,2.486891,4.4,-7.621024
1456,-4.659441,2.467862,4.4,-7.621024
1457,-4.642032,2.450253,4.4,-7.621024
1458,-4.624178,2.434237,4.4,-7.621024
1459,-4.605895,2.418157,4.4,-7.621024
1460,-4.590415,2.403352,4.4,-7.621024
1461,-4.574423,2.387564,4.4,-7.621024
1462,-4.553527,2.371936,4.4,-7.621024
1463,-4.53302,2.355509,4.4,-7.621024
1464,-4.513406,2.340178,4.4,-7.621024
1465,-4.493366,2.32552,4.4,-7.621024
1466,-4.472263,2.311841,4.4,-7.621024
1467,-4.449484,2.295576,4.4,-7.621024
1468,-4.427358,2.278014,4.4,-7.621024
1469,-4.40607,2.261122,4.4,-7.621024
1470,-4.385853,2.246496,4.4,-7.621024
1471,-4.365374,2.232089,4.4,-7.621024
1472,-4.343879,2.217041,4.4,-7.621024
1473,-4.318444,2.201792,4.4,-7.621024
1474,-4.294034,2.187424,4.4,-7.621024
1475,-4.265663,2.1726,4.4,-7.621024
1476,-4.237325,2.158624,4.4,-7.621024
1477,-4.208251,2.144817,4.4,-7.621024
1478,-4.181213,2.130411,4.4,-7.621024
1479,-4.156708,2.115521,4.4,-7.621024
1480,-4.135872,2.10287,4.4,-7.621024
1481,-4.112457,2.089032,4.4,-7.621024
1482,-4.08936,2.075565,4.4,-7.621024
1483,-4.063465,2.063606,4.4,-7.621024
1484,-4.035585,2.051669,4.4,-7.621024
1485,-4.007292,2.037427,4.4,-7.621024
1486,-3.981278,2.025145,4.4,-7.621024
1487,-3.954645,2.011122,4.4,-7.621024
1488,-3.929209,1.998597,4.4,-7.621024
1489,-3.904933,1.984693,4.4,-7.621024
1490,-3.882006,1.971631,4.4,-7.621024
1491,-3.855868,1.954582,4.4,-7.621024
1492,-3.832242,1.936804,4.4,-7.621024
1493,-3.808611,1.919955,4.4,-7.621024
1494,-3.786247,1.900429,4.4,-7.621024
1495,-3.764277,1.882867,4.4,-7.621024
1496,-3.741612,1.861238,4.4,-7.621024
1497,-3.718755,1.838395,4.4,-7.621024
1498,-3.695599,1.814797,4.4,-7.621024
1499,-3.67304,1.790746,4.4,-7.621024
1500,-3.652732,1.768617,4.4,-7.621024
1501,-3.63021,1.743914,4.4,-7.621024
1502,-3.608449,1.718891,4.4,-7.621024
1503,-3.585458,1.694552,4.4,-7.621024
1504,-3.561895,1.668335,4.4,-7.621024
1505,-3.541723,1.644036,4.4,-7.621024
1506,-3.521052,1.620055,4.4,-7.621024
1507,-3.500437,1.597524,4.4,-7.621024
1508,-3.480932,1.574934,4.4,-7.621024
1509,-3.461102,1.552474,4.4,-7.621024
1510,-3.442657,1.533937,4.4,-7.621024
1511,-3.425596,1.519102,4.4,-7.621024
1512,-3.40988,1.506289,4.4,-7.621024
1513,-3.393366,1.492827,4.4,-7.621024
1514,-3.377822,1.479762,4.4,-7.621024
1515,-3.359481,1.466643,4.4,-7.621024
1516,-3.33866,1.452803,4.4,-7.621024
1517,-3.317467,1.438735,4.4,-7.621024
1518,-3.296303,1.423251,4.4,-7.621024
1519,-3.276654,1.408867,4.4,-7.621024
1520,-3.254499,1.394843,4.4,-7.621024
1521,-3.231389,1.382955,4.4,-7.621024
1522,-3.209022,1.367955,4.4,-7.621024
1523,-3.189048,1.353231,4.4,-7.621024
1524,-3.16842,1.337919,4.4,-7.621024
1525,-3.146397,1.323171,4.4,-7.621024
1526,-3.121995,1.306897,4.4,-7.621024
1527,-3.098582,1.292973,4.4,-7.621024
1528,-3.074864,1.2785,4.4,-7.621024
1529,-3.048515,1.263372,4.4,-7.621024
1530,-3.022812,1.248466,4.4,-7.621024
1531,-2.994333,1.232272,4.4,-7.621024
1532,-2.965552,1.218623,4.4,-7.621024
1533,-2.937774,1.204055,4.4,-7.621024
1534,-2.910465,1.190896,4.4,-7.621024
1535,-2.883564,1.177667,4.4,-7.621024
1536,-2.856337,1.162888,4.4,-7.621024
1537,-2.829726,1.148482,4.4,-7.621024
1538,-2.805344,1.137753,4.4,-7.621024
1539,-2.780029,1.128687,4.4,-7.621024
1540,-2.75393,1.116668,4.4,-7.621024
1541,-2.725981,1.103853,4.4,-7.621024
1542,-2.696443,1.091075,4.4,-7.621024
1543,-2.667761,1.074832,4.4,-7.621024
1544,-2.640239,1.058049,4.4,-7.621024
1545,-2.61409,1.039673,4.4,-7.621024
1546,-2.590393,1.02188,4.4,-7.621024
1547,-2.569066,1.003639,4.4,-7.621024
1548,-2.549638,0.9860115,4.4,-7.621024
1549,-2.528569,0.9669509,4.4,-7.621024
1550,-2.506607,0.9428495,4.4,-7.621024
1551,-2.484059,0.9174007,4.4,-7.621024
1552,-2.461149,0.8952033,4.4,-7.621024
1553,-2.439583,0.871061,4.4,-7.621024
1554,-2.418732,0.8475283,4.4,-7.621024
1555,-2.397567,0.823262,4.4,-7.621024
1556,-2.374916,0.7984086,4.4,-7.621024
1557,-2.352108,0.7724439,4.4,-7.621024
1558,-2.329141,0.7464023,4.4,-7.621024
1559,-2.308356,0.7231287,4.4,-7.621024
1560,-2.290319,0.7008795,4.4,-7.621024
1561,-2.275059,0.6817843,4.4,-7.621024
1562,-2.258636,0.6626015,4.4,-7.621024
1563,-2.244705,0.6434873,4.4,-7.621024
1564,-2.228542,0.6282766,4.4,-7.621024
1565,-2.211396,0.6106145,4.4,-7.621024
1566,-2.197079,0.5930055,4.4,-7.621024
1567,-2.179336,0.5786057,4.4,-7.621024
1568,-2.163816,0.565371,4.4,-7.621024
1569,-2.148381,0.5527773,4.4,-7.621024
1570,-2.126729,0.5364645,4.4,-7.621024
1571,-2.103944,0.521455,4.4,-7.621024
1572,-2.083139,0.5057122,4.4,-7.621024
1573,-2.06261,0.4896753,4.4,-7.621024
1574,-2.043458,0.4740701,4.4,-7.621024
1575,-2.025662,0.4579126,4.4,-7.621024
1576,-2.007087,0.4437525,4.4,-7.621024
1577,-1.987535,0.4294256,4.4,-7.621024
1578,-1.969545,0.4150918,4.4,-7.621024
1579,-1.950527,0.3992301,4.4,-7.621024
1580,-1.929341,0.3832726,4.4,-7.621024
1581,-1.90677,0.3677245,4.4,-7.621024
1582,-1.883567,0.3528075,4.4,-7.621024
1583,-1.86292,0.340103,4.4,-7.621024
1584,-1.838805,0.326059,4.4,-7.621024
1585,-1.814001,0.3107166,4.4,-7.621024
1586,-1.788433,0.2939069,4.4,-7.621024
1587,-1.765282,0.2786241,4.4,-7.621024
1588,-1.741851,0.259879,4.4,-7.621024
1589,-1.717067,0.2415123,4.4,-7.621024
1590,-1.694418,0.2271799,4.4,-7.621024
1591,-1.667817,0.2134465,4.4,-7.621024
1592,-1.640411,0.1979528,4.4,-7.621024
1593,-1.612993,0.1811484,4.4,-7.621024
1594,-1.587208,0.1624245,4.4,-7.621024
1595,-1.559588,0.1444941,4.4,-7.621024
1596,-1.533358,0.1298463,4.4,-7.621024
1597,-1.507845,0.1142377,4.4,-7.621024
1598,-1.483259,0.09486849,4.4,-7.621024
1599,-1.460974,0.07721391,4.4,-7.621024
1600,-1.439385,0.05870963,4.4,-7.621024
1601,-1.419568,0.04200535,4.4,-7.621024
1602,-1.399529,0.02258203,4.4,-7.621024
1603,-1.378511,0.002123943,4.4,-7.621024
1604,-1.357556,-0.0212549,4.4,-7.621024
1605,-1.337823,-0.04664695,4.4,-7.621024
1606,-1.31728,-0.07197046,4.4,-7.621024
1607,-1.298042,-0.09580647,4.4,-7.621024
1608,-1.278472,-0.1225284,4.4,-7.621024
1609,-1.259887,-0.1468171,4.4,-7.621024
1610,-1.240517,-0.1738621,4.4,-7.621024
1611,-1.220856,-0.2016834,4.4,-7.621024
1612,-1.202909,-0.2287825,4.4,-7.621024
1613,-1.185284,-0.2552819,4.4,-7.621024
1614,-1.167953,-0.2798452,4.4,-7.621024
1615,-1.153399,-0.2988181,4.4,-7.621024
1616,-1.139018,-0.3174073,4.4,-7.621024
1617,-1.123952,-0.3349178,4.4,-7.621024
1618,-1.109305,-0.3542147,4.4,-7.621024
1619,-1.092672,-0.3733599,4.4,-7.621024
1620,-1.075577,-0.390553,4.4,-7.621024
1621,-1.058906,-0.4083004,4.4,-7.621024
1622,-1.043587,-0.4251257,4.4,-7.621024
1623,-1.026492,-0.4437321,4.4,-7.621024
1624,-1.009629,-0.4615903,4.4,-7.621024
1625,-0.9906243,-0.4781401,4.4,-7.621024
1626,-0.9708956,-0.4913788,4.4,-7.621024
1627,-0.9537249,-0.506364,4.4,-7.621024
1628,-0.9358397,-0.5211155,4.4,-7.621024
1629,-0.9175189,-0.5340229,4.4,-7.621024
1630,-0.8994008,-0.5486463,4.4,-7.621024
1631,-0.8825955,-0.5635134,4.4,-7.621024
1632,-0.8647972,-0.576915,4.4,-7.621024
1633,-0.8451465,-0.5920622,4.4,-7.621024
1634,-0.8249682,-0.6066554,4.4,-7.621024
1635,-0.8025184,-0.6230969,4.4,-7.621024
1636,-0.7753148,-0.6439933,4.4,-7.621024
1637,-0.7528269,-0.6589486,4.4,-7.621024
1638,-0.7288131,-0.6751032,4.4,-7.621024
1639,-0.7032902,-0.6931001,4.4,-7.621024
1640,-0.6761553,-0.7122699,4.4,-7.621024
1641,-0.6536864,-0.7289209,4.4,-7.621024
1642,-0.6310219,-0.7444168,4.4,-7.621024
1643,-0.6061446,-0.7595267,4.4,-7.621024
1644,-0.5771093,-0.7741026,4.4,-7.621024
1645,-0.5524551,-0.7898566,4.4,-7.621024
1646,-0.5269519,-0.8062114,4.4,-7.621024
1647,-0.5028323,-0.8232236,4.4,-7.621024
1648,-0.4798851,-0.8365958,4.4,-7.621024
1649,-0.4543871,-0.8513067,4.4,-7.621024
1650,-0.4298916,-0.8692024,4.4,-7.621024
1651,-0.406379,-0.8870102,4.4,-7.621024
1652,-0.3840704,-0.9069404,4.4,-7.621024
1653,-0.3610018,-0.9270021,4.4,-7.621024
1654,-0.3415936,-0.9481633,4.4,-7.621024
1655,-0.3237881,-0.9690837,4.4,-7.621024
1656,-0.3055584,-0.9927697,4.4,-7.621024
1657,-0.2875504,-1.01591,4.4,-7.621024
1658,-0.2692758,-1.039398,4.4,-7.621024
1659,-0.2514983,-1.067238,4.4,-7.621024
1660,-0.2321153,-1.095435,4.4,-7.621024
1661,-0.213042,-1.122303,4.4,-7.621024
1662,-0.1949016,-1.147923,4.4,-7.621024
1663,-0.1762588,-1.177241,4.4,-7.621024
1664,-0.1592561,-1.206607,4.4,-7.621024
1665,-0.1403197,-1.236222,4.4,-7.621024
1666,-0.1203077,-1.265349,4.4,-7.621024
1667,-0.1024002,-1.292984,4.4,-7.621024
1668,-0.08791938,-1.318103,4.4,-7.621024
1669,-0.07470563,-1.340187,4.4,-7.621024
1670,-0.06110867,-1.361213,4.4,-7.621024
1671,-0.04274206,-1.384932,4.4,-7.621024
1672,-0.02906653,-1.404466,4.4,-7.621024
1673,-0.01474165,-1.418579,4.4,-7.621024
1674,-0.0001333393,-1.433906,4.4,-7.621024
1675,0.01501501,-1.449628,4.4,-7.621024
1676,0.03084124,-1.467162,4.4,-7.621024
1677,0.04636945,-1.486208,4.4,-7.621024
1678,0.06413857,-1.505481,4.4,-7.621024
1679,0.08302856,-1.5249,4.4,-7.621024
1680,0.1030558,-1.543252,4.4,-7.621024
1681,0.1197136,-1.558915,4.4,-7.621024
1682,0.1371225,-1.574533,4.4,-7.621024
1683,0.1526255,-1.58933,4.4,-7.621024
1684,0.1662785,-1.603512,4.4,-7.621024
1685,0.1831773,-1.61966,4.4,-7.621024
1686,0.2008599,-1.636928,4.4,-7.621024
1687,0.2195783,-1.656136,4.4,-7.621024
1688,0.2377115,-1.675572,4.4,-7.621024
1689,0.2540642,-1.693319,4.4,-7.621024
1690,0.2733068,-1.71084,4.4,-7.621024
1691,0.2939339,-1.728721,4.4,-7.621024
1692,0.3130665,-1.746185,4.4,-7.621024
1693,0.3336339,-1.762816,4.4,-7.621024
1694,0.3585798,-1.782403,4.4,-7.621024
1695,0.3824196,-1.80466,4.4,-7.621024
1696,0.4055507,-1.826256,4.4,-7.621024
1697,0.4275649,-1.845558,4.4,-7.621024
1698,0.4481941,-1.864021,4.4,-7.621024
1699,0.4701825,-1.882373,4.4,-7.621024
1700,0.4946432,-1.90239,4.4,-7.621024
1701,0.519767,-1.92103,4.4,-7.621024
1702,0.5442722,-1.938724,4.4,-7.621024
1703,0.5677738,-1.955546,4.4,-7.621024
1704,0.5917867,-1.975266,4.4,-7.621024
1705,0.6137738,-1.999496,4.4,-7.621024
1706,0.6345471,-2.022646,4.4,-7.621024
1707,0.6559662,-2.043957,4.4,-7.621024
1708,0.6749952,-2.065985,4.4,-7.621024
1709,0.6902042,-2.088105,4.4,-7.621024
1710,0.7066301,-2.109509,4.4,-7.621024
1711,0.7234498,-2.132828,4.4,-7.621024
1712,0.7400901,-2.160055,4.4,-7.621024
1713,0.7552794,-2.185279,4.4,-7.621024
1714,0.7694665,-2.209524,4.4,-7.621024
1715,0.7846411,-2.236896,4.4,-7.621024
1716,0.7986593,-2.262206,4.4,-7.621024
1717,0.8114388,-2.287903,4.4,-7.621024
1718,0.826544,-2.316978,4.4,-7.621024
1719,0.8420125,-2.346177,4.4,-7.621024
1720,0.855648,-2.373479,4.4,-7.621024
1721,0.8710126,-2.400244,4.4,-7.621024
1722,0.8859153,-2.425016,4.4,-7.621024
1723,0.8995437,-2.447389,4.4,-7.621024
1724,0.9142069,-2.470622,4.4,-7.621024
1725,0.9285098,-2.493493,4.4,-7.621024
1726,0.9410321,-2.512451,4.4,-7.621024
1727,0.953508,-2.531864,4.4,-7.621024
1728,0.9671364,-2.549151,4.4,-7.621024
1729,0.9809253,-2.56417,4.4,-7.621024
1730,0.9937391,-2.579585,4.4,-7.621024
1731,1.008167,-2.59747,4.4,-7.621024
1732,1.022672,-2.617104,4.4,-7.621024
1733,1.037384,-2.633162,4.4,-7.621024
1734,1.054113,-2.6506,4.4,-7.621024
1735,1.07208,-2.665512,4.4,-7.621024
1736,1.086853,-2.678344,4.4,-7.621024
1737,1.10122,-2.695736,4.4,-7.621024
1738,1.117682,-2.714476,4.4,-7.621024
1739,1.13316,-2.730945,4.4,-7.621024
1740,1.148135,-2.748135,4.4,-7.621024
1741,1.167378,-2.76781,4.4,-7.621024
1742,1.184923,-2.785968,4.4,-7.621024
1743,1.206668,-2.803774,4.4,-7.621024
1744,1.228385,-2.823908,4.4,-7.621024
1745,1.25042,-2.84501,4.4,-7.621024
1746,1.273352,-2.868236,4.4,-7.621024
1747,1.295382,-2.891347,4.4,-7.621024
1748,1.31875,-2.910162,4.4,-7.621024
1749,1.343123,-2.930606,4.4,-7.621024
1750,1.364746,-2.94848,4.4,-7.621024
1751,1.386491,-2.966849,4.4,-7.621024
1752,1.406017,-2.982069,4.4,-7.621024
1753,1.429228,-2.996793,4.4,-7.621024
1754,1.451546,-3.011495,4.4,-7.621024
1755,1.473058,-3.026009,4.4,-7.621024
1756,1.49429,-3.045613,4.4,-7.621024
1757,1.516472,-3.065928,4.4,-7.621024
1758,1.539005,-3.087164,4.4,-7.621024
1759,1.55924,-3.107342,4.4,-7.621024
1760,1.579313,-3.128157,4.4,-7.621024
1761,1.59721,-3.150073,4.4,-7.621024
1762,1.613155,-3.170318,4.4,-7.621024
1763,1.631607,-3.193608,4.4,-7.621024
1764,1.650513,-3.222381,4.4,-7.621024
1765,1.668216,-3.25039,4.4,-7.621024
1766,1.683824,-3.27783,4.4,-7.621024
1767,1.698871,-3.306393,4.4,-7.621024
1768,1.714618,-3.33502,4.4,-7.621024
1769,1.729969,-3.362477,4.4,-7.621024
1770,1.744239,-3.387614,4.4,-7.621024
1771,1.759662,-3.412831,4.4,-7.621024
1772,1.777031,-3.443152,4.4,-7.621024
1773,1.79374,-3.472729,4.4,-7.621024
1774,1.807391,-3.501235,4.4,-7.621024
1775,1.819947,-3.528617,4.4,-7.621024
1776,1.831192,-3.552313,4.4,-7.621024
1777,1.84336,-3.574648,4.4,-7.621024
1778,1.856341,-3.593958,4.4,-7.621024
1779,1.870057,-3.614014,4.4,-7.621024
1780,1.882252,-3.633438,4.4,-7.621024
1781,1.896027,-3.652322,4.4,-7.621024
1782,1.908148,-3.668346,4.4,-7.621024
1783,1.922966,-3.685362,4.4,-7.621024
1784,1.937106,-3.703124,4.4,-7.621024
1785,1.95204,-3.719583,4.4,-7.621024
1786,1.969383,-3.73706,4.4,-7.621024
1787,1.986698,-3.752423,4.4,-7.621024
1788,2.001721,-3.767331,4.4,-7.621024
1789,2.017523,-3.782543,4.4,-7.621024
1790,2.035268,-3.798822,4.4,-7.621024
1791,2.052871,-3.816647,4.4,-7.621024
1792,2.07078,-3.83669,4.4,-7.621024
1793,2.088991,-3.856274,4.4,-7.621024
1794,2.108421,-3.876295,4.4,-7.621024
1795,2.128356,-3.895567,4.4,-7.621024
1796,2.146803,-3.914892,4.4,-7.621024
1797,2.167708,-3.936071,4.4,-7.621024
1798,2.192,-3.958487,4.4,-7.621024
1799,2.216478,-3.980195,4.4,-7.621024
1800,2.240391,-4.000847,4.4,-7.621024
1801,2.26342,-4.022742,4.4,-7.621024
1802,2.285989,-4.040413,4.4,-7.621024
1803,2.30923,-4.05909,4.4,-7.621024
1804,2.332353,-4.079845,4.4,-7.621024
1805,2.355137,-4.096315,4.4,-7.621024
1806,2.377253,-4.114326,4.4,-7.621024
1807,2.400053,-4.134707,4.4,-7.621024
1808,2.424092,-4.157069,4.4,-7.621024
1809,2.447188,-4.178743,4.4,-7.621024
1810,2.468676,-4.197926,4.4,-7.621024
1811,2.489898,-4.217055,4.4,-7.621024
1812,2.513824,-4.236847,4.4,-7.621024
1813,2.53376,-4.258772,4.4,-7.621024
1814,2.55425,-4.282957,4.4,-7.621024
1815,2.57418,-4.307199,4.4,-7.621024
1816,2.593017,-4.331079,4.4,-7.621024
1817,2.61124,-4.354434,4.4,-7.621024
1818,2.630296,-4.380986,4.4,-7.621024
1819,2.650325,-4.408285,4.4,-7.621024
1820,2.669788,-4.435337,4.4,-7.621024
1821,2.688543,-4.461208,4.4,-7.621024
1822,2.707539,-4.487282,4.4,-7.621024
1823,2.727203,-4.513926,4.4,-7.621024
1824,2.746818,-4.542868,4.4,-7.621024
1825,2.763781,-4.571662,4.4,-7.621024
1826,2.777924,-4.600446,4.4,-7.621024
1827,2.7893,-4.628021,4.4,-7.621024
1828,2.803714,-4.652952,4.4,-7.621024
1829,2.818039,-4.676729,4.4,-7.621024
1830,2.832991,-4.698371,4.4,-7.621024
1831,2.845313,-4.716075,4.4,-7.621024
1832,2.855644,-4.731988,4.4,-7.621024
1833,2.86682,-4.748793,4.4,-7.621024
1834,2.878261,-4.767656,4.4,-7.621024
1835,2.891697,-4.785481,4.4,-7.621024
1836,2.907875,-4.803276,4.4,-7.621024
1837,2.923208,-4.819453,4.4,-7.621024
1838,2.938721,-4.834412,4.4,-7.621024
1839,2.955542,-4.849582,4.4,-7.621024
1840,2.970828,-4.862665,4.4,-7.621024
1841,2.984021,-4.876938,4.4,-7.621024
1842,2.997752,-4.893298,4.4,-7.621024
1843,3.014517,-4.912662,4.4,-7.621024
1844,3.031251,-4.932432,4.4,-7.621024
1845,3.048016,-4.95219,4.4,-7.621024
1846,3.06562,-4.970486,4.4,-7.621024
1847,3.082564,-4.987155,4.4,-7.621024
1848,3.099681,-5.005568,4.4,-7.621024
1849,3.117786,-5.025127,4.4,-7.621024
1850,3.136608,-5.04412,4.4,-7.621024
1851,3.15706,-5.062614,4.4,-7.621024
1852,3.178483,-5.082134,4.4,-7.621024
1853,3.2023,-5.103001,4.4,-7.621024
1854,3.224634,-5.12151,4.4,-7.621024
1855,3.24499,-5.139189,4.4,-7.621024
1856,3.266341,-5.157413,4.4,-7.621024
1857,3.285716,-5.17409,4.4,-7.621024
1858,3.306041,-5.191473,4.4,-7.621024
1859,3.323656,-5.206316,4.4,-7.621024
1860,3.343179,-5.223462,4.4,-7.621024
1861,3.363516,-5.240132,4.4,-7.621024
1862,3.384517,-5.256968,4.4,-7.621024
1863,3.40441,-5.275333,4.4,-7.621024
1864,3.425432,-5.29817,4.4,-7.621024
1865,3.444161,-5.319582,4.4,-7.621024
1866,3.464484,-5.338512,4.4,-7.621024
1867,3.481883,-5.356009,4.4,-7.621024
1868,3.498113,-5.374896,4.4,-7.621024
1869,3.514307,-5.395448,4.4,-7.621024
1870,3.529578,-5.418202,4.4,-7.621024
1871,3.54352,-5.441807,4.4,-7.621024
1872,3.55878,-5.46675,4.4,-7.621024
1873,3.572706,-5.49106,4.4,-7.621024
1874,3.585782,-5.51672,4.4,-7.621024
1875,3.598599,-5.543293,4.4,-7.621024
1876,3.61176,-5.571254,4.4,-7.621024
1877,3.626063,-5.59705,4.4,-7.621024
1878,3.639412,-5.625622,4.4,-7.621024
1879,3.65436,-5.653442,4.4,-7.621024
1880,3.66957,-5.680583,4.4,-7.621024
1881,3.683758,-5.708723,4.4,-7.621024
1882,3.698584,-5.738877,4.4,-7.621024
1883,3.711612,-5.769311,4.4,-7.621024
1884,3.720639,-5.794929,4.4,-7.621024
1885,3.731677,-5.817663,4.4,-7.621024
1886,3.742851,-5.840341,4.4,-7.621024
1887,3.754252,-5.860743,4.4,-7.621024
1888,3.76493,-5.881862,4.4,-7.621024
1889,3.776264,-5.90022,4.4,-7.621024
1890,3.787868,-5.916175,4.4,-7.621024
1891,3.800029,-5.933234,4.4,-7.621024
1892,3.814407,-5.953322,4.4,-7.621024
1893,3.826298,-5.973528,4.4,-7.621024
1894,3.840612,-5.993293,4.4,-7.621024
1895,3.852337,-6.012078,4.4,-7.621024
1896,3.866998,-6.031199,4.4,-7.621024
1897,3.883106,-6.050528,4.4,-7.621024
1898,3.897746,-6.068779,4.4,-7.621024
1899,3.910918,-6.087535,4.4,-7.621024
1900,3.928149,-6.10759,4.4,-7.621024
1901,3.946464,-6.128555,4.4,-7.621024
1902,3.96425,-6.150425,4.4,-7.621024
1903,3.980659,-6.170871,4.4,-7.621024
1904,3.997923,-6.191289,4.4,-7.621024
1905,4.017746,-6.211599,4.4,-7.621024
1906,4.038885,-6.232981,4.4,-7.621024
1907,4.059252,-6.254715,4.4,-7.621024
1908,4.081105,-6.277104,4.4,-7.621024
1909,4.1021,-6.298761,4.4,-7.621024
1910,4.120645,-6.318844,4.4,-7.621024
1911,4.13883,-6.338898,4.4,-7.621024
1912,4.155672,-6.355632,4.4,-7.621024
1913,4.173625,-6.370971,4.4,-7.621024
1914,4.190377,-6.388252,4.4,-7.621024
1915,4.209784,-6.406248,4.4,-7.621024
1916,4.22853,-6.423405,4.4,-7.621024
1917,4.244219,-6.439628,4.4,-7.621024
1918,4.259642,-6.454754,4.4,-7.621024
1919,4.275842,-6.473732,4.4,-7.621024
1920,4.293681,-6.493667,4.4,-7.621024
1921,4.309007,-6.515268,4.4,-7.621024
1922,4.322376,-6.538136,4.4,-7.621024
1923,4.333775,-6.55961,4.4,-7.621024
1924,4.344912,-6.581407,4.4,-7.621024
1925,4.358359,-6.605985,4.4,-7.621024
1926,4.369707,-6.632593,4.4,-7.621024
1927,4.379852,-6.658429,4.4,-7.621024
1928,4.388399,-6.686794,4.4,-7.621024
1929,4.395472,-6.712579,4.4,-7.621024
1930,4.400609,-6.736078,4.4,-7.621024
1931,4.408233,-6.760927,4.4,-7.621024
1932,4.414257,-6.792809,4.4,-7.621024
1933,4.419999,-6.823883,4.4,-7.621024
1934,4.427817,-6.854349,4.4,-7.621024
1935,4.436917,-6.88937,4.4,-7.621024
1936,4.443073,-6.92391,4.4,-7.621024
1937,4.448514,-6.954355,4.4,-7.621024
1938,4.452919,-6.983359,4.4,-7.621024
1939,4.458581,-7.006273,4.4,-7.621024
1940,4.464084,-7.028651,4.4,-7.621024
1941,4.470151,-7.052475,4.4,-7.621024
1942,4.476385,-7.077738,4.4,-7.621024
1943,4.482844,-7.10029,4.4,-7.621024
1944,4.489264,-7.120819,4.4,-7.621024
1945,4.494948,-7.141973,4.4,-7.621024
1946,4.502168,-7.165804,4.4,-7.621024
1947,4.510969,-7.190729,4.4,-7.621024
1948,4.5167,-7.214229,4.4,-7.621024
1949,4.522295,-7.236817,4.4,-7.621024
1950,4.53014,-7.258331,-4.4,7.621024
1951,4.536962,-7.274655,-4.4,7.621024
1952,4.542655,-7.289911,-4.4,7.621024
1953,4.548491,-7.304349,-4.4,7.621024
1954,4.556071,-7.320373,-4.4,7.621024
1955,4.567028,-7.336396,-4.4,7.621024
1956,4.580884,-7.350847,-4.4,7.621024
1957,4.594399,-7.365413,-4.4,7.621024
1958,4.610103,-7.380482,-4.4,7.621024
1959,4.628047,-7.401993,-4.4,7.621024
1960,4.644062,-7.421602,-4.4,7.621024
1961,4.655931,-7.435004,-4.4,7.621024
1962,4.668638,-7.446438,-4.4,7.621024
1963,4.676367,-7.462699,-4.4,7.621024
1964,4.678818,-7.482764,-4.4,7.621024
1965,4.678647,-7.505405,-4.4,7.621024
1966,4.675316,-7.525247,-4.4,7.621024
1967,4.670893,-7.542275,-4.4,7.621024
1968,4.665781,-7.557286,-4.4,7.621024
1969,4.660961,-7.570498,-4.4,7.621024
1970,4.654768,-7.583595,-4.4,7.621024
1971,4.646577,-7.593345,-4.4,7.621024
1972,4.635777,-7.601887,-4.4,7.621024
1973,4.622645,-7.607829,-4.4,7.621024
1974,4.608293,-7.612995,-4.4,7.621024
1975,4.594852,-7.614974,-4.4,7.621024
1976,4.582051,-7.613704,-4.4,7.621024
1977,4.568372,-7.613539,-4.4,7.621024
1978,4.555117,-7.611027,-4.4,7.621024
1979,4.538679,-7.60774,-4.4,7.621024
1980,4.52383,-7.601995,-4.4,7.621024
1981,4.508419,-7.593751,-4.4,7.621024
1982,4.492463,-7.582743,-4.4,7.621024
1983,4.473775,-7.572031,-4.4,7.621024
1984,4.455443,-7.560955,-4.4,7.621024
1985,4.438665,-7.550115,-4.4,7.621024
1986,4.423987,-7.540593,-4.4,7.621024
1987,4.407451,-7.529512,-4.4,7.621024
1988,4.392171,-7.518599,-4.4,7.621024
1989,4.377351,-7.509097,-4.4,7.621024
1990,4.363992,-7.501075,-4.4,7.621024
1991,4.350852,-7.492371,-4.4,7.621024
1992,4.337952,-7.481465,-4.4,7.621024
1993,4.325341,-7.473489,-4.4,7.621024
1994,4.311873,-7.465829,-4.4,7.621024
1995,4.296071,-7.45691,-4.4,7.621024
1996,4.276867,-7.448214,-4.4,7.621024
1997,4.259309,-7.441203,-4.4,7.621024
1998,4.244611,-7.433635,-4.4,7.621024
1999,4.231402,-7.427135,-4.4,7.621024
2000,4.213605,-7.417437,-4.4,7.621024
2001,4.19744,-7.409569,-4.4,7.621024
2002,4.179819,-7.403677,-4.4,7.621024
2003,4.164477,-7.399397,-4.4,7.621024
2004,4.150554,-7.393546,-4.4,7.621024
2005,4.135423,-7.387878,-4.4,7.621024
2006,4.117685,-7.381068,-4.4,7.621024
2007,4.100915,-7.374206,-4.4,7.621024
2008,4.083379,-7.365391,-4.4,7.621024
2009,4.06799,-7.358039,-4.4,7.621024
2010,4.049174,-7.351613,-4.4,7.621024
2011,4.030252,-7.344816,-4.4,7.621024
2012,4.008721,-7.335264,-4.4,7.621024
2013,3.987981,-7.327788,-4.4,7.621024
2014,3.966222,-7.320119,-4.4,7.621024
2015,3.942649,-7.30865,-4.4,7.621024
2016,3.918681,-7.297092,-4.4,7.621024
2017,3.893636,-7.287058,-4.4,7.621024
2018,3.869956,-7.273621,-4.4,7.621024
2019,3.848781,-7.26343,-4.4,7.621024
2020,3.830092,-7.254025,-4.4,7.621024
2021,3.810573,-7.243876,-4.4,7.621024
2022,3.791822,-7.233953,-4.4,7.621024
2023,3.772986,-7.22445,-4.4,7.621024
2024,3.751247,-7.215284,-4.4,7.621024
2025,3.728002,-7.204399,-4.4,7.621024
2026,3.704571,-7.191621,-4.4,7.621024
2027,3.679805,-7.175402,-4.4,7.621024
2028,3.658547,-7.160131,-4.4,7.621024
2029,3.639939,-7.145465,-4.4,7.621024
2030,3.621349,-7.130644,-4.4,7.621024
2031,3.603256,-7.11268,-4.4,7.621024
2032,3.585492,-7.091799,-4.4,7.621024
2033,3.568741,-7.068143,-4.4,7.621024
2034,3.553027,-7.045973,-4.4,7.621024
2035,3.538185,-7.022927,-4.4,7.621024
2036,3.524648,-6.999971,-4.4,7.621024
2037,3.512278,-6.97577,-4.4,7.621024
2038,3.499772,-6.950585,-4.4,7.621024
2039,3.48911,-6.927574,-4.4,7.621024
2040,3.476067,-6.903309,-4.4,7.621024
2041,3.461456,-6.87594,-4.4,7.621024
2042,3.446116,-6.847673,-4.4,7.621024
2043,3.432409,-6.81975,-4.4,7.621024
2044,3.420224,-6.794244,-4.4,7.621024
2045,3.40699,-6.769756,-4.4,7.621024
2046,3.394479,-6.745294,-4.4,7.621024
2047,3.38294,-6.725249,-4.4,7.621024
2048,3.369443,-6.706815,-4.4,7.621024
2049,3.355934,-6.690878,-4.4,7.621024
2050,3.340462,-6.675878,-4.4,7.621024
2051,3.326723,-6.661679,-4.4,7.621024
2052,3.314724,-6.645215,-4.4,7.621024
2053,3.299732,-6.628177,-4.4,7.621024
2054,3.285535,-6.611558,-4.4,7.621024
2055,3.271877,-6.594036,-4.4,7.621024
2056,3.255976,-6.576806,-4.4,7.621024
2057,3.23793,-6.560001,-4.4,7.621024
2058,3.222009,-6.544748,-4.4,7.621024
2059,3.208415,-6.529037,-4.4,7.621024
2060,3.194608,-6.513772,-4.4,7.621024
2061,3.180458,-6.497892,-4.4,7.621024
2062,3.164683,-6.480126,-4.4,7.621024
2063,3.150056,-6.46187,-4.4,7.621024
2064,3.134714,-6.443931,-4.4,7.621024
2065,3.118907,-6.427881,-4.4,7.621024
2066,3.099808,-6.409261,-4.4,7.621024
2067,3.082018,-6.389493,-4.4,7.621024
2068,3.063751,-6.369573,-4.4,7.621024
2069,3.041803,-6.348034,-4.4,7.621024
2070,3.020109,-6.327338,-4.4,7.621024
2071,2.999477,-6.3077,-4.4,7.621024
2072,2.978276,-6.287986,-4.4,7.621024
2073,2.955972,-6.26858,-4.4,7.621024
2074,2.933939,-6.253418,-4.4,7.621024
2075,2.914349,-6.235971,-4.4,7.621024
2076,2.892752,-6.217461,-4.4,7.621024
2077,2.872434,-6.1978,-4.4,7.621024
2078,2.850963,-6.17836,-4.4,7.621024
2079,2.830933,-6.159155,-4.4,7.621024
2080,2.80925,-6.140017,-4.4,7.621024
2081,2.787963,-6.120453,-4.4,7.621024
2082,2.766579,-6.100108,-4.4,7.621024
2083,2.747439,-6.080387,-4.4,7.621024
2084,2.732764,-6.058748,-4.4,7.621024
2085,2.718907,-6.034148,-4.4,7.621024
2086,2.706036,-6.00871,-4.4,7.621024
2087,2.690322,-5.97949,-4.4,7.621024
2088,2.673671,-5.95133,-4.4,7.621024
2089,2.658908,-5.923862,-4.4,7.621024
2090,2.644788,-5.896173,-4.4,7.621024
2091,2.630696,-5.869095,-4.4,7.621024
2092,2.614897,-5.841033,-4.4,7.621024
2093,2.600545,-5.812294,-4.4,7.621024
2094,2.586152,-5.784809,-4.4,7.621024
2095,2.57245,-5.757732,-4.4,7.621024
2096,2.559786,-5.730717,-4.4,7.621024
2097,2.548198,-5.704097,-4.4,7.621024
2098,2.536623,-5.681586,-4.4,7.621024
2099,2.525147,-5.658039,-4.4,7.621024
2100,2.515738,-5.637945,-4.4,7.621024
2101,2.506017,-5.618034,-4.4,7.621024
2102,2.494632,-5.59769,-4.4,7.621024
2103,2.481686,-5.574645,-4.4,7.621024
2104,2.469625,-5.557518,-4.4,7.621024
2105,2.456281,-5.541452,-4.4,7.621024
2106,2.440238,-5.525258,-4.4,7.621024
2107,2.424935,-5.506311,-4.4,7.621024
2108,2.409045,-5.488675,-4.4,7.621024
2109,2.392993,-5.471797,-4.4,7.621024
2110,2.376088,-5.455071,-4.4,7.621024
2111,2.360555,-5.438369,-4.4,7.621024
2112,2.344079,-5.419769,-4.4,7.621024
2113,2.328178,-5.403618,-4.4,7.621024
2114,2.311034,-5.385853,-4.4,7.621024
2115,2.296832,-5.370481,-4.4,7.621024
2116,2.280556,-5.353097,-4.4,7.621024
2117,2.265003,-5.335957,-4.4,7.621024
2118,2.247656,-5.317773,-4.4,7.621024
2119,2.230028,-5.297152,-4.4,7.621024
2120,2.213658,-5.277429,-4.4,7.621024
2121,2.193704,-5.254743,-4.4,7.621024
2122,2.171257,-5.232047,-4.4,7.621024
2123,2.148417,-5.208531,-4.4,7.621024
2124,2.124471,-5.183954,-4.4,7.621024
2125,2.103296,-5.164856,-4.4,7.621024
2126,2.081969,-5.146874,-4.4,7.621024
2127,2.062507,-5.130391,-4.4,7.621024
2128,2.042391,-5.112802,-4.4,7.621024
2129,2.020218,-5.095418,-4.4,7.621024
2130,1.997355,-5.073255,-4.4,7.621024
2131,1.972479,-5.052554,-4.4,7.621024
2132,1.948899,-5.030741,-4.4,7.621024
2133,1.925408,-5.007163,-4.4,7.621024
2134,1.903441,-4.984667,-4.4,7.621024
2135,1.881692,-4.963046,-4.4,7.621024
2136,1.864504,-4.943219,-4.4,7.621024
2137,1.84746,-4.924009,-4.4,7.621024
2138,1.830336,-4.901925,-4.4,7.621024
2139,1.812394,-4.877941,-4.4,7.621024
2140,1.794355,-4.853645,-4.4,7.621024
2141,1.776739,-4.829205,-4.4,7.621024
2142,1.759195,-4.80132,-4.4,7.621024
2143,1.743267,-4.774308,-4.4,7.621024
2144,1.729554,-4.747375,-4.4,7.621024
2145,1.715251,-4.720407,-4.4,7.621024
2146,1.700422,-4.693422,-4.4,7.621024
2147,1.685943,-4.664897,-4.4,7.621024
2148,1.670387,-4.634621,-4.4,7.621024
2149,1.657282,-4.603734,-4.4,7.621024
2150,1.644508,-4.572509,-4.4,7.621024
2151,1.631697,-4.545779,-4.4,7.621024
2152,1.617829,-4.519119,-4.4,7.621024
2153,1.606153,-4.495769,-4.4,7.621024
2154,1.594107,-4.472678,-4.4,7.621024
2155,1.582741,-4.453507,-4.4,7.621024
2156,1.570536,-4.436071,-4.4,7.621024
2157,1.558773,-4.418994,-4.4,7.621024
2158,1.547953,-4.402281,-4.4,7.621024
2159,1.536115,-4.382227,-4.4,7.621024
2160,1.523287,-4.361671,-4.4,7.621024
2161,1.510538,-4.341953,-4.4,7.621024
2162,1.49642,-4.323267,-4.4,7.621024
2163,1.480597,-4.303225,-4.4,7.621024
2164,1.463916,-4.282049,-4.4,7.621024
2165,1.446005,-4.261995,-4.4,7.621024
2166,1.429848,-4.24192,-4.4,7.621024
2167,1.415026,-4.221265,-4.4,7.621024
2168,1.400065,-4.199754,-4.4,7.621024
2169,1.384704,-4.178471,-4.4,7.621024
2170,1.369657,-4.156579,-4.4,7.621024
2171,1.353652,-4.134238,-4.4,7.621024
2172,1.336535,-4.113372,-4.4,7.621024
2173,1.317002,-4.09238,-4.4,7.621024
2174,1.295664,-4.06816,-4.4,7.621024
2175,1.273704,-4.04116,-4.4,7.621024
2176,1.250259,-4.015545,-4.4,7.621024
2177,1.229076,-3.991978,-4.4,7.621024
2178,1.207748,-3.970948,-4.4,7.621024
2179,1.190503,-3.947579,-4.4,7.621024
2180,1.17024,-3.924014,-4.4,7.621024
2181,1.149651,-3.9029,-4.4,7.621024
2182,1.131478,-3.884431,-4.4,7.621024
2183,1.112984,-3.865314,-4.4,7.621024
2184,1.092818,-3.843347,-4.4,7.621024
2185,1.073919,-3.821353,-4.4,7.621024
2186,1.055595,-3.802488,-4.4,7.621024
2187,1.038436,-3.781763,-4.4,7.621024
2188,1.022971,-3.762447,-4.4,7.621024
2189,1.008184,-3.741105,-4.4,7.621024
2190,0.9931107,-3.717287,-4.4,7.621024
2191,0.9780343,-3.69138,-4.4,7.621024
2192,0.9652331,-3.665854,-4.4,7.621024
2193,0.9522054,-3.640275,-4.4,7.621024
2194,0.9391886,-3.613438,-4.4,7.621024
2195,0.9257454,-3.585213,-4.4,7.621024
2196,0.9124402,-3.553665,-4.4,7.621024
2197,0.9012133,-3.524521,-4.4,7.621024
2198,0.8904724,-3.495862,-4.4,7.621024
2199,0.8780612,-3.466448,-4.4,7.621024
2200,0.8651115,-3.439032,-4.4,7.621024
2201,0.8525446,-3.4115,-4.4,7.621024
2202,0.8398684,-3.382491,-4.4,7.621024
2203,0.8278064,-3.355063,-4.4,7.621024
2204,0.8186482,-3.327487,-4.4,7.621024
2205,0.8099849,-3.302495,-4.4,7.621024
2206,0.8024142,-3.27789,-4.4,7.621024
2207,0.7947134,-3.25524,-4.4,7.621024
2208,0.7849224,-3.234811,-4.4,7.621024
2209,0.7756016,-3.215788,-4.4,7.621024
2210,0.7661808,-3.193625,-4.4,7.621024
2211,0.7549782,-3.173923,-4.4,7.621024
2212,0.7416472,-3.153146,-4.4,7.621024
2213,0.7276738,-3.13192,-4.4,7.621024
2214,0.7135723,-3.109443,-4.4,7.621024
2215,0.6998816,-3.088881,-4.4,7.621024
2216,0.68827,-3.069834,-4.4,7.621024
2217,0.6784588,-3.052877,-4.4,7.621024
2218,0.6650387,-3.036483,-4.4,7.621024
2219,0.6503674,-3.019966,-4.4,7.621024
2220,0.6341865,-3.000189,-4.4,7.621024
2221,0.6187239,-2.980542,-4.4,7.621024
2222,0.6031243,-2.960302,-4.4,7.621024
2223,0.5891459,-2.942116,-4.4,7.621024
2224,0.5726936,-2.924137,-4.4,7.621024
2225,0.5551026,-2.903924,-4.4,7.621024
2226,0.5370039,-2.884188,-4.4,7.621024
2227,0.5167264,-2.86417,-4.4,7.621024
2228,0.4942991,-2.842333,-4.4,7.621024
2229,0.4743297,-2.819272,-4.4,7.621024
2230,0.4559419,-2.794951,-4.4,7.621024
2231,0.4379584,-2.771944,-4.4,7.621024
2232,0.4185316,-2.748769,-4.4,7.621024
2233,0.4004095,-2.728541,-4.4,7.621024
2234,0.3788396,-2.711082,-4.4,7.621024
2235,0.3597614,-2.691638,-4.4,7.621024
2236,0.342839,-2.67204,-4.4,7.621024
2237,0.3246505,-2.65196,-4.4,7.621024
2238,0.3047464,-2.631013,-4.4,7.621024
2239,0.286702,-2.612518,-4.4,7.621024
2240,0.2673092,-2.593601,-4.4,7.621024
2241,0.2490521,-2.571572,-4.4,7.621024
2242,0.2309514,-2.546375,-4.4,7.621024
2243,0.2117892,-2.520991,-4.4,7.621024
2244,0.1972858,-2.499571,-4.4,7.621024
2245,0.1829787,-2.478077,-4.4,7.621024
2246,0.1672195,-2.453782,-4.4,7.621024
2247,0.1527912,-2.428493,-4.4,7.621024
2248,0.1386613,-2.404753,-4.4,7.621024
2249,0.1253718,-2.377404,-4.4,7.621024
2250,0.1135544,-2.348408,-4.4,7.621024
2251,0.1008173,-2.317878,-4.4,7.621024
2252,0.08865295,-2.289594,-4.4,7.621024
2253,0.07752573,-2.260403,-4.4,7.621024
2254,0.06577253,-2.231766,-4.4,7.621024
2255,0.0544259,-2.201699,-4.4,7.621024
2256,0.04144537,-2.167171,-4.4,7.621024
2257,0.0279821,-2.132722,-4.4,7.621024
2258,0.01849231,-2.102504,-4.4,7.621024
2259,0.008369342,-2.071571,-4.4,7.621024
2260,-0.001747716,-2.044364,-4.4,7.621024
2261,-0.01293182,-2.020202,-4.4,7.621024
2262,-0.0233107,-1.995669,-4.4,7.621024
2263,-0.03232832,-1.973466,-4.4,7.621024
2264,-0.04161954,-1.951849,-4.4,7.621024
2265,-0.05070668,-1.931349,-4.4,7.621024
2266,-0.06265287,-1.910771,-4.4,7.621024
2267,-0.07392771,-1.892077,-4.4,7.621024
2268,-0.08609514,-1.874065,-4.4,7.621024
2269,-0.09789863,-1.852902,-4.4,7.621024
2270,-0.1085303,-1.832456,-4.4,7.621024
2271,-0.1212305,-1.812739,-4.4,7.621024
2272,-0.1359455,-1.791882,-4.4,7.621024
2273,-0.1511064,-1.769176,-4.4,7.621024
2274,-0.165164,-1.749511,-4.4,7.621024
2275,-0.1808485,-1.727243,-4.4,7.621024
2276,-0.1935388,-1.705648,-4.4,7.621024
2277,-0.2076182,-1.68478,-4.4,7.621024
2278,-0.2191635,-1.665986,-4.4,7.621024
2279,-0.2318789,-1.646716,-4.4,7.621024
2280,-0.2471099,-1.624549,-4.4,7.621024
2281,-0.263287,-1.602328,-4.4,7.621024
2282,-0.2822794,-1.577392,-4.4,7.621024
2283,-0.3018923,-1.551963,-4.4,7.621024
2284,-0.3204561,-1.524711,-4.4,7.621024
2285,-0.3377691,-1.495282,-4.4,7.621024
2286,-0.3548489,-1.470219,-4.4,7.621024
2287,-0.3734197,-1.450094,-4.4,7.621024
2288,-0.3928408,-1.429014,-4.4,7.621024
2289,-0.411185,-1.40659,-4.4,7.621024
2290,-0.4288378,-1.386143,-4.4,7.621024
2291,-0.4467352,-1.365508,-4.4,7.621024
2292,-0.4655384,-1.344429,-4.4,7.621024
2293,-0.482339,-1.3246,-4.4,7.621024
2294,-0.5000327,-1.304194,-4.4,7.621024
2295,-0.5171829,-1.283763,-4.4,7.621024
2296,-0.5350913,-1.259115,-4.4,7.621024
2297,-0.5518234,-1.234022,-4.4,7.621024
2298,-0.5656765,-1.21275,-4.4,7.621024
2299,-0.577771,-1.189035,-4.4,7.621024
2300,-0.5900965,-1.164941,-4.4,7.621024
2301,-0.6006135,-1.136541,-4.4,7.621024
2302,-0.611212,-1.107289,-4.4,7.621024
2303,-0.6208183,-1.077735,-4.4,7.621024
2304,-0.6298702,-1.048116,-4.4,7.621024
2305,-0.6393725,-1.017099,-4.4,7.621024
2306,-0.6492811,-0.9846818,-4.4,7.621024
2307,-0.6596123,-0.9505414,-4.4,7.621024
2308,-0.6703446,-0.9182119,-4.4,7.621024
2309,-0.68005,-0.8838638,-4.4,7.621024
2310,-0.6892993,-0.8521284,-4.4,7.621024
2311,-0.6978118,-0.8214042,-4.4,7.621024
2312,-0.7061265,-0.7886449,-4.4,7.621024
2313,-0.7130709,-0.7591413,-4.4,7.621024
2314,-0.7198423,-0.7329379,-4.4,7.621024
2315,-0.7283968,-0.7074287,-4.4,7.621024
2316,-0.7361103,-0.6846946,-4.4,7.621024
2317,-0.7453054,-0.663232,-4.4,7.621024
2318,-0.7542467,-0.643557,-4.4,7.621024
2319,-0.7648605,-0.6212722,-4.4,7.621024
2320,-0.776171,-0.6015604,-4.4,7.621024
2321,-0.7878667,-0.5819591,-4.4,7.621024
2322,-0.8008152,-0.5618687,-4.4,7.621024
2323,-0.8145441,-0.5425071,-4.4,7.621024
2324,-0.8272594,-0.5219725,-4.4,7.621024
2325,-0.8409443,-0.500905,-4.4,7.621024
2326,-0.8544774,-0.482135,-4.4,7.621024
2327,-0.8684459,-0.462923,-4.4,7.621024
2328,-0.8812809,-0.4423203,-4.4,7.621024
2329,-0.8944867,-0.4213413,-4.4,7.621024
2330,-0.9051584,-0.4039917,-4.4,7.621024
2331,-0.9193955,-0.3859918,-4.4,7.621024
2332,-0.9340948,-0.3661337,-4.4,7.621024
2333,-0.9498025,-0.3447053,-4.4,7.621024
2334,-0.9663768,-0.3234136,-4.4,7.621024
2335,-0.9835712,-0.3014855,-4.4,7.621024
2336,-1.004312,-0.2768215,-4.4,7.621024
2337,-1.024288,-0.2530813,-4.4,7.621024
2338,-1.045145,-0.2274384,-4.4,7.621024
2339,-1.064407,-0.2009026,-4.4,7.621024
2340,-1.08471,-0.1764907,-4.4,7.621024
2341,-1.103892,-0.1548502,-4.4,7.621024
2342,-1.12513,-0.133016,-4.4,7.621024
2343,-1.146935,-0.1087709,-4.4,7.621024
2344,-1.166149,-0.08291511,-4.4,7.621024
2345,-1.185864,-0.0564093,-4.4,7.621024
2346,-1.208347,-0.03356662,-4.4,7.621024
2347,-1.227759,-0.009471888,-4.4,7.621024
2348,-1.246324,0.01642381,-4.4,7.621024
2349,-1.264061,0.03925305,-4.4,7.621024
2350,-1.28067,0.06190515,-4.4,7.621024
2351,-1.29697,0.08575518,-4.4,7.621024
2352,-1.3126,0.1114574,-4.4,7.621024
2353,-1.328106,0.1390845,-4.4,7.621024
2354,-1.342344,0.1688002,-4.4,7.621024
2355,-1.355605,0.1976003,-4.4,7.621024
2356,-1.36963,0.2305729,-4.4,7.621024
2357,-1.383272,0.2634034,-4.4,7.621024
2358,-1.396591,0.2967971,-4.4,7.621024
2359,-1.407319,0.3263766,-4.4,7.621024
2360,-1.416717,0.3536939,-4.4,7.621024
2361,-1.42669,0.3834644,-4.4,7.621024
2362,-1.436555,0.4131885,-4.4,7.621024
2363,-1.448687,0.4441117,-4.4,7.621024
2364,-1.45991,0.4750809,-4.4,7.621024
2365,-1.467646,0.5013179,-4.4,7.621024
2366,-1.474626,0.5244509,-4.4,7.621024
2367,-1.483961,0.5478905,-4.4,7.621024
2368,-1.491709,0.5682169,-4.4,7.621024
2369,-1.498211,0.5871674,-4.4,7.621024
2370,-1.505534,0.6068033,-4.4,7.621024
2371,-1.513632,0.6282447,-4.4,7.621024
2372,-1.524442,0.6494855,-4.4,7.621024
2373,-1.533949,0.6664401,-4.4,7.621024
2374,-1.542228,0.6848918,-4.4,7.621024
2375,-1.554698,0.7035038,-4.4,7.621024
2376,-1.565819,0.7247728,-4.4,7.621024
2377,-1.577173,0.745159,-4.4,7.621024
2378,-1.588385,0.7629737,-4.4,7.621024
2379,-1.600937,0.7827487,-4.4,7.621024
2380,-1.613983,0.8017699,-4.4,7.621024
2381,-1.627111,0.8227668,-4.4,7.621024
2382,-1.64083,0.843779,-4.4,7.621024
2383,-1.656375,0.8670691,-4.4,7.621024
2384,-1.669566,0.8887124,-4.4,7.621024
2385,-1.68242,0.9124811,-4.4,7.621024
2386,-1.696056,0.9343708,-4.4,7.621024
2387,-1.708787,0.9551703,-4.4,7.621024
2388,-1.723452,0.9750366,-4.4,7.621024
2389,-1.741389,0.997868,-4.4,7.621024
2390,-1.75997,1.023803,-4.4,7.621024
2391,-1.779437,1.051275,-4.4,7.621024
2392,-1.796837,1.076513,-4.4,7.621024
2393,-1.813948,1.100891,-4.4,7.621024
2394,-1.831541,1.125578,-4.4,7.621024
2395,-1.851105,1.148929,-4.4,7.621024
2396,-1.86787,1.171223,-4.4,7.621024
2397,-1.884274,1.19185,-4.4,7.621024
2398,-1.903062,1.212356,-4.4,7.621024
2399,-1.920882,1.233532,-4.4,7.621024
2400,-1.936568,1.259657,-4.4,7.621024
2401,-1.95311,1.285314,-4.4,7.621024
2402,-1.969001,1.309126,-4.4,7.621024
2403,-1.983637,1.332616,-4.4,7.621024
2404,-1.997917,1.357255,-4.4,7.621024
2405,-2.0132,1.385494,-4.4,7.621024
2406,-2.025489,1.413462,-4.4,7.621024
2407,-2.037974,1.440404,-4.4,7.621024
2408,-2.047094,1.467868,-4.4,7.621024
2409,-2.057396,1.496406,-4.4,7.621024
2410,-2.06807,1.526417,-4.4,7.621024
2411,-2.07798,1.558392,-4.4,7.621024
2412,-2.089292,1.592534,-4.4,7.621024
2413,-2.100513,1.62446,-4.4,7.621024
2414,-2.108385,1.656363,-4.4,7.621024
2415,-2.115532,1.689194,-4.4,7.621024
2416,-2.123982,1.722944,-4.4,7.621024
2417,-2.131815,1.754731,-4.4,7.621024
2418,-2.139391,1.785811,-4.4,7.621024
2419,-2.147134,1.81321,-4.4,7.621024
2420,-2.155605,1.840378,-4.4,7.621024
2421,-2.162592,1.866703,-4.4,7.621024
2422,-2.169653,1.892191,-4.4,7.621024
2423,-2.176182,1.917034,-4.4,7.621024
2424,-2.184182,1.940078,-4.4,7.621024
2425,-2.19103,1.96283,-4.4,7.621024
2426,-2.197123,1.979385,-4.4,7.621024
2427,-2.204622,1.997499,-4.4,7.621024
2428,-2.214918,2.014285,-4.4,7.621024
2429,-2.228725,2.036852,-4.4,7.621024
2430,-2.240169,2.060391,-4.4,7.621024
2431,-2.252536,2.080087,-4.4,7.621024
2432,-2.263727,2.098877,-4.4,7.621024
2433,-2.276461,2.119379,-4.4,7.621024
2434,-2.286672,2.137356,-4.4,7.621024
2435,-2.297861,2.156691,-4.4,7.621024
2436,-2.308083,2.177968,-4.4,7.621024
2437,-2.317039,2.199437,-4.4,7.621024
2438,-2.328045,2.22051,-4.4,7.621024
2439,-2.340564,2.243014,-4.4,7.621024
2440,-2.353131,2.264742,-4.4,7.621024
2441,-2.367946,2.288229,-4.4,7.621024
2442,-2.38399,2.308504,-4.4,7.621024
2443,-2.402061,2.330905,-4.4,7.621024
2444,-2.419256,2.356019,-4.4,7.621024
2445,-2.436549,2.384178,-4.4,7.621024
2446,-2.455218,2.409978,-4.4,7.621024
2447,-2.472383,2.435591,-4.4,7.621024
2448,-2.487961,2.459251,-4.4,7.621024
2449,-2.503823,2.479434,-4.4,7.621024
2450,-2.51939,2.499486,-4.4,7.621024
2451,-2.535901,2.520617,-4.4,7.621024
2452,-2.553476,2.544855,-4.4,7.621024
2453,-2.569739,2.570089,-4.4,7.621024
2454,-2.587027,2.592287,-4.4,7.621024
2455,-2.602998,2.614883,-4.4,7.621024
2456,-2.617975,2.637637,-4.4,7.621024
2457,-2.63276,2.662378,-4.4,7.621024
2458,-2.647547,2.687604,-4.4,7.621024
2459,-2.66041,2.711783,-4.4,7.621024
2460,-2.672664,2.736671,-4.4,7.621024
2461,-2.681845,2.761307,-4.4,7.621024
2462,-2.689205,2.789804,-4.4,7.621024
2463,-2.698596,2.815185,-4.4,7.621024
2464,-2.710246,2.839686,-4.4,7.621024
2465,-2.720276,2.868706,-4.4,7.621024
2466,-2.728916,2.898076,-4.4,7.621024
2467,-2.739105,2.928291,-4.4,7.621024
2468,-2.748717,2.960119,-4.4,7.621024
2469,-2.759169,2.991597,-4.4,7.621024
2470,-2.769491,3.022401,-4.4,7.621024
2471,-2.778005,3.051783,-4.4,7.621024
2472,-2.786501,3.082456,-4.4,7.621024
2473,-2.795488,3.112089,-4.4,7.621024
2474,-2.805036,3.141112,-4.4,7.621024
2475,-2.813694,3.168142,-4.4,7.621024
2476,-2.821678,3.194751,-4.4,7.621024
2477,-2.832065,3.21896,-4.4,7.621024
2478,-2.842266,3.239034,-4.4,7.621024
2479,-2.852885,3.260855,-4.4,7.621024
2480,-2.864136,3.282868,-4.4,7.621024
2481,-2.875208,3.303824,-4.4,7.621024
2482,-2.884901,3.324534,-4.4,7.621024
2483,-2.897912,3.345681,-4.4,7.621024
2484,-2.909415,3.361734,-4.4,7.621024
2485,-2.923852,3.381894,-4.4,7.621024
2486,-2.937803,3.401852,-4.4,7.621024
2487,-2.950447,3.418734,-4.4,7.621024
2488,-2.965111,3.435263,-4.4,7.621024
2489,-2.979654,3.450919,-4.4,7.621024
2490,-2.994179,3.469623,-4.4,7.621024
2491,-3.008658,3.489461,-4.4,7.621024
2492,-3.023128,3.509163,-4.4,7.621024
2493,-3.038127,3.528318,-4.4,7.621024
2494,-3.054688,3.548596,-4.4,7.621024
2495,-3.073198,3.57077,-4.4,7.621024
2496,-3.094517,3.593366,-4.4,7.621024
2497,-3.113249,3.61385,-4.4,7.621024
2498,-3.134847,3.634228,-4.4,7.621024
2499,-3.152619,3.653851,-4.4,7.621024
2500,-3.171835,3.673913,-4.4,7.621024
2501,-3.189531,3.69464,-4.4,7.621024
2502,-3.207077,3.717571,-4.4,7.621024
2503,-3.225694,3.740181,-4.4,7.621024
2504,-3.242256,3.762038,-4.4,7.621024
2505,-3.261964,3.781348,-4.4,7.621024
2506,-3.282867,3.802264,-4.4,7.621024
2507,-3.300322,3.82316,-4.4,7.621024
2508,-3.318287,3.842258,-4.4,7.621024
2509,-3.336291,3.861636,-4.4,7.621024
2510,-3.354919,3.882843,-4.4,7.621024
2511,-3.372555,3.903048,-4.4,7.621024
2512,-3.389999,3.923728,-4.4,7.621024
2513,-3.405147,3.948134,-4.4,7.621024
2514,-3.419623,3.973108,-4.4,7.621024
2515,-3.434402,3.999001,-4.4,7.621024
2516,-3.448563,4.027571,-4.4,7.621024
2517,-3.462533,4.056165,-4.4,7.621024
2518,-3.473071,4.083516,-4.4,7.621024
2519,-3.48273,4.110775,-4.4,7.621024
2520,-3.493266,4.141291,-4.4,7.621024
2521,-3.503349,4.173537,-4.4,7.621024
2522,-3.513695,4.204784,-4.4,7.621024
2523,-3.524132,4.234744,-4.4,7.621024
2524,-3.534657,4.264067,-4.4,7.621024
2525,-3.544887,4.295159,-4.4,7.621024
2526,-3.553198,4.323849,-4.4,7.621024
2527,-3.560627,4.348824,-4.4,7.621024
2528,-3.567206,4.37234,-4.4,7.621024
2529,-3.571403,4.393301,-4.4,7.621024
2530,-3.578316,4.414309,-4.4,7.621024
2531,-3.585342,4.433285,-4.4,7.621024
2532,-3.591335,4.452177,-4.4,7.621024
2533,-3.599765,4.471721,-4.4,7.621024
2534,-3.606625,4.489901,-4.4,7.621024
2535,-3.616802,4.507245,-4.4,7.621024
2536,-3.628701,4.530412,-4.4,7.621024
2537,-3.638462,4.555208,-4.4,7.621024
2538,-3.649533,4.578467,-4.4,7.621024
2539,-3.660154,4.600562,-4.4,7.621024
2540,-3.671071,4.621616,-4.4,7.621024
2541,-3.683173,4.643249,-4.4,7.621024
2542,-3.692735,4.665673,-4.4,7.621024
2543,-3.703987,4.688532,-4.4,7.621024
2544,-3.715515,4.712694,-4.4,7.621024
2545,-3.726747,4.736129,-4.4,7.621024
2546,-3.73932,4.760083,-4.4,7.621024
2547,-3.751553,4.783068,-4.4,7.621024
2548,-3.764547,4.807173,-4.4,7.621024
2549,-3.778168,4.830369,-4.4,7.621024
2550,-3.796042,4.856616,-4.4,7.621024
2551,-3.81511,4.886396,-4.4,7.621024
2552,-3.833175,4.914737,-4.4,7.621024
2553,-3.846821,4.940998,-4.4,7.621024
2554,-3.859178,4.963465,-4.4,7.621024
2555,-3.874721,4.983938,-4.4,7.621024
2556,-3.887318,5.004863,-4.4,7.621024
2557,-3.902568,5.026865,-4.4,7.621024
2558,-3.916863,5.048111,-4.4,7.621024
2559,-3.931427,5.072821,-4.4,7.621024
2560,-3.945382,5.100363,-4.4,7.621024
2561,-3.959449,5.123659,-4.4,7.621024
2562,-3.974146,5.151115,-4.4,7.621024
2563,-3.987427,5.177186,-4.4,7.621024
2564,-4.000097,5.202204,-4.4,7.621024
2565,-4.010011,5.226943,-4.4,7.621024
2566,-4.020195,5.25118,-4.4,7.621024
2567,-4.02943,5.276812,-4.4,7.621024
2568,-4.03764,5.304025,-4.4,7.621024
2569,-4.044003,5.330173,-4.4,7.621024
2570,-4.050581,5.359903,-4.4,7.621024
2571,-4.055542,5.389571,-4.4,7.621024
2572,-4.061685,5.418454,-4.4,7.621024
2573,-4.067108,5.449122,-4.4,7.621024
2574,-4.071691,5.476855,-4.4,7.621024
2575,-4.07666,5.504498,-4.4,7.621024
2576,-4.079407,5.532492,-4.4,7.621024
2577,-4.082949,5.562719,-4.4,7.621024
2578,-4.085895,5.592977,-4.4,7.621024
2579,-4.090363,5.626289,-4.4,7.621024
2580,-4.09368,5.660049,-4.4,7.621024
2581,-4.096379,5.686645,-4.4,7.621024
2582,-4.100664,5.711665,-4.4,7.621024
2583,-4.104437,5.735207,-4.4,7.621024
2584,-4.108825,5.756257,-4.4,7.621024
2585,-4.113475,5.777101,-4.4,7.621024
2586,-4.119545,5.800866,-4.4,7.621024
2587,-4.126913,5.820987,-4.4,7.621024
2588,-4.13481,5.844224,-4.4,7.621024
2589,-4.142325,5.866418,-4.4,7.621024
2590,-4.150905,5.888132,-4.4,7.621024
2591,-4.16108,5.909814,-4.4,7.621024
2592,-4.173505,5.928625,-4.4,7.621024
2593,-4.1841,5.947863,-4.4,7.621024
2594,-4.193629,5.968446,-4.4,7.621024
2595,-4.204581,5.987811,-4.4,7.621024
2596,-4.215991,6.007568,-4.4,7.621024
2597,-4.22619,6.030321,-4.4,7.621024
2598,-4.235419,6.054693,-4.4,7.621024
2599,-4.245936,6.079955,-4.4,7.621024
2600,-4.257005,6.105838,-4.4,7.621024
2601,-4.269754,6.132306,-4.4,7.621024
2602,-4.282868,6.158912,-4.4,7.621024
2603,-4.297554,6.184041,-4.4,7.621024
2604,-4.311384,6.206375,-4.4,7.621024
2605,-4.325784,6.229203,-4.4,7.621024
2606,-4.337409,6.250178,-4.4,7.621024
2607,-4.347466,6.27111,-4.4,7.621024
2608,-4.357586,6.293303,-4.4,7.621024
2609,-4.370401,6.312851,-4.4,7.621024
2610,-4.383272,6.331603,-4.4,7.621024
2611,-4.397118,6.353698,-4.4,7.621024
2612,-4.409986,6.376262,-4.4,7.621024
2613,-4.422753,6.396879,-4.4,7.621024
2614,-4.434621,6.416567,-4.4,7.621024
2615,-4.448112,6.438063,-4.4,7.621024
2616,-4.460323,6.460199,-4.4,7.621024
2617,-4.471935,6.483321,-4.4,7.621024
2618,-4.481421,6.505008,-4.4,7.621024
2619,-4.488977,6.527489,-4.4,7.621024
2620,-4.496088,6.550249,-4.4,7.621024
2621,-4.50232,6.571434,-4.4,7.621024
2622,-4.508217,6.595021,-4.4,7.621024
2623,-4.51237,6.620474,-4.4,7.621024
2624,-4.516612,6.646148,-4.4,7.621024
2625,-4.51861,6.673566,-4.4,7.621024
2626,-4.520189,6.698275,-4.4,7.621024
2627,-4.521086,6.726195,-4.4,7.621024
2628,-4.522476,6.752581,-4.4,7.621024
2629,-4.52404,6.780051,-4.4,7.621024
2630,-4.525941,6.807674,-4.4,7.621024
2631,-4.526184,6.835394,-4.4,7.621024
2632,-4.526755,6.863534,-4.4,7.621024
2633,-4.526052,6.889735,-4.4,7.621024
2634,-4.524662,6.915185,-4.4,7.621024
2635,-4.525151,6.942719,-4.4,7.621024
2636,-4.525981,6.973283,-4.4,7.621024
2637,-4.524529,7.00032,-4.4,7.621024
2638,-4.523191,7.0243,-4.4,7.621024
2639,-4.523423,7.046239,-4.4,7.621024
2640,-4.525458,7.067894,-4.4,7.621024
2641,-4.528161,7.088509,-4.4,7.621024
2642,-4.530159,7.109598,-4.4,7.621024
2643,-4.532935,7.130279,-4.4,7.621024
2644,-4.536197,7.149951,-4.4,7.621024
2645,-4.537937,7.170938,-4.4,7.621024
2646,-4.53991,7.193276,-4.4,7.621024
2647,-4.544382,7.215432,-4.4,7.621024
2648,-4.549371,7.236614,0,-8.8
2649,-4.555374,7.252857,0,-8.8
2650,-4.561622,7.268679,0,-8.8
2651,-4.570651,7.287283,0,-8.8
2652,-4.581768,7.305215,0,-8.8
2653,-4.592238,7.328065,0,-8.8
2654,-4.603526,7.349635,0,-8.8
2655,-4.616003,7.372756,0,-8.8
2656,-4.626063,7.396993,0,-8.8
2657,-4.634526,7.414657,0,-8.8
2658,-4.640441,7.433063,0,-8.8
2659,-4.642904,7.453953,0,-8.8
2660,-4.643082,7.473827,0,-8.8
2661,-4.641587,7.494916,0,-8.8
2662,-4.63723,7.514365,0,-8.8
2663,-4.634923,7.532589,0,-8.8
2664,-4.635243,7.549572,0,-8.8
2665,-4.631716,7.56402,0,-8.8
2666,-4.625588,7.57514,0,-8.8
2667,-4.61803,7.585926,0,-8.8
2668,-4.610109,7.595847,0,-8.8
2669,-4.600254,7.604341,0,-8.8
2670,-4.589757,7.609985,0,-8.8
2671,-4.580914,7.61516,0,-8.8
2672,-4.574552,7.618898,0,-8.8
2673,-4.56295,7.620453,0,-8.8
2674,-4.55445,7.61821,0,-8.8
2675,-4.543616,7.616247,0,-8.8
2676,-4.532638,7.611866,0,-8.8
2677,-4.522686,7.604622,0,-8.8
2678,-4.510082,7.596435,0,-8.8
2679,-4.499997,7.586993,0,-8.8
2680,-4.491101,7.573996,0,-8.8
2681,-4.483314,7.56092,0,-8.8
2682,-4.472872,7.545722,0,-8.8
2683,-4.461454,7.530083,0,-8.8
2684,-4.449058,7.513777,0,-8.8
2685,-4.436181,7.497655,0,-8.8
2686,-4.420514,7.480374,0,-8.8
2687,-4.408589,7.464947,0,-8.8
2688,-4.398638,7.451502,0,-8.8
2689,-4.391659,7.439582,0,-8.8
2690,-4.382748,7.428013,0,-8.8
2691,-4.373402,7.418202,0,-8.8
2692,-4.360199,7.405829,0,-8.8
2693,-4.34664,7.390247,0,-8.8
2694,-4.337693,7.376903,0,-8.8
2695,-4.327937,7.364648,0,-8.8
2696,-4.315798,7.350886,0,-8.8
2697,-4.301051,7.338872,0,-8.8
2698,-4.288587,7.325904,0,-8.8
2699,-4.277193,7.311913,0,-8.8
2700,-4.264357,7.298531,0,-8.8
2701,-4.25295,7.287362,0,-8.8
2702,-4.238901,7.274699,0,-8.8
2703,-4.226781,7.260267,0,-8.8
2704,-4.216551,7.247389,0,-8.8
2705,-4.204804,7.233899,0,-8.8
2706,-4.193221,7.219712,0,-8.8
2707,-4.179807,7.205679,0,-8.8
2708,-4.166639,7.191952,0,-8.8
2709,-4.152376,7.176219,0,-8.8
2710,-4.137366,7.160403,0,-8.8
2711,-4.12039,7.143703,0,-8.8
2712,-4.103187,7.126795,0,-8.8
2713,-4.084743,7.108046,0,-8.8
2714,-4.064916,7.086521,0,-8.8
2715,-4.046982,7.066352,0,-8.8
2716,-4.029408,7.047869,0,-8.8
2717,-4.014007,7.029499,0,-8.8
2718,-3.997029,7.009473,0,-8.8
2719,-3.981163,6.98682,0,-8.8
2720,-3.963706,6.966082,0,-8.8
2721,-3.948282,6.944915,0,-8.8
2722,-3.934305,6.924318,0,-8.8
2723,-3.92062,6.904205,0,-8.8
2724,-3.906772,6.883123,0,-8.8
2725,-3.894386,6.861726,0,-8.8
2726,-3.883959,6.838621,0,-8.8
2727,-3.8745,6.81391,0,-8.8
2728,-3.867003,6.791111,0,-8.8
2729,-3.859552,6.765892,0,-8.8
2730,-3.852627,6.741046,0,-8.8
2731,-3.846799,6.713172,0,-8.8
2732,-3.842724,6.683577,0,-8.8
2733,-3.839462,6.652678,0,-8.8
2734,-3.837112,6.623859,0,-8.8
2735,-3.834831,6.59383,0,-8.8
2736,-3.832879,6.568218,0,-8.8
2737,-3.831024,6.54284,0,-8.8
2738,-3.828888,6.513723,0,-8.8
2739,-3.828282,6.48284,0,-8.8
2740,-3.827836,6.452745,0,-8.8
2741,-3.82391,6.420534,0,-8.8
2742,-3.8198,6.387764,0,-8.8
2743,-3.81484,6.36364,0,-8.8
2744,-3.809924,6.340327,0,-8.8
2745,-3.808394,6.319369,0,-8.8
2746,-3.804187,6.300876,0,-8.8
2747,-3.799921,6.279483,0,-8.8
2748,-3.796377,6.26048,0,-8.8
2749,-3.790999,6.237412,0,-8.8
2750,-3.786328,6.217177,0,-8.8
2751,-3.780685,6.191705,0,-8.8
2752,-3.775177,6.163386,0,-8.8
2753,-3.770056,6.139667,0,-8.8
2754,-3.764758,6.117192,0,-8.8
2755,-3.755965,6.095169,0,-8.8
2756,-3.746789,6.071386,0,-8.8
2757,-3.739178,6.050269,0,-8.8
2758,-3.73168,6.029094,0,-8.8
2759,-3.723655,6.006829,0,-8.8
2760,-3.71453,5.98148,0,-8.8
2761,-3.706779,5.956154,0,-8.8
2762,-3.697457,5.930787,0,-8.8
2763,-3.685801,5.906055,0,-8.8
2764,-3.674557,5.879895,0,-8.8
2765,-3.663629,5.850133,0,-8.8
2766,-3.649829,5.820475,0,-8.8
2767,-3.636604,5.789261,0,-8.8
2768,-3.623224,5.759643,0,-8.8
2769,-3.612253,5.731304,0,-8.8
2770,-3.601428,5.704676,0,-8.8
2771,-3.588794,5.682641,0,-8.8
2772,-3.574995,5.659194,0,-8.8
2773,-3.562653,5.632363,0,-8.8
2774,-3.549955,5.604108,0,-8.8
2775,-3.537116,5.57698,0,-8.8
2776,-3.525564,5.549154,0,-8.8
2777,-3.514789,5.5237,0,-8.8
2778,-3.506392,5.497716,0,-8.8
2779,-3.497974,5.468559,0,-8.8
2780,-3.489469,5.439751,0,-8.8
2781,-3.482445,5.409674,0,-8.8
2782,-3.476434,5.381335,0,-8.8
2783,-3.468847,5.353893,0,-8.8
2784,-3.462158,5.322418,0,-8.8
2785,-3.457958,5.29007,0,-8.8
2786,-3.452136,5.256037,0,-8.8
2787,-3.447404,5.224648,0,-8.8
2788,-3.442403,5.194735,0,-8.8
2789,-3.436861,5.160779,0,-8.8
2790,-3.43292,5.126839,0,-8.8
2791,-3.42974,5.093288,0,-8.8
2792,-3.428147,5.060737,0,-8.8
2793,-3.424507,5.025423,0,-8.8
2794,-3.421391,4.993083,0,-8.8
2795,-3.419462,4.964443,0,-8.8
2796,-3.416683,4.938163,0,-8.8
2797,-3.413021,4.913393,0,-8.8
2798,-3.410074,4.891265,0,-8.8
2799,-3.406097,4.869254,0,-8.8
2800,-3.399761,4.849108,0,-8.8
2801,-3.394007,4.829364,0,-8.8
2802,-3.387265,4.810575,0,-8.8
2803,-3.382733,4.790257,0,-8.8
2804,-3.378103,4.767608,0,-8.8
2805,-3.373549,4.743161,0,-8.8
2806,-3.365778,4.718255,0,-8.8
2807,-3.356586,4.691844,0,-8.8
2808,-3.350014,4.669604,0,-8.8
2809,-3.342069,4.644723,0,-8.8
2810,-3.332917,4.618332,0,-8.8
2811,-3.32482,4.595832,0,-8.8
2812,-3.318496,4.574108,0,-8.8
2813,-3.312269,4.552844,0,-8.8
2814,-3.303541,4.529841,0,-8.8
2815,-3.297023,4.506957,0,-8.8
2816,-3.287903,4.479712,0,-8.8
2817,-3.279378,4.457299,0,-8.8
2818,-3.268463,4.43501,0,-8.8
2819,-3.25688,4.410411,0,-8.8
2820,-3.241979,4.384656,0,-8.8
2821,-3.22891,4.356708,0,-8.8
2822,-3.214784,4.328212,0,-8.8
2823,-3.201902,4.301374,0,-8.8
2824,-3.190707,4.278339,0,-8.8
2825,-3.17825,4.254285,0,-8.8
2826,-3.16483,4.23072,0,-8.8
2827,-3.153418,4.208388,0,-8.8
2828,-3.140666,4.182602,0,-8.8
2829,-3.127414,4.154048,0,-8.8
2830,-3.115067,4.124636,0,-8.8
2831,-3.101213,4.095721,0,-8.8
2832,-3.090034,4.06873,0,-8.8
2833,-3.077853,4.042461,0,-8.8
2834,-3.065414,4.015856,0,-8.8
2835,-3.05508,3.990094,0,-8.8
2836,-3.045993,3.962167,0,-8.8
2837,-3.037344,3.933311,0,-8.8
2838,-3.031014,3.904749,0,-8.8
2839,-3.026335,3.875206,0,-8.8
2840,-3.02196,3.842844,0,-8.8
2841,-3.018054,3.809713,0,-8.8
2842,-3.01393,3.779222,0,-8.8
2843,-3.009098,3.747844,0,-8.8
2844,-3.005434,3.718168,0,-8.8
2845,-3.002499,3.690283,0,-8.8
2846,-2.998895,3.661245,0,-8.8
2847,-2.996527,3.631737,0,-8.8
2848,-2.994467,3.60082,0,-8.8
2849,-2.993515,3.574079,0,-8.8
2850,-2.993887,3.545666,0,-8.8
2851,-2.992124,3.517531,0,-8.8
2852,-2.988543,3.492579,0,-8.8
2853,-2.982659,3.467897,0,-8.8
2854,-2.977444,3.442917,0,-8.8
2855,-2.974286,3.423066,0,-8.8
2856,-2.971773,3.403991,0,-8.8
2857,-2.966659,3.384153,0,-8.8
2858,-2.959213,3.362006,0,-8.8
2859,-2.950219,3.336106,0,-8.8
2860,-2.940928,3.31221,0,-8.8
2861,-2.93169,3.289029,0,-8.8
2862,-2.924222,3.270814,0,-8.8
2863,-2.913805,3.250246,0,-8.8
2864,-2.904202,3.226532,0,-8.8
2865,-2.898057,3.207807,0,-8.8
2866,-2.892556,3.188068,0,-8.8
2867,-2.885666,3.16481,0,-8.8
2868,-2.877618,3.141198,0,-8.8
2869,-2.868706,3.118298,0,-8.8
2870,-2.859608,3.095225,0,-8.8
2871,-2.849617,3.070402,0,-8.8
2872,-2.838448,3.047313,0,-8.8
2873,-2.826894,3.025785,0,-8.8
2874,-2.812831,3.000304,0,-8.8
2875,-2.797017,2.974761,0,-8.8
2876,-2.78265,2.949265,0,-8.8
2877,-2.768807,2.9248,0,-8.8
2878,-2.754485,2.901456,0,-8.8
2879,-2.73819,2.877748,0,-8.8
2880,-2.722316,2.853188,0,-8.8
2881,-2.706799,2.826922,0,-8.8
2882,-2.691496,2.797704,0,-8.8
2883,-2.674878,2.771785,0,-8.8
2884,-2.659274,2.74544,0,-8.8
2885,-2.644239,2.718688,0,-8.8
2886,-2.633006,2.694152,0,-8.8
2887,-2.621104,2.669431,0,-8.8
2888,-2.608502,2.640428,0,-8.8
2889,-2.598269,2.613093,0,-8.8
2890,-2.589339,2.5899,0,-8.8
2891,-2.580708,2.567112,0,-8.8
2892,-2.573494,2.540198,0,-8.8
2893,-2.566608,2.509574,0,-8.8
2894,-2.56005,2.47632,0,-8.8
2895,-2.55522,2.442611,0,-8.8
2896,-2.550434,2.409613,0,-8.8
2897,-2.545839,2.378517,0,-8.8
2898,-2.542571,2.348932,0,-8.8
2899,-2.538484,2.320251,0,-8.8
2900,-2.534861,2.287493,0,-8.8
2901,-2.531515,2.254887,0,-8.8
2902,-2.527648,2.223969,0,-8.8
2903,-2.523403,2.193854,0,-8.8
2904,-2.521796,2.167124,0,-8.8
2905,-2.519811,2.142372,0,-8.8
2906,-2.516665,2.119716,0,-8.8
2907,-2.511358,2.098306,0,-8.8
2908,-2.506642,2.07353,0,-8.8
2909,-2.501191,2.049229,0,-8.8
2910,-2.495936,2.029303,0,-8.8
2911,-2.489078,2.01042,0,-8.8
2912,-2.481452,1.985624,0,-8.8
2913,-2.473458,1.961349,0,-8.8
2914,-2.463741,1.93848,0,-8.8
2915,-2.452414,1.915504,0,-8.8
2916,-2.444108,1.89378,0,-8.8
2917,-2.439403,1.874514,0,-8.8
2918,-2.432779,1.855647,0,-8.8
2919,-2.424537,1.835226,0,-8.8
2920,-2.417698,1.813559,0,-8.8
2921,-2.409169,1.791378,0,-8.8
2922,-2.401184,1.768453,0,-8.8
2923,-2.393675,1.746937,0,-8.8
2924,-2.383328,1.723977,0,-8.8
2925,-2.371085,1.700505,0,-8.8
2926,-2.357409,1.676388,0,-8.8
2927,-2.344126,1.650048,0,-8.8
2928,-2.330991,1.621442,0,-8.8
2929,-2.32084,1.594433,0,-8.8
2930,-2.308007,1.568356,0,-8.8
2931,-2.293353,1.541371,0,-8.8
2932,-2.279187,1.516632,0,-8.8
2933,-2.264162,1.496213,0,-8.8
2934,-2.247831,1.474358,0,-8.8
2935,-2.235884,1.450136,0,-8.8
2936,-2.223475,1.425058,0,-8.8
2937,-2.210145,1.396235,0,-8.8
2938,-2.195428,1.370448,0,-8.8
2939,-2.181853,1.345896,0,-8.8
2940,-2.170071,1.321619,0,-8.8
2941,-2.159183,1.296737,0,-8.8
2942,-2.148956,1.272257,0,-8.8
2943,-2.140976,1.246154,0,-8.8
2944,-2.134398,1.217968,0,-8.8
2945,-2.127426,1.19044,0,-8.8
2946,-2.121612,1.16213,0,-8.8
2947,-2.117376,1.130346,0,-8.8
2948,-2.112735,1.098735,0,-8.8
2949,-2.109608,1.068891,0,-8.8
2950,-2.106845,1.038513,0,-8.8
2951,-2.104226,1.006151,0,-8.8
2952,-2.101894,0.9738838,0,-8.8
2953,-2.098145,0.9391456,0,-8.8
2954,-2.09612,0.906746,0,-8.8
2955,-2.093836,0.8724881,0,-8.8
2956,-2.089896,0.839878,0,-8.8
2957,-2.087371,0.8099601,0,-8.8
2958,-2.083048,0.7826897,0,-8.8
2959,-2.078324,0.7581103,0,-8.8
2960,-2.073745,0.7324461,0,-8.8
2961,-2.06954,0.7112277,0,-8.8
2962,-2.065261,0.6906647,0,-8.8
2963,-2.06015,0.6690081,0,-8.8
2964,-2.056244,0.6473181,0,-8.8
2965,-2.052233,0.6259854,0,-8.8
2966,-2.045404,0.6014625,0,-8.8
2967,-2.038812,0.5773566,0,-8.8
2968,-2.02817,0.5516341,0,-8.8
2969,-2.017035,0.5268146,0,-8.8
2970,-2.007985,0.5024062,0,-8.8
2971,-1.998198,0.4810428,0,-8.8
2972,-1.990186,0.4593537,0,-8.8
2973,-1.984923,0.4385902,0,-8.8
2974,-1.976834,0.4158734,0,-8.8
2975,-1.969916,0.3919843,0,-8.8
2976,-1.962334,0.3672716,0,-8.8
2977,-1.954646,0.3441043,0,-8.8
2978,-1.947353,0.3189017,0,-8.8
2979,-1.936744,0.2939258,0,-8.8
2980,-1.925662,0.2680043,0,-8.8
2981,-1.912969,0.2390378,0,-8.8
2982,-1.900011,0.2095833,0,-8.8
2983,-1.887704,0.1817294,0,-8.8
2984,-1.875171,0.1538105,0,-8.8
2985,-1.862182,0.1286128,0,-8.8
2986,-1.848576,0.1034087,0,-8.8
2987,-1.83471,0.07786105,0,-8.8
2988,-1.82068,0.05222975,0,-8.8
2989,-1.805531,0.02856228,0,-8.8
2990,-1.790467,0.003746513,0,-8.8
2991,-1.774769,-0.02198523,0,-8.8
2992,-1.761723,-0.05037608,0,-8.8
2993,-1.74765,-0.07669869,0,-8.8
2994,-1.734824,-0.1040614,0,-8.8
2995,-1.723696,-0.1290942,0,-8.8
2996,-1.711901,-0.1568234,0,-8.8
2997,-1.702535,-0.1856502,0,-8.8
2998,-1.695299,-0.2143143,0,-8.8
2999,-1.690228,-0.2422561,0,-8.8
3000,-1.683651,-0.2695054,0,-8.8
3001,-1.678568,-0.3012673,0,-8.8
3002,-1.673963,-0.3335299,0,-8.8
3003,-1.670318,-0.3689303,0,-8.8
3004,-1.666215,-0.4028603,0,-8.8
3005,-1.660906,-0.4404953,0,-8.8
3006,-1.655412,-0.4790437,0,-8.8
3007,-1.649396,-0.5146549,0,-8.8
3008,-1.645376,-0.5491674,0,-8.8
3009,-1.641367,-0.5810828,0,-8.8
3010,-1.636835,-0.6125162,0,-8.8
3011,-1.63439,-0.6453304,0,-8.8
3012,-1.632067,-0.6714004,0,-8.8
3013,-1.629526,-0.6948912,0,-8.8
3014,-1.627512,-0.7192961,0,-8.8
3015,-1.623876,-0.7415485,0,-8.8
3016,-1.618932,-0.763253,0,-8.8
3017,-1.610205,-0.7838035,0,-8.8
3018,-1.60213,-0.8048818,0,-8.8
3019,-1.595697,-0.8281987,0,-8.8
3020,-1.588868,-0.8520141,0,-8.8
3021,-1.583584,-0.8732197,0,-8.8
3022,-1.573775,-0.8975238,0,-8.8
3023,-1.563435,-0.9216372,0,-8.8
3024,-1.55515,-0.9454636,0,-8.8
3025,-1.546176,-0.9677752,0,-8.8
3026,-1.537368,-0.9922713,0,-8.8
3027,-1.53089,-1.015759,0,-8.8
3028,-1.522624,-1.041791,0,-8.8
3029,-1.512972,-1.068771,0,-8.8
3030,-1.503381,-1.097322,0,-8.8
3031,-1.493295,-1.125532,0,-8.8
3032,-1.481932,-1.153103,0,-8.8
3033,-1.469987,-1.17892,0,-8.8
3034,-1.453883,-1.209062,0,-8.8
3035,-1.440367,-1.237522,0,-8.8
3036,-1.424399,-1.266888,0,-8.8
3037,-1.411752,-1.293525,0,-8.8
3038,-1.397764,-1.319602,0,-8.8
3039,-1.38607,-1.344074,0,-8.8
3040,-1.373448,-1.370189,0,-8.8
3041,-1.361714,-1.393293,0,-8.8
3042,-1.345504,-1.417384,0,-8.8
3043,-1.332369,-1.443096,0,-8.8
3044,-1.31804,-1.468647,0,-8.8
3045,-1.305406,-1.492858,0,-8.8
3046,-1.294134,-1.517448,0,-8.8
3047,-1.283322,-1.544885,0,-8.8
3048,-1.273041,-1.573467,0,-8.8
3049,-1.262676,-1.602874,0,-8.8
3050,-1.252816,-1.630379,0,-8.8
3051,-1.24711,-1.660072,0,-8.8
3052,-1.240994,-1.691256,0,-8.8
3053,-1.234925,-1.724144,0,-8.8
3054,-1.228068,-1.755614,0,-8.8
3055,-1.221793,-1.788442,0,-8.8
3056,-1.215818,-1.821646,0,-8.8
3057,-1.21152,-1.854554,0,-8.8
3058,-1.207905,-1.884003,0,-8.8
3059,-1.203857,-1.915356,0,-8.8
3060,-1.199573,-1.948188,0,-8.8
3061,-1.196268,-1.981079,0,-8.8
3062,-1.194626,-2.01391,0,-8.8
3063,-1.191928,-2.044882,0,-8.8
3064,-1.18759,-2.07723,0,-8.8
3065,-1.183565,-2.103489,0,-8.8
3066,-1.178285,-2.128663,0,-8.8
3067,-1.173776,-2.150866,0,-8.8
3068,-1.168396,-2.171704,0,-8.8
3069,-1.162826,-2.193479,0,-8.8
3070,-1.157611,-2.215586,0,-8.8
3071,-1.151548,-2.234122,0,-8.8
3072,-1.145278,-2.255771,0,-8.8
3073,-1.139698,-2.276488,0,-8.8
3074,-1.133121,-2.297919,0,-8.8
3075,-1.124956,-2.323854,0,-8.8
3076,-1.117664,-2.348854,0,-8.8
3077,-1.109275,-2.371887,0,-8.8
3078,-1.099409,-2.392853,0,-8.8
3079,-1.090596,-2.416311,0,-8.8
3080,-1.081501,-2.438511,0,-8.8
3081,-1.071569,-2.461778,0,-8.8
3082,-1.060756,-2.484843,0,-8.8
3083,-1.051208,-2.507929,0,-8.8
3084,-1.039915,-2.533092,0,-8.8
3085,-1.0279,-2.560627,0,-8.8
3086,-1.013531,-2.589881,0,-8.8
3087,-1.000342,-2.617436,0,-8.8
3088,-0.9863415,-2.644733,0,-8.8
3089,-0.9723445,-2.67139,0,-8.8
3090,-0.9588828,-2.698961,0,-8.8
3091,-0.9429028,-2.725273,0,-8.8
3092,-0.9272414,-2.75208,0,-8.8
3093,-0.9156502,-2.776408,0,-8.8
3094,-0.9011759,-2.79932,0,-8.8
3095,-0.8877833,-2.821753,0,-8.8
3096,-0.8756003,-2.84755,0,-8.8
3097,-0.8643522,-2.871947,0,-8.8
3098,-0.8489212,-2.895474,0,-8.8
3099,-0.8342533,-2.922002,0,-8.8
3100,-0.8206401,-2.950005,0,-8.8
3101,-0.8085135,-2.976216,0,-8.8
3102,-0.7988119,-3.001302,0,-8.8
3103,-0.7893683,-3.025259,0,-8.8
3104,-0.7810794,-3.050588,0,-8.8
3105,-0.7725945,-3.075002,0,-8.8
3106,-0.7658451,-3.10261,0,-8.8
3107,-0.7610639,-3.132207,0,-8.8
3108,-0.7567285,-3.161294,0,-8.8
3109,-0.7531028,-3.192199,0,-8.8
3110,-0.7509034,-3.224064,0,-8.8
3111,-0.7463961,-3.254603,0,-8.8
3112,-0.7419098,-3.286731,0,-8.8
3113,-0.7377347,-3.318043,0,-8.8
3114,-0.7335578,-3.349411,0,-8.8
3115,-0.730913,-3.381323,0,-8.8
3116,-0.7277029,-3.416322,0,-8.8
3117,-0.724789,-3.450382,0,-8.8
3118,-0.7209661,-3.483664,0,-8.8
3119,-0.718442,-3.513274,0,-8.8
3120,-0.7152991,-3.54156,0,-8.8
3121,-0.7103251,-3.565746,0,-8.8
3122,-0.7048517,-3.587483,0,-8.8
3123,-0.7005371,-3.611711,0,-8.8
3124,-0.6965412,-3.632029,0,-8.8
3125,-0.6904879,-3.653237,0,-8.8
3126,-0.6850942,-3.677006,0,-8.8
3127,-0.6789948,-3.699975,0,-8.8
3128,-0.6709931,-3.720643,0,-8.8
3129,-0.6612709,-3.740012,0,-8.8
3130,-0.6503503,-3.762101,0,-8.8
3131,-0.6390281,-3.781869,0,-8.8
3132,-0.6296225,-3.802451,0,-8.8
3133,-0.6211816,-3.825139,0,-8.8
3134,-0.6134092,-3.847309,0,-8.8
3135,-0.6051894,-3.868676,0,-8.8
3136,-0.5970958,-3.889526,0,-8.8
3137,-0.5885246,-3.911465,0,-8.8
3138,-0.5804663,-3.932097,0,-8.8
3139,-0.5706602,-3.954479,0,-8.8
3140,-0.5591655,-3.977555,0,-8.8
3141,-0.546976,-4.000721,0,-8.8
3142,-0.5306726,-4.028455,0,-8.8
3143,-0.5162557,-4.05747,0,-8.8
3144,-0.5062789,-4.0831,0,-8.8
3145,-0.4949381,-4.1115,0,-8.8
3146,-0.4822534,-4.137612,0,-8.8
3147,-0.4711426,-4.159971,0,-8.8
3148,-0.458949,-4.181579,0,-8.8
3149,-0.4444459,-4.204314,0,-8.8
3150,-0.4310715,-4.226056,0,-8.8
3151,-0.4195957,-4.247396,0,-8.8
3152,-0.4077445,-4.269777,0,-8.8
3153,-0.3951606,-4.292847,0,-8.8
3154,-0.3813016,-4.321241,0,-8.8
3155,-0.3681118,-4.350725,0,-8.8
3156,-0.3583567,-4.380588,0,-8.8
3157,-0.3491363,-4.405053,0,-8.8
3158,-0.3406304,-4.428667,0,-8.8
3159,-0.3337067,-4.453764,0,-8.8
3160,-0.3289761,-4.480789,0,-8.8
3161,-0.3232703,-4.507882,0,-8.8
3162,-0.3181184,-4.536887,0,-8.8
3163,-0.3138123,-4.570179,0,-8.8
3164,-0.3106049,-4.602784,0,-8.8
3165,-0.3087725,-4.634624,0,-8.8
3166,-0.3067742,-4.661699,0,-8.8
3167,-0.304594,-4.691166,0,-8.8
3168,-0.3045924,-4.720353,0,-8.8
3169,-0.3058316,-4.750051,0,-8.8
3170,-0.3061489,-4.782721,0,-8.8
3171,-0.3054371,-4.814901,0,-8.8
3172,-0.3061175,-4.844924,0,-8.8
3173,-0.3053553,-4.867702,0,-8.8
3174,-0.3028273,-4.890824,0,-8.8
3175,-0.2989632,-4.913825,0,-8.8
3176,-0.2954063,-4.941332,0,-8.8
3177,-0.2914526,-4.963856,0,-8.8
3178,-0.2870916,-4.986256,0,-8.8
3179,-0.2841252,-5.005719,0,-8.8
3180,-0.2797852,-5.025603,0,-8.8
3181,-0.2755953,-5.04928,0,-8.8
3182,-0.2702999,-5.071743,0,-8.8
3183,-0.2653888,-5.094858,0,-8.8
3184,-0.2580592,-5.116547,0,-8.8
3185,-0.2493022,-5.136443,0,-8.8
3186,-0.2406801,-5.157446,0,-8.8
3187,-0.2339866,-5.179333,0,-8.8
3188,-0.227462,-5.201276,0,-8.8
3189,-0.2216087,-5.221753,0,-8.8
3190,-0.2152915,-5.242258,0,-8.8
3191,-0.2081684,-5.264715,0,-8.8
3192,-0.2001012,-5.287076,0,-8.8
3193,-0.1905396,-5.312177,0,-8.8
3194,-0.1813788,-5.340974,0,-8.8
3195,-0.1710262,-5.371018,0,-8.8
3196,-0.1614418,-5.400325,0,-8.8
3197,-0.1512011,-5.429002,0,-8.8
3198,-0.1405129,-5.455813,0,-8.8
3199,-0.1320264,-5.482309,0,-8.8
3200,-0.1235746,-5.509754,0,-8.8
3201,-0.1140124,-5.533178,0,-8.8
3202,-0.1039506,-5.555105,0,-8.8
3203,-0.09488115,-5.579115,0,-8.8
3204,-0.08361087,-5.608003,0,-8.8
3205,-0.07415216,-5.635439,0,-8.8
3206,-0.06524347,-5.66121,0,-8.8
3207,-0.05670355,-5.687119,0,-8.8
3208,-0.04679891,-5.715467,0,-8.8
3209,-0.0383655,-5.744753,0,-8.8
3210,-0.03109033,-5.772056,0,-8.8
3211,-0.0251241,-5.801429,0,-8.8
3212,-0.02131055,-5.829072,0,-8.8
3213,-0.01676757,-5.855259,0,-8.8
3214,-0.01402351,-5.885335,0,-8.8
3215,-0.01221977,-5.918578,0,-8.8
3216,-0.01210442,-5.951303,0,-8.8
3217,-0.01097519,-5.984118,0,-8.8
3218,-0.01032492,-6.015592,0,-8.8
3219,-0.01002856,-6.04494,0,-8.8
3220,-0.01063811,-6.073596,0,-8.8
3221,-0.01000684,-6.104561,0,-8.8
3222,-0.01040276,-6.135284,0,-8.8
3223,-0.01109793,-6.165781,0,-8.8
3224,-0.01102788,-6.196959,0,-8.8
3225,-0.01044071,-6.226326,0,-8.8
3226,-0.009793083,-6.25453,0,-8.8
3227,-0.008374692,-6.282442,0,-8.8
3228,-0.007702622,-6.306756,0,-8.8
3229,-0.008580657,-6.328335,0,-8.8
3230,-0.008842085,-6.350499,0,-8.8
3231,-0.007784602,-6.366739,0,-8.8
3232,-0.001919909,-6.386024,0,-8.8
3233,0.003566229,-6.410118,0,-8.8
3234,0.007540541,-6.430028,0,-8.8
3235,0.01030204,-6.453452,0,-8.8
3236,0.01481397,-6.47557,0,-8.8
3237,0.0192288,-6.495328,0,-8.8
3238,0.02544998,-6.517744,0,-8.8
3239,0.03271951,-6.538554,0,-8.8
3240,0.03943576,-6.560441,0,-8.8
3241,0.04514365,-6.583157,0,-8.8
3242,0.05234313,-6.60395,0,-8.8
3243,0.05940047,-6.627102,0,-8.8
3244,0.06699294,-6.653675,0,-8.8
3245,0.0736481,-6.676776,0,-8.8
3246,0.08014297,-6.701385,0,-8.8
3247,0.08724406,-6.725485,0,-8.8
3248,0.09708989,-6.751638,0,-8.8
3249,0.1067812,-6.780461,0,-8.8
3250,0.118087,-6.806333,0,-8.8
3251,0.1294054,-6.834619,0,-8.8
3252,0.1405907,-6.863655,0,-8.8
3253,0.1477363,-6.890116,0,-8.8
3254,0.1562961,-6.917722,0,-8.8
3255,0.1629645,-6.942335,0,-8.8
3256,0.1695044,-6.965832,0,-8.8
3257,0.1795088,-6.989239,0,-8.8
3258,0.1887456,-7.011056,0,-8.8
3259,0.1993982,-7.033401,0,-8.8
3260,0.2090232,-7.058149,0,-8.8
3261,0.2171036,-7.086996,0,-8.8
3262,0.2228159,-7.115567,0,-8.8
3263,0.2281756,-7.142187,0,-8.8
3264,0.2323761,-7.166323,0,-8.8
3265,0.2369384,-7.189678,0,-8.8
3266,0.2397094,-7.216025,0,-8.8
3267,0.2432607,-7.243597,0,-8.8
3268,0.2450587,-7.272283,0,-8.8
3269,0.2457042,-7.301494,0,-8.8
3270,0.2442511,-7.332693,0,-8.8
3271,0.2422156,-7.364212,0,-8.8
3272,0.238679,-7.395079,0,-8.8
3273,0.2349024,-7.425084,0,-8.8
3274,0.2299428,-7.454971,0,-8.8
3275,0.2246588,-7.485143,0,-8.8
3276,0.2202592,-7.51478,0,-8.8
3277,0.2165677,-7.540127,0,-8.8
3278,0.2128383,-7.567851,0,-8.8
3279,0.2073087,-7.598246,0,-8.8
3280,0.2023956,-7.627404,0,-8.8
3281,0.1980522,-7.653852,0,-8.8
3282,0.194831,-7.679163,0,-8.8
3283,0.1941084,-7.701684,0,-8.8
3284,0.1944927,-7.722778,0,-8.8
3285,0.1950753,-7.744386,0,-8.8
3286,0.1940736,-7.765842,0,-8.8
3287,0.1936411,-7.787587,0,-8.8
3288,0.192809,-7.808636,0,-8.8
3289,0.1925492,-7.830163,0,-8.8
3290,0.193719,-7.846058,0,-8.8
3291,0.1957809,-7.865417,0,-8.8
3292,0.1996517,-7.888906,0,-8.8
3293,0.2050616,-7.910677,0,-8.8
3294,0.2091299,-7.931566,0,-8.8
3295,0.2110121,-7.955012,0,-8.8
3296,0.2128578,-7.977409,0,-8.8
3297,0.2155802,-7.999434,0,-8.8
3298,0.2180796,-8.024772,0,-8.8
3299,0.2220218,-8.053187,0,-8.8
3300,0.2263672,-8.079247,0,-8.8
3301,0.2304286,-8.106145,0,-8.8
3302,0.2343477,-8.136989,0,-8.8
3303,0.2380464,-8.166498,0,-8.8
3304,0.2428867,-8.194667,0,-8.8
3305,0.2476536,-8.218911,0,-8.8
3306,0.2511909,-8.243257,0,-8.8
3307,0.2541084,-8.267162,0,-8.8
3308,0.2546475,-8.287743,0,-8.8
3309,0.2597677,-8.309704,0,-8.8
3310,0.2640618,-8.334064,0,-8.8
3311,0.2650098,-8.359495,0,-8.8
3312,0.2654666,-8.383626,0,-8.8
3313,0.2667266,-8.40783,0,-8.8
3314,0.2736647,-8.433942,0,-8.8
3315,0.2797702,-8.460684,0,-8.8
3316,0.2844919,-8.48689,0,-8.8
3317,0.2863463,-8.510778,0,-8.8
3318,0.2873812,-8.532689,0,-8.8
3319,0.2854614,-8.557142,0,-8.8
3320,0.2822581,-8.583851,0,-8.8
3321,0.2778913,-8.611661,0,-8.8
3322,0.2700892,-8.641356,0,-8.8
3323,0.2610559,-8.6682,0,-8.8
3324,0.2500678,-8.693129,0,-8.8
3325,0.2389796,-8.716167,0,-8.8
3326,0.2272323,-8.739386,0,-8.8
3327,0.2173704,-8.764065,0,-8.8
3328,0.2070229,-8.789212,0,-8.8
3329,0.1956693,-8.81493,0,-8.8
3330,0.1842987,-8.841462,0,-8.8
3331,0.1714302,-8.866411,0,8.8
3332,0.1623127,-8.891861,0,8.8
3333,0.1522528,-8.922111,0,8.8
3334,0.1424148,-8.952053,0,8.8
3335,0.1310706,-8.983046,0,8.8
3336,0.1190569,-9.015907,0,8.8
3337,0.1077406,-9.048271,0,8.8
3338,0.0953413,-9.078853,0,8.8
3339,0.08404065,-9.113879,0,8.8
3340,0.081501,-9.146481,0,8.8
3341,0.08446223,-9.175201,0,8.8
3342,0.0900742,-9.202727,0,8.8
3343,0.09721053,-9.227051,0,8.8
3344,0.1026052,-9.245486,0,8.8
3345,0.1042649,-9.254952,0,8.8
3346,0.09369497,-9.258956,0,8.8
3347,0.0770226,-9.265521,0,8.8
3348,0.06126942,-9.278327,0,8.8
3349,0.04493499,-9.297357,0,8.8
3350,0.02628172,-9.321002,0,8.8
3351,0.00882438,-9.345239,0,8.8
3352,-0.01023134,-9.369524,0,8.8
3353,-0.02846169,-9.391252,0,8.8
3354,-0.0440302,-9.412732,0,8.8
3355,-0.0576,-9.431144,0,8.8
3356,-0.06728322,-9.446947,0,8.8
3357,-0.07298019,-9.458279,0,8.8
3358,-0.07441799,-9.467504,0,8.8
3359,-0.07667049,-9.477601,0,8.8
3360,-0.07918238,-9.485975,0,8.8
3361,-0.07765999,-9.489709,0,8.8
3362,-0.07631411,-9.49184,0,8.8
3363,-0.07533161,-9.493028,0,8.8
3364,-0.07500999,-9.49531,0,8.8
3365,-0.07457191,-9.49787,0,8.8
3366,-0.07336035,-9.499288,0,8.8
3367,-0.07156607,-9.497108,0,8.8
3368,-0.0717954,-9.494846,0,8.8
3369,-0.07054954,-9.496428,0,8.8
3370,-0.06804527,-9.494994,0,8.8
3371,-0.06496044,-9.493745,0,8.8
3372,-0.06128917,-9.493214,0,8.8
3373,-0.06267104,-9.497206,0,8.8
3374,-0.06563251,-9.498035,0,8.8
3375,-0.06936683,-9.502709,0,8.8
3376,-0.07144257,-9.504987,0,8.8
3377,-0.07105963,-9.506329,0,8.8
3378,-0.07225167,-9.508761,0,8.8
3379,-0.0723673,-9.507363,0,8.8
3380,-0.07158417,-9.502995,0,8.8
3381,-0.066775,-9.498408,0,8.8
3382,-0.05869535,-9.493931,0,8.8
3383,-0.04780967,-9.48629,0,8.8
3384,-0.03618537,-9.477532,0,8.8
3385,-0.02327879,-9.464377,0,8.8
3386,-0.01035225,-9.449155,0,8.8
3387,0.005023677,-9.434299,0,8.8
3388,0.01795911,-9.421563,0,8.8
3389,0.02867203,-9.408363,0,8.8
3390,0.03969652,-9.3966,0,8.8
3391,0.04814359,-9.386039,0,8.8
3392,0.05542693,-9.37578,0,8.8
3393,0.06545347,-9.362873,0,8.8
3394,0.07748304,-9.348829,0,8.8
3395,0.08644544,-9.337508,0,8.8
3396,0.09707966,-9.323403,0,8.8
3397,0.1038089,-9.309013,0,8.8
3398,0.107311,-9.295829,0,8.8
3399,0.1098046,-9.28342,0,8.8
3400,0.1130052,-9.271206,0,8.8
3401,0.115681,-9.258468,0,8.8
3402,0.1189183,-9.245701,0,8.8
3403,0.1242633,-9.230103,0,8.8
3404,0.1309126,-9.215253,0,8.8
3405,0.1350692,-9.198404,0,8.8
3406,0.1390512,-9.18026,0,8.8
3407,0.1437384,-9.159345,0,8.8
3408,0.148739,-9.135319,0,8.8
3409,0.1498833,-9.112535,0,8.8
3410,0.152487,-9.091311,0,8.8
3411,0.1548318,-9.071073,0,8.8
3412,0.157384,-9.049824,0,8.8
3413,0.159145,-9.026852,0,8.8
3414,0.160213,-9.004318,0,8.8
3415,0.1595817,-8.983592,0,8.8
3416,0.1590184,-8.962236,0,8.8
3417,0.1597359,-8.938929,0,8.8
3418,0.1595908,-8.91538,0,8.8
3419,0.1593509,-8.888676,0,8.8
3420,0.1596585,-8.862656,0,8.8
3421,0.1607728,-8.837414,0,8.8
3422,0.1616283,-8.814309,0,8.8
3423,0.1625395,-8.790488,0,8.8
3424,0.1632894,-8.765838,0,8.8
3425,0.1672656,-8.740664,0,8.8
3426,0.1691021,-8.715569,0,8.8
3427,0.1698827,-8.692373,0,8.8
3428,0.1728312,-8.668935,0,8.8
3429,0.1784262,-8.646158,0,8.8
3430,0.1869748,-8.620572,0,8.8
3431,0.1960338,-8.594645,0,8.8
3432,0.2034321,-8.569663,0,8.8
3433,0.2114689,-8.543471,0,8.8
3434,0.2223343,-8.517157,0,8.8
3435,0.2331104,-8.490753,0,8.8
3436,0.241727,-8.465814,0,8.8
3437,0.2497972,-8.439421,0,8.8
3438,0.2600138,-8.412195,0,8.8
3439,0.2729883,-8.383312,0,8.8
3440,0.2840774,-8.354937,0,8.8
3441,0.2942145,-8.326027,0,8.8
3442,0.3046415,-8.297234,0,8.8
3443,0.3145279,-8.271117,0,8.8
3444,0.3232912,-8.246701,0,8.8
3445,0.3312083,-8.223026,0,8.8
3446,0.3366763,-8.201965,0,8.8
3447,0.341612,-8.181943,0,8.8
3448,0.3453397,-8.158952,0,8.8
3449,0.3490139,-8.136898,0,8.8
3450,0.3539836,-8.112136,0,8.8
3451,0.3578457,-8.084425,0,8.8
3452,0.3605667,-8.061453,0,8.8
3453,0.3623568,-8.041054,0,8.8
3454,0.362792,-8.020131,0,8.8
3455,0.3634856,-7.997895,0,8.8
3456,0.3667051,-7.976013,0,8.8
3457,0.3690905,-7.953481,0,8.8
3458,0.3709015,-7.930477,0,8.8
3459,0.3717895,-7.906953,0,8.8
3460,0.3733437,-7.885999,0,8.8
3461,0.3725479,-7.861845,0,8.8
3462,0.3715441,-7.837519,0,8.8
3463,0.3710569,-7.812571,0,8.8
3464,0.3689016,-7.787137,0,8.8
3465,0.36586,-7.76023,0,8.8
3466,0.3599411,-7.730238,0,8.8
3467,0.3543244,-7.700552,0,8.8
3468,0.3502141,-7.668794,0,8.8
3469,0.3482513,-7.639749,0,8.8
3470,0.3452651,-7.614061,0,8.8
3471,0.3438405,-7.588256,0,8.8
3472,0.3391435,-7.560052,0,8.8
3473,0.3333703,-7.532107,0,8.8
3474,0.3298269,-7.506012,0,8.8
3475,0.3261927,-7.478978,0,8.8
3476,0.3245967,-7.451165,0,8.8
3477,0.3227444,-7.421701,0,8.8
3478,0.320312,-7.39165,0,8.8
3479,0.3192976,-7.364382,0,8.8
3480,0.3181714,-7.336118,0,8.8
3481,0.3200007,-7.306882,0,8.8
3482,0.3235777,-7.279134,0,8.8
3483,0.3285218,-7.250086,0,8.8
3484,0.335723,-7.218888,0,8.8
3485,0.3428331,-7.183576,0,8.8
3486,0.3515555,-7.150511,0,8.8
3487,0.3607817,-7.122731,0,8.8
3488,0.3691272,-7.093392,0,8.8
3489,0.3778808,-7.063043,0,8.8
3490,0.3848422,-7.032997,0,8.8
3491,0.3909396,-7.00141,0,8.8
3492,0.3960249,-6.973191,0,8.8
3493,0.4013548,-6.943865,0,8.8
3494,0.4065001,-6.918265,0,8.8
3495,0.4110104,-6.894051,0,8.8
3496,0.4145783,-6.868822,0,8.8
3497,0.4180295,-6.845923,0,8.8
3498,0.4226536,-6.823811,0,8.8
3499,0.4263819,-6.801849,0,8.8
3500,0.4290078,-6.78183,0,8.8
3501,0.4310187,-6.761061,0,8.8
3502,0.430544,-6.742428,0,8.8
3503,0.43019,-6.719694,0,8.8
3504,0.4294461,-6.696623,0,8.8
3505,0.4306296,-6.673431,0,8.8
3506,0.4286472,-6.649058,0,8.8
3507,0.426571,-6.627973,0,8.8
3508,0.4249747,-6.604395,0,8.8
3509,0.4231715,-6.579745,0,8.8
3510,0.4229593,-6.555439,0,8.8
3511,0.42234,-6.53105,0,8.8
3512,0.4213033,-6.505546,0,8.8
3513,0.4207928,-6.479592,0,8.8
3514,0.4183663,-6.454366,0,8.8
3515,0.4151515,-6.428539,0,8.8
3516,0.4120524,-6.402959,0,8.8
3517,0.4074932,-6.376691,0,8.8
3518,0.4029557,-6.347636,0,8.8
3519,0.3972504,-6.316969,0,8.8
3520,0.3921818,-6.285524,0,8.8
3521,0.3881271,-6.258196,0,8.8
3522,0.3836184,-6.231132,0,8.8
3523,0.3786671,-6.206961,0,8.8
3524,0.372728,-6.184052,0,8.8
3525,0.3663006,-6.158534,0,8.8
3526,0.3625695,-6.130931,0,8.8
3527,0.3568749,-6.10257,0,8.8
3528,0.3513832,-6.074404,0,8.8
3529,0.3461695,-6.044052,0,8.8
3530,0.3384713,-6.015994,0,8.8
3531,0.3340964,-5.987721,0,8.8
3532,0.3305809,-5.959399,0,8.8
3533,0.3277588,-5.929562,0,8.8
3534,0.323962,-5.901064,0,8.8
3535,0.323114,-5.872781,0,8.8
3536,0.3224638,-5.845943,0,8.8
3537,0.3224212,-5.816533,0,8.8
3538,0.3244534,-5.78744,0,8.8
3539,0.3281392,-5.757128,0,8.8
3540,0.3324123,-5.725989,0,8.8
3541,0.3374281,-5.695436,0,8.8
3542,0.3414983,-5.66381,0,8.8
3543,0.3442526,-5.631619,0,8.8
3544,0.3478997,-5.595664,0,8.8
3545,0.353358,-5.560878,0,8.8
3546,0.356468,-5.528226,0,8.8
3547,0.3594806,-5.495785,0,8.8
3548,0.3630953,-5.461889,0,8.8
3549,0.3670353,-5.428887,0,8.8
3550,0.3685886,-5.403421,0,8.8
3551,0.3686027,-5.375299,0,8.8
3552,0.3678348,-5.351505,0,8.8
3553,0.3671314,-5.325786,0,8.8
3554,0.3652959,-5.302417,0,8.8
3555,0.3626095,-5.280537,0,8.8
3556,0.3610974,-5.258002,0,8.8
3557,0.3587615,-5.234797,0,8.8
3558,0.3552228,-5.210856,0,8.8
3559,0.3533366,-5.185592,0,8.8
3560,0.3497256,-5.164173,0,8.8
3561,0.3466438,-5.142508,0,8.8
3562,0.3449122,-5.119132,0,8.8
3563,0.3414575,-5.095206,0,8.8
3564,0.3362008,-5.070778,0,8.8
3565,0.3307477,-5.047233,0,8.8
3566,0.3235363,-5.02082,0,8.8
3567,0.315639,-4.990586,0,8.8
3568,0.3074485,-4.962121,0,8.8
3569,0.2997208,-4.934258,0,8.8
3570,0.2928908,-4.907258,0,8.8
3571,0.2834811,-4.878641,0,8.8
3572,0.2735303,-4.848325,0,8.8
3573,0.2647007,-4.819092,0,8.8
3574,0.2556204,-4.787033,0,8.8
3575,0.2486396,-4.756626,0,8.8
3576,0.2410821,-4.727437,0,8.8
3577,0.2319394,-4.701548,0,8.8
3578,0.2223585,-4.67703,0,8.8
3579,0.2127357,-4.649054,0,8.8
3580,0.2019004,-4.619834,0,8.8
3581,0.1917305,-4.591651,0,8.8
3582,0.1820063,-4.562729,0,8.8
3583,0.1732985,-4.534512,0,8.8
3584,0.1661334,-4.504592,0,8.8
3585,0.1581615,-4.476819,0,8.8
3586,0.1523968,-4.449587,0,8.8
3587,0.1477001,-4.422156,0,8.8
3588,0.1428351,-4.393879,0,8.8
3589,0.1395596,-4.364269,0,8.8
3590,0.1366924,-4.333633,0,8.8
3591,0.1347328,-4.300824,0,8.8
3592,0.1333865,-4.267109,0,8.8
3593,0.1328195,-4.239195,0,8.8
3594,0.13278,-4.2077,0,8.8
3595,0.1319475,-4.176342,0,8.8
3596,0.1304314,-4.147654,0,8.8
3597,0.1303476,-4.117584,0,8.8
3598,0.1295371,-4.085078,0,8.8
3599,0.1282548,-4.050247,0,8.8
3600,0.1281095,-4.017972,0,8.8
3601,0.129502,-3.985681,0,8.8
3602,0.1315214,-3.954804,0,8.8
3603,0.1335806,-3.926988,0,8.8
3604,0.1329593,-3.898707,0,8.8
3605,0.1306087,-3.872896,0,8.8
3606,0.130623,-3.849712,0,8.8
3607,0.1276407,-3.826957,0,8.8
3608,0.1248421,-3.803835,0,8.8
3609,0.1218343,-3.779661,0,8.8
3610,0.1178089,-3.755377,0,8.8
3611,0.1124475,-3.731579,0,8.8
3612,0.1054411,-3.706648,0,8.8
3613,0.1001306,-3.682305,0,8.8
3614,0.09395161,-3.656685,0,8.8
3615,0.08546568,-3.634133,0,8.8
3616,0.08057842,-3.616659,0,8.8
3617,0.07455188,-3.595209,0,8.8
3618,0.06820038,-3.571829,0,8.8
3619,0.06317625,-3.546365,0,8.8
3620,0.05535465,-3.520571,0,8.8
3621,0.04830594,-3.495285,0,8.8
3622,0.04199193,-3.470869,0,8.8
3623,0.03538305,-3.445697,0,8.8
3624,0.02855676,-3.421023,0,8.8
3625,0.01783651,-3.39342,0,8.8
3626,0.006006941,-3.36451,0,8.8
3627,-0.006202665,-3.334878,0,8.8
3628,-0.01691182,-3.305543,0,8.8
3629,-0.02663797,-3.277976,0,8.8
3630,-0.03861997,-3.255221,0,8.8
3631,-0.05078046,-3.230614,0,8.8
3632,-0.06194439,-3.203799,0,8.8
3633,-0.07426039,-3.176187,0,8.8
3634,-0.08515211,-3.147332,0,8.8
3635,-0.095313,-3.116814,0,8.8
3636,-0.1043947,-3.088141,0,8.8
3637,-0.1140939,-3.061753,0,8.8
3638,-0.1219377,-3.0335,0,8.8
3639,-0.1297017,-3.005352,0,8.8
3640,-0.1370009,-2.978482,0,8.8
3641,-0.1447797,-2.953391,0,8.8
3642,-0.1501287,-2.924843,0,8.8
3643,-0.154965,-2.895558,0,8.8
3644,-0.15728,-2.864606,0,8.8
3645,-0.1589559,-2.834039,0,8.8
3646,-0.1603831,-2.802779,0,8.8
3647,-0.1603704,-2.772431,0,8.8
3648,-0.1579827,-2.741908,0,8.8
3649,-0.1573599,-2.709882,0,8.8
3650,-0.1571001,-2.678642,0,8.8
3651,-0.1579992,-2.645098,0,8.8
3652,-0.1573073,-2.611148,0,8.8
3653,-0.1558107,-2.576,0,8.8
3654,-0.1549058,-2.545306,0,8.8
3655,-0.1531808,-2.515084,0,8.8
3656,-0.1540491,-2.489319,0,8.8
3657,-0.1523429,-2.46388,0,8.8
3658,-0.154393,-2.438456,0,8.8
3659,-0.1588147,-2.415602,0,8.8
3660,-0.1601058,-2.396781,0,8.8
3661,-0.1621502,-2.375247,0,8.8
3662,-0.164195,-2.351153,0,8.8
3663,-0.1693801,-2.328081,0,8.8
3664,-0.1765726,-2.302125,0,8.8
3665,-0.1800151,-2.279178,0,8.8
3666,-0.1835162,-2.256846,0,8.8
3667,-0.189981,-2.233208,0,8.8
3668,-0.1972299,-2.207401,0,8.8
3669,-0.2047261,-2.183236,0,8.8
3670,-0.2108623,-2.157372,0,8.8
3671,-0.214907,-2.134471,0,8.8
3672,-0.2191533,-2.111504,0,8.8
3673,-0.2236982,-2.085975,0,8.8
3674,-0.2271738,-2.061066,0,8.8
3675,-0.2339291,-2.033102,0,8.8
3676,-0.2410073,-2.005156,0,8.8
3677,-0.2474459,-1.979425,0,8.8
3678,-0.2547162,-1.951866,0,8.8
3679,-0.263752,-1.922359,0,8.8
3680,-0.2723404,-1.893255,0,8.8
3681,-0.28155,-1.863075,0,8.8
3682,-0.2901828,-1.8349,0,8.8
3683,-0.2963547,-1.806824,0,8.8
3684,-0.305044,-1.780958,0,8.8
3685,-0.3136985,-1.753606,0,8.8
3686,-0.3246634,-1.727388,0,8.8
3687,-0.3330763,-1.699535,0,8.8
3688,-0.340676,-1.672178,0,8.8
3689,-0.3509019,-1.645988,0,8.8
3690,-0.3604398,-1.620829,0,8.8
3691,-0.3703688,-1.597212,0,8.8
3692,-0.376948,-1.572176,0,8.8
3693,-0.3810401,-1.544364,0,8.8
3694,-0.3833156,-1.514627,0,8.8
3695,-0.3857186,-1.483628,0,8.8
3696,-0.3867882,-1.451918,0,8.8
3697,-0.3872604,-1.421805,0,8.8
3698,-0.3875708,-1.390112,0,8.8
3699,-0.3856318,-1.357036,0,8.8
3700,-0.3834218,-1.325107,0,8.8
3701,-0.3801864,-1.29384,0,8.8
3702,-0.3771259,-1.262851,0,8.8
3703,-0.3751616,-1.233037,0,8.8
3704,-0.3736652,-1.200641,0,8.8
3705,-0.3707492,-1.16827,0,8.8
3706,-0.3688334,-1.135188,0,8.8
3707,-0.3655649,-1.101384,0,8.8
3708,-0.3612372,-1.069633,0,8.8
3709,-0.3577861,-1.039881,0,8.8
3710,-0.3558127,-1.0133,0,8.8
3711,-0.3550868,-0.9889078,0,8.8
3712,-0.3546997,-0.9639141,0,8.8
3713,-0.3533759,-0.939242,0,8.8
3714,-0.3551199,-0.9174558,0,8.8
3715,-0.3567945,-0.8954541,0,8.8
3716,-0.3582457,-0.876471,0,8.8
3717,-0.3608837,-0.855307,0,8.8
3718,-0.361973,-0.8285518,0,8.8
3719,-0.3648026,-0.8031125,0,8.8
3720,-0.3677851,-0.7797037,0,8.8
3721,-0.3738033,-0.7548401,0,8.8
3722,-0.3776029,-0.7311959,0,8.8
3723,-0.3798358,-0.7121948,0,8.8
3724,-0.3821342,-0.6895617,0,8.8
3725,-0.3859083,-0.6656184,0,8.8
3726,-0.3890488,-0.6404192,0,8.8
3727,-0.3933214,-0.6160856,0,8.8
3728,-0.3963595,-0.5926747,0,8.8
3729,-0.3981114,-0.5678591,0,8.8
3730,-0.4018071,-0.5412564,0,8.8
3731,-0.4069247,-0.5138229,0,8.8
3732,-0.4135506,-0.4853481,0,8.8
3733,-0.4220527,-0.4552435,0,8.8
3734,-0.4295517,-0.4250462,0,8.8
3735,-0.4376567,-0.3938016,0,8.8
3736,-0.445581,-0.3638545,0,8.8
3737,-0.4529056,-0.335829,0,8.8
3738,-0.4597531,-0.3071955,0,8.8
3739,-0.4670187,-0.2759385,0,8.8
3740,-0.473631,-0.2456977,0,8.8
3741,-0.4829902,-0.2169057,0,8.8
3742,-0.4942842,-0.1884264,0,8.8
3743,-0.5025319,-0.1585436,0,8.8
3744,-0.51064,-0.1302409,0,8.8
3745,-0.5173367,-0.1025636,0,8.8
3746,-0.5215497,-0.07556046,0,8.8
3747,-0.5239431,-0.04737546,0,8.8
3748,-0.5257974,-0.01971035,0,8.8
3749,-0.5263775,0.008366318,0,8.8
3750,-0.526132,0.0370198,0,8.8
3751,-0.5249513,0.0684188,0,8.8
3752,-0.5215189,0.101506,0,8.8
3753,-0.5181369,0.1330682,0,8.8
3754,-0.5128557,0.1658747,0,8.8
3755,-0.5096177,0.1977882,0,8.8
3756,-0.5043893,0.2294834,0,8.8
3757,-0.4992239,0.2630014,0,8.8
3758,-0.495232,0.2949677,0,8.8
3759,-0.4916003,0.3288132,0,8.8
3760,-0.4865853,0.361937,0,8.8
3761,-0.479473,0.3959933,0,8.8
3762,-0.4705575,0.4260906,0,8.8
3763,-0.4672471,0.4525983,0,8.8
3764,-0.4639074,0.4779352,0,8.8
3765,-0.4615906,0.5022074,0,8.8
3766,-0.4594786,0.5252715,0,8.8
3767,-0.4597523,0.5452319,0,8.8
3768,-0.4602713,0.5684636,0,8.8
3769,-0.4613098,0.5935456,0,8.8
3770,-0.4646379,0.6149731,0,8.8
3771,-0.4680508,0.6414189,0,8.8
3772,-0.4698404,0.6650087,0,8.8
3773,-0.4718167,0.6883743,0,8.8
3774,-0.4751918,0.7121051,0,8.8
3775,-0.4784765,0.7381391,0,8.8
3776,-0.4829449,0.7630711,0,8.8
3777,-0.4869934,0.7839832,0,8.8
3778,-0.4910443,0.8067719,0,8.8
3779,-0.4949446,0.8321306,0,8.8
3780,-0.4983079,0.8578385,0,8.8
3781,-0.5013567,0.8823695,0,8.8
3782,-0.5063046,0.9086927,0,8.8
3783,-0.5105017,0.9314938,0,8.8
3784,-0.515079,0.9605767,0,8.8
3785,-0.5201333,0.9883474,0,8.8
3786,-0.525649,1.017051,0,8.8
3787,-0.5330434,1.045815,0,8.8
3788,-0.5403572,1.071681,0,8.8
3789,-0.5471812,1.09967,0,8.8
3790,-0.5542241,1.125737,0,8.8
3791,-0.5609294,1.1546,0,8.8
3792,-0.5684571,1.184448,0,8.8
3793,-0.5764274,1.213122,0,8.8
3794,-0.5846583,1.24366,0,8.8
3795,-0.5918937,1.274155,0,8.8
3796,-0.6004733,1.305794,0,8.8
3797,-0.6094802,1.33798,0,8.8
3798,-0.617483,1.368545,0,8.8
3799,-0.6243492,1.397948,0,8.8
3800,-0.6312429,1.426302,0,8.8
3801,-0.6360047,1.455427,0,8.8
3802,-0.636595,1.483948,0,8.8
3803,-0.6386151,1.51274,0,8.8
3804,-0.6405249,1.543366,0,8.8
3805,-0.6397859,1.573492,0,8.8
3806,-0.6388011,1.604642,0,8.8
3807,-0.6379341,1.638157,0,8.8
3808,-0.6370291,1.669338,0,8.8
3809,-0.6363803,1.700089,0,8.8
3810,-0.6361958,1.732441,0,8.8
3811,-0.6348086,1.765922,0,8.8
3812,-0.6325446,1.80054,0,8.8
3813,-0.6289837,1.834174,0,8.8
3814,-0.6247315,1.867323,0,8.8
3815,-0.6231298,1.898247,0,8.8
3816,-0.6206951,1.930702,0,8.8
3817,-0.6166723,1.958518,0,8.8
3818,-0.6132316,1.982165,0,8.8
3819,-0.6126482,2.004671,0,8.8
3820,-0.612335,2.030173,0,8.8
3821,-0.6090245,2.054304,0,8.8
3822,-0.605903,2.078598,0,8.8
3823,-0.6059726,2.100963,0,8.8
3824,-0.6068003,2.123304,0,8.8
3825,-0.6080425,2.147114,0,8.8
3826,-0.6102563,2.172586,0,8.8
3827,-0.6131672,2.198217,0,8.8
3828,-0.6164865,2.220203,0,8.8
3829,-0.6205389,2.243197,0,8.8
3830,-0.6233708,2.267973,0,8.8
3831,-0.6250606,2.292502,0,8.8
3832,-0.6266351,2.316452,0,8.8
3833,-0.6285762,2.339895,0,8.8
3834,-0.6305032,2.364152,0,8.8
3835,-0.6332225,2.39182,0,8.8
3836,-0.6365623,2.415769,0,8.8
3837,-0.641173,2.444418,0,8.8
3838,-0.6459572,2.474641,0,8.8
3839,-0.6500868,2.502186,0,8.8
3840,-0.6562405,2.532633,0,8.8
3841,-0.6641299,2.563192,0,8.8
3842,-0.6697134,2.596117,0,8.8
3843,-0.6742976,2.626593,0,8.8
3844,-0.6798601,2.656414,0,8.8
3845,-0.6869997,2.684714,0,8.8
3846,-0.6914064,2.71144,0,8.8
3847,-0.6977007,2.73753,0,8.8
3848,-0.7043813,2.767076,0,8.8
3849,-0.7112137,2.796238,0,8.8
3850,-0.7170562,2.825343,0,8.8
3851,-0.721979,2.854346,0,8.8
3852,-0.72602,2.884871,0,8.8
3853,-0.7280389,2.912905,0,8.8
3854,-0.7296424,2.939697,0,8.8
3855,-0.7310416,2.967308,0,8.8
3856,-0.7304559,2.995998,0,8.8
3857,-0.7299492,3.023358,0,8.8
3858,-0.7269094,3.053483,0,8.8
3859,-0.7211887,3.086339,0,8.8
3860,-0.7151859,3.12108,0,8.8
3861,-0.7117919,3.153796,0,8.8
3862,-0.7073438,3.184332,0,8.8
3863,-0.7023876,3.21773,0,8.8
3864,-0.6982374,3.250175,0,8.8
3865,-0.6926407,3.279839,0,8.8
3866,-0.6857686,3.311219,0,8.8
3867,-0.6768447,3.343295,0,8.8
3868,-0.6699843,3.371269,0,8.8
3869,-0.6650952,3.403135,0,8.8
3870,-0.6591039,3.43361,0,8.8
3871,-0.6535187,3.462174,0,8.8
3872,-0.6504425,3.486222,0,8.8
3873,-0.645867,3.510396,0,8.8
3874,-0.6444966,3.534043,0,8.8
3875,-0.6420494,3.559701,0,8.8
3876,-0.6415058,3.582562,0,8.8
3877,-0.6436508,3.605577,0,8.8
3878,-0.6432654,3.627235,0,8.8
3879,-0.6431047,3.652452,0,8.8
3880,-0.6431391,3.679341,0,8.8
3881,-0.6429619,3.704819,0,8.8
3882,-0.6424749,3.727244,0,8.8
3883,-0.6419929,3.749974,0,8.8
3884,-0.6427177,3.772252,0,8.8
3885,-0.6438158,3.796958,0,8.8
3886,-0.6442961,3.821889,0,8.8
3887,-0.6443171,3.849029,0,8.8
3888,-0.6453815,3.87657,0,8.8
3889,-0.6470762,3.904799,0,8.8
3890,-0.649244,3.934356,0,8.8
3891,-0.6526439,3.966685,0,8.8
3892,-0.6573099,3.996439,0,8.8
3893,-0.6629931,4.02889,0,8.8
3894,-0.6669642,4.061247,0,8.8
3895,-0.6719959,4.091818,0,8.8
3896,-0.6782212,4.122611,0,8.8
3897,-0.6842269,4.149024,0,8.8
3898,-0.6896122,4.176448,0,8.8
3899,-0.6932083,4.200756,0,8.8
3900,-0.6976501,4.223258,0,8.8
3901,-0.7029709,4.250497,0,8.8
3902,-0.7068104,4.277806,0,8.8
3903,-0.7140395,4.306161,0,8.8
3904,-0.7182187,4.333416,0,8.8
3905,-0.7200161,4.361704,0,8.8
3906,-0.7230806,4.390377,0,8.8
3907,-0.7267187,4.418303,0,8.8
3908,-0.7305584,4.443842,0,8.8
3909,-0.7320402,4.470505,0,8.8
3910,-0.7335069,4.497987,0,8.8
3911,-0.7325538,4.526857,0,8.8
3912,-0.7288375,4.557587,0,8.8
3913,-0.7252903,4.588338,0,8.8
3914,-0.7198455,4.61788,0,8.8
3915,-0.7140785,4.646281,0,8.8
3916,-0.7073796,4.675287,0,8.8
3917,-0.7018995,4.705372,0,8.8
3918,-0.6951163,4.735328,0,8.8
3919,-0.6882575,4.76679,0,8.8
3920,-0.6805836,4.804885,0,8.8
3921,-0.6734608,4.840952,0,8.8
3922,-0.6659625,4.871375,0,8.8
3923,-0.6602022,4.898561,0,8.8
3924,-0.6554107,4.925407,0,8.8
3925,-0.6498326,4.951218,0,8.8
3926,-0.6438473,4.973121,0,8.8
3927,-0.6414616,4.99496,0,8.8
3928,-0.6378139,5.017686,0,8.8
3929,-0.6340839,5.042722,0,8.8
3930,-0.6336653,5.065889,0,8.8
3931,-0.6336787,5.088789,0,8.8
3932,-0.6340052,5.111354,0,8.8
3933,-0.6335767,5.136529,0,8.8
3934,-0.6324055,5.159276,0,8.8
3935,-0.6321496,5.185486,0,8.8
3936,-0.6312263,5.20858,0,8.8
3937,-0.6295106,5.232237,0,8.8
3938,-0.6283484,5.258375,0,8.8
3939,-0.6260066,5.282089,0,8.8
3940,-0.6259091,5.306479,0,8.8
3941,-0.6265756,5.331392,0,8.8
3942,-0.6281984,5.357388,0,8.8
3943,-0.6291109,5.383795,0,8.8
3944,-0.6310015,5.413246,0,8.8
3945,-0.6321092,5.439785,0,8.8
3946,-0.6333882,5.468404,0,8.8
3947,-0.6347803,5.497997,0,8.8
3948,-0.6375561,5.528738,0,8.8
3949,-0.6390167,5.558124,0,8.8
3950,-0.6419925,5.586556,0,8.8
3951,-0.6452532,5.615123,0,8.8
3952,-0.6467622,5.63695,0,8.8
3953,-0.6491748,5.66029,0,8.8
3954,-0.6526026,5.686262,0,8.8
3955,-0.6557336,5.712374,0,8.8
3956,-0.6612779,5.740774,0,8.8
3957,-0.6645082,5.770133,0,8.8
3958,-0.6661326,5.798052,0,8.8
3959,-0.6668292,5.825541,0,8.8
3960,-0.6682478,5.856002,0,8.8
3961,-0.669088,5.886764,0,8.8
3962,-0.6674207,5.91609,0,8.8
3963,-0.6662316,5.944575,0,8.8
3964,-0.6619751,5.974865,0,8.8
3965,-0.6567127,6.004437,0,8.8
3966,-0.6515526,6.035665,0,8.8
3967,-0.6456638,6.068682,0,8.8
3968,-0.639937,6.098526,0,8.8
3969,-0.6310712,6.12757,0,8.8
3970,-0.6218735,6.157126,0,8.8
3971,-0.6141237,6.18652,0,8.8
3972,-0.6051126,6.218467,0,8.8
3973,-0.5966025,6.249004,0,8.8
3974,-0.5872599,6.279376,0,8.8
3975,-0.5776532,6.309524,0,8.8
3976,-0.5674372,6.339431,0,8.8
3977,-0.5568582,6.370164,0,8.8
3978,-0.5468212,6.398439,0,8.8
3979,-0.5373882,6.424932,0,8.8
3980,-0.5324317,6.449993,0,8.8
3981,-0.5280632,6.470331,0,8.8
3982,-0.5225704,6.491984,0,8.8
3983,-0.5195462,6.514193,0,8.8
3984,-0.5140418,6.536355,0,8.8
3985,-0.5083563,6.557653,0,8.8
3986,-0.5025579,6.581572,0,8.8
3987,-0.4978515,6.603362,0,8.8
3988,-0.4960033,6.623701,0,8.8
3989,-0.4960277,6.646444,0,8.8
3990,-0.4955008,6.670815,0,8.8
3991,-0.4953102,6.692164,0,8.8
3992,-0.4952018,6.714949,0,8.8
3993,-0.4954317,6.738329,0,8.8
3994,-0.4938768,6.76106,0,8.8
3995,-0.4921979,6.784861,0,8.8
3996,-0.4891749,6.807772,0,8.8
3997,-0.4873011,6.832245,0,8.8
3998,-0.486216,6.858355,0,8.8
3999,-0.4858445,6.885051,0,8.8
4000,-0.4854499,6.914249,0,8.8
4001,-0.484389,6.943112,0,8.8
4002,-0.4841724,6.972217,0,8.8
4003,-0.4831437,7.003805,0,8.8
4004,-0.4825026,7.032567,0,8.8
4005,-0.4824803,7.057723,0,8.8
4006,-0.482976,7.08281,0,8.8
4007,-0.4850239,7.107336,0,8.8
4008,-0.4875903,7.13247,0,8.8
4009,-0.4897646,7.157954,0,8.8
4010,-0.4906203,7.185294,0,8.8
4011,-0.4922233,7.209711,0,8.8
4012,-0.4943804,7.235714,0,8.8
4013,-0.4967519,7.264482,0,8.8
4014,-0.4971357,7.294742,0,8.8
4015,-0.4960364,7.324178,0,8.8
4016,-0.4947826,7.354221,0,8.8
4017,-0.4912633,7.380936,0,8.8
4018,-0.4871804,7.406394,0,8.8
4019,-0.480639,7.434626,0,8.8
4020,-0.4724572,7.463849,0,8.8
4021,-0.4636864,7.492972,0,8.8
4022,-0.4529955,7.523777,0,8.8
4023,-0.4411477,7.554204,0,8.8
4024,-0.429477,7.583703,0,8.8
4025,-0.4185805,7.610403,0,8.8
4026,-0.4083855,7.635207,0,8.8
4027,-0.3954596,7.662872,0,8.8
4028,-0.3819906,7.691968,0,8.8
4029,-0.3688092,7.719673,0,8.8
4030,-0.3556359,7.749001,0,8.8
4031,-0.3426177,7.7757,0,8.8
4032,-0.3302793,7.80372,0,8.8
4033,-0.3198211,7.831161,0,8.8
4034,-0.3086216,7.856277,0,8.8
4035,-0.3015889,7.875177,0,8.8
4036,-0.2956108,7.895473,0,8.8
4037,-0.2885439,7.916227,0,8.8
4038,-0.2848504,7.937696,0,8.8
4039,-0.2810973,7.956432,0,8.8
4040,-0.2738673,7.979142,0,8.8
4041,-0.2688121,8.002518,0,8.8
4042,-0.2640905,8.026657,0,8.8
4043,-0.2605856,8.049416,0,8.8
4044,-0.257808,8.0688,0,8.8
4045,-0.2536047,8.090232,0,8.8
4046,-0.2486668,8.110914,0,8.8
4047,-0.245004,8.134972,0,8.8
4048,-0.2428259,8.15894,0,8.8
4049,-0.2398993,8.184765,0,8.8
4050,-0.2365564,8.211551,0,8.8
4051,-0.2319133,8.236435,0,8.8
4052,-0.2284908,8.261231,0,8.8
4053,-0.2255543,8.288223,0,8.8
4054,-0.2237061,8.31693,0,8.8
4055,-0.2224761,8.345093,0,8.8
4056,-0.2212149,8.371192,0,8.8
4057,-0.2184522,8.39917,0,8.8
4058,-0.21586,8.425881,0,8.8
4059,-0.2125674,8.45295,0,8.8
4060,-0.2098396,8.478429,0,8.8
4061,-0.2081398,8.503584,0,8.8
4062,-0.2064632,8.528436,0,8.8
4063,-0.2053176,8.553596,0,8.8
4064,-0.2031143,8.58083,0,8.8
4065,-0.1987009,8.608408,0,8.8
4066,-0.1942112,8.636222,0,8.8
4067,-0.1900468,8.660963,0,8.8
4068,-0.185473,8.684882,0,8.8
4069,-0.1799402,8.708297,0,8.8
4070,-0.1733175,8.732198,-4.4,-7.621024
4071,-0.1652896,8.753474,-4.4,-7.621024
4072,-0.1568686,8.771949,-4.4,-7.621024
4073,-0.1442421,8.791448,-4.4,-7.621024
4074,-0.1274127,8.814175,-4.4,-7.621024
4075,-0.1080279,8.840472,-4.4,-7.621024
4076,-0.087878,8.871443,-4.4,-7.621024
4077,-0.06973931,8.902196,-4.4,-7.621024
4078,-0.05469609,8.932713,-4.4,-7.621024
4079,-0.04308902,8.961831,-4.4,-7.621024
4080,-0.0345493,8.989512,-4.4,-7.621024
4081,-0.02989528,9.015872,-4.4,-7.621024
4082,-0.0286309,9.040804,-4.4,-7.621024
4083,-0.0306525,9.060283,-4.4,-7.621024
4084,-0.03156404,9.075633,-4.4,-7.621024
4085,-0.02898997,9.089234,-4.4,-7.621024
4086,-0.0264206,9.104237,-4.4,-7.621024
4087,-0.02448125,9.121839,-4.4,-7.621024
4088,-0.02457674,9.141103,-4.4,-7.621024
4089,-0.02735791,9.158596,-4.4,-7.621024
4090,-0.0325772,9.175159,-4.4,-7.621024
4091,-0.03861571,9.187999,-4.4,-7.621024
4092,-0.04338245,9.195531,-4.4,-7.621024
4093,-0.04786254,9.198949,-4.4,-7.621024
4094,-0.05329704,9.197833,-4.4,-7.621024
4095,-0.05878698,9.195456,-4.4,-7.621024
4096,-0.06469586,9.190382,-4.4,-7.621024
4097,-0.07063513,9.184699,-4.4,-7.621024
4098,-0.07750036,9.180901,-4.4,-7.621024
4099,-0.0831496,9.17648,-4.4,-7.621024
4100,-0.08434223,9.173137,-4.4,-7.621024
4101,-0.08639779,9.168798,-4.4,-7.621024
4102,-0.0892248,9.163446,-4.4,-7.621024
4103,-0.09164484,9.156963,-4.4,-7.621024
4104,-0.09616111,9.150105,-4.4,-7.621024
4105,-0.1009622,9.140683,-4.4,-7.621024
4106,-0.1056788,9.13133,-4.4,-7.621024
4107,-0.109965,9.121692,-4.4,-7.621024
4108,-0.1150201,9.108476,-4.4,-7.621024
4109,-0.1210048,9.094133,-4.4,-7.621024
4110,-0.1253126,9.079233,-4.4,-7.621024
4111,-0.1288432,9.064045,-4.4,-7.621024
4112,-0.1346653,9.046911,-4.4,-7.621024
4113,-0.1379464,9.029092,-4.4,-7.621024
4114,-0.1418339,9.015756,-4.4,-7.621024
4115,-0.1458762,9.003696,-4.4,-7.621024
4116,-0.150626,8.989122,-4.4,-7.621024
4117,-0.1579206,8.972475,-4.4,-7.621024
4118,-0.1652063,8.952684,-4.4,-7.621024
4119,-0.1713591,8.932809,-4.4,-7.621024
4120,-0.1769727,8.912673,-4.4,-7.621024
4121,-0.1842561,8.893119,-4.4,-7.621024
4122,-0.1906918,8.874944,-4.4,-7.621024
4123,-0.1981709,8.856501,-4.4,-7.621024
4124,-0.2075305,8.838198,-4.4,-7.621024
4125,-0.2186791,8.817973,-4.4,-7.621024
4126,-0.2299342,8.798191,-4.4,-7.621024
4127,-0.2427509,8.779562,-4.4,-7.621024
4128,-0.2563306,8.760804,-4.4,-7.621024
4129,-0.2705768,8.742398,-4.4,-7.621024
4130,-0.2865428,8.722716,-4.4,-7.621024
4131,-0.3006078,8.703654,-4.4,-7.621024
4132,-0.3140714,8.685121,-4.4,-7.621024
4133,-0.3304417,8.66768,-4.4,-7.621024
4134,-0.3473557,8.650783,-4.4,-7.621024
4135,-0.363644,8.634545,-4.4,-7.621024
4136,-0.3806382,8.617113,-4.4,-7.621024
4137,-0.399173,8.597339,-4.4,-7.621024
4138,-0.4194982,8.577501,-4.4,-7.621024
4139,-0.4392737,8.557931,-4.4,-7.621024
4140,-0.4554909,8.539986,-4.4,-7.621024
4141,-0.4702789,8.519216,-4.4,-7.621024
4142,-0.4838578,8.50031,-4.4,-7.621024
4143,-0.4964021,8.484732,-4.4,-7.621024
4144,-0.5098733,8.468283,-4.4,-7.621024
4145,-0.5202067,8.451188,-4.4,-7.621024
4146,-0.529279,8.436066,-4.4,-7.621024
4147,-0.5396695,8.418505,-4.4,-7.621024
4148,-0.5501536,8.399463,-4.4,-7.621024
4149,-0.5585474,8.380561,-4.4,-7.621024
4150,-0.5675277,8.360305,-4.4,-7.621024
4151,-0.5761981,8.340518,-4.4,-7.621024
4152,-0.5852208,8.320271,-4.4,-7.621024
4153,-0.5945784,8.300781,-4.4,-7.621024
4154,-0.6041744,8.279518,-4.4,-7.621024
4155,-0.6163141,8.259326,-4.4,-7.621024
4156,-0.6282656,8.240421,-4.4,-7.621024
4157,-0.6404054,8.218482,-4.4,-7.621024
4158,-0.6526904,8.194397,-4.4,-7.621024
4159,-0.664019,8.170805,-4.4,-7.621024
4160,-0.6738937,8.146382,-4.4,-7.621024
4161,-0.6812703,8.120522,-4.4,-7.621024
4162,-0.6871946,8.091825,-4.4,-7.621024
4163,-0.6942651,8.060516,-4.4,-7.621024
4164,-0.7018147,8.029463,-4.4,-7.621024
4165,-0.7108911,8.002137,-4.4,-7.621024
4166,-0.7193159,7.974223,-4.4,-7.621024
4167,-0.7261612,7.948215,-4.4,-7.621024
4168,-0.7342167,7.924353,-4.4,-7.621024
4169,-0.7410962,7.89854,-4.4,-7.621024
4170,-0.7456459,7.874613,-4.4,-7.621024
4171,-0.7514063,7.848506,-4.4,-7.621024
4172,-0.7591281,7.822125,-4.4,-7.621024
4173,-0.7673845,7.796143,-4.4,-7.621024
4174,-0.7739811,7.770415,-4.4,-7.621024
4175,-0.7802972,7.742898,-4.4,-7.621024
4176,-0.787642,7.717117,-4.4,-7.621024
4177,-0.7967975,7.689405,-4.4,-7.621024
4178,-0.8072975,7.6632,-4.4,-7.621024
4179,-0.817832,7.63786,-4.4,-7.621024
4180,-0.8286383,7.613154,-4.4,-7.621024
4181,-0.840987,7.587476,-4.4,-7.621024
4182,-0.855096,7.562678,-4.4,-7.621024
4183,-0.8701395,7.536983,-4.4,-7.621024
4184,-0.887629,7.510474,-4.4,-7.621024
4185,-0.9072423,7.484365,-4.4,-7.621024
4186,-0.9277647,7.458182,-4.4,-7.621024
4187,-0.9474742,7.433665,-4.4,-7.621024
4188,-0.9633406,7.409606,-4.4,-7.621024
4189,-0.9810123,7.382536,-4.4,-7.621024
4190,-0.99543,7.3581,-4.4,-7.621024
4191,-1.013076,7.330541,-4.4,-7.621024
4192,-1.028766,7.306149,-4.4,-7.621024
4193,-1.043728,7.286277,-4.4,-7.621024
4194,-1.056553,7.268505,-4.4,-7.621024
4195,-1.068596,7.247752,-4.4,-7.621024
4196,-1.081123,7.226836,-4.4,-7.621024
4197,-1.091506,7.205859,-4.4,-7.621024
4198,-1.099896,7.189792,-4.4,-7.621024
4199,-1.110771,7.172512,-4.4,-7.621024
4200,-1.12148,7.154782,-4.4,-7.621024
4201,-1.131604,7.131315,-4.4,-7.621024
4202,-1.14107,7.108618,-4.4,-7.621024
4203,-1.148142,7.083255,-4.4,-7.621024
4204,-1.153157,7.059464,-4.4,-7.621024
4205,-1.157511,7.036775,-4.4,-7.621024
4206,-1.164872,7.016696,-4.4,-7.621024
4207,-1.173111,6.995388,-4.4,-7.621024
4208,-1.182989,6.973337,-4.4,-7.621024
4209,-1.191445,6.949181,-4.4,-7.621024
4210,-1.20048,6.924839,-4.4,-7.621024
4211,-1.209129,6.899754,-4.4,-7.621024
4212,-1.218398,6.876472,-4.4,-7.621024
4213,-1.227001,6.853416,-4.4,-7.621024
4214,-1.233136,6.829365,-4.4,-7.621024
4215,-1.240141,6.801229,-4.4,-7.621024
4216,-1.247514,6.771102,-4.4,-7.621024
4217,-1.254471,6.738519,-4.4,-7.621024
4218,-1.26094,6.70808,-4.4,-7.621024
4219,-1.268845,6.675966,-4.4,-7.621024
4220,-1.277688,6.647737,-4.4,-7.621024
4221,-1.28456,6.621631,-4.4,-7.621024
4222,-1.289191,6.594876,-4.4,-7.621024
4223,-1.292885,6.569473,-4.4,-7.621024
4224,-1.299592,6.545565,-4.4,-7.621024
4225,-1.307544,6.520713,-4.4,-7.621024
4226,-1.313475,6.495773,-4.4,-7.621024
4227,-1.322182,6.469471,-4.4,-7.621024
4228,-1.329905,6.442538,-4.4,-7.621024
4229,-1.336065,6.418622,-4.4,-7.621024
4230,-1.341295,6.394068,-4.4,-7.621024
4231,-1.348457,6.36792,-4.4,-7.621024
4232,-1.356693,6.34082,-4.4,-7.621024
4233,-1.368567,6.312291,-4.4,-7.621024
4234,-1.380914,6.28491,-4.4,-7.621024
4235,-1.396021,6.258986,-4.4,-7.621024
4236,-1.412503,6.232698,-4.4,-7.621024
4237,-1.430491,6.204451,-4.4,-7.621024
4238,-1.449089,6.17478,-4.4,-7.621024
4239,-1.467382,6.147992,-4.4,-7.621024
4240,-1.48582,6.120764,-4.4,-7.621024
4241,-1.503216,6.095757,-4.4,-7.621024
4242,-1.521516,6.069114,-4.4,-7.621024
4243,-1.539542,6.0412,-4.4,-7.621024
4244,-1.559029,6.009353,-4.4,-7.621024
4245,-1.574352,5.979242,-4.4,-7.621024
4246,-1.589182,5.953911,-4.4,-7.621024
4247,-1.604336,5.926319,-4.4,-7.621024
4248,-1.613411,5.904823,-4.4,-7.621024
4249,-1.624475,5.882821,-4.4,-7.621024
4250,-1.634435,5.864452,-4.4,-7.621024
4251,-1.643314,5.848291,-4.4,-7.621024
4252,-1.651284,5.828824,-4.4,-7.621024
4253,-1.661843,5.808726,-4.4,-7.621024
4254,-1.669912,5.789152,-4.4,-7.621024
4255,-1.677834,5.767734,-4.4,-7.621024
4256,-1.685069,5.745861,-4.4,-7.621024
4257,-1.692714,5.724784,-4.4,-7.621024
4258,-1.700253,5.702201,-4.4,-7.621024
4259,-1.70674,5.677376,-4.4,-7.621024
4260,-1.710845,5.654789,-4.4,-7.621024
4261,-1.717751,5.629961,-4.4,-7.621024
4262,-1.727968,5.607287,-4.4,-7.621024
4263,-1.737866,5.582523,-4.4,-7.621024
4264,-1.746619,5.561821,-4.4,-7.621024
4265,-1.753185,5.538873,-4.4,-7.621024
4266,-1.758217,5.513924,-4.4,-7.621024
4267,-1.761653,5.486871,-4.4,-7.621024
4268,-1.764526,5.46122,-4.4,-7.621024
4269,-1.767914,5.432951,-4.4,-7.621024
4270,-1.770581,5.403409,-4.4,-7.621024
4271,-1.772237,5.371542,-4.4,-7.621024
4272,-1.775449,5.339602,-4.4,-7.621024
4273,-1.778817,5.30752,-4.4,-7.621024
4274,-1.782251,5.277396,-4.4,-7.621024
4275,-1.785195,5.248731,-4.4,-7.621024
4276,-1.784358,5.222628,-4.4,-7.621024
4277,-1.784533,5.196158,-4.4,-7.621024
4278,-1.785804,5.170038,-4.4,-7.621024
4279,-1.788247,5.141466,-4.4,-7.621024
4280,-1.790974,5.111555,-4.4,-7.621024
4281,-1.794459,5.082241,-4.4,-7.621024
4282,-1.797643,5.054924,-4.4,-7.621024
4283,-1.800992,5.028286,-4.4,-7.621024
4284,-1.803425,4.999534,-4.4,-7.621024
4285,-1.809266,4.971106,-4.4,-7.621024
4286,-1.815967,4.944026,-4.4,-7.621024
4287,-1.822218,4.91609,-4.4,-7.621024
4288,-1.829199,4.886351,-4.4,-7.621024
4289,-1.83861,4.858016,-4.4,-7.621024
4290,-1.848819,4.83027,-4.4,-7.621024
4291,-1.858551,4.799668,-4.4,-7.621024
4292,-1.869765,4.769761,-4.4,-7.621024
4293,-1.882848,4.738287,-4.4,-7.621024
4294,-1.895642,4.70839,-4.4,-7.621024
4295,-1.907664,4.677662,-4.4,-7.621024
4296,-1.919388,4.646009,-4.4,-7.621024
4297,-1.933855,4.616761,-4.4,-7.621024
4298,-1.946881,4.590229,-4.4,-7.621024
4299,-1.960602,4.562999,-4.4,-7.621024
4300,-1.971001,4.538216,-4.4,-7.621024
4301,-1.978528,4.516958,-4.4,-7.621024
4302,-1.985602,4.49581,-4.4,-7.621024
4303,-1.991629,4.474834,-4.4,-7.621024
4304,-1.998101,4.452368,-4.4,-7.621024
4305,-2.00598,4.429878,-4.4,-7.621024
4306,-2.013057,4.410627,-4.4,-7.621024
4307,-2.019356,4.391231,-4.4,-7.621024
4308,-2.023928,4.3694,-4.4,-7.621024
4309,-2.025878,4.347299,-4.4,-7.621024
4310,-2.025864,4.325664,-4.4,-7.621024
4311,-2.029578,4.301561,-4.4,-7.621024
4312,-2.032994,4.278695,-4.4,-7.621024
4313,-2.036394,4.256421,-4.4,-7.621024
4314,-2.037549,4.230814,-4.4,-7.621024
4315,-2.040381,4.205974,-4.4,-7.621024
4316,-2.042026,4.180642,-4.4,-7.621024
4317,-2.044043,4.156641,-4.4,-7.621024
4318,-2.046969,4.131399,-4.4,-7.621024
4319,-2.050614,4.105878,-4.4,-7.621024
4320,-2.053967,4.080129,-4.4,-7.621024
4321,-2.054859,4.054867,-4.4,-7.621024
4322,-2.05471,4.028493,-4.4,-7.621024
4323,-2.053744,4.00043,-4.4,-7.621024
4324,-2.052598,3.969832,-4.4,-7.621024
4325,-2.052293,3.939192,-4.4,-7.621024
4326,-2.054769,3.907245,-4.4,-7.621024
4327,-2.056143,3.873842,-4.4,-7.621024
4328,-2.054467,3.843759,-4.4,-7.621024
4329,-2.05129,3.813994,-4.4,-7.621024
4330,-2.049562,3.787371,-4.4,-7.621024
4331,-2.04838,3.75993,-4.4,-7.621024
4332,-2.051315,3.73065,-4.4,-7.621024
4333,-2.048278,3.703086,-4.4,-7.621024
4334,-2.044662,3.675573,-4.4,-7.621024
4335,-2.043436,3.644032,-4.4,-7.621024
4336,-2.043071,3.614011,-4.4,-7.621024
4337,-2.042269,3.589279,-4.4,-7.621024
4338,-2.041295,3.563529,-4.4,-7.621024
4339,-2.043381,3.533543,-4.4,-7.621024
4340,-2.049535,3.504478,-4.4,-7.621024
4341,-2.056147,3.473811,-4.4,-7.621024
4342,-2.063146,3.440995,-4.4,-7.621024
4343,-2.06803,3.41007,-4.4,-7.621024
4344,-2.072835,3.379852,-4.4,-7.621024
4345,-2.079054,3.349338,-4.4,-7.621024
4346,-2.08557,3.3152,-4.4,-7.621024
4347,-2.092098,3.281216,-4.4,-7.621024
4348,-2.097708,3.249835,-4.4,-7.621024
4349,-2.102984,3.215906,-4.4,-7.621024
4350,-2.109695,3.181778,-4.4,-7.621024
4351,-2.117309,3.149592,-4.4,-7.621024
4352,-2.124504,3.118114,-4.4,-7.621024
4353,-2.132895,3.086656,-4.4,-7.621024
4354,-2.140784,3.058017,-4.4,-7.621024
4355,-2.146468,3.029185,-4.4,-7.621024
4356,-2.151459,3.001824,-4.4,-7.621024
4357,-2.155558,2.979133,-4.4,-7.621024
4358,-2.161644,2.955649,-4.4,-7.621024
4359,-2.165281,2.932532,-4.4,-7.621024
4360,-2.163362,2.911837,-4.4,-7.621024
4361,-2.162508,2.892391,-4.4,-7.621024
4362,-2.161941,2.870449,-4.4,-7.621024
4363,-2.163096,2.845699,-4.4,-7.621024
4364,-2.162522,2.821115,-4.4,-7.621024
4365,-2.162145,2.796445,-4.4,-7.621024
4366,-2.162143,2.771671,-4.4,-7.621024
4367,-2.160992,2.74719,-4.4,-7.621024
4368,-2.160393,2.723654,-4.4,-7.621024
4369,-2.160395,2.699394,-4.4,-7.621024
4370,-2.162019,2.675078,-4.4,-7.621024
4371,-2.161192,2.649277,-4.4,-7.621024
4372,-2.159016,2.623084,-4.4,-7.621024
4373,-2.156272,2.59425,-4.4,-7.621024
4374,-2.155683,2.568365,-4.4,-7.621024
4375,-2.15434,2.5446,-4.4,-7.621024
4376,-2.152006,2.516893,-4.4,-7.621024
4377,-2.147222,2.484086,-4.4,-7.621024
4378,-2.145039,2.454009,-4.4,-7.621024
4379,-2.141629,2.424765,-4.4,-7.621024
4380,-2.138105,2.395221,-4.4,-7.621024
4381,-2.135357,2.36763,-4.4,-7.621024
4382,-2.130218,2.340436,-4.4,-7.621024
4383,-2.125461,2.309879,-4.4,-7.621024
4384,-2.120212,2.281451,-4.4,-7.621024
4385,-2.115103,2.252455,-4.4,-7.621024
4386,-2.10901,2.221756,-4.4,-7.621024
4387,-2.104379,2.193523,-4.4,-7.621024
4388,-2.099403,2.162054,-4.4,-7.621024
4389,-2.095652,2.128826,-4.4,-7.621024
4390,-2.092767,2.098417,-4.4,-7.621024
4391,-2.089951,2.069066,-4.4,-7.621024
4392,-2.087953,2.039073,-4.4,-7.621024
4393,-2.088118,2.00807,-4.4,-7.621024
4394,-2.087343,1.978497,-4.4,-7.621024
4395,-2.089269,1.946983,-4.4,-7.621024
4396,-2.094471,1.912208,-4.4,-7.621024
4397,-2.09984,1.879562,-4.4,-7.621024
4398,-2.105201,1.847727,-4.4,-7.621024
4399,-2.11282,1.815323,-4.4,-7.621024
4400,-2.120944,1.782225,-4.4,-7.621024
4401,-2.127743,1.751068,-4.4,-7.621024
4402,-2.135471,1.719696,-4.4,-7.621024
4403,-2.144448,1.687697,-4.4,-7.621024
4404,-2.154748,1.654091,-4.4,-7.621024
4405,-2.163905,1.62079,-4.4,-7.621024
4406,-2.171511,1.587111,-4.4,-7.621024
4407,-2.178495,1.556038,-4.4,-7.621024
4408,-2.185679,1.527545,-4.4,-7.621024
4409,-2.189195,1.500774,-4.4,-7.621024
4410,-2.191909,1.475448,-4.4,-7.621024
4411,-2.193021,1.452673,-4.4,-7.621024
4412,-2.193829,1.435773,-4.4,-7.621024
4413,-2.192561,1.41676,-4.4,-7.621024
4414,-2.191272,1.3959,-4.4,-7.621024
4415,-2.19222,1.370113,-4.4,-7.621024
4416,-2.195228,1.341491,-4.4,-7.621024
4417,-2.197976,1.313571,-4.4,-7.621024
4418,-2.19944,1.289399,-4.4,-7.621024
4419,-2.200209,1.265117,-4.4,-7.621024
4420,-2.197472,1.241511,-4.4,-7.621024
4421,-2.195736,1.219709,-4.4,-7.621024
4422,-2.195483,1.195096,-4.4,-7.621024
4423,-2.195445,1.172074,-4.4,-7.621024
4424,-2.196379,1.148196,-4.4,-7.621024
4425,-2.196718,1.124493,-4.4,-7.621024
4426,-2.197598,1.098151,-4.4,-7.621024
4427,-2.196173,1.073412,-4.4,-7.621024
4428,-2.193242,1.046921,-4.4,-7.621024
4429,-2.18955,1.019948,-4.4,-7.621024
4430,-2.186919,0.9902173,-4.4,-7.621024
4431,-2.184865,0.958538,-4.4,-7.621024
4432,-2.182108,0.9287205,-4.4,-7.621024
4433,-2.181163,0.9004158,-4.4,-7.621024
4434,-2.179699,0.8753709,-4.4,-7.621024
4435,-2.178385,0.8516583,-4.4,-7.621024
4436,-2.175092,0.8241007,-4.4,-7.621024
4437,-2.171612,0.7947485,-4.4,-7.621024
4438,-2.167706,0.7668084,-4.4,-7.621024
4439,-2.167392,0.7390845,-4.4,-7.621024
4440,-2.166017,0.7093888,-4.4,-7.621024
4441,-2.161976,0.6779407,-4.4,-7.621024
4442,-2.159975,0.6481605,-4.4,-7.621024
4443,-2.158661,0.6248717,-4.4,-7.621024
4444,-2.156837,0.5992344,-4.4,-7.621024
4445,-2.156567,0.5705373,-4.4,-7.621024
4446,-2.158464,0.5417572,-4.4,-7.621024
4447,-2.159744,0.5129648,-4.4,-7.621024
4448,-2.164081,0.4833331,-4.4,-7.621024
4449,-2.169285,0.4559884,-4.4,-7.621024
4450,-2.175463,0.42858,-4.4,-7.621024
4451,-2.184142,0.3983444,-4.4,-7.621024
4452,-2.194542,0.3690074,-4.4,-7.621024
4453,-2.200948,0.3417389,-4.4,-7.621024
4454,-2.209622,0.310756,-4.4,-7.621024
4455,-2.219368,0.2779012,-4.4,-7.621024
4456,-2.228328,0.2486277,-4.4,-7.621024
4457,-2.238349,0.2181268,-4.4,-7.621024
4458,-2.249744,0.1849432,-4.4,-7.621024
4459,-2.261676,0.1546809,-4.4,-7.621024
4460,-2.271988,0.1224675,-4.4,-7.621024
4461,-2.27978,0.09298113,-4.4,-7.621024
4462,-2.288232,0.06505895,-4.4,-7.621024
4463,-2.295671,0.039825,-4.4,-7.621024
4464,-2.303338,0.01598666,-4.4,-7.621024
4465,-2.308801,-0.004984286,-4.4,-7.621024
4466,-2.313784,-0.02541337,-4.4,-7.621024
4467,-2.315881,-0.0454853,-4.4,-7.621024
4468,-2.321525,-0.06959227,-4.4,-7.621024
4469,-2.3268,-0.09201422,-4.4,-7.621024
4470,-2.32886,-0.1135516,-4.4,-7.621024
4471,-2.332851,-0.1363321,-4.4,-7.621024
4472,-2.334866,-0.1611006,-4.4,-7.621024
4473,-2.338067,-0.1875916,-4.4,-7.621024
4474,-2.339788,-0.2141385,-4.4,-7.621024
4475,-2.341192,-0.2379518,-4.4,-7.621024
4476,-2.340364,-0.2612985,-4.4,-7.621024
4477,-2.341286,-0.2831123,-4.4,-7.621024
4478,-2.342354,-0.3067034,-4.4,-7.621024
4479,-2.343683,-0.3308245,-4.4,-7.621024
4480,-2.343716,-0.3578901,-4.4,-7.621024
4481,-2.345189,-0.3869277,-4.4,-7.621024
4482,-2.34827,-0.4153139,-4.4,-7.621024
4483,-2.348976,-0.4438548,-4.4,-7.621024
4484,-2.348204,-0.4732975,-4.4,-7.621024
4485,-2.348197,-0.50603,-4.4,-7.621024
4486,-2.348632,-0.5394949,-4.4,-7.621024
4487,-2.348081,-0.5700623,-4.4,-7.621024
4488,-2.3473,-0.6027405,-4.4,-7.621024
4489,-2.346338,-0.6306295,-4.4,-7.621024
4490,-2.344623,-0.6575689,-4.4,-7.621024
4491,-2.34395,-0.6856642,-4.4,-7.621024
4492,-2.342296,-0.714331,-4.4,-7.621024
4493,-2.339647,-0.7446304,-4.4,-7.621024
4494,-2.340584,-0.7751071,-4.4,-7.621024
4495,-2.341776,-0.8067078,-4.4,-7.621024
4496,-2.341827,-0.8393997,-4.4,-7.621024
4497,-2.342097,-0.8690241,-4.4,-7.621024
4498,-2.343225,-0.8977646,-4.4,-7.621024
4499,-2.346057,-0.9251498,-4.4,-7.621024
4500,-2.348068,-0.9514815,-4.4,-7.621024
4501,-2.352371,-0.981787,-4.4,-7.621024
4502,-2.356136,-1.01201,-4.4,-7.621024
4503,-2.362113,-1.043518,-4.4,-7.621024
4504,-2.369222,-1.072364,-4.4,-7.621024
4505,-2.375014,-1.101434,-4.4,-7.621024
4506,-2.3824,-1.13209,-4.4,-7.621024
4507,-2.389612,-1.160782,-4.4,-7.621024
4508,-2.399669,-1.190044,-4.4,-7.621024
4509,-2.409151,-1.218428,-4.4,-7.621024
4510,-2.420127,-1.245035,-4.4,-7.621024
4511,-2.42917,-1.270538,-4.4,-7.621024
4512,-2.44034,-1.29877,-4.4,-7.621024
4513,-2.452603,-1.327461,-4.4,-7.621024
4514,-2.463048,-1.356199,-4.4,-7.621024
4515,-2.471454,-1.384711,-4.4,-7.621024
4516,-2.47894,-1.409685,-4.4,-7.621024
4517,-2.487837,-1.434005,-4.4,-7.621024
4518,-2.494909,-1.455184,-4.4,-7.621024
4519,-2.50261,-1.47725,-4.4,-7.621024
4520,-2.509699,-1.50116,-4.4,-7.621024
4521,-2.515311,-1.52112,-4.4,-7.621024
4522,-2.519988,-1.540765,-4.4,-7.621024
4523,-2.524272,-1.565217,-4.4,-7.621024
4524,-2.529652,-1.590884,-4.4,-7.621024
4525,-2.534094,-1.614518,-4.4,-7.621024
4526,-2.539775,-1.635496,-4.4,-7.621024
4527,-2.543781,-1.657403,-4.4,-7.621024
4528,-2.549985,-1.683138,-4.4,-7.621024
4529,-2.554719,-1.704722,-4.4,-7.621024
4530,-2.558971,-1.72655,-4.4,-7.621024
4531,-2.562238,-1.751757,-4.4,-7.621024
4532,-2.566769,-1.775281,-4.4,-7.621024
4533,-2.571321,-1.798822,-4.4,-7.621024
4534,-2.574595,-1.823358,-4.4,-7.621024
4535,-2.577601,-1.848143,-4.4,-7.621024
4536,-2.580039,-1.874185,-4.4,-7.621024
4537,-2.582335,-1.902005,-4.4,-7.621024
4538,-2.585696,-1.930969,-4.4,-7.621024
4539,-2.5885,-1.962094,-4.4,-7.621024
4540,-2.590835,-1.995487,-4.4,-7.621024
4541,-2.593959,-2.027356,-4.4,-7.621024
4542,-2.598832,-2.055426,-4.4,-7.621024
4543,-2.603654,-2.083288,-4.4,-7.621024
4544,-2.607513,-2.107671,-4.4,-7.621024
4545,-2.607847,-2.134574,-4.4,-7.621024
4546,-2.611031,-2.161234,-4.4,-7.621024
4547,-2.614076,-2.190721,-4.4,-7.621024
4548,-2.618218,-2.219994,-4.4,-7.621024
4549,-2.623548,-2.250636,-4.4,-7.621024
4550,-2.627025,-2.280794,-4.4,-7.621024
4551,-2.63195,-2.309215,-4.4,-7.621024
4552,-2.637175,-2.33805,-4.4,-7.621024
4553,-2.644686,-2.366184,-4.4,-7.621024
4554,-2.6538,-2.39676,-4.4,-7.621024
4555,-2.663302,-2.425726,-4.4,-7.621024
4556,-2.678099,-2.456891,-4.4,-7.621024
4557,-2.69129,-2.487522,-4.4,-7.621024
4558,-2.703553,-2.517893,-4.4,-7.621024
4559,-2.718227,-2.547733,-4.4,-7.621024
4560,-2.733147,-2.576411,-4.4,-7.621024
4561,-2.74738,-2.604122,-4.4,-7.621024
4562,-2.761876,-2.629499,-4.4,-7.621024
4563,-2.778074,-2.657269,-4.4,-7.621024
4564,-2.793007,-2.685302,-4.4,-7.621024
4565,-2.808545,-2.71466,-4.4,-7.621024
4566,-2.823524,-2.739968,-4.4,-7.621024
4567,-2.836353,-2.76456,-4.4,-7.621024
4568,-2.849022,-2.790834,-4.4,-7.621024
4569,-2.860209,-2.813008,-4.4,-7.621024
4570,-2.868112,-2.833179,-4.4,-7.621024
4571,-2.876279,-2.855333,-4.4,-7.621024
4572,-2.883656,-2.877055,-4.4,-7.621024
4573,-2.891531,-2.893763,-4.4,-7.621024
4574,-2.896549,-2.910834,-4.4,-7.621024
4575,-2.901979,-2.929506,-4.4,-7.621024
4576,-2.909245,-2.950957,-4.4,-7.621024
4577,-2.916763,-2.975529,-4.4,-7.621024
4578,-2.922549,-3.002078,-4.4,-7.621024
4579,-2.927469,-3.023861,-4.4,-7.621024
4580,-2.933332,-3.044443,-4.4,-7.621024
4581,-2.938584,-3.066907,-4.4,-7.621024
4582,-2.942999,-3.090532,-4.4,-7.621024
4583,-2.946323,-3.111221,-4.4,-7.621024
4584,-2.950152,-3.135123,-4.4,-7.621024
4585,-2.954458,-3.160473,-4.4,-7.621024
4586,-2.958874,-3.186168,-4.4,-7.621024
4587,-2.963101,-3.212985,-4.4,-7.621024
4588,-2.966553,-3.24129,-4.4,-7.621024
4589,-2.968808,-3.268565,-4.4,-7.621024
4590,-2.971051,-3.298418,-4.4,-7.621024
4591,-2.973269,-3.32699,-4.4,-7.621024
4592,-2.974158,-3.356394,-4.4,-7.621024
4593,-2.976108,-3.389012,-4.4,-7.621024
4594,-2.979995,-3.420022,-4.4,-7.621024
4595,-2.982473,-3.446879,-4.4,-7.621024
4596,-2.985122,-3.473076,-4.4,-7.621024
4597,-2.98754,-3.498702,-4.4,-7.621024
4598,-2.989734,-3.526779,-4.4,-7.621024
4599,-2.991315,-3.553082,-4.4,-7.621024
4600,-2.993117,-3.57891,-4.4,-7.621024
4601,-2.992084,-3.608753,-4.4,-7.621024
4602,-2.991909,-3.640585,-4.4,-7.621024
4603,-2.993083,-3.672483,-4.4,-7.621024
4604,-2.995409,-3.701897,-4.4,-7.621024
4605,-2.997733,-3.731672,-4.4,-7.621024
4606,-3.001189,-3.762081,-4.4,-7.621024
4607,-3.005944,-3.788743,-4.4,-7.621024
4608,-3.012028,-3.818173,-4.4,-7.621024
4609,-3.019889,-3.851065,-4.4,-7.621024
4610,-3.025678,-3.880441,-4.4,-7.621024
4611,-3.032583,-3.910295,-4.4,-7.621024
4612,-3.04374,-3.941633,-4.4,-7.621024
4613,-3.054511,-3.97169,-4.4,-7.621024
4614,-3.064826,-4.000868,-4.4,-7.621024
4615,-3.07588,-4.030914,-4.4,-7.621024
4616,-3.086393,-4.060099,-4.4,-7.621024
4617,-3.097384,-4.090895,-4.4,-7.621024
4618,-3.107646,-4.120458,-4.4,-7.621024
4619,-3.119389,-4.151176,-4.4,-7.621024
4620,-3.131117,-4.180164,-4.4,-7.621024
4621,-3.143474,-4.207141,-4.4,-7.621024
4622,-3.155521,-4.232646,-4.4,-7.621024
4623,-3.165738,-4.258145,-4.4,-7.621024
4624,-3.172603,-4.283219,-4.4,-7.621024
4625,-3.178838,-4.303802,-4.4,-7.621024
4626,-3.184372,-4.32265,-4.4,-7.621024
4627,-3.187882,-4.343523,-4.4,-7.621024
4628,-3.191736,-4.362365,-4.4,-7.621024
4629,-3.197722,-4.385907,-4.4,-7.621024
4630,-3.202386,-4.407433,-4.4,-7.621024
4631,-3.20571,-4.429279,-4.4,-7.621024
4632,-3.211502,-4.451997,-4.4,-7.621024
4633,-3.216183,-4.471309,-4.4,-7.621024
4634,-3.217913,-4.491215,-4.4,-7.621024
4635,-3.220046,-4.511526,-4.4,-7.621024
4636,-3.222396,-4.533563,-4.4,-7.621024
4637,-3.226467,-4.555128,-4.4,-7.621024
4638,-3.231222,-4.576931,-4.4,-7.621024
4639,-3.235519,-4.602304,-4.4,-7.621024
4640,-3.239825,-4.625835,-4.4,-7.621024
4641,-3.243721,-4.651635,-4.4,-7.621024
4642,-3.246748,-4.676876,-4.4,-7.621024
4643,-3.248841,-4.702187,-4.4,-7.621024
4644,-3.250508,-4.725781,-4.4,-7.621024
4645,-3.251816,-4.751688,-4.4,-7.621024
4646,-3.254006,-4.783499,-4.4,-7.621024
4647,-3.255418,-4.815136,-4.4,-7.621024
4648,-3.258745,-4.845225,-4.4,-7.621024
4649,-3.261307,-4.874502,-4.4,-7.621024
4650,-3.265034,-4.902483,-4.4,-7.621024
4651,-3.265624,-4.92843,-4.4,-7.621024
4652,-3.267014,-4.95399,-4.4,-7.621024
4653,-3.267599,-4.978116,-4.4,-7.621024
4654,-3.268985,-5.004469,-4.4,-7.621024
4655,-3.2693,-5.030622,-4.4,-7.621024
4656,-3.268761,-5.059589,-4.4,-7.621024
4657,-3.268318,-5.090153,-4.4,-7.621024
4658,-3.267393,-5.11883,-4.4,-7.621024
4659,-3.269814,-5.145684,-4.4,-7.621024
4660,-3.275203,-5.1717,-4.4,-7.621024
4661,-3.2807,-5.198483,-4.4,-7.621024
4662,-3.288416,-5.223356,-4.4,-7.621024
4663,-3.298018,-5.250012,-4.4,-7.621024
4664,-3.310006,-5.279706,-4.4,-7.621024
4665,-3.319623,-5.306527,-4.4,-7.621024
4666,-3.331016,-5.335374,-4.4,-7.621024
4667,-3.344329,-5.364734,-4.4,-7.621024
4668,-3.354818,-5.39441,-4.4,-7.621024
4669,-3.366327,-5.421746,-4.4,-7.621024
4670,-3.379103,-5.447228,-4.4,-7.621024
4671,-3.394586,-5.477802,-4.4,-7.621024
4672,-3.406369,-5.507927,-4.4,-7.621024
4673,-3.421036,-5.541708,-4.4,-7.621024
4674,-3.437405,-5.57242,-4.4,-7.621024
4675,-3.451574,-5.598151,-4.4,-7.621024
4676,-3.464211,-5.623561,-4.4,-7.621024
4677,-3.473036,-5.646087,-4.4,-7.621024
4678,-3.483587,-5.671703,-4.4,-7.621024
4679,-3.493298,-5.696401,-4.4,-7.621024
4680,-3.501608,-5.718896,-4.4,-7.621024
4681,-3.508,-5.739674,-4.4,-7.621024
4682,-3.512373,-5.762365,-4.4,-7.621024
4683,-3.518042,-5.780515,-4.4,-7.621024
4684,-3.523778,-5.804726,-4.4,-7.621024
4685,-3.527103,-5.826844,-4.4,-7.621024
4686,-3.528984,-5.851235,-4.4,-7.621024
4687,-3.532146,-5.874075,-4.4,-7.621024
4688,-3.533603,-5.894731,-4.4,-7.621024
4689,-3.538059,-5.918615,-4.4,-7.621024
4690,-3.5439,-5.939838,-4.4,-7.621024
4691,-3.549577,-5.961332,-4.4,-7.621024
4692,-3.555372,-5.985364,-4.4,-7.621024
4693,-3.561691,-6.006574,-4.4,-7.621024
4694,-3.567171,-6.028436,-4.4,-7.621024
4695,-3.573278,-6.056386,-4.4,-7.621024
4696,-3.578923,-6.086431,-4.4,-7.621024
4697,-3.583104,-6.111934,-4.4,-7.621024
4698,-3.587083,-6.138841,-4.4,-7.621024
4699,-3.590092,-6.167259,-4.4,-7.621024
4700,-3.592747,-6.195588,-4.4,-7.621024
4701,-3.59446,-6.223495,-4.4,-7.621024
4702,-3.596442,-6.251852,-4.4,-7.621024
4703,-3.597441,-6.278994,-4.4,-7.621024
4704,-3.597788,-6.301909,-4.4,-7.621024
4705,-3.598585,-6.324069,-4.4,-7.621024
4706,-3.598358,-6.344671,-4.4,-7.621024
4707,-3.599619,-6.370437,-4.4,-7.621024
4708,-3.602274,-6.392616,-4.4,-7.621024
4709,-3.605059,-6.417561,-4.4,-7.621024
4710,-3.60923,-6.447996,-4.4,-7.621024
4711,-3.613347,-6.478574,-4.4,-7.621024
4712,-3.615335,-6.506733,-4.4,-7.621024
4713,-3.618002,-6.532683,-4.4,-7.621024
4714,-3.622355,-6.559374,-4.4,-7.621024
4715,-3.628705,-6.586396,-4.4,-7.621024
4716,-3.637799,-6.613687,-4.4,-7.621024
4717,-3.649788,-6.641865,-4.4,-7.621024
4718,-3.663429,-6.666189,-4.4,-7.621024
4719,-3.678211,-6.690477,-4.4,-7.621024
4720,-3.694196,-6.71756,-4.4,-7.621024
4721,-3.709317,-6.74375,-4.4,-7.621024
4722,-3.723771,-6.76809,-4.4,-7.621024
4723,-3.736982,-6.791041,-4.4,-7.621024
4724,-3.751632,-6.813179,-4.4,-7.621024
4725,-3.769765,-6.837398,-4.4,-7.621024
4726,-3.787497,-6.860261,-4.4,-7.621024
4727,-3.8057,-6.882167,-4.4,-7.621024
4728,-3.825522,-6.903862,-4.4,-7.621024
4729,-3.845607,-6.927058,-4.4,-7.621024
4730,-3.863081,-6.950247,-4.4,-7.621024
4731,-3.879284,-6.971081,-4.4,-7.621024
4732,-3.893338,-6.99113,-4.4,-7.621024
4733,-3.903582,-7.008434,-4.4,-7.621024
4734,-3.912142,-7.025702,-4.4,-7.621024
4735,-3.922613,-7.043278,-4.4,-7.621024
4736,-3.931676,-7.059031,-4.4,-7.621024
4737,-3.940403,-7.075424,-4.4,-7.621024
4738,-3.950828,-7.093868,-4.4,-7.621024
4739,-3.962776,-7.115759,-4.4,-7.621024
4740,-3.97253,-7.134832,-4.4,-7.621024
4741,-3.982277,-7.154869,-4.4,-7.621024
4742,-3.991932,-7.175381,-4.4,-7.621024
4743,-4.00029,-7.194969,-4.4,-7.621024
4744,-4.008962,-7.215718,-4.4,-7.621024
4745,-4.016756,-7.23915,-4.4,-7.621024
4746,-4.026462,-7.262104,-4.4,-7.621024
4747,-4.036891,-7.285013,-4.4,-7.621024
4748,-4.045976,-7.308913,4.4,7.621024
4749,-4.054858,-7.330999,4.4,7.621024
4750,-4.063696,-7.354742,4.4,7.621024
4751,-4.068778,-7.376682,4.4,7.621024
4752,-4.073837,-7.401383,4.4,7.621024
4753,-4.074992,-7.422111,4.4,7.621024
4754,-4.076068,-7.446694,4.4,7.621024
4755,-4.076388,-7.474505,4.4,7.621024
4756,-4.079436,-7.502439,4.4,7.621024
4757,-4.08412,-7.532015,4.4,7.621024
4758,-4.097367,-7.559937,4.4,7.621024
4759,-4.118781,-7.582158,4.4,7.621024
4760,-4.142858,-7.600482,4.4,7.621024
4761,-4.161733,-7.616171,4.4,7.621024
4762,-4.176503,-7.631447,4.4,7.621024
4763,-4.186841,-7.645009,4.4,7.621024
4764,-4.192917,-7.659943,4.4,7.621024
4765,-4.204861,-7.673178,4.4,7.621024
4766,-4.219498,-7.679292,4.4,7.621024
4767,-4.235595,-7.682,4.4,7.621024
4768,-4.248443,-7.683251,4.4,7.621024
4769,-4.259391,-7.683139,4.4,7.621024
4770,-4.268878,-7.680948,4.4,7.621024
4771,-4.276805,-7.676544,4.4,7.621024
4772,-4.281382,-7.672328,4.4,7.621024
4773,-4.285339,-7.668105,4.4,7.621024
4774,-4.290448,-7.661092,4.4,7.621024
4775,-4.293636,-7.652556,4.4,7.621024
4776,-4.294836,-7.644603,4.4,7.621024
4777,-4.296821,-7.633132,4.4,7.621024
4778,-4.297749,-7.619254,4.4,7.621024
4779,-4.298026,-7.603746,4.4,7.621024
4780,-4.297712,-7.586412,4.4,7.621024
4781,-4.298292,-7.568263,4.4,7.621024
4782,-4.296914,-7.550335,4.4,7.621024
4783,-4.296407,-7.529835,4.4,7.621024
4784,-4.295772,-7.511611,4.4,7.621024
4785,-4.293224,-7.494727,4.4,7.621024
4786,-4.293458,-7.479399,4.4,7.621024
4787,-4.294817,-7.465014,4.4,7.621024
4788,-4.293887,-7.448505,4.4,7.621024
4789,-4.293003,-7.431467,4.4,7.621024
4790,-4.294603,-7.413217,4.4,7.621024
4791,-4.294257,-7.397131,4.4,7.621024
4792,-4.295559,-7.382476,4.4,7.621024
4793,-4.297275,-7.365369,4.4,7.621024
4794,-4.296946,-7.350664,4.4,7.621024
4795,-4.296706,-7.333939,4.4,7.621024
4796,-4.298825,-7.317004,4.4,7.621024
4797,-4.30129,-7.301372,4.4,7.621024
4798,-4.303864,-7.287759,4.4,7.621024
4799,-4.306039,-7.27124,4.4,7.621024
4800,-4.30722,-7.255859,4.4,7.621024
4801,-4.308304,-7.237414,4.4,7.621024
4802,-4.309887,-7.21806,4.4,7.621024
4803,-4.31118,-7.199674,4.4,7.621024
4804,-4.312753,-7.18206,4.4,7.621024
4805,-4.314647,-7.162506,4.4,7.621024
4806,-4.319291,-7.141311,4.4,7.621024
4807,-4.324635,-7.119753,4.4,7.621024
4808,-4.326937,-7.098385,4.4,7.621024
4809,-4.329084,-7.07636,4.4,7.621024
4810,-4.329637,-7.054934,4.4,7.621024
4811,-4.330878,-7.03227,4.4,7.621024
4812,-4.329965,-7.012793,4.4,7.621024
4813,-4.329689,-6.991067,4.4,7.621024
4814,-4.332793,-6.972682,4.4,7.621024
4815,-4.336433,-6.951554,4.4,7.621024
4816,-4.338393,-6.928977,4.4,7.621024
4817,-4.337969,-6.904969,4.4,7.621024
4818,-4.337069,-6.880687,4.4,7.621024
4819,-4.335586,-6.857458,4.4,7.621024
4820,-4.332026,-6.834303,4.4,7.621024
4821,-4.32736,-6.809851,4.4,7.621024
4822,-4.324027,-6.785947,4.4,7.621024
4823,-4.319776,-6.764774,4.4,7.621024
4824,-4.312665,-6.743114,4.4,7.621024
4825,-4.30408,-6.72081,4.4,7.621024
4826,-4.294569,-6.697236,4.4,7.621024
4827,-4.282506,-6.674144,4.4,7.621024
4828,-4.2701,-6.65076,4.4,7.621024
4829,-4.256817,-6.625029,4.4,7.621024
4830,-4.243459,-6.601708,4.4,7.621024
4831,-4.231099,-6.579375,4.4,7.621024
4832,-4.216262,-6.554916,4.4,7.621024
4833,-4.20014,-6.531245,4.4,7.621024
4834,-4.185545,-6.506449,4.4,7.621024
4835,-4.170037,-6.479805,4.4,7.621024
4836,-4.152941,-6.454146,4.4,7.621024
4837,-4.134801,-6.430009,4.4,7.621024
4838,-4.11706,-6.407084,4.4,7.621024
4839,-4.10135,-6.383937,4.4,7.621024
4840,-4.088058,-6.363765,4.4,7.621024
4841,-4.079638,-6.343372,4.4,7.621024
4842,-4.070858,-6.322247,4.4,7.621024
4843,-4.061642,-6.302405,4.4,7.621024
4844,-4.053786,-6.28064,4.4,7.621024
4845,-4.045002,-6.259926,4.4,7.621024
4846,-4.035693,-6.23834,4.4,7.621024
4847,-4.025945,-6.214429,4.4,7.621024
4848,-4.019366,-6.189707,4.4,7.621024
4849,-4.014616,-6.167603,4.4,7.621024
4850,-4.007156,-6.145675,4.4,7.621024
4851,-4.000675,-6.125364,4.4,7.621024
4852,-3.994205,-6.104961,4.4,7.621024
4853,-3.986298,-6.082153,4.4,7.621024
4854,-3.98015,-6.060118,4.4,7.621024
4855,-3.972943,-6.036784,4.4,7.621024
4856,-3.966568,-6.014068,4.4,7.621024
4857,-3.959054,-5.988769,4.4,7.621024
4858,-3.952006,-5.963701,4.4,7.621024
4859,-3.946072,-5.936353,4.4,7.621024
4860,-3.940562,-5.906707,4.4,7.621024
4861,-3.934356,-5.874256,4.4,7.621024
4862,-3.927322,-5.845107,4.4,7.621024
4863,-3.920231,-5.817061,4.4,7.621024
4864,-3.916292,-5.789709,4.4,7.621024
4865,-3.914376,-5.760394,4.4,7.621024
4866,-3.911575,-5.73042,4.4,7.621024
4867,-3.907479,-5.702559,4.4,7.621024
4868,-3.90618,-5.675661,4.4,7.621024
4869,-3.902514,-5.648875,4.4,7.621024
4870,-3.898981,-5.619923,4.4,7.621024
4871,-3.894781,-5.589102,4.4,7.621024
4872,-3.891146,-5.558526,4.4,7.621024
4873,-3.885187,-5.527339,4.4,7.621024
4874,-3.877605,-5.497484,4.4,7.621024
4875,-3.869215,-5.467889,4.4,7.621024
4876,-3.860408,-5.439049,4.4,7.621024
4877,-3.855131,-5.413245,4.4,7.621024
4878,-3.846312,-5.386252,4.4,7.621024
4879,-3.833912,-5.358189,4.4,7.621024
4880,-3.820183,-5.331665,4.4,7.621024
4881,-3.807711,-5.304914,4.4,7.621024
4882,-3.794616,-5.277533,4.4,7.621024
4883,-3.780817,-5.249355,4.4,7.621024
4884,-3.766901,-5.22047,4.4,7.621024
4885,-3.753199,-5.193226,4.4,7.621024
4886,-3.738292,-5.164555,4.4,7.621024
4887,-3.721191,-5.134153,4.4,7.621024
4888,-3.704073,-5.104243,4.4,7.621024
4889,-3.688137,-5.07513,4.4,7.621024
4890,-3.671172,-5.046153,4.4,7.621024
4891,-3.655984,-5.018807,4.4,7.621024
4892,-3.644393,-4.994154,4.4,7.621024
4893,-3.632165,-4.969507,4.4,7.621024
4894,-3.620106,-4.945131,4.4,7.621024
4895,-3.610904,-4.923092,4.4,7.621024
4896,-3.604036,-4.901321,4.4,7.621024
4897,-3.597893,-4.881536,4.4,7.621024
4898,-3.591787,-4.859977,4.4,7.621024
4899,-3.584794,-4.837417,4.4,7.621024
4900,-3.578708,-4.816987,4.4,7.621024
4901,-3.5718,-4.792977,4.4,7.621024
4902,-3.567102,-4.769478,4.4,7.621024
4903,-3.562363,-4.744979,4.4,7.621024
4904,-3.553904,-4.719732,4.4,7.621024
4905,-3.545361,-4.692832,4.4,7.621024
4906,-3.538675,-4.666918,4.4,7.621024
4907,-3.531599,-4.641969,4.4,7.621024
4908,-3.525229,-4.618553,4.4,7.621024
4909,-3.519487,-4.594079,4.4,7.621024
4910,-3.514352,-4.567222,4.4,7.621024
4911,-3.508084,-4.535937,4.4,7.621024
4912,-3.502033,-4.506066,4.4,7.621024
4913,-3.495796,-4.475136,4.4,7.621024
4914,-3.489966,-4.446014,4.4,7.621024
4915,-3.482764,-4.414763,4.4,7.621024
4916,-3.47614,-4.383555,4.4,7.621024
4917,-3.470544,-4.354709,4.4,7.621024
4918,-3.465069,-4.326953,4.4,7.621024
4919,-3.461946,-4.300736,4.4,7.621024
4920,-3.460791,-4.273771,4.4,7.621024
4921,-3.45827,-4.24427,4.4,7.621024
4922,-3.454442,-4.214064,4.4,7.621024
4923,-3.451014,-4.185216,4.4,7.621024
4924,-3.448449,-4.156766,4.4,7.621024
4925,-3.442114,-4.129442,4.4,7.621024
4926,-3.434131,-4.101536,4.4,7.621024
4927,-3.427768,-4.072103,4.4,7.621024
4928,-3.421586,-4.044468,4.4,7.621024
4929,-3.414809,-4.018798,4.4,7.621024
4930,-3.407533,-3.991965,4.4,7.621024
4931,-3.39767,-3.966618,4.4,7.621024
4932,-3.387489,-3.940028,4.4,7.621024
4933,-3.375808,-3.913568,4.4,7.621024
4934,-3.364003,-3.886195,4.4,7.621024
4935,-3.348796,-3.857832,4.4,7.621024
4936,-3.33206,-3.831699,4.4,7.621024
4937,-3.315741,-3.806561,4.4,7.621024
4938,-3.299023,-3.780506,4.4,7.621024
4939,-3.283966,-3.755986,4.4,7.621024
4940,-3.266645,-3.726816,4.4,7.621024
4941,-3.247696,-3.694902,4.4,7.621024
4942,-3.227973,-3.665894,4.4,7.621024
4943,-3.209814,-3.638682,4.4,7.621024
4944,-3.192683,-3.611769,4.4,7.621024
4945,-3.176957,-3.586931,4.4,7.621024
4946,-3.162856,-3.564064,4.4,7.621024
4947,-3.151865,-3.544076,4.4,7.621024
4948,-3.140451,-3.523032,4.4,7.621024
4949,-3.130408,-3.503267,4.4,7.621024
4950,-3.120146,-3.482018,4.4,7.621024
4951,-3.110646,-3.464628,4.4,7.621024
4952,-3.099202,-3.441509,4.4,7.621024
4953,-3.089477,-3.418882,4.4,7.621024
4954,-3.080055,-3.398246,4.4,7.621024
4955,-3.071347,-3.374233,4.4,7.621024
4956,-3.062714,-3.349072,4.4,7.621024
4957,-3.056753,-3.3247,4.4,7.621024
4958,-3.05057,-3.302549,4.4,7.621024
4959,-3.044092,-3.279416,4.4,7.621024
4960,-3.036855,-3.254412,4.4,7.621024
4961,-3.02717,-3.231985,4.4,7.621024
4962,-3.020027,-3.208219,4.4,7.621024
4963,-3.012119,-3.183852,4.4,7.621024
4964,-3.00449,-3.159677,4.4,7.621024
4965,-2.997695,-3.136601,4.4,7.621024
4966,-2.991154,-3.111185,4.4,7.621024
4967,-2.984204,-3.085566,4.4,7.621024
4968,-2.977065,-3.057209,4.4,7.621024
4969,-2.969932,-3.029601,4.4,7.621024
4970,-2.96193,-2.999157,4.4,7.621024
4971,-2.954884,-2.971308,4.4,7.621024
4972,-2.94706,-2.943636,4.4,7.621024
4973,-2.942104,-2.916498,4.4,7.621024
4974,-2.93778,-2.886973,4.4,7.621024
4975,-2.931648,-2.857085,4.4,7.621024
4976,-2.925883,-2.825616,4.4,7.621024
4977,-2.918821,-2.795089,4.4,7.621024
4978,-2.911556,-2.764132,4.4,7.621024
4979,-2.905385,-2.732602,4.4,7.621024
4980,-2.897589,-2.703894,4.4,7.621024
4981,-2.889864,-2.676586,4.4,7.621024
4982,-2.880647,-2.650558,4.4,7.621024
4983,-2.872656,-2.625174,4.4,7.621024
4984,-2.864672,-2.600405,4.4,7.621024
4985,-2.852239,-2.573357,4.4,7.621024
4986,-2.83776,-2.547344,4.4,7.621024
4987,-2.822557,-2.520233,4.4,7.621024
4988,-2.806015,-2.491853,4.4,7.621024
4989,-2.788979,-2.463584,4.4,7.621024
4990,-2.773038,-2.437293,4.4,7.621024
4991,-2.75652,-2.414254,4.4,7.621024
4992,-2.737486,-2.390057,4.4,7.621024
4993,-2.719401,-2.365416,4.4,7.621024
4994,-2.702391,-2.339286,4.4,7.621024
4995,-2.683095,-2.313666,4.4,7.621024
4996,-2.665412,-2.286596,4.4,7.621024
4997,-2.647376,-2.263775,4.4,7.621024
4998,-2.629931,-2.243786,4.4,7.621024
4999,-2.613981,-2.2233,4.4,7.621024
5000,-2.600156,-2.203801,4.4,7.621024
5001,-2.58552,-2.184173,4.4,7.621024
5002,-2.573015,-2.165452,4.4,7.621024
5003,-2.560434,-2.145032,4.4,7.621024
5004,-2.548888,-2.126573,4.4,7.621024
5005,-2.537824,-2.104955,4.4,7.621024
5006,-2.531001,-2.087041,4.4,7.621024
5007,-2.519414,-2.064867,4.4,7.621024
5008,-2.508962,-2.044215,4.4,7.621024
5009,-2.497982,-2.022269,4.4,7.621024
5010,-2.486745,-1.999871,4.4,7.621024
5011,-2.477431,-1.977434,4.4,7.621024
5012,-2.466306,-1.955366,4.4,7.621024
5013,-2.456336,-1.936585,4.4,7.621024
5014,-2.447777,-1.914928,4.4,7.621024
5015,-2.436216,-1.890951,4.4,7.621024
5016,-2.42401,-1.867093,4.4,7.621024
5017,-2.412503,-1.844329,4.4,7.621024
5018,-2.402494,-1.820773,4.4,7.621024
5019,-2.393464,-1.795565,4.4,7.621024
5020,-2.385749,-1.769995,4.4,7.621024
5021,-2.377362,-1.743239,4.4,7.621024
5022,-2.369132,-1.714506,4.4,7.621024
5023,-2.358524,-1.683908,4.4,7.621024
5024,-2.345216,-1.652089,4.4,7.621024
5025,-2.332674,-1.62551,4.4,7.621024
5026,-2.321052,-1.598179,4.4,7.621024
5027,-2.311949,-1.57003,4.4,7.621024
5028,-2.302794,-1.542425,4.4,7.621024
5029,-2.294231,-1.516445,4.4,7.621024
5030,-2.282776,-1.488709,4.4,7.621024
5031,-2.27265,-1.459492,4.4,7.621024
5032,-2.262359,-1.430787,4.4,7.621024
5033,-2.252516,-1.4018,4.4,7.621024
5034,-2.240308,-1.372903,4.4,7.621024
5035,-2.228274,-1.346049,4.4,7.621024
5036,-2.214357,-1.318489,4.4,7.621024
5037,-2.201215,-1.293492,4.4,7.621024
5038,-2.185166,-1.27051,4.4,7.621024
5039,-2.168566,-1.246868,4.4,7.621024
5040,-2.149489,-1.221025,4.4,7.621024
5041,-2.129025,-1.194902,4.4,7.621024
5042,-2.107385,-1.168115,4.4,7.621024
5043,-2.085063,-1.143465,4.4,7.621024
5044,-2.065134,-1.119105,4.4,7.621024
5045,-2.046789,-1.095552,4.4,7.621024
5046,-2.025939,-1.071166,4.4,7.621024
5047,-2.002662,-1.047104,4.4,7.621024
5048,-1.978899,-1.020746,4.4,7.621024
5049,-1.955705,-0.996502,4.4,7.621024
5050,-1.934771,-0.9746788,4.4,7.621024
5051,-1.915042,-0.9499968,4.4,7.621024
5052,-1.898236,-0.9279726,4.4,7.621024
5053,-1.885348,-0.906866,4.4,7.621024
5054,-1.875525,-0.8909114,4.4,7.621024
5055,-1.865275,-0.8734474,4.4,7.621024
5056,-1.852662,-0.853102,4.4,7.621024
5057,-1.840749,-0.8328453,4.4,7.621024
5058,-1.829541,-0.8135555,4.4,7.621024
5059,-1.817484,-0.7924028,4.4,7.621024
5060,-1.806728,-0.768952,4.4,7.621024
5061,-1.794127,-0.7457771,4.4,7.621024
5062,-1.785086,-0.7219925,4.4,7.621024
5063,-1.775914,-0.6972331,4.4,7.621024
5064,-1.765094,-0.6743324,4.4,7.621024
5065,-1.756433,-0.6553552,4.4,7.621024
5066,-1.746978,-0.6351739,4.4,7.621024
5067,-1.738063,-0.6135914,4.4,7.621024
5068,-1.726773,-0.5929815,4.4,7.621024
5069,-1.71691,-0.566717,4.4,7.621024
5070,-1.707263,-0.543784,4.4,7.621024
5071,-1.696591,-0.5165626,4.4,7.621024
5072,-1.686891,-0.489886,4.4,7.621024
5073,-1.67695,-0.4620568,4.4,7.621024
5074,-1.668325,-0.4320399,4.4,7.621024
5075,-1.660027,-0.4007813,4.4,7.621024
5076,-1.648573,-0.3675198,4.4,7.621024
5077,-1.63758,-0.3403391,4.4,7.621024
5078,-1.628107,-0.3133675,4.4,7.621024
5079,-1.617885,-0.2866402,4.4,7.621024
5080,-1.609379,-0.2568686,4.4,7.621024
5081,-1.600815,-0.225719,4.4,7.621024
5082,-1.589153,-0.1942356,4.4,7.621024
5083,-1.581105,-0.1648768,4.4,7.621024
5084,-1.573729,-0.1399665,4.4,7.621024
5085,-1.567388,-0.1146561,4.4,7.621024
5086,-1.558095,-0.08745382,4.4,7.621024
5087,-1.550663,-0.05995177,4.4,7.621024
5088,-1.542152,-0.03366434,4.4,7.621024
5089,-1.532311,-0.008536406,4.4,7.621024
5090,-1.52237,0.01613388,4.4,7.621024
5091,-1.512423,0.04015711,4.4,7.621024
5092,-1.49954,0.06552379,4.4,7.621024
5093,-1.483323,0.09060825,4.4,7.621024
5094,-1.465992,0.1153825,4.4,7.621024
5095,-1.449835,0.1386733,4.4,7.621024
5096,-1.436491,0.1610589,4.4,7.621024
5097,-1.420221,0.1843428,4.4,7.621024
5098,-1.399808,0.2110676,4.4,7.621024
5099,-1.379717,0.2359034,4.4,7.621024
5100,-1.359961,0.2612811,4.4,7.621024
5101,-1.340879,0.2861103,4.4,7.621024
5102,-1.320275,0.3127005,4.4,7.621024
5103,-1.29818,0.3404572,4.4,7.621024
5104,-1.277716,0.3664064,4.4,7.621024
5105,-1.259325,0.39288,4.4,7.621024
5106,-1.242927,0.4163523,4.4,7.621024
5107,-1.225606,0.4383666,4.4,7.621024
5108,-1.208627,0.4605441,4.4,7.621024
5109,-1.194155,0.4805592,4.4,7.621024
5110,-1.182215,0.4974088,4.4,7.621024
5111,-1.168938,0.5173649,4.4,7.621024
5112,-1.160265,0.5386407,4.4,7.621024
5113,-1.150966,0.5597168,4.4,7.621024
5114,-1.140873,0.5819687,4.4,7.621024
5115,-1.129761,0.6040524,4.4,7.621024
5116,-1.121831,0.6258581,4.4,7.621024
5117,-1.114496,0.6459706,4.4,7.621024
5118,-1.107276,0.6704632,4.4,7.621024
5119,-1.101157,0.6928474,4.4,7.621024
5120,-1.093899,0.7150254,4.4,7.621024
5121,-1.08674,0.7355643,4.4,7.621024
5122,-1.075852,0.7576789,4.4,7.621024
5123,-1.068518,0.7801763,4.4,7.621024
5124,-1.061081,0.8017083,4.4,7.621024
5125,-1.053933,0.8242204,4.4,7.621024
5126,-1.046708,0.8485186,4.4,7.621024
5127,-1.039606,0.8744292,4.4,7.621024
5128,-1.033024,0.9026618,4.4,7.621024
5129,-1.026607,0.9298581,4.4,7.621024
5130,-1.020999,0.9585126,4.4,7.621024
5131,-1.013809,0.9884949,4.4,7.621024
5132,-1.006873,1.016315,4.4,7.621024
5133,-0.9993095,1.045131,4.4,7.621024
5134,-0.9915551,1.072742,4.4,7.621024
5135,-0.9856393,1.098586,4.4,7.621024
5136,-0.9813527,1.119868,4.4,7.621024
5137,-0.977585,1.147755,4.4,7.621024
5138,-0.9739196,1.176696,4.4,7.621024
5139,-0.968381,1.20815,4.4,7.621024
5140,-0.959296,1.236689,4.4,7.621024
5141,-0.9512936,1.265933,4.4,7.621024
5142,-0.9416361,1.297036,4.4,7.621024
5143,-0.9320121,1.324602,4.4,7.621024
5144,-0.9222854,1.352051,4.4,7.621024
5145,-0.91099,1.379723,4.4,7.621024
5146,-0.8992803,1.407044,4.4,7.621024
5147,-0.8857999,1.434591,4.4,7.621024
5148,-0.8708539,1.461159,4.4,7.621024
5149,-0.8531976,1.487542,4.4,7.621024
5150,-0.8348173,1.514903,4.4,7.621024
5151,-0.8158385,1.540666,4.4,7.621024
5152,-0.795568,1.563806,4.4,7.621024
5153,-0.7779894,1.585176,4.4,7.621024
5154,-0.7581459,1.608091,4.4,7.621024
5155,-0.7357461,1.63352,4.4,7.621024
5156,-0.713167,1.656368,4.4,7.621024
5157,-0.6911124,1.67921,4.4,7.621024
5158,-0.6730135,1.700108,4.4,7.621024
5159,-0.6554397,1.722507,4.4,7.621024
5160,-0.6418153,1.743068,4.4,7.621024
5161,-0.6282769,1.762954,4.4,7.621024
5162,-0.6146548,1.783243,4.4,7.621024
5163,-0.6035126,1.802281,4.4,7.621024
5164,-0.5926382,1.81981,4.4,7.621024
5165,-0.5848235,1.838107,4.4,7.621024
5166,-0.5749173,1.859391,4.4,7.621024
5167,-0.5631475,1.880937,4.4,7.621024
5168,-0.5534237,1.901518,4.4,7.621024
5169,-0.5441444,1.921988,4.4,7.621024
5170,-0.5369325,1.941279,4.4,7.621024
5171,-0.5281363,1.963638,4.4,7.621024
5172,-0.5200804,1.986364,4.4,7.621024
5173,-0.5110514,2.007611,4.4,7.621024
5174,-0.5023405,2.026894,4.4,7.621024
5175,-0.4940387,2.048647,4.4,7.621024
5176,-0.4834046,2.072062,4.4,7.621024
5177,-0.4723178,2.092546,4.4,7.621024
5178,-0.4631303,2.116441,4.4,7.621024
5179,-0.4546111,2.142499,4.4,7.621024
5180,-0.4461937,2.169796,4.4,7.621024
5181,-0.4388892,2.196707,4.4,7.621024
5182,-0.433325,2.223235,4.4,7.621024
5183,-0.4244138,2.250695,4.4,7.621024
5184,-0.4170049,2.274231,4.4,7.621024
5185,-0.4080226,2.301852,4.4,7.621024
5186,-0.4004973,2.326348,4.4,7.621024
5187,-0.3925392,2.34936,4.4,7.621024
5188,-0.3847125,2.372144,4.4,7.621024
5189,-0.376672,2.399451,4.4,7.621024
5190,-0.3682559,2.4262,4.4,7.621024
5191,-0.3625506,2.454608,4.4,7.621024
5192,-0.3512749,2.4842,4.4,7.621024
5193,-0.3416865,2.514264,4.4,7.621024
5194,-0.3324969,2.541398,4.4,7.621024
5195,-0.3240036,2.568398,4.4,7.621024
5196,-0.3152078,2.595628,4.4,7.621024
5197,-0.3027751,2.621421,4.4,7.621024
5198,-0.2908842,2.646115,4.4,7.621024
5199,-0.2771102,2.668207,4.4,7.621024
5200,-0.2622773,2.690633,4.4,7.621024
5201,-0.2457956,2.715977,4.4,7.621024
5202,-0.2278012,2.740155,4.4,7.621024
5203,-0.2105839,2.761495,4.4,7.621024
5204,-0.1914235,2.784744,4.4,7.621024
5205,-0.1722369,2.80635,4.4,7.621024
5206,-0.1503079,2.830128,4.4,7.621024
5207,-0.1287021,2.853966,4.4,7.621024
5208,-0.1062025,2.875495,4.4,7.621024
5209,-0.08342519,2.896525,4.4,7.621024
5210,-0.06137079,2.917808,4.4,7.621024
5211,-0.03959395,2.94153,4.4,7.621024
5212,-0.01719346,2.963753,4.4,7.621024
5213,0.002693674,2.983999,4.4,7.621024
5214,0.01883804,3.003102,4.4,7.621024
5215,0.03366293,3.021246,4.4,7.621024
5216,0.04978442,3.038713,4.4,7.621024
5217,0.06314484,3.052514,4.4,7.621024
5218,0.07806065,3.066235,4.4,7.621024
5219,0.09548511,3.084131,4.4,7.621024
5220,0.1089411,3.101968,4.4,7.621024
5221,0.1207877,3.120703,4.4,7.621024
5222,0.1316905,3.141035,4.4,7.621024
5223,0.1425141,3.160915,4.4,7.621024
5224,0.1546301,3.179402,4.4,7.621024
5225,0.1654554,3.198486,4.4,7.621024
5226,0.1753969,3.218866,4.4,7.621024
5227,0.187495,3.238067,4.4,7.621024
5228,0.2009645,3.258566,4.4,7.621024
5229,0.2140785,3.278473,4.4,7.621024
5230,0.2288424,3.300647,4.4,7.621024
5231,0.2433073,3.322487,4.4,7.621024
5232,0.2542797,3.342639,4.4,7.621024
5233,0.2656469,3.363157,4.4,7.621024
5234,0.279936,3.386163,4.4,7.621024
5235,0.2942916,3.408976,4.4,7.621024
5236,0.3078237,3.432911,4.4,7.621024
5237,0.3212619,3.459773,4.4,7.621024
5238,0.3358182,3.486917,4.4,7.621024
5239,0.3499165,3.512723,4.4,7.621024
5240,0.3647066,3.539314,4.4,7.621024
5241,0.3789459,3.564761,4.4,7.621024
5242,0.3917553,3.589879,4.4,7.621024
5243,0.4054599,3.61117,4.4,7.621024
5244,0.414139,3.634379,4.4,7.621024
5245,0.4249558,3.657229,4.4,7.621024
5246,0.4368334,3.68371,4.4,7.621024
5247,0.4540518,3.712448,4.4,7.621024
5248,0.4691826,3.737993,4.4,7.621024
5249,0.484866,3.761185,4.4,7.621024
5250,0.5029551,3.784914,4.4,7.621024
5251,0.5209467,3.806244,4.4,7.621024
5252,0.5374462,3.828858,4.4,7.621024
5253,0.5587022,3.849674,4.4,7.621024
5254,0.5820193,3.871603,4.4,7.621024
5255,0.6052981,3.894179,4.4,7.621024
5256,0.6304222,3.916056,4.4,7.621024
5257,0.6545447,3.936746,4.4,7.621024
5258,0.6775458,3.957064,4.4,7.621024
5259,0.6982954,3.973598,4.4,7.621024
5260,0.721473,3.993381,4.4,7.621024
5261,0.7466809,4.014041,4.4,7.621024
5262,0.7690102,4.034247,4.4,7.621024
5263,0.7919102,4.052403,4.4,7.621024
5264,0.8169971,4.069077,4.4,7.621024
5265,0.8394428,4.086644,4.4,7.621024
5266,0.8628854,4.105504,4.4,7.621024
5267,0.8850282,4.123853,4.4,7.621024
5268,0.9004663,4.138407,4.4,7.621024
5269,0.9139189,4.152263,4.4,7.621024
5270,0.9307518,4.165834,4.4,7.621024
5271,0.9497818,4.180158,4.4,7.621024
5272,0.9649185,4.196188,4.4,7.621024
5273,0.9807718,4.212188,4.4,7.621024
5274,0.9964467,4.228813,4.4,7.621024
5275,1.013736,4.24654,4.4,7.621024
5276,1.031428,4.263106,4.4,7.621024
5277,1.04681,4.279481,4.4,7.621024
5278,1.06172,4.297426,4.4,7.621024
5279,1.073539,4.316223,4.4,7.621024
5280,1.086572,4.335386,4.4,7.621024
5281,1.102211,4.354002,4.4,7.621024
5282,1.116521,4.371944,4.4,7.621024
5283,1.132592,4.390989,4.4,7.621024
5284,1.148883,4.409993,4.4,7.621024
5285,1.165455,4.431347,4.4,7.621024
5286,1.182706,4.454775,4.4,7.621024
5287,1.198059,4.477751,4.4,7.621024
5288,1.214041,4.500207,4.4,7.621024
5289,1.229138,4.525157,4.4,7.621024
5290,1.245151,4.551436,4.4,7.621024
5291,1.262129,4.57703,4.4,7.621024
5292,1.279717,4.602754,4.4,7.621024
5293,1.296462,4.623155,4.4,7.621024
5294,1.312991,4.646257,4.4,7.621024
5295,1.327212,4.670419,4.4,7.621024
5296,1.340353,4.693036,4.4,7.621024
5297,1.351837,4.712802,4.4,7.621024
5298,1.366243,4.736166,4.4,7.621024
5299,1.383385,4.759497,4.4,7.621024
5300,1.401151,4.78551,4.4,7.621024
5301,1.418892,4.813295,4.4,7.621024
5302,1.435783,4.836438,4.4,7.621024
5303,1.453274,4.858872,4.4,7.621024
5304,1.472057,4.881588,4.4,7.621024
5305,1.49007,4.901938,4.4,7.621024
5306,1.511914,4.923774,4.4,7.621024
5307,1.533159,4.943566,4.4,7.621024
5308,1.553641,4.964541,4.4,7.621024
5309,1.576338,4.986902,4.4,7.621024
5310,1.602473,5.010073,4.4,7.621024
5311,1.628478,5.031776,4.4,7.621024
5312,1.654013,5.052179,4.4,7.621024
5313,1.681658,5.07396,4.4,7.621024
5314,1.706276,5.09373,4.4,7.621024
5315,1.730229,5.11143,4.4,7.621024
5316,1.755931,5.131466,4.4,7.621024
5317,1.782134,5.151892,4.4,7.621024
5318,1.807036,5.171696,4.4,7.621024
5319,1.831036,5.192331,4.4,7.621024
5320,1.854425,5.209477,4.4,7.621024
5321,1.874469,5.225859,4.4,7.621024
5322,1.89106,5.241979,4.4,7.621024
5323,1.906387,5.257892,4.4,7.621024
5324,1.923441,5.274508,4.4,7.621024
5325,1.940604,5.290626,4.4,7.621024
5326,1.955686,5.303716,4.4,7.621024
5327,1.970108,5.317152,4.4,7.621024
5328,1.986053,5.334715,4.4,7.621024
5329,2.000661,5.352636,4.4,7.621024
5330,2.016593,5.369887,4.4,7.621024
5331,2.032296,5.386928,4.4,7.621024
5332,2.046199,5.40591,4.4,7.621024
5333,2.05986,5.423589,4.4,7.621024
5334,2.076589,5.44166,4.4,7.621024
5335,2.08934,5.455211,4.4,7.621024
5336,2.101636,5.473121,4.4,7.621024
5337,2.116841,5.492257,4.4,7.621024
5338,2.133418,5.510508,4.4,7.621024
5339,2.147292,5.5272,4.4,7.621024
5340,2.159456,5.544395,4.4,7.621024
5341,2.17435,5.565142,4.4,7.621024
5342,2.189182,5.586147,4.4,7.621024
5343,2.204213,5.609619,4.4,7.621024
5344,2.220568,5.632316,4.4,7.621024
5345,2.239518,5.657315,4.4,7.621024
5346,2.256821,5.68071,4.4,7.621024
5347,2.272593,5.703249,4.4,7.621024
5348,2.287108,5.727186,4.4,7.621024
5349,2.301428,5.751063,4.4,7.621024
5350,2.313075,5.775347,4.4,7.621024
5351,2.325768,5.796864,4.4,7.621024
5352,2.336304,5.816634,4.4,7.621024
5353,2.34997,5.839478,4.4,7.621024
5354,2.366511,5.862968,4.4,7.621024
5355,2.381805,5.887537,4.4,7.621024
5356,2.398226,5.912477,4.4,7.621024
5357,2.414393,5.936534,4.4,7.621024
5358,2.431999,5.95751,4.4,7.621024
5359,2.449309,5.978226,4.4,7.621024
5360,2.468398,5.999244,4.4,7.621024
5361,2.488476,6.020637,4.4,7.621024
5362,2.510286,6.042449,4.4,7.621024
5363,2.533121,6.064562,4.4,7.621024
5364,2.5574,6.087345,4.4,7.621024
5365,2.581649,6.107131,4.4,7.621024
5366,2.607753,6.126857,4.4,7.621024
5367,2.632273,6.146792,4.4,7.621024
5368,2.656686,6.164224,4.4,7.621024
5369,2.680329,6.179649,4.4,7.621024
5370,2.705215,6.196515,4.4,7.621024
5371,2.733434,6.214565,4.4,7.621024
5372,2.758574,6.23305,4.4,7.621024
5373,2.782988,6.25076,4.4,7.621024
5374,2.804263,6.266968,4.4,7.621024
5375,2.823394,6.281822,4.4,7.621024
5376,2.84049,6.295391,4.4,7.621024
5377,2.859495,6.309796,4.4,7.621024
5378,2.879502,6.32673,4.4,7.621024
5379,2.895973,6.345847,4.4,7.621024
5380,2.909544,6.361142,4.4,7.621024
5381,2.920842,6.376103,4.4,7.621024
5382,2.93508,6.392934,4.4,7.621024
5383,2.951165,6.412434,4.4,7.621024
5384,2.96677,6.430303,4.4,7.621024
5385,2.982813,6.447739,4.4,7.621024
5386,2.99608,6.468969,4.4,7.621024
5387,3.007516,6.487256,4.4,7.621024
5388,3.01849,6.504302,4.4,7.621024
5389,3.032524,6.521893,4.4,7.621024
5390,3.047044,6.539721,4.4,7.621024
5391,3.062196,6.554867,4.4,7.621024
5392,3.076162,6.572555,4.4,7.621024
5393,3.090578,6.592176,4.4,7.621024
5394,3.106536,6.613605,4.4,7.621024
5395,3.122124,6.63458,4.4,7.621024
5396,3.137664,6.658783,4.4,7.621024
5397,3.150349,6.682246,4.4,7.621024
5398,3.164531,6.707922,4.4,7.621024
5399,3.180085,6.734889,4.4,7.621024
5400,3.193653,6.758519,4.4,7.621024
5401,3.207609,6.777901,4.4,7.621024
5402,3.222216,6.796902,4.4,7.621024
5403,3.235715,6.818618,4.4,7.621024
5404,3.246694,6.839941,4.4,7.621024
5405,3.259801,6.864657,4.4,7.621024
5406,3.273148,6.88421,4.4,7.621024
5407,3.282983,6.904683,4.4,7.621024
5408,3.293445,6.927024,4.4,7.621024
5409,3.304383,6.95183,4.4,7.621024
5410,3.316966,6.976892,4.4,7.621024
5411,3.331581,7.001223,4.4,7.621024
5412,3.346999,7.024193,4.4,7.621024
5413,3.363771,7.046077,4.4,7.621024
5414,3.381747,7.066685,4.4,7.621024
5415,3.400073,7.085251,4.4,7.621024
5416,3.420475,7.103689,4.4,7.621024
5417,3.444416,7.122515,4.4,7.621024
5418,3.466573,7.140823,4.4,7.621024
5419,3.488254,7.158667,4.4,7.621024
5420,3.512669,7.175038,4.4,7.621024
5421,3.537908,7.190986,4.4,7.621024
5422,3.562954,7.207001,4.4,7.621024
5423,3.585776,7.22222,4.4,7.621024
5424,3.612062,7.236659,4.4,7.621024
5425,3.641615,7.253365,4.4,7.621024
5426,3.671013,7.269727,4.4,7.621024
5427,3.70051,7.285464,4.4,7.621024
5428,3.728466,7.300487,4.4,7.621024
5429,3.754757,7.314759,4.4,7.621024
5430,3.777747,7.328699,4.4,7.621024
5431,3.799178,7.343122,4.4,7.621024
5432,3.817684,7.354762,4.4,7.621024
5433,3.835696,7.367342,4.4,7.621024
5434,3.852306,7.379314,4.4,7.621024
5435,3.86809,7.394354,4.4,7.621024
5436,3.886868,7.411237,4.4,7.621024
5437,3.903849,7.426563,4.4,7.621024
5438,3.919651,7.442205,4.4,7.621024
5439,3.937507,7.458681,4.4,7.621024
5440,3.956218,7.47577,4.4,7.621024
5441,3.97411,7.493727,4.4,7.621024
5442,3.993494,7.508899,-7.621024,-4.4
5443,4.010464,7.520663,-7.621024,-4.4
5444,4.027023,7.533624,-7.621024,-4.4
5445,4.041611,7.548216,-7.621024,-4.4
5446,4.05279,7.564138,-7.621024,-4.4
5447,4.063968,7.582736,-7.621024,-4.4
5448,4.07607,7.605832,-7.621024,-4.4
5449,4.089288,7.628291,-7.621024,-4.4
5450,4.100599,7.645284,-7.621024,-4.4
5451,4.111546,7.660404,-7.621024,-4.4
5452,4.126383,7.672643,-7.621024,-4.4
5453,4.145833,7.683163,-7.621024,-4.4
5454,4.164182,7.691756,-7.621024,-4.4
5455,4.182672,7.697968,-7.621024,-4.4
5456,4.197126,7.705702,-7.621024,-4.4
5457,4.20928,7.715593,-7.621024,-4.4
5458,4.22197,7.728205,-7.621024,-4.4
5459,4.233076,7.736476,-7.621024,-4.4
5460,4.243663,7.738966,-7.621024,-4.4
5461,4.255085,7.738558,-7.621024,-4.4
5462,4.266647,7.733261,-7.621024,-4.4
5463,4.276768,7.726235,-7.621024,-4.4
5464,4.287961,7.717706,-7.621024,-4.4
5465,4.297408,7.707531,-7.621024,-4.4
5466,4.305222,7.695727,-7.621024,-4.4
5467,4.311373,7.680537,-7.621024,-4.4
5468,4.316278,7.664884,-7.621024,-4.4
5469,4.319208,7.649161,-7.621024,-4.4
5470,4.320693,7.629575,-7.621024,-4.4
5471,4.318346,7.608366,-7.621024,-4.4
5472,4.31719,7.586976,-7.621024,-4.4
5473,4.316016,7.565342,-7.621024,-4.4
5474,4.311938,7.540325,-7.621024,-4.4
5475,4.305836,7.516598,-7.621024,-4.4
5476,4.298959,7.494427,-7.621024,-4.4
5477,4.291453,7.473522,-7.621024,-4.4
5478,4.284296,7.453948,-7.621024,-4.4
5479,4.279935,7.434223,-7.621024,-4.4
5480,4.273635,7.414976,-7.621024,-4.4
5481,4.267003,7.400228,-7.621024,-4.4
5482,4.263952,7.38661,-7.621024,-4.4
5483,4.260859,7.374899,-7.621024,-4.4
5484,4.258049,7.36364,-7.621024,-4.4
5485,4.254925,7.352006,-7.621024,-4.4
5486,4.253647,7.337117,-7.621024,-4.4
5487,4.250933,7.320092,-7.621024,-4.4
5488,4.249384,7.302428,-7.621024,-4.4
5489,4.247284,7.284602,-7.621024,-4.4
5490,4.245781,7.266745,-7.621024,-4.4
5491,4.245202,7.253368,-7.621024,-4.4
5492,4.24323,7.236153,-7.621024,-4.4
5493,4.240605,7.218761,-7.621024,-4.4
5494,4.240225,7.202841,-7.621024,-4.4
5495,4.23953,7.188464,-7.621024,-4.4
5496,4.238325,7.1727,-7.621024,-4.4
5497,4.237713,7.162253,-7.621024,-4.4
5498,4.238506,7.147165,-7.621024,-4.4
5499,4.238309,7.128079,-7.621024,-4.4
5500,4.236948,7.10987,-7.621024,-4.4
5501,4.236747,7.0917,-7.621024,-4.4
5502,4.2352,7.072721,-7.621024,-4.4
5503,4.232343,7.051146,-7.621024,-4.4
5504,4.229257,7.029819,-7.621024,-4.4
5505,4.227022,7.00847,-7.621024,-4.4
5506,4.226431,6.988634,-7.621024,-4.4
5507,4.22712,6.963732,-7.621024,-4.4
5508,4.225126,6.937657,-7.621024,-4.4
5509,4.223278,6.916692,-7.621024,-4.4
5510,4.219535,6.895064,-7.621024,-4.4
5511,4.215165,6.873054,-7.621024,-4.4
5512,4.210597,6.851821,-7.621024,-4.4
5513,4.206784,6.829089,-7.621024,-4.4
5514,4.204264,6.806458,-7.621024,-4.4
5515,4.200558,6.785923,-7.621024,-4.4
5516,4.196547,6.763594,-7.621024,-4.4
5517,4.19321,6.74266,-7.621024,-4.4
5518,4.187707,6.719922,-7.621024,-4.4
5519,4.179817,6.696846,-7.621024,-4.4
5520,4.171517,6.672877,-7.621024,-4.4
5521,4.162939,6.64979,-7.621024,-4.4
5522,4.152524,6.630537,-7.621024,-4.4
5523,4.141377,6.609886,-7.621024,-4.4
5524,4.128206,6.591481,-7.621024,-4.4
5525,4.112881,6.571833,-7.621024,-4.4
5526,4.094124,6.551139,-7.621024,-4.4
5527,4.076746,6.531457,-7.621024,-4.4
5528,4.056519,6.508906,-7.621024,-4.4
5529,4.036485,6.488679,-7.621024,-4.4
5530,4.016408,6.469236,-7.621024,-4.4
5531,3.994152,6.450124,-7.621024,-4.4
5532,3.97127,6.431356,-7.621024,-4.4
5533,3.949484,6.41134,-7.621024,-4.4
5534,3.924704,6.391106,-7.621024,-4.4
5535,3.903996,6.371947,-7.621024,-4.4
5536,3.88451,6.355093,-7.621024,-4.4
5537,3.8634,6.335382,-7.621024,-4.4
5538,3.842838,6.319188,-7.621024,-4.4
5539,3.826099,6.301817,-7.621024,-4.4
5540,3.812608,6.284218,-7.621024,-4.4
5541,3.800154,6.268344,-7.621024,-4.4
5542,3.787429,6.250085,-7.621024,-4.4
5543,3.774227,6.233544,-7.621024,-4.4
5544,3.758688,6.213396,-7.621024,-4.4
5545,3.745209,6.19335,-7.621024,-4.4
5546,3.733137,6.173205,-7.621024,-4.4
5547,3.721941,6.15388,-7.621024,-4.4
5548,3.709131,6.133398,-7.621024,-4.4
5549,3.697675,6.11755,-7.621024,-4.4
5550,3.686913,6.099334,-7.621024,-4.4
5551,3.673266,6.083757,-7.621024,-4.4
5552,3.658221,6.065367,-7.621024,-4.4
5553,3.643548,6.044699,-7.621024,-4.4
5554,3.628814,6.022465,-7.621024,-4.4
5555,3.614201,6.00172,-7.621024,-4.4
5556,3.599624,5.97862,-7.621024,-4.4
5557,3.587538,5.960203,-7.621024,-4.4
5558,3.575461,5.938617,-7.621024,-4.4
5559,3.56157,5.913974,-7.621024,-4.4
5560,3.544778,5.887095,-7.621024,-4.4
5561,3.526967,5.85863,-7.621024,-4.4
5562,3.513113,5.8342,-7.621024,-4.4
5563,3.500929,5.810249,-7.621024,-4.4
5564,3.486945,5.785058,-7.621024,-4.4
5565,3.47352,5.761467,-7.621024,-4.4
5566,3.460928,5.735404,-7.621024,-4.4
5567,3.448371,5.71211,-7.621024,-4.4
5568,3.43478,5.688023,-7.621024,-4.4
5569,3.421705,5.663279,-7.621024,-4.4
5570,3.40802,5.638251,-7.621024,-4.4
5571,3.393899,5.616118,-7.621024,-4.4
5572,3.377912,5.593424,-7.621024,-4.4
5573,3.359419,5.569919,-7.621024,-4.4
5574,3.341858,5.54577,-7.621024,-4.4
5575,3.322785,5.523412,-7.621024,-4.4
5576,3.304057,5.50305,-7.621024,-4.4
5577,3.284093,5.483191,-7.621024,-4.4
5578,3.259722,5.462929,-7.621024,-4.4
5579,3.231215,5.44208,-7.621024,-4.4
5580,3.202887,5.423543,-7.621024,-4.4
5581,3.175195,5.404005,-7.621024,-4.4
5582,3.147861,5.38386,-7.621024,-4.4
5583,3.122748,5.365372,-7.621024,-4.4
5584,3.09814,5.347151,-7.621024,-4.4
5585,3.069548,5.328029,-7.621024,-4.4
5586,3.042111,5.307214,-7.621024,-4.4
5587,3.015753,5.2878,-7.621024,-4.4
5588,2.988946,5.270035,-7.621024,-4.4
5589,2.966789,5.255999,-7.621024,-4.4
5590,2.948559,5.242037,-7.621024,-4.4
5591,2.928472,5.225497,-7.621024,-4.4
5592,2.908845,5.207966,-7.621024,-4.4
5593,2.891357,5.1916,-7.621024,-4.4
5594,2.877324,5.178432,-7.621024,-4.4
5595,2.862263,5.160773,-7.621024,-4.4
5596,2.847593,5.1435,-7.621024,-4.4
5597,2.8314,5.126538,-7.621024,-4.4
5598,2.814691,5.109028,-7.621024,-4.4
5599,2.798207,5.090616,-7.621024,-4.4
5600,2.785698,5.075832,-7.621024,-4.4
5601,2.77299,5.058234,-7.621024,-4.4
5602,2.757333,5.038615,-7.621024,-4.4
5603,2.741212,5.019804,-7.621024,-4.4
5604,2.726498,5.000747,-7.621024,-4.4
5605,2.711818,4.980988,-7.621024,-4.4
5606,2.69761,4.962936,-7.621024,-4.4
5607,2.680221,4.939241,-7.621024,-4.4
5608,2.663724,4.91809,-7.621024,-4.4
5609,2.646812,4.893715,-7.621024,-4.4
5610,2.630555,4.869753,-7.621024,-4.4
5611,2.614419,4.846512,-7.621024,-4.4
5612,2.597139,4.82037,-7.621024,-4.4
5613,2.579828,4.790565,-7.621024,-4.4
5614,2.564478,4.76299,-7.621024,-4.4
5615,2.548474,4.73699,-7.621024,-4.4
5616,2.533814,4.710289,-7.621024,-4.4
5617,2.518608,4.6863,-7.621024,-4.4
5618,2.505202,4.659951,-7.621024,-4.4
5619,2.493392,4.635751,-7.621024,-4.4
5620,2.480462,4.609836,-7.621024,-4.4
5621,2.465823,4.583995,-7.621024,-4.4
5622,2.450263,4.555471,-7.621024,-4.4
5623,2.435603,4.528795,-7.621024,-4.4
5624,2.419606,4.503558,-7.621024,-4.4
5625,2.403841,4.477166,-7.621024,-4.4
5626,2.385784,4.454015,-7.621024,-4.4
5627,2.368279,4.430769,-7.621024,-4.4
5628,2.350681,4.407568,-7.621024,-4.4
5629,2.331695,4.384162,-7.621024,-4.4
5630,2.311241,4.362484,-7.621024,-4.4
5631,2.289504,4.341137,-7.621024,-4.4
5632,2.265865,4.319636,-7.621024,-4.4
5633,2.242973,4.298822,-7.621024,-4.4
5634,2.218861,4.278049,-7.621024,-4.4
5635,2.19326,4.257124,-7.621024,-4.4
5636,2.170023,4.23752,-7.621024,-4.4
5637,2.14799,4.218802,-7.621024,-4.4
5638,2.125614,4.198183,-7.621024,-4.4
5639,2.101234,4.177345,-7.621024,-4.4
5640,2.073401,4.154297,-7.621024,-4.4
5641,2.046689,4.133209,-7.621024,-4.4
5642,2.021029,4.115004,-7.621024,-4.4
5643,1.99877,4.096983,-7.621024,-4.4
5644,1.976915,4.078608,-7.621024,-4.4
5645,1.957601,4.060319,-7.621024,-4.4
5646,1.937283,4.041572,-7.621024,-4.4
5647,1.919585,4.02312,-7.621024,-4.4
5648,1.904777,4.005524,-7.621024,-4.4
5649,1.890186,3.987661,-7.621024,-4.4
5650,1.874635,3.97127,-7.621024,-4.4
5651,1.858735,3.95058,-7.621024,-4.4
5652,1.843824,3.929457,-7.621024,-4.4
5653,1.830003,3.91056,-7.621024,-4.4
5654,1.815759,3.88854,-7.621024,-4.4
5655,1.804425,3.868493,-7.621024,-4.4
5656,1.792122,3.846638,-7.621024,-4.4
5657,1.77757,3.827175,-7.621024,-4.4
5658,1.765023,3.808923,-7.621024,-4.4
5659,1.749841,3.787337,-7.621024,-4.4
5660,1.735893,3.766101,-7.621024,-4.4
5661,1.721896,3.741647,-7.621024,-4.4
5662,1.707145,3.717215,-7.621024,-4.4
5663,1.692394,3.690047,-7.621024,-4.4
5664,1.677937,3.664418,-7.621024,-4.4
5665,1.664685,3.636414,-7.621024,-4.4
5666,1.652572,3.608795,-7.621024,-4.4
5667,1.63858,3.580204,-7.621024,-4.4
5668,1.62275,3.551361,-7.621024,-4.4
5669,1.608396,3.525255,-7.621024,-4.4
5670,1.592918,3.497198,-7.621024,-4.4
5671,1.579634,3.473232,-7.621024,-4.4
5672,1.567309,3.444396,-7.621024,-4.4
5673,1.554171,3.413911,-7.621024,-4.4
5674,1.539475,3.386096,-7.621024,-4.4
5675,1.525606,3.359635,-7.621024,-4.4
5676,1.512199,3.330816,-7.621024,-4.4
5677,1.497929,3.300431,-7.621024,-4.4
5678,1.485157,3.273875,-7.621024,-4.4
5679,1.4713,3.245259,-7.621024,-4.4
5680,1.456398,3.219248,-7.621024,-4.4
5681,1.439604,3.194436,-7.621024,-4.4
5682,1.422959,3.169971,-7.621024,-4.4
5683,1.403104,3.147097,-7.621024,-4.4
5684,1.383589,3.125515,-7.621024,-4.4
5685,1.363542,3.10181,-7.621024,-4.4
5686,1.340264,3.079193,-7.621024,-4.4
5687,1.316373,3.055278,-7.621024,-4.4
5688,1.290607,3.031557,-7.621024,-4.4
5689,1.263887,3.008294,-7.621024,-4.4
5690,1.238345,2.98613,-7.621024,-4.4
5691,1.212254,2.963833,-7.621024,-4.4
5692,1.184627,2.940617,-7.621024,-4.4
5693,1.159499,2.91937,-7.621024,-4.4
5694,1.134051,2.898819,-7.621024,-4.4
5695,1.108991,2.879318,-7.621024,-4.4
5696,1.08546,2.85954,-7.621024,-4.4
5697,1.065606,2.840385,-7.621024,-4.4
5698,1.04966,2.825287,-7.621024,-4.4
5699,1.033626,2.807825,-7.621024,-4.4
5700,1.018702,2.789714,-7.621024,-4.4
5701,1.002489,2.774034,-7.621024,-4.4
5702,0.9871363,2.757432,-7.621024,-4.4
5703,0.97144,2.736309,-7.621024,-4.4
5704,0.9558808,2.715234,-7.621024,-4.4
5705,0.9411724,2.696742,-7.621024,-4.4
5706,0.9240682,2.679066,-7.621024,-4.4
5707,0.9074394,2.662547,-7.621024,-4.4
5708,0.8927978,2.645371,-7.621024,-4.4
5709,0.8779233,2.627304,-7.621024,-4.4
5710,0.8642795,2.605822,-7.621024,-4.4
5711,0.8501313,2.586003,-7.621024,-4.4
5712,0.8347334,2.566947,-7.621024,-4.4
5713,0.8190655,2.549598,-7.621024,-4.4
5714,0.8032425,2.531611,-7.621024,-4.4
5715,0.7889838,2.510172,-7.621024,-4.4
5716,0.7725034,2.487976,-7.621024,-4.4
5717,0.756129,2.466331,-7.621024,-4.4
5718,0.7388085,2.443053,-7.621024,-4.4
5719,0.7191511,2.417221,-7.621024,-4.4
5720,0.7012297,2.390096,-7.621024,-4.4
5721,0.6845152,2.363143,-7.621024,-4.4
5722,0.6673641,2.338399,-7.621024,-4.4
5723,0.6508077,2.31448,-7.621024,-4.4
5724,0.6352649,2.289996,-7.621024,-4.4
5725,0.6205068,2.265605,-7.621024,-4.4
5726,0.6084191,2.240387,-7.621024,-4.4
5727,0.5939626,2.214508,-7.621024,-4.4
5728,0.5796772,2.187239,-7.621024,-4.4
5729,0.5633351,2.161184,-7.621024,-4.4
5730,0.5457613,2.134869,-7.621024,-4.4
5731,0.5276392,2.106392,-7.621024,-4.4
5732,0.5099927,2.079423,-7.621024,-4.4
5733,0.4914607,2.054452,-7.621024,-4.4
5734,0.4706923,2.030856,-7.621024,-4.4
5735,0.4510883,2.008438,-7.621024,-4.4
5736,0.4306654,1.986064,-7.621024,-4.4
5737,0.407206,1.963238,-7.621024,-4.4
5738,0.3833338,1.94092,-7.621024,-4.4
5739,0.3574041,1.917573,-7.621024,-4.4
5740,0.3316673,1.897273,-7.621024,-4.4
5741,0.3047366,1.875951,-7.621024,-4.4
5742,0.2785691,1.85342,-7.621024,-4.4
5743,0.253019,1.831124,-7.621024,-4.4
5744,0.2269183,1.811364,-7.621024,-4.4
5745,0.1991339,1.791991,-7.621024,-4.4
5746,0.1737532,1.772461,-7.621024,-4.4
5747,0.1488059,1.753329,-7.621024,-4.4
5748,0.124341,1.73369,-7.621024,-4.4
5749,0.09878613,1.715442,-7.621024,-4.4
5750,0.07882619,1.699017,-7.621024,-4.4
5751,0.05995422,1.681543,-7.621024,-4.4
5752,0.04077484,1.663054,-7.621024,-4.4
5753,0.02101996,1.645551,-7.621024,-4.4
5754,0.006390505,1.631952,-7.621024,-4.4
5755,-0.009919975,1.617343,-7.621024,-4.4
5756,-0.02696992,1.602473,-7.621024,-4.4
5757,-0.04052654,1.588684,-7.621024,-4.4
5758,-0.05339812,1.575183,-7.621024,-4.4
5759,-0.06746925,1.556191,-7.621024,-4.4
5760,-0.08501992,1.536367,-7.621024,-4.4
5761,-0.101871,1.515296,-7.621024,-4.4
5762,-0.1183755,1.495297,-7.621024,-4.4
5763,-0.132361,1.476468,-7.621024,-4.4
5764,-0.1461523,1.459353,-7.621024,-4.4
5765,-0.1612838,1.441873,-7.621024,-4.4
5766,-0.1768589,1.425136,-7.621024,-4.4
5767,-0.1943435,1.40551,-7.621024,-4.4
5768,-0.2126071,1.384907,-7.621024,-4.4
5769,-0.230171,1.367302,-7.621024,-4.4
5770,-0.2455081,1.347407,-7.621024,-4.4
5771,-0.261238,1.325132,-7.621024,-4.4
5772,-0.2799593,1.296984,-7.621024,-4.4
5773,-0.2990856,1.270504,-7.621024,-4.4
5774,-0.3188736,1.245178,-7.621024,-4.4
5775,-0.3381446,1.219217,-7.621024,-4.4
5776,-0.3533652,1.194708,-7.621024,-4.4
5777,-0.3680958,1.171038,-7.621024,-4.4
5778,-0.3827434,1.147258,-7.621024,-4.4
5779,-0.3982365,1.121876,-7.621024,-4.4
5780,-0.4143111,1.097549,-7.621024,-4.4
5781,-0.4312011,1.074994,-7.621024,-4.4
5782,-0.4465882,1.052508,-7.621024,-4.4
5783,-0.4602377,1.029081,-7.621024,-4.4
5784,-0.4762848,1.005726,-7.621024,-4.4
5785,-0.4947252,0.98301,-7.621024,-4.4
5786,-0.5128624,0.9610565,-7.621024,-4.4
5787,-0.5322143,0.9389511,-7.621024,-4.4
5788,-0.5490814,0.9182983,-7.621024,-4.4
5789,-0.567352,0.8988718,-7.621024,-4.4
5790,-0.5882972,0.8814301,-7.621024,-4.4
5791,-0.6098587,0.8656968,-7.621024,-4.4
5792,-0.6334065,0.8499766,-7.621024,-4.4
5793,-0.6582152,0.8331286,-7.621024,-4.4
5794,-0.6835546,0.8174642,-7.621024,-4.4
5795,-0.7087916,0.8003239,-7.621024,-4.4
5796,-0.7351075,0.7814895,-7.621024,-4.4
5797,-0.7613928,0.7647943,-7.621024,-4.4
5798,-0.786486,0.7489919,-7.621024,-4.4
5799,-0.8132146,0.7329602,-7.621024,-4.4
5800,-0.8415818,0.7147049,-7.621024,-4.4
5801,-0.87056,0.6959021,-7.621024,-4.4
5802,-0.8963463,0.6774439,-7.621024,-4.4
5803,-0.9202867,0.6623962,-7.621024,-4.4
5804,-0.9429458,0.6482986,-7.621024,-4.4
5805,-0.9619857,0.6372762,-7.621024,-4.4
5806,-0.9816759,0.6244822,-7.621024,-4.4
5807,-0.9988787,0.6131247,-7.621024,-4.4
5808,-1.018134,0.5993041,-7.621024,-4.4
5809,-1.035936,0.5845113,-7.621024,-4.4
5810,-1.05327,0.5704993,-7.621024,-4.4
5811,-1.069857,0.5560858,-7.621024,-4.4
5812,-1.087438,0.5396021,-7.621024,-4.4
5813,-1.103448,0.5230502,-7.621024,-4.4
5814,-1.117726,0.5077786,-7.621024,-4.4
5815,-1.131338,0.4924832,-7.621024,-4.4
5816,-1.143362,0.4771366,-7.621024,-4.4
5817,-1.156561,0.4601026,-7.621024,-4.4
5818,-1.170382,0.4429453,-7.621024,-4.4
5819,-1.186214,0.4257654,-7.621024,-4.4
5820,-1.202742,0.4070281,-7.621024,-4.4
5821,-1.22062,0.3862735,-7.621024,-4.4
5822,-1.238775,0.3626472,-7.621024,-4.4
5823,-1.256245,0.3452463,-7.621024,-4.4
5824,-1.274217,0.3251905,-7.621024,-4.4
5825,-1.293188,0.3027122,-7.621024,-4.4
5826,-1.312283,0.2795657,-7.621024,-4.4
5827,-1.330638,0.2560809,-7.621024,-4.4
5828,-1.348709,0.2295242,-7.621024,-4.4
5829,-1.36649,0.2051871,-7.621024,-4.4
5830,-1.384554,0.1823117,-7.621024,-4.4
5831,-1.401779,0.1593778,-7.621024,-4.4
5832,-1.419356,0.1361657,-7.621024,-4.4
5833,-1.437022,0.1130619,-7.621024,-4.4
5834,-1.453199,0.09294528,-7.621024,-4.4
5835,-1.468364,0.07108139,-7.621024,-4.4
5836,-1.484361,0.04974776,-7.621024,-4.4
5837,-1.500162,0.02661927,-7.621024,-4.4
5838,-1.51704,0.002755413,-7.621024,-4.4
5839,-1.536254,-0.02044405,-7.621024,-4.4
5840,-1.554575,-0.04469303,-7.621024,-4.4
5841,-1.571914,-0.06721572,-7.621024,-4.4
5842,-1.588424,-0.08834267,-7.621024,-4.4
5843,-1.605662,-0.1079493,-7.621024,-4.4
5844,-1.624625,-0.1270212,-7.621024,-4.4
5845,-1.64704,-0.1471483,-7.621024,-4.4
5846,-1.671606,-0.1660672,-7.621024,-4.4
5847,-1.697341,-0.1851103,-7.621024,-4.4
5848,-1.724542,-0.2043194,-7.621024,-4.4
5849,-1.752727,-0.2226297,-7.621024,-4.4
5850,-1.781481,-0.2415236,-7.621024,-4.4
5851,-1.80846,-0.2595984,-7.621024,-4.4
5852,-1.835288,-0.2771817,-7.621024,-4.4
5853,-1.86336,-0.2962459,-7.621024,-4.4
5854,-1.894391,-0.3176401,-7.621024,-4.4
5855,-1.924819,-0.3377302,-7.621024,-4.4
5856,-1.951198,-0.3556526,-7.621024,-4.4
5857,-1.976994,-0.3736722,-7.621024,-4.4
5858,-2.001329,-0.3900834,-7.621024,-4.4
5859,-2.020974,-0.4056042,-7.621024,-4.4
5860,-2.039365,-0.4206706,-7.621024,-4.4
5861,-2.058438,-0.4364581,-7.621024,-4.4
5862,-2.075343,-0.4522578,-7.621024,-4.4
5863,-2.0904,-0.4670126,-7.621024,-4.4
5864,-2.106439,-0.4837029,-7.621024,-4.4
5865,-2.123611,-0.500613,-7.621024,-4.4
5866,-2.139151,-0.5214623,-7.621024,-4.4
5867,-2.156373,-0.5411259,-7.621024,-4.4
5868,-2.169309,-0.5574718,-7.621024,-4.4
5869,-2.184296,-0.573087,-7.621024,-4.4
5870,-2.200086,-0.587859,-7.621024,-4.4
5871,-2.21559,-0.6065201,-7.621024,-4.4
5872,-2.228873,-0.6246233,-7.621024,-4.4
5873,-2.244269,-0.6422949,-7.621024,-4.4
5874,-2.262112,-0.6597632,-7.621024,-4.4
5875,-2.280535,-0.6775579,-7.621024,-4.4
5876,-2.297582,-0.6961863,-7.621024,-4.4
5877,-2.313902,-0.7155441,-7.621024,-4.4
5878,-2.328737,-0.7357162,-7.621024,-4.4
5879,-2.344739,-0.7586204,-7.621024,-4.4
5880,-2.361995,-0.7807793,-7.621024,-4.4
5881,-2.378567,-0.8042412,-7.621024,-4.4
5882,-2.394753,-0.8277367,-7.621024,-4.4
5883,-2.411448,-0.8507878,-7.621024,-4.4
5884,-2.42887,-0.8741619,-7.621024,-4.4
5885,-2.443155,-0.8938861,-7.621024,-4.4
5886,-2.457657,-0.9147251,-7.621024,-4.4
5887,-2.474074,-0.9364741,-7.621024,-4.4
5888,-2.487809,-0.9614465,-7.621024,-4.4
5889,-2.503348,-0.9874787,-7.621024,-4.4
5890,-2.518843,-1.015766,-7.621024,-4.4
5891,-2.536747,-1.043861,-7.621024,-4.4
5892,-2.556377,-1.072804,-7.621024,-4.4
5893,-2.575296,-1.099594,-7.621024,-4.4
5894,-2.592726,-1.124225,-7.621024,-4.4
5895,-2.610769,-1.146392,-7.621024,-4.4
5896,-2.630522,-1.168879,-7.621024,-4.4
5897,-2.650963,-1.189499,-7.621024,-4.4
5898,-2.669647,-1.209794,-7.621024,-4.4
5899,-2.693299,-1.229757,-7.621024,-4.4
5900,-2.718997,-1.248569,-7.621024,-4.4
5901,-2.745584,-1.266847,-7.621024,-4.4
5902,-2.772057,-1.284935,-7.621024,-4.4
5903,-2.798859,-1.30212,-7.621024,-4.4
5904,-2.82362,-1.317849,-7.621024,-4.4
5905,-2.84806,-1.333426,-7.621024,-4.4
5906,-2.875358,-1.350434,-7.621024,-4.4
5907,-2.904326,-1.369674,-7.621024,-4.4
5908,-2.934075,-1.389372,-7.621024,-4.4
5909,-2.961945,-1.407044,-7.621024,-4.4
5910,-2.988112,-1.422965,-7.621024,-4.4
5911,-3.012269,-1.437961,-7.621024,-4.4
5912,-3.031219,-1.452493,-7.621024,-4.4
5913,-3.050132,-1.465527,-7.621024,-4.4
5914,-3.066235,-1.479287,-7.621024,-4.4
5915,-3.081094,-1.49379,-7.621024,-4.4
5916,-3.098036,-1.508896,-7.621024,-4.4
5917,-3.114865,-1.522881,-7.621024,-4.4
5918,-3.131938,-1.537032,-7.621024,-4.4
5919,-3.14923,-1.55244,-7.621024,-4.4
5920,-3.167224,-1.568904,-7.621024,-4.4
5921,-3.183823,-1.584106,-7.621024,-4.4
5922,-3.199401,-1.600494,-7.621024,-4.4
5923,-3.216701,-1.61867,-7.621024,-4.4
5924,-3.233421,-1.63365,-7.621024,-4.4
5925,-3.250597,-1.651143,-7.621024,-4.4
5926,-3.267361,-1.669636,-7.621024,-4.4
5927,-3.283584,-1.686894,-7.621024,-4.4
5928,-3.300229,-1.70279,-7.621024,-4.4
5929,-3.316421,-1.719539,-7.621024,-4.4
5930,-3.331575,-1.738154,-7.621024,-4.4
5931,-3.347758,-1.75877,-7.621024,-4.4
5932,-3.366269,-1.780027,-7.621024,-4.4
5933,-3.385884,-1.800976,-7.621024,-4.4
5934,-3.405542,-1.822055,-7.621024,-4.4
5935,-3.425061,-1.845593,-7.621024,-4.4
5936,-3.446666,-1.871489,-7.621024,-4.4
5937,-3.47085,-1.896949,-7.621024,-4.4
5938,-3.492198,-1.920988,-7.621024,-4.4
5939,-3.50851,-1.941712,-7.621024,-4.4
5940,-3.524738,-1.965094,-7.621024,-4.4
5941,-3.542575,-1.986658,-7.621024,-4.4
5942,-3.559562,-2.009085,-7.621024,-4.4
5943,-3.57854,-2.030432,-7.621024,-4.4
5944,-3.595273,-2.05236,-7.621024,-4.4
5945,-3.613364,-2.074273,-7.621024,-4.4
5946,-3.628366,-2.094268,-7.621024,-4.4
5947,-3.644701,-2.1171,-7.621024,-4.4
5948,-3.661682,-2.137838,-7.621024,-4.4
5949,-3.680835,-2.160012,-7.621024,-4.4
5950,-3.700604,-2.18128,-7.621024,-4.4
5951,-3.720285,-2.199133,-7.621024,-4.4
5952,-3.741055,-2.216219,-7.621024,-4.4
5953,-3.76545,-2.233264,-7.621024,-4.4
5954,-3.790205,-2.250014,-7.621024,-4.4
5955,-3.81817,-2.267826,-7.621024,-4.4
5956,-3.844592,-2.285569,-7.621024,-4.4
5957,-3.871862,-2.301725,-7.621024,-4.4
5958,-3.899008,-2.316826,-7.621024,-4.4
5959,-3.927523,-2.333312,-7.621024,-4.4
5960,-3.958154,-2.351185,-7.621024,-4.4
5961,-3.986491,-2.370075,-7.621024,-4.4
5962,-4.014429,-2.388456,-7.621024,-4.4
5963,-4.04391,-2.407039,-7.621024,-4.4
5964,-4.071886,-2.423408,-7.621024,-4.4
5965,-4.096147,-2.437479,-7.621024,-4.4
5966,-4.120119,-2.453111,-7.621024,-4.4
5967,-4.141174,-2.465957,-7.621024,-4.4
5968,-4.16039,-2.479242,-7.621024,-4.4
5969,-4.178854,-2.494026,-7.621024,-4.4
5970,-4.197875,-2.510046,-7.621024,-4.4
5971,-4.216328,-2.524398,-7.621024,-4.4
5972,-4.2329,-2.53911,-7.621024,-4.4
5973,-4.25342,-2.555561,-7.621024,-4.4
5974,-4.27273,-2.570903,-7.621024,-4.4
5975,-4.29294,-2.587073,-7.621024,-4.4
5976,-4.310164,-2.601016,-7.621024,-4.4
5977,-4.325582,-2.615728,-7.621024,-4.4
5978,-4.34165,-2.631931,-7.621024,-4.4
5979,-4.359124,-2.647639,-7.621024,-4.4
5980,-4.37595,-2.662846,-7.621024,-4.4
5981,-4.394112,-2.680688,-7.621024,-4.4
5982,-4.411498,-2.696619,-7.621024,-4.4
5983,-4.432025,-2.717259,-7.621024,-4.4
5984,-4.451632,-2.737165,-7.621024,-4.4
5985,-4.470082,-2.757876,-7.621024,-4.4
5986,-4.48873,-2.778378,-7.621024,-4.4
5987,-4.509427,-2.802872,-7.621024,-4.4
5988,-4.531607,-2.829295,-7.621024,-4.4
5989,-4.5523,-2.851035,-7.621024,-4.4
5990,-4.570649,-2.870102,-7.621024,-4.4
5991,-4.586988,-2.888655,-7.621024,-4.4
5992,-4.604321,-2.909456,-7.621024,-4.4
5993,-4.622678,-2.932968,-7.621024,-4.4
5994,-4.639865,-2.954904,-7.621024,-4.4
5995,-4.657237,-2.975349,-7.621024,-4.4
5996,-4.674556,-2.998562,-7.621024,-4.4
5997,-4.692087,-3.019199,-7.621024,-4.4
5998,-4.710841,-3.039519,-7.621024,-4.4
5999,-4.729974,-3.063193,-7.621024,-4.4
6000,-4.751558,-3.087156,-7.621024,-4.4
6001,-4.77108,-3.108937,-7.621024,-4.4
6002,-4.792171,-3.130388,-7.621024,-4.4
6003,-4.812371,-3.150321,-7.621024,-4.4
6004,-4.832239,-3.168791,-7.621024,-4.4
6005,-4.854577,-3.187418,-7.621024,-4.4
6006,-4.87876,-3.204658,-7.621024,-4.4
6007,-4.903562,-3.221409,-7.621024,-4.4
6008,-4.931965,-3.239286,-7.621024,-4.4
6009,-4.959756,-3.255827,-7.621024,-4.4
6010,-4.987509,-3.271541,-7.621024,-4.4
6011,-5.016728,-3.28633,-7.621024,-4.4
6012,-5.043678,-3.300595,-7.621024,-4.4
6013,-5.070009,-3.315051,-7.621024,-4.4
6014,-5.09984,-3.330708,-7.621024,-4.4
6015,-5.130844,-3.347297,-7.621024,-4.4
6016,-5.161392,-3.362297,-7.621024,-4.4
6017,-5.190629,-3.375354,-7.621024,-4.4
6018,-5.216462,-3.388438,-7.621024,-4.4
6019,-5.241555,-3.400727,-7.621024,-4.4
6020,-5.266865,-3.413705,-7.621024,-4.4
6021,-5.288089,-3.424965,-7.621024,-4.4
6022,-5.307948,-3.435971,-7.621024,-4.4
6023,-5.325181,-3.444522,-7.621024,-4.4
6024,-5.341317,-3.457911,-7.621024,-4.4
6025,-5.355275,-3.470157,-7.621024,-4.4
6026,-5.374512,-3.48449,-7.621024,-4.4
6027,-5.392861,-3.497066,-7.621024,-4.4
6028,-5.410016,-3.51269,-7.621024,-4.4
6029,-5.429503,-3.529258,-7.621024,-4.4
6030,-5.449044,-3.545307,-7.621024,-4.4
6031,-5.46713,-3.558444,-7.621024,-4.4
6032,-5.48406,-3.572443,-7.621024,-4.4
6033,-5.499851,-3.585218,-7.621024,-4.4
6034,-5.518022,-3.600122,-7.621024,-4.4
6035,-5.536708,-3.612702,-7.621024,-4.4
6036,-5.555223,-3.626634,-7.621024,-4.4
6037,-5.57391,-3.641595,-7.621024,-4.4
6038,-5.592948,-3.656018,-7.621024,-4.4
6039,-5.613501,-3.673591,-7.621024,-4.4
6040,-5.632678,-3.69311,-7.621024,-4.4
6041,-5.652858,-3.714892,-7.621024,-4.4
6042,-5.672903,-3.735885,-7.621024,-4.4
6043,-5.695175,-3.757674,-7.621024,-4.4
6044,-5.714585,-3.777154,-7.621024,-4.4
6045,-5.733204,-3.796057,-7.621024,-4.4
6046,-5.750226,-3.814804,-7.621024,-4.4
6047,-5.765445,-3.834386,-7.621024,-4.4
6048,-5.784411,-3.853513,-7.621024,-4.4
6049,-5.804458,-3.872725,-7.621024,-4.4
6050,-5.818958,-3.889396,-7.621024,-4.4
6051,-5.834726,-3.908231,-7.621024,-4.4
6052,-5.853528,-3.928344,-7.621024,-4.4
6053,-5.874018,-3.949188,-7.621024,-4.4
6054,-5.893213,-3.968282,-7.621024,-4.4
6055,-5.915765,-3.986165,-7.621024,-4.4
6056,-5.938801,-4.001803,-7.621024,-4.4
6057,-5.963426,-4.017539,-7.621024,-4.4
6058,-5.988439,-4.032233,-7.621024,-4.4
6059,-6.014638,-4.045407,-7.621024,-4.4
6060,-6.043082,-4.056619,-7.621024,-4.4
6061,-6.069102,-4.067087,-7.621024,-4.4
6062,-6.098498,-4.078026,-7.621024,-4.4
6063,-6.129578,-4.088295,-7.621024,-4.4
6064,-6.161134,-4.097535,-7.621024,-4.4
6065,-6.193577,-4.103971,-7.621024,-4.4
6066,-6.224781,-4.10937,-7.621024,-4.4
6067,-6.253471,-4.115935,-7.621024,-4.4
6068,-6.283082,-4.123743,-7.621024,-4.4
6069,-6.313722,-4.131007,-7.621024,-4.4
6070,-6.343619,-4.13685,-7.621024,-4.4
6071,-6.373903,-4.140756,-7.621024,-4.4
6072,-6.401187,-4.145672,-7.621024,-4.4
6073,-6.425547,-4.152416,-7.621024,-4.4
6074,-6.450005,-4.162053,-7.621024,-4.4
6075,-6.470778,-4.170362,-7.621024,-4.4
6076,-6.490026,-4.17829,-7.621024,-4.4
6077,-6.509768,-4.185276,-7.621024,-4.4
6078,-6.529637,-4.193956,-7.621024,-4.4
6079,-6.551026,-4.202574,-7.621024,-4.4
6080,-6.572225,-4.210977,-7.621024,-4.4
6081,-6.594461,-4.22052,-7.621024,-4.4
6082,-6.616416,-4.228705,-7.621024,-4.4
6083,-6.634913,-4.239558,-7.621024,-4.4
6084,-6.655433,-4.250455,-7.621024,-4.4
6085,-6.677061,-4.262434,-7.621024,-4.4
6086,-6.694283,-4.27431,-7.621024,-4.4
6087,-6.712359,-4.286844,-7.621024,-4.4
6088,-6.730389,-4.297609,-7.621024,-4.4
6089,-6.747786,-4.309591,-7.621024,-4.4
6090,-6.76922,-4.322465,-7.621024,-4.4
6091,-6.788424,-4.334399,-7.621024,-4.4
6092,-6.81048,-4.348128,-7.621024,-4.4
6093,-6.833086,-4.362142,-7.621024,-4.4
6094,-6.857028,-4.377301,-7.621024,-4.4
6095,-6.881676,-4.393957,-7.621024,-4.4
6096,-6.90631,-4.411006,-7.621024,-4.4
6097,-6.927462,-4.424712,-7.621024,-4.4
6098,-6.946687,-4.437105,-7.621024,-4.4
6099,-6.9666,-4.449191,-7.621024,-4.4
6100,-6.988025,-4.46007,-7.621024,-4.4
6101,-7.006083,-4.470508,-7.621024,-4.4
6102,-7.024686,-4.482731,-7.621024,-4.4
6103,-7.046382,-4.495922,-7.621024,-4.4
6104,-7.068158,-4.508811,-7.621024,-4.4
6105,-7.088643,-4.522195,-7.621024,-4.4
6106,-7.108728,-4.534355,-7.621024,-4.4
6107,-7.129789,-4.546412,-7.621024,-4.4
6108,-7.151435,-4.559699,-7.621024,-4.4
6109,-7.174988,-4.571512,-7.621024,-4.4
6110,-7.198618,-4.581534,-7.621024,-4.4
6111,-7.22289,-4.589466,-7.621024,-4.4
6112,-7.246763,-4.595539,-7.621024,-4.4
6113,-7.272003,-4.59764,-7.621024,-4.4
6114,-7.296546,-4.599281,-7.621024,-4.4
6115,-7.321217,-4.60051,-7.621024,-4.4
6116,-7.345484,-4.601499,-7.621024,-4.4
6117,-7.370861,-4.599948,-7.621024,-4.4
6118,-7.395926,-4.596907,-7.621024,-4.4
6119,-7.424204,-4.593099,-7.621024,-4.4
6120,-7.453678,-4.588209,-7.621024,-4.4
6121,-7.481511,-4.5828,-7.621024,-4.4
6122,-7.509533,-4.576831,-7.621024,-4.4
6123,-7.538179,-4.571671,-7.621024,-4.4
6124,-7.568343,-4.566948,7.621024,4.4
6125,-7.597414,-4.56169,7.621024,4.4
6126,-7.625179,-4.557145,7.621024,4.4
6127,-7.654654,-4.552278,7.621024,4.4
6128,-7.685074,-4.546706,7.621024,4.4
6129,-7.716662,-4.542115,7.621024,4.4
6130,-7.745962,-4.537643,7.621024,4.4
6131,-7.773627,-4.534956,7.621024,4.4
6132,-7.79946,-4.531872,7.621024,4.4
6133,-7.823463,-4.528095,7.621024,4.4
6134,-7.842041,-4.526908,7.621024,4.4
6135,-7.856869,-4.525324,7.621024,4.4
6136,-7.870436,-4.527078,7.621024,4.4
6137,-7.884808,-4.531655,7.621024,4.4
6138,-7.899536,-4.538013,7.621024,4.4
6139,-7.91625,-4.542724,7.621024,4.4
6140,-7.930499,-4.54962,7.621024,4.4
6141,-7.944935,-4.55749,7.621024,4.4
6142,-7.960854,-4.56819,7.621024,4.4
6143,-7.981339,-4.574823,7.621024,4.4
6144,-8.000254,-4.576838,7.621024,4.4
6145,-8.017501,-4.57905,7.621024,4.4
6146,-8.033266,-4.582574,7.621024,4.4
6147,-8.050132,-4.587131,7.621024,4.4
6148,-8.06571,-4.588443,7.621024,4.4
6149,-8.079622,-4.587025,7.621024,4.4
6150,-8.092619,-4.582862,7.621024,4.4
6151,-8.104615,-4.57402,7.621024,4.4
6152,-8.119046,-4.562631,7.621024,4.4
6153,-8.132887,-4.5514,7.621024,4.4
6154,-8.148025,-4.543579,7.621024,4.4
6155,-8.162029,-4.535012,7.621024,4.4
6156,-8.174615,-4.527269,7.621024,4.4
6157,-8.183393,-4.521707,7.621024,4.4
6158,-8.191031,-4.518808,7.621024,4.4
6159,-8.199062,-4.515333,7.621024,4.4
6160,-8.205457,-4.509457,7.621024,4.4
6161,-8.209665,-4.501085,7.621024,4.4
6162,-8.212821,-4.495337,7.621024,4.4
6163,-8.213254,-4.486899,7.621024,4.4
6164,-8.209523,-4.4807,7.621024,4.4
6165,-8.205334,-4.475843,7.621024,4.4
6166,-8.198334,-4.468686,7.621024,4.4
6167,-8.191378,-4.46396,7.621024,4.4
6168,-8.183013,-4.458064,7.621024,4.4
6169,-8.1695,-4.449237,7.621024,4.4
6170,-8.155204,-4.440584,7.621024,4.4
6171,-8.140941,-4.431151,7.621024,4.4
6172,-8.127135,-4.421523,7.621024,4.4
6173,-8.109618,-4.411018,7.621024,4.4
6174,-8.090034,-4.400441,7.621024,4.4
6175,-8.073632,-4.389028,7.621024,4.4
6176,-8.056774,-4.37713,7.621024,4.4
6177,-8.041298,-4.365401,7.621024,4.4
6178,-8.024662,-4.355668,7.621024,4.4
6179,-8.009263,-4.350364,7.621024,4.4
6180,-7.995311,-4.345614,7.621024,4.4
6181,-7.979721,-4.34043,7.621024,4.4
6182,-7.966038,-4.33432,7.621024,4.4
6183,-7.951754,-4.32819,7.621024,4.4
6184,-7.935936,-4.322187,7.621024,4.4
6185,-7.921983,-4.317512,7.621024,4.4
6186,-7.906415,-4.309842,7.621024,4.4
6187,-7.888759,-4.300582,7.621024,4.4
6188,-7.872354,-4.286985,7.621024,4.4
6189,-7.854692,-4.275342,7.621024,4.4
6190,-7.836062,-4.263307,7.621024,4.4
6191,-7.820152,-4.253469,7.621024,4.4
6192,-7.804439,-4.245691,7.621024,4.4
6193,-7.788393,-4.237915,7.621024,4.4
6194,-7.774835,-4.230123,7.621024,4.4
6195,-7.761502,-4.22221,7.621024,4.4
6196,-7.74721,-4.215422,7.621024,4.4
6197,-7.731703,-4.207186,7.621024,4.4
6198,-7.715475,-4.200255,7.621024,4.4
6199,-7.698179,-4.191666,7.621024,4.4
6200,-7.68168,-4.183123,7.621024,4.4
6201,-7.664826,-4.174595,7.621024,4.4
6202,-7.644737,-4.165182,7.621024,4.4
6203,-7.623939,-4.152262,7.621024,4.4
6204,-7.601376,-4.13623,7.621024,4.4
6205,-7.576077,-4.118083,7.621024,4.4
6206,-7.549604,-4.100211,7.621024,4.4
6207,-7.524827,-4.084159,7.621024,4.4
6208,-7.501698,-4.068815,7.621024,4.4
6209,-7.48068,-4.055108,7.621024,4.4
6210,-7.458418,-4.042868,7.621024,4.4
6211,-7.434726,-4.029926,7.621024,4.4
6212,-7.41186,-4.020071,7.621024,4.4
6213,-7.388679,-4.010222,7.621024,4.4
6214,-7.366121,-4.000453,7.621024,4.4
6215,-7.346799,-3.990272,7.621024,4.4
6216,-7.32439,-3.982123,7.621024,4.4
6217,-7.301875,-3.973375,7.621024,4.4
6218,-7.277854,-3.965747,7.621024,4.4
6219,-7.255202,-3.957916,7.621024,4.4
6220,-7.231566,-3.952133,7.621024,4.4
6221,-7.206316,-3.948927,7.621024,4.4
6222,-7.179489,-3.94734,7.621024,4.4
6223,-7.151229,-3.948286,7.621024,4.4
6224,-7.124177,-3.951337,7.621024,4.4
6225,-7.097258,-3.954758,7.621024,4.4
6226,-7.074275,-3.959169,7.621024,4.4
6227,-7.051613,-3.962177,7.621024,4.4
6228,-7.025667,-3.966282,7.621024,4.4
6229,-6.998946,-3.970713,7.621024,4.4
6230,-6.976073,-3.976183,7.621024,4.4
6231,-6.951597,-3.97796,7.621024,4.4
6232,-6.926217,-3.9782,7.621024,4.4
6233,-6.901099,-3.979261,7.621024,4.4
6234,-6.879486,-3.980631,7.621024,4.4
6235,-6.85768,-3.983354,7.621024,4.4
6236,-6.836319,-3.985077,7.621024,4.4
6237,-6.816025,-3.987083,7.621024,4.4
6238,-6.797251,-3.98798,7.621024,4.4
6239,-6.776945,-3.987974,7.621024,4.4
6240,-6.756358,-3.987255,7.621024,4.4
6241,-6.737267,-3.988014,7.621024,4.4
6242,-6.716608,-3.986868,7.621024,4.4
6243,-6.695495,-3.985736,7.621024,4.4
6244,-6.675179,-3.984473,7.621024,4.4
6245,-6.655009,-3.982934,7.621024,4.4
6246,-6.632571,-3.979957,7.621024,4.4
6247,-6.609668,-3.978149,7.621024,4.4
6248,-6.585155,-3.974767,7.621024,4.4
6249,-6.564202,-3.973624,7.621024,4.4
6250,-6.541168,-3.971138,7.621024,4.4
6251,-6.517409,-3.96956,7.621024,4.4
6252,-6.493248,-3.965189,7.621024,4.4
6253,-6.469302,-3.960322,7.621024,4.4
6254,-6.445494,-3.956337,7.621024,4.4
6255,-6.421665,-3.951074,7.621024,4.4
6256,-6.395905,-3.945066,7.621024,4.4
6257,-6.367977,-3.938727,7.621024,4.4
6258,-6.339994,-3.93248,7.621024,4.4
6259,-6.310716,-3.926185,7.621024,4.4
6260,-6.280364,-3.917818,7.621024,4.4
6261,-6.248728,-3.909312,7.621024,4.4
6262,-6.21834,-3.900888,7.621024,4.4
6263,-6.192619,-3.892404,7.621024,4.4
6264,-6.168446,-3.887343,7.621024,4.4
6265,-6.141947,-3.879534,7.621024,4.4
6266,-6.117001,-3.871074,7.621024,4.4
6267,-6.088891,-3.861937,7.621024,4.4
6268,-6.058535,-3.855061,7.621024,4.4
6269,-6.028678,-3.849437,7.621024,4.4
6270,-6.000412,-3.843229,7.621024,4.4
6271,-5.972343,-3.838042,7.621024,4.4
6272,-5.944223,-3.834481,7.621024,4.4
6273,-5.915447,-3.83114,7.621024,4.4
6274,-5.884735,-3.828657,7.621024,4.4
6275,-5.852065,-3.826635,7.621024,4.4
6276,-5.819313,-3.827172,7.621024,4.4
6277,-5.787483,-3.828274,7.621024,4.4
6278,-5.754842,-3.829759,7.621024,4.4
6279,-5.720977,-3.830977,7.621024,4.4
6280,-5.689098,-3.83284,7.621024,4.4
6281,-5.657645,-3.834442,7.621024,4.4
6282,-5.625312,-3.836409,7.621024,4.4
6283,-5.594515,-3.839465,7.621024,4.4
6284,-5.563958,-3.842733,7.621024,4.4
6285,-5.533612,-3.844666,7.621024,4.4
6286,-5.50106,-3.845333,7.621024,4.4
6287,-5.470808,-3.844242,7.621024,4.4
6288,-5.442601,-3.843084,7.621024,4.4
6289,-5.417066,-3.840789,7.621024,4.4
6290,-5.392058,-3.837757,7.621024,4.4
6291,-5.37048,-3.835514,7.621024,4.4
6292,-5.346502,-3.834459,7.621024,4.4
6293,-5.325771,-3.832704,7.621024,4.4
6294,-5.30565,-3.830656,7.621024,4.4
6295,-5.28318,-3.825907,7.621024,4.4
6296,-5.257319,-3.821709,7.621024,4.4
6297,-5.231784,-3.817708,7.621024,4.4
6298,-5.20689,-3.810823,7.621024,4.4
6299,-5.180303,-3.802308,7.621024,4.4
6300,-5.15753,-3.796411,7.621024,4.4
6301,-5.13551,-3.790848,7.621024,4.4
6302,-5.112862,-3.785966,7.621024,4.4
6303,-5.088307,-3.778965,7.621024,4.4
6304,-5.063759,-3.772157,7.621024,4.4
6305,-5.038282,-3.765294,7.621024,4.4
6306,-5.012271,-3.758868,7.621024,4.4
6307,-4.986569,-3.752204,7.621024,4.4
6308,-4.958898,-3.743641,7.621024,4.4
6309,-4.932006,-3.734475,7.621024,4.4
6310,-4.905008,-3.725682,7.621024,4.4
6311,-4.8763,-3.715498,7.621024,4.4
6312,-4.844849,-3.702588,7.621024,4.4
6313,-4.81406,-3.689741,7.621024,4.4
6314,-4.786177,-3.677648,7.621024,4.4
6315,-4.760079,-3.667239,7.621024,4.4
6316,-4.736232,-3.656948,7.621024,4.4
6317,-4.710419,-3.64438,7.621024,4.4
6318,-4.682344,-3.631934,7.621024,4.4
6319,-4.656631,-3.61803,7.621024,4.4
6320,-4.628068,-3.605357,7.621024,4.4
6321,-4.601531,-3.593078,7.621024,4.4
6322,-4.574171,-3.581927,7.621024,4.4
6323,-4.545975,-3.569565,7.621024,4.4
6324,-4.520799,-3.556509,7.621024,4.4
6325,-4.49284,-3.545604,7.621024,4.4
6326,-4.465507,-3.53403,7.621024,4.4
6327,-4.439597,-3.524783,7.621024,4.4
6328,-4.411232,-3.515794,7.621024,4.4
6329,-4.381646,-3.50616,7.621024,4.4
6330,-4.351491,-3.497894,7.621024,4.4
6331,-4.320386,-3.491007,7.621024,4.4
6332,-4.286603,-3.484975,7.621024,4.4
6333,-4.252934,-3.478503,7.621024,4.4
6334,-4.219661,-3.472354,7.621024,4.4
6335,-4.188365,-3.46695,7.621024,4.4
6336,-4.156279,-3.460825,7.621024,4.4
6337,-4.122662,-3.454303,7.621024,4.4
6338,-4.089805,-3.450191,7.621024,4.4
6339,-4.061634,-3.447494,7.621024,4.4
6340,-4.030866,-3.442877,7.621024,4.4
6341,-4.001293,-3.437615,7.621024,4.4
6342,-3.972252,-3.434875,7.621024,4.4
6343,-3.947634,-3.431534,7.621024,4.4
6344,-3.919092,-3.425802,7.621024,4.4
6345,-3.893824,-3.421703,7.621024,4.4
6346,-3.86851,-3.412641,7.621024,4.4
6347,-3.848506,-3.404305,7.621024,4.4
6348,-3.829174,-3.396283,7.621024,4.4
6349,-3.808648,-3.389781,7.621024,4.4
6350,-3.784045,-3.382118,7.621024,4.4
6351,-3.761418,-3.373521,7.621024,4.4
6352,-3.739381,-3.364958,7.621024,4.4
6353,-3.716192,-3.355834,7.621024,4.4
6354,-3.696013,-3.347315,7.621024,4.4
6355,-3.672776,-3.338091,7.621024,4.4
6356,-3.647889,-3.329113,7.621024,4.4
6357,-3.622663,-3.318712,7.621024,4.4
6358,-3.597739,-3.309196,7.621024,4.4
6359,-3.574774,-3.29938,7.621024,4.4
6360,-3.551137,-3.28985,7.621024,4.4
6361,-3.527878,-3.277218,7.621024,4.4
6362,-3.50313,-3.266434,7.621024,4.4
6363,-3.476277,-3.252118,7.621024,4.4
6364,-3.445993,-3.234673,7.621024,4.4
6365,-3.415689,-3.217107,7.621024,4.4
6366,-3.384142,-3.198941,7.621024,4.4
6367,-3.356327,-3.182519,7.621024,4.4
6368,-3.329804,-3.167865,7.621024,4.4
6369,-3.306644,-3.153009,7.621024,4.4
6370,-3.280932,-3.139469,7.621024,4.4
6371,-3.252899,-3.126405,7.621024,4.4
6372,-3.227036,-3.112797,7.621024,4.4
6373,-3.200662,-3.098342,7.621024,4.4
6374,-3.174872,-3.083929,7.621024,4.4
6375,-3.150584,-3.070504,7.621024,4.4
6376,-3.124134,-3.057588,7.621024,4.4
6377,-3.094804,-3.043037,7.621024,4.4
6378,-3.067443,-3.029628,7.621024,4.4
6379,-3.039594,-3.019147,7.621024,4.4
6380,-3.010267,-3.00886,7.621024,4.4
6381,-2.983919,-2.999437,7.621024,4.4
6382,-2.953654,-2.990296,7.621024,4.4
6383,-2.920691,-2.980045,7.621024,4.4
6384,-2.889843,-2.970203,7.621024,4.4
6385,-2.857105,-2.96071,7.621024,4.4
6386,-2.825448,-2.952493,7.621024,4.4
6387,-2.795638,-2.944927,7.621024,4.4
6388,-2.766373,-2.936614,7.621024,4.4
6389,-2.738348,-2.930295,7.621024,4.4
6390,-2.708705,-2.924418,7.621024,4.4
6391,-2.678754,-2.9178,7.621024,4.4
6392,-2.647827,-2.911755,7.621024,4.4
6393,-2.618504,-2.906199,7.621024,4.4
6394,-2.592413,-2.900559,7.621024,4.4
6395,-2.568636,-2.89538,7.621024,4.4
6396,-2.543646,-2.888124,7.621024,4.4
6397,-2.522613,-2.880969,7.621024,4.4
6398,-2.5022,-2.872,7.621024,4.4
6399,-2.483417,-2.865321,7.621024,4.4
6400,-2.466217,-2.860099,7.621024,4.4
6401,-2.448136,-2.85459,7.621024,4.4
6402,-2.42972,-2.848578,7.621024,4.4
6403,-2.405115,-2.836267,7.621024,4.4
6404,-2.378237,-2.823597,7.621024,4.4
6405,-2.354036,-2.810968,7.621024,4.4
6406,-2.330566,-2.800255,7.621024,4.4
6407,-2.311103,-2.790663,7.621024,4.4
6408,-2.290306,-2.779739,7.621024,4.4
6409,-2.269352,-2.767753,7.621024,4.4
6410,-2.25028,-2.757099,7.621024,4.4
6411,-2.234231,-2.75129,7.621024,4.4
6412,-2.214834,-2.743621,7.621024,4.4
6413,-2.196665,-2.73473,7.621024,4.4
6414,-2.176472,-2.723195,7.621024,4.4
6415,-2.156407,-2.710762,7.621024,4.4
6416,-2.136986,-2.698117,7.621024,4.4
6417,-2.115691,-2.685131,7.621024,4.4
6418,-2.093579,-2.670861,7.621024,4.4
6419,-2.071233,-2.653548,7.621024,4.4
6420,-2.047616,-2.633749,7.621024,4.4
6421,-2.021617,-2.614963,7.621024,4.4
6422,-1.999693,-2.598397,7.621024,4.4
6423,-1.979243,-2.58434,7.621024,4.4
6424,-1.959812,-2.569074,7.621024,4.4
6425,-1.939122,-2.555173,7.621024,4.4
6426,-1.920243,-2.541161,7.621024,4.4
6427,-1.899968,-2.525564,7.621024,4.4
6428,-1.875975,-2.508569,7.621024,4.4
6429,-1.855236,-2.492309,7.621024,4.4
6430,-1.832946,-2.478497,7.621024,4.4
6431,-1.809035,-2.464484,7.621024,4.4
6432,-1.782282,-2.451071,7.621024,4.4
6433,-1.75597,-2.436524,7.621024,4.4
6434,-1.73024,-2.423317,7.621024,4.4
6435,-1.704383,-2.410635,7.621024,4.4
6436,-1.676777,-2.398332,7.621024,4.4
6437,-1.647727,-2.387583,7.621024,4.4
6438,-1.617874,-2.378891,7.621024,4.4
6439,-1.586861,-2.370996,7.621024,4.4
6440,-1.555904,-2.362377,7.621024,4.4
6441,-1.524461,-2.356243,7.621024,4.4
6442,-1.497055,-2.350722,7.621024,4.4
6443,-1.47096,-2.343237,7.621024,4.4
6444,-1.441666,-2.334933,7.621024,4.4
6445,-1.414381,-2.327661,7.621024,4.4
6446,-1.385818,-2.320207,7.621024,4.4
6447,-1.356601,-2.313653,7.621024,4.4
6448,-1.327704,-2.306442,7.621024,4.4
6449,-1.300135,-2.300802,7.621024,4.4
6450,-1.274127,-2.295459,7.621024,4.4
6451,-1.254454,-2.290139,7.621024,4.4
6452,-1.231382,-2.281737,7.621024,4.4
6453,-1.206691,-2.272565,7.621024,4.4
6454,-1.185599,-2.264857,7.621024,4.4
6455,-1.166661,-2.257486,7.621024,4.4
6456,-1.149027,-2.250754,7.621024,4.4
6457,-1.127016,-2.241105,7.621024,4.4
6458,-1.104225,-2.229813,7.621024,4.4
6459,-1.083025,-2.220385,7.621024,4.4
6460,-1.062009,-2.210541,7.621024,4.4
6461,-1.040703,-2.20003,7.621024,4.4
6462,-1.018655,-2.188902,7.621024,4.4
6463,-0.9955157,-2.177622,7.621024,4.4
6464,-0.9730299,-2.166614,7.621024,4.4
6465,-0.9519701,-2.155486,7.621024,4.4
6466,-0.928534,-2.143339,7.621024,4.4
6467,-0.906475,-2.132166,7.621024,4.4
6468,-0.8833852,-2.119768,7.621024,4.4
6469,-0.8601848,-2.106489,7.621024,4.4
6470,-0.8393624,-2.093453,7.621024,4.4
6471,-0.8178256,-2.077798,7.621024,4.4
6472,-0.7930399,-2.058963,7.621024,4.4
6473,-0.766764,-2.038692,7.621024,4.4
6474,-0.7394618,-2.018819,7.621024,4.4
6475,-0.713348,-2.002555,7.621024,4.4
6476,-0.6879024,-1.984924,7.621024,4.4
6477,-0.6638954,-1.968444,7.621024,4.4
6478,-0.6418149,-1.954374,7.621024,4.4
6479,-0.6214889,-1.93876,7.621024,4.4
6480,-0.5991181,-1.923384,7.621024,4.4
6481,-0.575461,-1.905377,7.621024,4.4
6482,-0.5490668,-1.888281,7.621024,4.4
6483,-0.5229571,-1.87154,7.621024,4.4
6484,-0.4996878,-1.854511,7.621024,4.4
6485,-0.4748434,-1.836493,7.621024,4.4
6486,-0.4484564,-1.820339,7.621024,4.4
6487,-0.4227441,-1.805398,7.621024,4.4
6488,-0.39711,-1.790524,7.621024,4.4
6489,-0.3712353,-1.775783,7.621024,4.4
6490,-0.3444114,-1.760903,7.621024,4.4
6491,-0.3147852,-1.746244,7.621024,4.4
6492,-0.2836998,-1.734161,7.621024,4.4
6493,-0.2519072,-1.722015,7.621024,4.4
6494,-0.2203089,-1.711606,7.621024,4.4
6495,-0.1908284,-1.70149,7.621024,4.4
6496,-0.1618536,-1.694115,7.621024,4.4
6497,-0.1325099,-1.687009,7.621024,4.4
6498,-0.102518,-1.678283,7.621024,4.4
6499,-0.07200167,-1.667379,7.621024,4.4
6500,-0.04064501,-1.65711,7.621024,4.4
6501,-0.01001467,-1.646865,7.621024,4.4
6502,0.01982792,-1.638191,7.621024,4.4
6503,0.04390258,-1.628883,7.621024,4.4
6504,0.06595801,-1.620118,7.621024,4.4
6505,0.09028926,-1.611462,7.621024,4.4
6506,0.1149935,-1.599617,7.621024,4.4
6507,0.1353812,-1.591458,7.621024,4.4
6508,0.1542285,-1.583438,7.621024,4.4
6509,0.1722109,-1.572601,7.621024,4.4
6510,0.1933692,-1.561262,7.621024,4.4
6511,0.2141692,-1.549082,7.621024,4.4
6512,0.2369526,-1.537481,7.621024,4.4
6513,0.2578076,-1.525946,7.621024,4.4
6514,0.2776768,-1.514042,7.621024,4.4
6515,0.2988286,-1.502181,7.621024,4.4
6516,0.3184803,-1.489356,7.621024,4.4
6517,0.3388605,-1.475689,7.621024,4.4
6518,0.3592915,-1.462742,7.621024,4.4
6519,0.380917,-1.449317,7.621024,4.4
6520,0.4036602,-1.434497,7.621024,4.4
6521,0.4245333,-1.419815,7.621024,4.4
6522,0.4456229,-1.404961,7.621024,4.4
6523,0.4663363,-1.391194,7.621024,4.4
6524,0.4888579,-1.375288,7.621024,4.4
6525,0.5123631,-1.356753,7.621024,4.4
6526,0.5420087,-1.333001,7.621024,4.4
6527,0.5712094,-1.310919,7.621024,4.4
6528,0.5962188,-1.29346,7.621024,4.4
6529,0.6204987,-1.275026,7.621024,4.4
6530,0.6424378,-1.25737,7.621024,4.4
6531,0.6642872,-1.24105,7.621024,4.4
6532,0.6851345,-1.225332,7.621024,4.4
6533,0.7060879,-1.209284,7.621024,4.4
6534,0.7265748,-1.193486,7.621024,4.4
6535,0.7478958,-1.175593,7.621024,4.4
6536,0.7712103,-1.156839,7.621024,4.4
6537,0.7938415,-1.140292,7.621024,4.4
6538,0.8151519,-1.123301,7.621024,4.4
6539,0.8379243,-1.106817,7.621024,4.4
6540,0.8617564,-1.091596,7.621024,4.4
6541,0.8851195,-1.076946,7.621024,4.4
6542,0.9093998,-1.063803,7.621024,4.4
6543,0.9352484,-1.052972,7.621024,4.4
6544,0.9625501,-1.042291,7.621024,4.4
6545,0.990653,-1.032081,7.621024,4.4
6546,1.017709,-1.022115,7.621024,4.4
6547,1.048242,-1.011719,7.621024,4.4
6548,1.079087,-1.002018,7.621024,4.4
6549,1.109132,-0.9930986,7.621024,4.4
6550,1.137926,-0.9853298,7.621024,4.4
6551,1.167209,-0.9760819,7.621024,4.4
6552,1.19831,-0.9670008,7.621024,4.4
6553,1.226719,-0.9575296,7.621024,4.4
6554,1.255916,-0.9467295,7.621024,4.4
6555,1.282184,-0.9388885,7.621024,4.4
6556,1.30755,-0.9298921,7.621024,4.4
6557,1.331263,-0.9225828,7.621024,4.4
6558,1.352078,-0.9146625,7.621024,4.4
6559,1.374464,-0.9046513,7.621024,4.4
6560,1.395909,-0.8973023,7.621024,4.4
6561,1.416051,-0.8884922,7.621024,4.4
6562,1.432525,-0.8818515,7.621024,4.4
6563,1.449399,-0.8734048,7.621024,4.4
6564,1.472181,-0.8594432,7.621024,4.4
6565,1.499319,-0.8457267,7.621024,4.4
6566,1.520663,-0.8324641,7.621024,4.4
6567,1.537829,-0.8221637,7.621024,4.4
6568,1.557233,-0.8099479,7.621024,4.4
6569,1.574021,-0.7988892,7.621024,4.4
6570,1.592226,-0.7872174,7.621024,4.4
6571,1.61001,-0.7757825,7.621024,4.4
6572,1.626605,-0.7653663,7.621024,4.4
6573,1.646274,-0.7524425,7.621024,4.4
6574,1.666591,-0.7395967,7.621024,4.4
6575,1.687116,-0.7255288,7.621024,4.4
6576,1.708068,-0.7115803,7.621024,4.4
6577,1.727466,-0.6964831,7.621024,4.4
6578,1.749082,-0.6774148,7.621024,4.4
6579,1.77103,-0.6585416,7.621024,4.4
6580,1.796257,-0.6346399,7.621024,4.4
6581,1.822794,-0.6100788,7.621024,4.4
6582,1.851228,-0.5884526,7.621024,4.4
6583,1.876598,-0.5682415,7.621024,4.4
6584,1.898067,-0.5502381,7.621024,4.4
6585,1.91865,-0.5343956,7.621024,4.4
6586,1.941024,-0.5157801,7.621024,4.4
6587,1.962676,-0.5005406,7.621024,4.4
6588,1.982472,-0.4832402,7.621024,4.4
6589,2.001364,-0.4654168,7.621024,4.4
6590,2.020583,-0.447874,7.621024,4.4
6591,2.040831,-0.4290663,7.621024,4.4
6592,2.062335,-0.4107215,7.621024,4.4
6593,2.085605,-0.3910525,7.621024,4.4
6594,2.108407,-0.3719059,7.621024,4.4
6595,2.128254,-0.3545216,7.621024,4.4
6596,2.151846,-0.3394984,7.621024,4.4
6597,2.176462,-0.3254985,7.621024,4.4
6598,2.202889,-0.3119026,7.621024,4.4
6599,2.231536,-0.2977777,7.621024,4.4
6600,2.259805,-0.2835518,7.621024,4.4
6601,2.28989,-0.2689602,7.621024,4.4
6602,2.318383,-0.2566853,7.621024,4.4
6603,2.344268,-0.2450278,7.621024,4.4
6604,2.372944,-0.2337048,7.621024,4.4
6605,2.403224,-0.2219019,7.621024,4.4
6606,2.433193,-0.2087337,7.621024,4.4
6607,2.462925,-0.1951125,7.621024,4.4
6608,2.494022,-0.1814453,7.621024,4.4
6609,2.52117,-0.169708,7.621024,4.4
6610,2.544425,-0.1587417,7.621024,4.4
6611,2.567197,-0.1494084,7.621024,4.4
6612,2.585314,-0.1411841,7.621024,4.4
6613,2.605473,-0.1297416,7.621024,4.4
6614,2.626261,-0.1148767,7.621024,4.4
6615,2.64466,-0.1005269,7.621024,4.4
6616,2.663253,-0.08877878,7.621024,4.4
6617,2.681662,-0.07391395,7.621024,4.4
6618,2.700173,-0.05900942,7.621024,4.4
6619,2.71605,-0.04621159,7.621024,4.4
6620,2.731161,-0.03268318,7.621024,4.4
6621,2.747399,-0.01687067,7.621024,4.4
6622,2.763594,-0.002371553,7.621024,4.4
6623,2.778801,0.01061696,7.621024,4.4
6624,2.798607,0.02564525,7.621024,4.4
6625,2.816994,0.03926314,7.621024,4.4
6626,2.835643,0.05370348,7.621024,4.4
6627,2.855518,0.06979701,7.621024,4.4
6628,2.875513,0.08940387,7.621024,4.4
6629,2.895787,0.1114945,7.621024,4.4
6630,2.915167,0.1313434,7.621024,4.4
6631,2.93168,0.1517548,7.621024,4.4
6632,2.950592,0.1772793,7.621024,4.4
6633,2.971875,0.2027167,7.621024,4.4
6634,2.993113,0.2263676,7.621024,4.4
6635,3.012462,0.2490576,7.621024,4.4
6636,3.028919,0.2711307,7.621024,4.4
6637,3.043716,0.2920018,7.621024,4.4
6638,3.05984,0.3134681,7.621024,4.4
6639,3.076269,0.3353423,7.621024,4.4
6640,3.089723,0.3573785,7.621024,4.4
6641,3.10971,0.3823667,7.621024,4.4
6642,3.130207,0.4069054,7.621024,4.4
6643,3.146378,0.4333496,7.621024,4.4
6644,3.163316,0.4558119,7.621024,4.4
6645,3.179384,0.475687,7.621024,4.4
6646,3.194963,0.497244,7.621024,4.4
6647,3.212219,0.520339,7.621024,4.4
6648,3.231636,0.5415563,7.621024,4.4
6649,3.250427,0.5610691,7.621024,4.4
6650,3.272539,0.5815026,7.621024,4.4
6651,3.29475,0.6010527,7.621024,4.4
6652,3.316964,0.6215386,7.621024,4.4
6653,3.339606,0.642595,7.621024,4.4
6654,3.363289,0.6638725,7.621024,4.4
6655,3.388263,0.6846873,7.621024,4.4
6656,3.413375,0.7062804,7.621024,4.4
6657,3.437615,0.7271377,7.621024,4.4
6658,3.461915,0.7470043,7.621024,4.4
6659,3.48591,0.7676476,7.621024,4.4
6660,3.510563,0.78799,7.621024,4.4
6661,3.533132,0.8075631,7.621024,4.4
6662,3.558497,0.8291474,7.621024,4.4
6663,3.583143,0.8481731,7.621024,4.4
6664,3.607146,0.8646349,7.621024,4.4
6665,3.627945,0.8804933,7.621024,4.4
6666,3.647983,0.8982822,7.621024,4.4
6667,3.666138,0.9142981,7.621024,4.4
6668,3.682389,0.9302015,7.621024,4.4
6669,3.698939,0.9437214,7.621024,4.4
6670,3.717345,0.9579657,7.621024,4.4
6671,3.734309,0.9755477,7.621024,4.4
6672,3.750083,0.9954173,7.621024,4.4
6673,3.764981,1.014059,7.621024,4.4
6674,3.779131,1.032534,7.621024,4.4
6675,3.793519,1.050866,7.621024,4.4
6676,3.809061,1.071024,7.621024,4.4
6677,3.82168,1.090008,7.621024,4.4
6678,3.837229,1.111134,7.621024,4.4
6679,3.852587,1.13216,7.621024,4.4
6680,3.868894,1.152328,7.621024,4.4
6681,3.885418,1.174379,7.621024,4.4
6682,3.900888,1.195746,7.621024,4.4
6683,3.916564,1.217261,7.621024,4.4
6684,3.931556,1.239652,7.621024,4.4
6685,3.945749,1.263735,7.621024,4.4
6686,3.962066,1.289685,7.621024,4.4
6687,3.978967,1.316549,7.621024,4.4
6688,3.995856,1.341481,7.621024,4.4
6689,4.011658,1.366378,7.621024,4.4
6690,4.02942,1.392235,7.621024,4.4
6691,4.045059,1.415952,7.621024,4.4
6692,4.05871,1.440261,7.621024,4.4
6693,4.072151,1.465948,7.621024,4.4
6694,4.086308,1.488111,7.621024,4.4
6695,4.100324,1.512616,7.621024,4.4
6696,4.115148,1.537207,7.621024,4.4
6697,4.130596,1.563584,7.621024,4.4
6698,4.1464,1.589105,7.621024,4.4
6699,4.163272,1.614572,7.621024,4.4
6700,4.180598,1.639014,7.621024,4.4
6701,4.196901,1.661639,7.621024,4.4
6702,4.212276,1.68228,7.621024,4.4
6703,4.230546,1.704435,7.621024,4.4
6704,4.253103,1.726016,7.621024,4.4
6705,4.275422,1.745966,7.621024,4.4
6706,4.300459,1.766953,7.621024,4.4
6707,4.327333,1.788997,7.621024,4.4
6708,4.353121,1.810092,7.621024,4.4
6709,4.377753,1.831173,7.621024,4.4
6710,4.404935,1.853918,7.621024,4.4
6711,4.431614,1.874488,7.621024,4.4
6712,4.455845,1.892858,7.621024,4.4
6713,4.480999,1.912894,7.621024,4.4
6714,4.508246,1.935098,7.621024,4.4
6715,4.537362,1.95844,7.621024,4.4
6716,4.566653,1.979734,7.621024,4.4
6717,4.590077,1.997337,7.621024,4.4
6718,4.610124,2.012692,7.621024,4.4
6719,4.631927,2.029969,7.621024,4.4
6720,4.649036,2.045922,7.621024,4.4
6721,4.664978,2.061746,7.621024,4.4
6722,4.682219,2.081071,7.621024,4.4
6723,4.700377,2.100344,7.621024,4.4
6724,4.71879,2.11621,7.621024,4.4
6725,4.737861,2.13441,7.621024,4.4
6726,4.754856,2.153216,7.621024,4.4
6727,4.77215,2.172168,7.621024,4.4
6728,4.787548,2.191416,7.621024,4.4
6729,4.799671,2.208551,7.621024,4.4
6730,4.812282,2.226298,7.621024,4.4
6731,4.827112,2.245783,7.621024,4.4
6732,4.842974,2.268763,7.621024,4.4
6733,4.859815,2.290072,7.621024,4.4
6734,4.876393,2.308417,7.621024,4.4
6735,4.892198,2.329595,7.621024,4.4
6736,4.909782,2.351059,7.621024,4.4
6737,4.925994,2.372316,7.621024,4.4
6738,4.941497,2.393072,7.621024,4.4
6739,4.959092,2.417877,7.621024,4.4
6740,4.976856,2.44423,7.621024,4.4
6741,4.994757,2.470274,7.621024,4.4
6742,5.011501,2.495979,7.621024,4.4
6743,5.028518,2.518787,7.621024,4.4
6744,5.042674,2.540708,7.621024,4.4
6745,5.05617,2.562449,7.621024,4.4
6746,5.070543,2.583695,7.621024,4.4
6747,5.085612,2.606232,7.621024,4.4
6748,5.099229,2.629691,7.621024,4.4
6749,5.113554,2.655949,7.621024,4.4
6750,5.129197,2.680265,7.621024,4.4
6751,5.144,2.704204,7.621024,4.4
6752,5.161538,2.725265,7.621024,4.4
6753,5.179121,2.745896,7.621024,4.4
6754,5.200334,2.767297,7.621024,4.4
6755,5.221237,2.788617,7.621024,4.4
6756,5.242177,2.809117,7.621024,4.4
6757,5.265881,2.829993,7.621024,4.4
6758,5.290778,2.849479,7.621024,4.4
6759,5.315383,2.869236,7.621024,4.4
6760,5.341039,2.887823,7.621024,4.4
6761,5.36599,2.905424,7.621024,4.4
6762,5.393353,2.922377,7.621024,4.4
6763,5.417854,2.937292,7.621024,4.4
6764,5.442094,2.951787,7.621024,4.4
6765,5.468532,2.967305,7.621024,4.4
6766,5.496608,2.983963,7.621024,4.4
6767,5.520564,2.99827,7.621024,4.4
6768,5.546126,3.012007,7.621024,4.4
6769,5.571645,3.025981,7.621024,4.4
6770,5.593112,3.040524,7.621024,4.4
6771,5.613966,3.055684,7.621024,4.4
6772,5.631549,3.068672,7.621024,4.4
6773,5.647977,3.081968,7.621024,4.4
6774,5.664872,3.094794,7.621024,4.4
6775,5.681456,3.109005,7.621024,4.4
6776,5.699767,3.12299,7.621024,4.4
6777,5.715878,3.136346,7.621024,4.4
6778,5.729535,3.151441,7.621024,4.4
6779,5.747126,3.167473,7.621024,4.4
6780,5.765822,3.182077,7.621024,4.4
6781,5.779665,3.197513,7.621024,4.4
6782,5.796305,3.211249,7.621024,4.4
6783,5.811367,3.224353,7.621024,4.4
6784,5.824271,3.238562,7.621024,4.4
6785,5.841797,3.255573,7.621024,4.4
6786,5.859037,3.271018,7.621024,4.4
6787,5.875003,3.289609,7.621024,4.4
6788,5.892152,3.309481,7.621024,4.4
6789,5.910052,3.329352,7.621024,4.4
6790,5.928989,3.350296,7.621024,4.4
6791,5.949,3.370416,7.621024,4.4
6792,5.968314,3.390899,7.621024,4.4
6793,5.988698,3.411983,7.621024,4.4
6794,6.007591,3.434468,7.621024,4.4
6795,6.026591,3.456863,7.621024,4.4
6796,6.044724,3.479521,7.621024,4.4
6797,6.064639,3.501503,7.621024,4.4
6798,6.084819,3.521291,7.621024,4.4
6799,6.103008,3.541426,7.621024,4.4
6800,6.119738,3.561246,7.621024,4.4
6801,6.135783,3.582684,7.621024,4.4
6802,6.153276,3.605514,7.621024,4.4
6803,6.171076,3.624724,7.621024,4.4
6804,6.189953,3.643848,7.621024,4.4
6805,6.211572,3.664229,7.621024,4.4
6806,6.233745,3.687035,7.621024,4.4
6807,6.253641,3.709951,7.621024,4.4
6808,6.274518,3.73048,7.621024,4.4
6809,6.29428,3.749362,7.621024,4.4
6810,6.315481,3.766381,7.621024,4.4
6811,6.337954,3.785509,7.621024,4.4
6812,6.362107,3.804625,7.621024,4.4
6813,6.389741,3.822578,7.621024,4.4
6814,6.414045,3.838944,7.621024,4.4
6815,6.438717,3.854075,7.621024,4.4
6816,6.46559,3.869968,7.621024,4.4
6817,6.493329,3.888486,7.621024,4.4
6818,6.518493,3.903264,7.621024,4.4
6819,6.542814,3.915724,7.621024,4.4
6820,6.56942,3.929776,7.621024,4.4
6821,6.599307,3.946346,7.621024,4.4
6822,6.628005,3.962112,7.621024,4.4
6823,6.65655,3.976146,7.621024,4.4
6824,6.6872,3.992432,7.621024,4.4
6825,6.715497,4.006163,7.621024,4.4
6826,6.74062,4.01718,7.621024,4.4
6827,6.762386,4.025757,7.621024,4.4
6828,6.781233,4.035369,7.621024,4.4
6829,6.796228,4.042787,7.621024,4.4
6830,6.813448,4.050344,7.621024,4.4
6831,6.831042,4.062183,7.621024,4.4
6832,6.848324,4.073919,7.621024,4.4
6833,6.866482,4.088492,7.621024,4.4
6834,6.885954,4.103139,7.621024,4.4
6835,6.907227,4.118469,7.621024,4.4
6836,6.925547,4.132095,7.621024,4.4
6837,6.940787,4.144199,7.621024,4.4
6838,6.957311,4.159058,7.621024,4.4
6839,6.974633,4.175292,7.621024,4.4
6840,6.992944,4.190717,7.621024,4.4
6841,7.010478,4.20606,7.621024,4.4
6842,7.027926,4.220213,7.621024,4.4
6843,7.046377,4.234101,7.621024,4.4
6844,7.063664,4.250052,7.621024,4.4
6845,7.080826,4.266637,7.621024,4.4
6846,7.099491,4.283017,7.621024,4.4
6847,7.118527,4.300449,7.621024,4.4
6848,7.137905,4.318766,-8.8,0
6849,7.159871,4.336041,-8.8,0
6850,7.182112,4.349785,-8.8,0
6851,7.203147,4.360255,-8.8,0
6852,7.217179,4.367399,-8.8,0
6853,7.228172,4.372738,-8.8,0
6854,7.239988,4.382452,-8.8,0
6855,7.255459,4.399851,-8.8,0
6856,7.27428,4.418013,-8.8,0
6857,7.296192,4.433157,-8.8,0
6858,7.320291,4.446579,-8.8,0
6859,7.346485,4.460485,-8.8,0
6860,7.37723,4.474736,-8.8,0
6861,7.410214,4.49051,-8.8,0
6862,7.441392,4.50947,-8.8,0
6863,7.467619,4.527876,-8.8,0
6864,7.488369,4.545148,-8.8,0
6865,7.505168,4.560837,-8.8,0
6866,7.518346,4.573617,-8.8,0
6867,7.530976,4.581985,-8.8,0
6868,7.542988,4.590539,-8.8,0
6869,7.55825,4.599514,-8.8,0
6870,7.573722,4.610814,-8.8,0
6871,7.590426,4.622545,-8.8,0
6872,7.605954,4.633977,-8.8,0
6873,7.616268,4.642595,-8.8,0
6874,7.62286,4.651793,-8.8,0
6875,7.629051,4.662089,-8.8,0
6876,7.631417,4.671859,-8.8,0
6877,7.632407,4.682107,-8.8,0
6878,7.633664,4.691104,-8.8,0
6879,7.635187,4.697889,-8.8,0
6880,7.636165,4.702937,-8.8,0
6881,7.634175,4.70927,-8.8,0
6882,7.629889,4.713328,-8.8,0
6883,7.626361,4.717357,-8.8,0
6884,7.622636,4.723339,-8.8,0
6885,7.621044,4.728644,-8.8,0
6886,7.617797,4.733367,-8.8,0
6887,7.608836,4.738937,-8.8,0
6888,7.598752,4.741666,-8.8,0
6889,7.594694,4.742732,-8.8,0
6890,7.590959,4.743518,-8.8,0
6891,7.588464,4.746779,-8.8,0
6892,7.583902,4.75155,-8.8,0
6893,7.576372,4.754747,-8.8,0
6894,7.565555,4.757907,-8.8,0
6895,7.553449,4.761734,-8.8,0
6896,7.537771,4.767606,-8.8,0
6897,7.522285,4.771786,-8.8,0
6898,7.511292,4.773242,-8.8,0
6899,7.499428,4.775006,-8.8,0
6900,7.484787,4.776009,-8.8,0
6901,7.471838,4.777066,-8.8,0
6902,7.460901,4.775789,-8.8,0
6903,7.450423,4.77513,-8.8,0
6904,7.439279,4.77501,-8.8,0
6905,7.429559,4.774127,-8.8,0
6906,7.413438,4.773867,-8.8,0
6907,7.39626,4.773358,-8.8,0
6908,7.381767,4.773151,-8.8,0
6909,7.367625,4.77171,-8.8,0
6910,7.355053,4.770076,-8.8,0
6911,7.339478,4.770082,-8.8,0
6912,7.324319,4.768884,-8.8,0
6913,7.311056,4.766699,-8.8,0
6914,7.29621,4.766527,-8.8,0
6915,7.278151,4.766238,-8.8,0
6916,7.257281,4.766855,-8.8,0
6917,7.236391,4.76768,-8.8,0
6918,7.214567,4.769393,-8.8,0
6919,7.190992,4.772381,-8.8,0
6920,7.166816,4.775929,-8.8,0
6921,7.14043,4.780325,-8.8,0
6922,7.114664,4.785634,-8.8,0
6923,7.08925,4.790643,-8.8,0
6924,7.065162,4.794397,-8.8,0
6925,7.038705,4.799101,-8.8,0
6926,7.009943,4.803954,-8.8,0
6927,6.981907,4.809172,-8.8,0
6928,6.951383,4.81288,-8.8,0
6929,6.924105,4.81598,-8.8,0
6930,6.895604,4.81997,-8.8,0
6931,6.866973,4.824825,-8.8,0
6932,6.842233,4.828944,-8.8,0
6933,6.820955,4.831575,-8.8,0
6934,6.797932,4.834355,-8.8,0
6935,6.776095,4.834609,-8.8,0
6936,6.755541,4.834705,-8.8,0
6937,6.735807,4.834081,-8.8,0
6938,6.718432,4.83453,-8.8,0
6939,6.69837,4.834394,-8.8,0
6940,6.676067,4.831933,-8.8,0
6941,6.651086,4.82843,-8.8,0
6942,6.627109,4.826202,-8.8,0
6943,6.606671,4.826003,-8.8,0
6944,6.584566,4.822828,-8.8,0
6945,6.561743,4.819019,-8.8,0
6946,6.542158,4.816813,-8.8,0
6947,6.521166,4.813299,-8.8,0
6948,6.498564,4.80873,-8.8,0
6949,6.4772,4.805136,-8.8,0
6950,6.454848,4.80215,-8.8,0
6951,6.432287,4.798623,-8.8,0
6952,6.409719,4.794747,-8.8,0
6953,6.38577,4.786564,-8.8,0
6954,6.356965,4.775185,-8.8,0
6955,6.325172,4.763002,-8.8,0
6956,6.29475,4.752198,-8.8,0
6957,6.264366,4.743369,-8.8,0
6958,6.2384,4.736532,-8.8,0
6959,6.212837,4.727499,-8.8,0
6960,6.187641,4.715917,-8.8,0
6961,6.160176,4.707128,-8.8,0
6962,6.132015,4.698816,-8.8,0
6963,6.103777,4.689831,-8.8,0
6964,6.075004,4.681778,-8.8,0
6965,6.048347,4.672653,-8.8,0
6966,6.021489,4.664344,-8.8,0
6967,5.993582,4.656203,-8.8,0
6968,5.965812,4.646717,-8.8,0
6969,5.938674,4.637994,-8.8,0
6970,5.914111,4.630479,-8.8,0
6971,5.887827,4.623854,-8.8,0
6972,5.85663,4.617381,-8.8,0
6973,5.825674,4.612253,-8.8,0
6974,5.79355,4.608952,-8.8,0
6975,5.760427,4.606296,-8.8,0
6976,5.727434,4.604838,-8.8,0
6977,5.695667,4.605554,-8.8,0
6978,5.666358,4.607352,-8.8,0
6979,5.638287,4.608743,-8.8,0
6980,5.608293,4.609865,-8.8,0
6981,5.580373,4.608751,-8.8,0
6982,5.552058,4.608301,-8.8,0
6983,5.523848,4.608669,-8.8,0
6984,5.500332,4.609206,-8.8,0
6985,5.474437,4.610461,-8.8,0
6986,5.44783,4.611331,-8.8,0
6987,5.4231,4.610899,-8.8,0
6988,5.399812,4.610809,-8.8,0
6989,5.374466,4.608771,-8.8,0
6990,5.354863,4.606388,-8.8,0
6991,5.335759,4.602498,-8.8,0
6992,5.316277,4.597625,-8.8,0
6993,5.296063,4.593897,-8.8,0
6994,5.272577,4.589948,-8.8,0
6995,5.250499,4.585194,-8.8,0
6996,5.228434,4.579951,-8.8,0
6997,5.207389,4.575158,-8.8,0
6998,5.185358,4.570713,-8.8,0
6999,5.165664,4.568184,-8.8,0
7000,5.144749,4.564326,-8.8,0
7001,5.120181,4.55999,-8.8,0
7002,5.094429,4.554968,-8.8,0
7003,5.067714,4.5494,-8.8,0
7004,5.041604,4.544515,-8.8,0
7005,5.014495,4.538761,-8.8,0
7006,4.988838,4.532422,-8.8,0
7007,4.959763,4.524478,-8.8,0
7008,4.932518,4.517284,-8.8,0
7009,4.90285,4.509705,-8.8,0
7010,4.871506,4.50089,-8.8,0
7011,4.838108,4.492636,-8.8,0
7012,4.807386,4.483055,-8.8,0
7013,4.780896,4.474903,-8.8,0
7014,4.756495,4.468443,-8.8,0
7015,4.73316,4.460338,-8.8,0
7016,4.710105,4.455328,-8.8,0
7017,4.684771,4.449735,-8.8,0
7018,4.659213,4.443446,-8.8,0
7019,4.631485,4.438049,-8.8,0
7020,4.603513,4.431473,-8.8,0
7021,4.574283,4.424834,-8.8,0
7022,4.546444,4.419436,-8.8,0
7023,4.519629,4.415061,-8.8,0
7024,4.492417,4.410337,-8.8,0
7025,4.463184,4.407124,-8.8,0
7026,4.435346,4.405899,-8.8,0
7027,4.405348,4.404966,-8.8,0
7028,4.374094,4.405655,-8.8,0
7029,4.342637,4.407673,-8.8,0
7030,4.311781,4.409646,-8.8,0
7031,4.280463,4.413707,-8.8,0
7032,4.252005,4.418027,-8.8,0
7033,4.223361,4.423141,-8.8,0
7034,4.193707,4.426654,-8.8,0
7035,4.16185,4.430029,-8.8,0
7036,4.133177,4.434774,-8.8,0
7037,4.102015,4.437709,-8.8,0
7038,4.071359,4.43839,-8.8,0
7039,4.042953,4.439439,-8.8,0
7040,4.015698,4.439184,-8.8,0
7041,3.993674,4.440779,-8.8,0
7042,3.975833,4.44177,-8.8,0
7043,3.953296,4.439298,-8.8,0
7044,3.931545,4.437352,-8.8,0
7045,3.911468,4.437207,-8.8,0
7046,3.89175,4.435225,-8.8,0
7047,3.868995,4.431544,-8.8,0
7048,3.845076,4.429065,-8.8,0
7049,3.8204,4.426163,-8.8,0
7050,3.797421,4.422031,-8.8,0
7051,3.774951,4.41832,-8.8,0
7052,3.752951,4.414252,-8.8,0
7053,3.729961,4.409234,-8.8,0
7054,3.70685,4.404368,-8.8,0
7055,3.683607,4.399981,-8.8,0
7056,3.663144,4.398014,-8.8,0
7057,3.640223,4.394586,-8.8,0
7058,3.615885,4.388126,-8.8,0
7059,3.592257,4.379757,-8.8,0
7060,3.565136,4.372133,-8.8,0
7061,3.536134,4.364385,-8.8,0
7062,3.503987,4.354824,-8.8,0
7063,3.475062,4.345697,-8.8,0
7064,3.444354,4.336941,-8.8,0
7065,3.416502,4.32883,-8.8,0
7066,3.388707,4.320209,-8.8,0
7067,3.363657,4.31187,-8.8,0
7068,3.340113,4.302995,-8.8,0
7069,3.314164,4.294045,-8.8,0
7070,3.28761,4.285945,-8.8,0
7071,3.262688,4.276776,-8.8,0
7072,3.238937,4.267906,-8.8,0
7073,3.21081,4.258559,-8.8,0
7074,3.182825,4.250445,-8.8,0
7075,3.155608,4.245187,-8.8,0
7076,3.128455,4.240011,-8.8,0
7077,3.101893,4.23428,-8.8,0
7078,3.07346,4.228185,-8.8,0
7079,3.044907,4.223937,-8.8,0
7080,3.01398,4.220159,-8.8,0
7081,2.980776,4.217193,-8.8,0
7082,2.949896,4.215578,-8.8,0
7083,2.921153,4.215724,-8.8,0
7084,2.891922,4.216721,-8.8,0
7085,2.86025,4.216559,-8.8,0
7086,2.827363,4.217132,-8.8,0
7087,2.795519,4.218839,-8.8,0
7088,2.76323,4.221724,-8.8,0
7089,2.731426,4.222896,-8.8,0
7090,2.702405,4.223885,-8.8,0
7091,2.671876,4.226269,-8.8,0
7092,2.640574,4.228365,-8.8,0
7093,2.610688,4.229158,-8.8,0
7094,2.583616,4.230955,-8.8,0
7095,2.56307,4.231453,-8.8,0
7096,2.539581,4.22915,-8.8,0
7097,2.519318,4.226643,-8.8,0
7098,2.498637,4.224252,-8.8,0
7099,2.47751,4.21955,-8.8,0
7100,2.454577,4.21438,-8.8,0
7101,2.432343,4.206989,-8.8,0
7102,2.405818,4.202183,-8.8,0
7103,2.379166,4.198045,-8.8,0
7104,2.353915,4.192771,-8.8,0
7105,2.329548,4.189382,-8.8,0
7106,2.306348,4.183994,-8.8,0
7107,2.282814,4.17642,-8.8,0
7108,2.259915,4.16905,-8.8,0
7109,2.233429,4.163184,-8.8,0
7110,2.209376,4.157971,-8.8,0
7111,2.182895,4.151456,-8.8,0
7112,2.157412,4.146939,-8.8,0
7113,2.133307,4.140882,-8.8,0
7114,2.108754,4.134936,-8.8,0
7115,2.078868,4.125241,-8.8,0
7116,2.04967,4.115249,-8.8,0
7117,2.016047,4.10336,-8.8,0
7118,1.98421,4.090556,-8.8,0
7119,1.95436,4.080992,-8.8,0
7120,1.926661,4.072865,-8.8,0
7121,1.898906,4.065856,-8.8,0
7122,1.874092,4.058724,-8.8,0
7123,1.849653,4.051623,-8.8,0
7124,1.82401,4.04514,-8.8,0
7125,1.796382,4.036161,-8.8,0
7126,1.767264,4.026627,-8.8,0
7127,1.741469,4.016953,-8.8,0
7128,1.714923,4.007407,-8.8,0
7129,1.687189,4.000115,-8.8,0
7130,1.657682,3.993677,-8.8,0
7131,1.629705,3.989376,-8.8,0
7132,1.602886,3.985228,-8.8,0
7133,1.574773,3.982892,-8.8,0
7134,1.545352,3.980841,-8.8,0
7135,1.51533,3.97979,-8.8,0
7136,1.483168,3.979644,-8.8,0
7137,1.451079,3.980375,-8.8,0
7138,1.422213,3.981678,-8.8,0
7139,1.392451,3.984064,-8.8,0
7140,1.362713,3.987674,-8.8,0
7141,1.333951,3.990726,-8.8,0
7142,1.306172,3.991827,-8.8,0
7143,1.276117,3.991388,-8.8,0
7144,1.246154,3.991705,-8.8,0
7145,1.217091,3.991435,-8.8,0
7146,1.189399,3.992517,-8.8,0
7147,1.166607,3.993921,-8.8,0
7148,1.142027,3.992893,-8.8,0
7149,1.11713,3.990139,-8.8,0
7150,1.096352,3.988072,-8.8,0
7151,1.076915,3.984179,-8.8,0
7152,1.054122,3.980586,-8.8,0
7153,1.031405,3.977612,-8.8,0
7154,1.011777,3.974624,-8.8,0
7155,0.9887674,3.969562,-8.8,0
7156,0.9669161,3.966796,-8.8,0
7157,0.9437706,3.96306,-8.8,0
7158,0.9194276,3.956949,-8.8,0
7159,0.8971215,3.950631,-8.8,0
7160,0.8757444,3.946594,-8.8,0
7161,0.8521608,3.942036,-8.8,0
7162,0.8294644,3.937425,-8.8,0
7163,0.8055983,3.931889,-8.8,0
7164,0.78185,3.92478,-8.8,0
7165,0.7575218,3.917112,-8.8,0
7166,0.731125,3.90905,-8.8,0
7167,0.7066516,3.901819,-8.8,0
7168,0.6806075,3.892675,-8.8,0
7169,0.6558267,3.882515,-8.8,0
7170,0.6294728,3.870915,-8.8,0
7171,0.6009861,3.858723,-8.8,0
7172,0.5737105,3.846823,-8.8,0
7173,0.5460222,3.836168,-8.8,0
7174,0.5199892,3.825433,-8.8,0
7175,0.4942814,3.813591,-8.8,0
7176,0.4659971,3.8011,-8.8,0
7177,0.4385991,3.78937,-8.8,0
7178,0.4141048,3.777525,-8.8,0
7179,0.3907495,3.768341,-8.8,0
7180,0.364676,3.759035,-8.8,0
7181,0.3379089,3.75032,-8.8,0
7182,0.3157141,3.742369,-8.8,0
7183,0.2902768,3.734345,-8.8,0
7184,0.2636673,3.725106,-8.8,0
7185,0.2347399,3.716574,-8.8,0
7186,0.2061574,3.710836,-8.8,0
7187,0.1800494,3.705352,-8.8,0
7188,0.1513951,3.700417,-8.8,0
7189,0.1222427,3.69688,-8.8,0
7190,0.08909467,3.693868,-8.8,0
7191,0.05587525,3.691869,-8.8,0
7192,0.02463332,3.690807,-8.8,0
7193,-0.006998276,3.688678,-8.8,0
7194,-0.03802623,3.685097,-8.8,0
7195,-0.07089873,3.683566,-8.8,0
7196,-0.1035912,3.682046,-8.8,0
7197,-0.1381415,3.680151,-8.8,0
7198,-0.1698435,3.67832,-8.8,0
7199,-0.2006747,3.677728,-8.8,0
7200,-0.2295262,3.67733,-8.8,0
7201,-0.2574134,3.676662,-8.8,0
7202,-0.2822972,3.67437,-8.8,0
7203,-0.306116,3.670676,-8.8,0
7204,-0.3321799,3.666436,-8.8,0
7205,-0.3552779,3.663433,-8.8,0
7206,-0.3761999,3.659809,-8.8,0
7207,-0.3993067,3.653085,-8.8,0
7208,-0.4220182,3.647598,-8.8,0
7209,-0.4490763,3.644525,-8.8,0
7210,-0.4731386,3.639014,-8.8,0
7211,-0.4956154,3.631504,-8.8,0
7212,-0.5152569,3.625009,-8.8,0
7213,-0.5362185,3.618634,-8.8,0
7214,-0.5595499,3.612106,-8.8,0
7215,-0.5847553,3.607433,-8.8,0
7216,-0.6113436,3.603416,-8.8,0
7217,-0.6367921,3.598806,-8.8,0
7218,-0.6634536,3.592329,-8.8,0
7219,-0.6903268,3.58483,-8.8,0
7220,-0.7155168,3.576432,-8.8,0
7221,-0.7407872,3.566865,-8.8,0
7222,-0.7684273,3.556737,-8.8,0
7223,-0.7994441,3.545968,-8.8,0
7224,-0.8303683,3.534837,-8.8,0
7225,-0.860983,3.523192,-8.8,0
7226,-0.8906341,3.508572,-8.8,0
7227,-0.9189374,3.495984,-8.8,0
7228,-0.9449472,3.482641,-8.8,0
7229,-0.9689792,3.469127,-8.8,0
7230,-0.9916769,3.457169,-8.8,0
7231,-1.015124,3.444655,-8.8,0
7232,-1.03953,3.43503,-8.8,0
7233,-1.06344,3.424917,-8.8,0
7234,-1.087882,3.414066,-8.8,0
7235,-1.113175,3.401788,-8.8,0
7236,-1.139048,3.390499,-8.8,0
7237,-1.164497,3.378422,-8.8,0
7238,-1.191039,3.367605,-8.8,0
7239,-1.22036,3.357301,-8.8,0
7240,-1.250406,3.348142,-8.8,0
7241,-1.279056,3.339066,-8.8,0
7242,-1.310952,3.331658,-8.8,0
7243,-1.342678,3.325207,-8.8,0
7244,-1.372335,3.318885,-8.8,0
7245,-1.401979,3.31384,-8.8,0
7246,-1.432787,3.308356,-8.8,0
7247,-1.466352,3.303159,-8.8,0
7248,-1.49468,3.299404,-8.8,0
7249,-1.524481,3.294018,-8.8,0
7250,-1.555493,3.286353,-8.8,0
7251,-1.587272,3.278949,-8.8,0
7252,-1.615484,3.274314,-8.8,0
7253,-1.642704,3.269699,-8.8,0
7254,-1.670319,3.266002,-8.8,0
7255,-1.693826,3.262314,-8.8,0
7256,-1.717981,3.255743,-8.8,0
7257,-1.741727,3.24861,-8.8,0
7258,-1.762213,3.24377,-8.8,0
7259,-1.781998,3.237823,-8.8,0
7260,-1.802898,3.232266,-8.8,0
7261,-1.822782,3.223616,-8.8,0
7262,-1.844462,3.213601,-8.8,0
7263,-1.864877,3.205554,-8.8,0
7264,-1.885286,3.196563,-8.8,0
7265,-1.907813,3.186815,-8.8,0
7266,-1.929788,3.175411,-8.8,0
7267,-1.951009,3.166529,-8.8,0
7268,-1.973025,3.158285,-8.8,0
7269,-1.995494,3.150669,-8.8,0
7270,-2.019474,3.140759,-8.8,0
7271,-2.043218,3.130338,-8.8,0
7272,-2.067694,3.117142,-8.8,0
7273,-2.091543,3.103452,-8.8,0
7274,-2.116122,3.089802,-8.8,0
7275,-2.141901,3.075743,-8.8,0
7276,-2.168478,3.06108,-8.8,0
7277,-2.196824,3.043426,-8.8,0
7278,-2.224505,3.02579,-8.8,0
7279,-2.250877,3.008665,-8.8,0
7280,-2.274366,2.99338,-8.8,0
7281,-2.296988,2.979781,-8.8,0
7282,-2.318204,2.964078,-8.8,0
7283,-2.341389,2.949373,-8.8,0
7284,-2.365605,2.932981,-8.8,0
7285,-2.389253,2.917482,-8.8,0
7286,-2.412959,2.90051,-8.8,0
7287,-2.436052,2.881378,-8.8,0
7288,-2.462284,2.863121,-8.8,0
7289,-2.485412,2.846828,-8.8,0
7290,-2.510041,2.831163,-8.8,0
7291,-2.535169,2.817246,-8.8,0
7292,-2.561742,2.803244,-8.8,0
7293,-2.590152,2.791907,-8.8,0
7294,-2.615976,2.780288,-8.8,0
7295,-2.641478,2.767897,-8.8,0
7296,-2.66872,2.757677,-8.8,0
7297,-2.696473,2.747878,-8.8,0
7298,-2.725553,2.739078,-8.8,0
7299,-2.756366,2.729995,-8.8,0
7300,-2.786946,2.72077,-8.8,0
7301,-2.818669,2.711266,-8.8,0
7302,-2.852271,2.701585,-8.8,0
7303,-2.884063,2.693569,-8.8,0
7304,-2.915881,2.685868,-8.8,0
7305,-2.947876,2.676607,-8.8,0
7306,-2.981176,2.6662,-8.8,0
7307,-3.012261,2.658286,-8.8,0
7308,-3.038111,2.651117,-8.8,0
7309,-3.064974,2.642262,-8.8,0
7310,-3.08696,2.634257,-8.8,0
7311,-3.107705,2.627296,-8.8,0
7312,-3.124931,2.620255,-8.8,0
7313,-3.143299,2.613241,-8.8,0
7314,-3.163817,2.604572,-8.8,0
7315,-3.187078,2.594769,-8.8,0
7316,-3.210458,2.582789,-8.8,0
7317,-3.234097,2.57099,-8.8,0
7318,-3.257517,2.558912,-8.8,0
7319,-3.27613,2.548653,-8.8,0
7320,-3.294574,2.536711,-8.8,0
7321,-3.313326,2.526831,-8.8,0
7322,-3.332461,2.514942,-8.8,0
7323,-3.353122,2.503009,-8.8,0
7324,-3.376071,2.491704,-8.8,0
7325,-3.39987,2.479227,-8.8,0
7326,-3.423457,2.466074,-8.8,0
7327,-3.44578,2.452251,-8.8,0
7328,-3.46857,2.436052,-8.8,0
7329,-3.4917,2.419572,-8.8,0
7330,-3.516101,2.404054,-8.8,0
7331,-3.54018,2.388831,-8.8,0
7332,-3.565599,2.370005,-8.8,0
7333,-3.588741,2.351324,-8.8,0
7334,-3.613694,2.333853,-8.8,0
7335,-3.636544,2.316867,-8.8,0
7336,-3.657662,2.298622,-8.8,0
7337,-3.678502,2.281013,-8.8,0
7338,-3.698862,2.266008,-8.8,0
7339,-3.720866,2.249834,-8.8,0
7340,-3.743513,2.232913,-8.8,0
7341,-3.764879,2.214266,-8.8,0
7342,-3.787694,2.196232,-8.8,0
7343,-3.810655,2.178542,-8.8,0
7344,-3.833741,2.161168,-8.8,0
7345,-3.857653,2.145094,-8.8,0
7346,-3.88253,2.129834,-8.8,0
7347,-3.912027,2.116611,-8.8,0
7348,-3.939578,2.103901,-8.8,0
7349,-3.968033,2.091141,-8.8,0
7350,-3.998317,2.079919,-8.8,0
7351,-4.031382,2.068189,-8.8,0
7352,-4.065062,2.059236,-8.8,0
7353,-4.094338,2.050603,-8.8,0
7354,-4.12465,2.042575,-8.8,0
7355,-4.154678,2.034688,-8.8,0
7356,-4.184106,2.025671,-8.8,0
7357,-4.21453,2.015834,-8.8,0
7358,-4.246772,2.006428,-8.8,0
7359,-4.276446,1.999145,-8.8,0
7360,-4.305008,1.992397,-8.8,0
7361,-4.335085,1.985638,-8.8,0
7362,-4.359332,1.979584,-8.8,0
7363,-4.37988,1.972135,-8.8,0
7364,-4.398911,1.964838,-8.8,0
7365,-4.42025,1.956285,-8.8,0
7366,-4.44048,1.948787,-8.8,0
7367,-4.458438,1.940386,-8.8,0
7368,-4.476182,1.929261,-8.8,0
7369,-4.493858,1.921237,-8.8,0
7370,-4.512676,1.911923,-8.8,0
7371,-4.533409,1.900883,-8.8,0
7372,-4.554508,1.887783,-8.8,0
7373,-4.573207,1.877777,-8.8,0
7374,-4.592476,1.867296,-8.8,0
7375,-4.61184,1.855034,-8.8,0
7376,-4.629082,1.845327,-8.8,0
7377,-4.648098,1.835605,-8.8,0
7378,-4.670335,1.823607,-8.8,0
7379,-4.693244,1.812785,-8.8,0
7380,-4.715451,1.804157,-8.8,0
7381,-4.739174,1.790913,-8.8,0
7382,-4.760399,1.780613,-8.8,0
7383,-4.783044,1.766039,-8.8,0
7384,-4.806264,1.749532,-8.8,0
7385,-4.830277,1.731972,-8.8,0
7386,-4.857358,1.714597,-8.8,0
7387,-4.882158,1.699882,-8.8,0
7388,-4.90901,1.685045,-8.8,0
7389,-4.933986,1.669011,-8.8,0
7390,-4.954673,1.654925,-8.8,0
7391,-4.972249,1.640056,-8.8,0
7392,-4.991602,1.625748,-8.8,0
7393,-5.015377,1.612812,-8.8,0
7394,-5.039769,1.598663,-8.8,0
7395,-5.063332,1.584384,-8.8,0
7396,-5.08636,1.571652,-8.8,0
7397,-5.110698,1.558574,-8.8,0
7398,-5.136549,1.546679,-8.8,0
7399,-5.162879,1.533275,-8.8,0
7400,-5.189278,1.522187,-8.8,0
7401,-5.216678,1.513183,-8.8,0
7402,-5.246079,1.504612,-8.8,0
7403,-5.274821,1.495761,-8.8,0
7404,-5.305272,1.487926,-8.8,0
7405,-5.337594,1.481043,-8.8,0
7406,-5.366647,1.474677,-8.8,0
7407,-5.396697,1.469793,-8.8,0
7408,-5.424777,1.465095,-8.8,0
7409,-5.45298,1.460281,-8.8,0
7410,-5.481525,1.457266,-8.8,0
7411,-5.512022,1.454099,-8.8,0
7412,-5.540674,1.452253,-8.8,0
7413,-5.567121,1.448913,-8.8,0
7414,-5.594293,1.44459,-8.8,0
7415,-5.621294,1.440074,-8.8,0
7416,-5.646681,1.436497,-8.8,0
7417,-5.669679,1.432203,-8.8,0
7418,-5.692778,1.426467,-8.8,0
7419,-5.713226,1.419998,-8.8,0
7420,-5.733835,1.414618,-8.8,0
7421,-5.752059,1.406314,-8.8,0
7422,-5.770487,1.398169,-8.8,0
7423,-5.793908,1.390248,-8.8,0
7424,-5.816801,1.38267,-8.8,0
7425,-5.83903,1.374576,-8.8,0
7426,-5.862491,1.363295,-8.8,0
7427,-5.881405,1.354735,-8.8,0
7428,-5.900753,1.345688,-8.8,0
7429,-5.920029,1.338308,-8.8,0
7430,-5.941443,1.329967,-8.8,0
7431,-5.962726,1.322155,-8.8,0
7432,-5.984899,1.315149,-8.8,0
7433,-6.00846,1.303908,-8.8,0
7434,-6.033398,1.290973,-8.8,0
7435,-6.058599,1.279433,-8.8,0
7436,-6.084817,1.267069,-8.8,0
7437,-6.111352,1.252036,-8.8,0
7438,-6.13863,1.234527,-8.8,0
7439,-6.167277,1.218629,-8.8,0
7440,-6.195343,1.202032,-8.8,0
7441,-6.221943,1.18544,-8.8,0
7442,-6.246259,1.172249,-8.8,0
7443,-6.266869,1.160748,-8.8,0
7444,-6.283677,1.146723,-8.8,0
7445,-6.303535,1.132334,-8.8,0
7446,-6.325318,1.117644,-8.8,0
7447,-6.350479,1.103965,-8.8,0
7448,-6.375753,1.088561,-8.8,0
7449,-6.400673,1.072289,-8.8,0
7450,-6.424556,1.059593,-8.8,0
7451,-6.449881,1.048218,-8.8,0
7452,-6.475266,1.037732,-8.8,0
7453,-6.502896,1.025998,-8.8,0
7454,-6.530464,1.015051,-8.8,0
7455,-6.559305,1.00573,-8.8,0
7456,-6.589033,0.9964372,-8.8,0
7457,-6.61813,0.9877481,-8.8,0
7458,-6.647877,0.9788939,-8.8,0
7459,-6.67663,0.969633,-8.8,0
7460,-6.707623,0.960559,-8.8,0
7461,-6.73748,0.9518844,-8.8,0
7462,-6.768195,0.9445432,-8.8,0
7463,-6.797925,0.9363675,-8.8,0
7464,-6.827296,0.9281183,-8.8,0
7465,-6.85631,0.9201356,-8.8,0
7466,-6.885605,0.9117523,-8.8,0
7467,-6.913603,0.9034733,-8.8,0
7468,-6.941093,0.8959046,-8.8,0
7469,-6.966222,0.8884956,-8.8,0
7470,-6.994354,0.8818683,-8.8,0
7471,-7.018826,0.8737504,-8.8,0
7472,-7.041309,0.8653442,-8.8,0
7473,-7.058806,0.8586304,-8.8,0
7474,-7.073695,0.8537997,-8.8,0
7475,-7.091423,0.8469992,-8.8,0
7476,-7.111394,0.8390612,-8.8,0
7477,-7.132192,0.8309639,-8.8,0
7478,-7.154828,0.8224993,-8.8,0
7479,-7.173265,0.8144349,-8.8,0
7480,-7.192203,0.8050942,-8.8,0
7481,-7.214569,0.7936242,-8.8,0
7482,-7.235927,0.784476,-8.8,0
7483,-7.256882,0.773802,-8.8,0
7484,-7.277378,0.7630771,-8.8,0
7485,-7.298053,0.7520209,-8.8,0
7486,-7.322788,0.7414364,-8.8,0
7487,-7.345191,0.7302893,-8.8,0
7488,-7.368169,0.7170188,-8.8,0
7489,-7.391362,0.7035823,-8.8,0
7490,-7.414076,0.6898686,-8.8,0
7491,-7.439221,0.6758662,-8.8,0
7492,-7.46295,0.660996,-8.8,0
7493,-7.489234,0.6446073,-8.8,0
7494,-7.513419,0.6288612,-8.8,0
7495,-7.538727,0.6132663,-8.8,0
7496,-7.564154,0.5992509,-8.8,0
7497,-7.586,0.5849487,-8.8,0
7498,-7.604947,0.5725715,-8.8,0
7499,-7.62134,0.5603614,-8.8,0
7500,-7.641508,0.5477825,-8.8,0
7501,-7.665462,0.5343375,-8.8,0
7502,-7.691604,0.5183653,-8.8,0
7503,-7.714354,0.5040967,-8.8,0
7504,-7.737785,0.4869785,-8.8,0
7505,-7.760747,0.4700581,-8.8,0
7506,-7.784192,0.4575754,-8.8,0
7507,-7.807939,0.4454159,-8.8,0
7508,-7.832952,0.4335432,-8.8,0
7509,-7.858949,0.4236471,-8.8,0
7510,-7.88588,0.415115,-8.8,0
7511,-7.91279,0.4068264,-8.8,0
7512,-7.940543,0.3977967,-8.8,0
7513,-7.970758,0.3901234,-8.8,0
7514,-8.001749,0.3827006,-8.8,0
7515,-8.030393,0.3766309,-8.8,0
7516,-8.057376,0.371777,-8.8,0
7517,-8.086195,0.368066,-8.8,0
7518,-8.112712,0.3631656,-8.8,0
7519,-8.138391,0.3601559,-8.8,0
7520,-8.164246,0.3559163,-8.8,0
7521,-8.191749,0.3503529,-8.8,0
7522,-8.214749,0.3457029,-8.8,0
7523,-8.239908,0.3386549,-8.8,0
7524,-8.264059,0.3325862,-8.8,0
7525,-8.287977,0.3272118,-8.8,0
7526,-8.309366,0.3214716,-8.8,0
7527,-8.330256,0.313181,-8.8,0
7528,-8.349268,0.3047967,-8.8,0
7529,-8.366291,0.2954326,-8.8,0
7530,-8.382753,0.2875792,-8.8,0
7531,-8.401438,0.2783555,-8.8,0
7532,-8.423516,0.2694488,-8.8,0
7533,-8.443813,0.2573577,-8.8,0
7534,-8.462112,0.2476912,-8.8,0
7535,-8.480381,0.2377797,-8.8,0
7536,-8.49761,0.2287457,-8.8,0
7537,-8.516891,0.2168606,-8.8,0
7538,-8.53688,0.2065663,-8.8,0
7539,-8.559357,0.1939851,-8.8,0
7540,-8.579494,0.1822283,-8.8,0
7541,-8.599484,0.1701451,-8.8,0
7542,-8.620215,0.1569886,-8.8,0
7543,-8.63925,0.1457419,-8.8,0
7544,-8.658635,0.1311502,-8.8,0
7545,-8.681035,0.112348,-8.8,0
7546,-8.702996,0.09420269,-7.621023,4.4
7547,-8.721465,0.07396452,-7.621023,4.4
7548,-8.738473,0.05270038,-7.621023,4.4
7549,-8.752441,0.03313995,-7.621023,4.4
7550,-8.76602,0.01252781,-7.621023,4.4
7551,-8.783049,-0.01007605,-7.621023,4.4
7552,-8.802741,-0.03285852,-7.621023,4.4
7553,-8.827714,-0.05263893,-7.621023,4.4
7554,-8.853133,-0.07037245,-7.621023,4.4
7555,-8.875719,-0.08553115,-7.621023,4.4
7556,-8.896434,-0.09888554,-7.621023,4.4
7557,-8.916774,-0.1116241,-7.621023,4.4
7558,-8.937034,-0.1203109,-7.621023,4.4
7559,-8.955272,-0.1242301,-7.621023,4.4
7560,-8.973285,-0.1272334,-7.621023,4.4
7561,-8.99001,-0.1287961,-7.621023,4.4
7562,-9.006303,-0.1314145,-7.621023,4.4
7563,-9.021834,-0.1336542,-7.621023,4.4
7564,-9.037808,-0.1336779,-7.621023,4.4
7565,-9.052392,-0.1319128,-7.621023,4.4
7566,-9.066628,-0.1288042,-7.621023,4.4
7567,-9.079405,-0.1227771,-7.621023,4.4
7568,-9.087138,-0.1143886,-7.621023,4.4
7569,-9.09447,-0.1040929,-7.621023,4.4
7570,-9.101497,-0.09095082,-7.621023,4.4
7571,-9.106576,-0.07591169,-7.621023,4.4
7572,-9.112131,-0.05968639,-7.621023,4.4
7573,-9.117831,-0.0451548,-7.621023,4.4
7574,-9.121046,-0.03021889,-7.621023,4.4
7575,-9.124935,-0.015926,-7.621023,4.4
7576,-9.128485,-0.001320759,-7.621023,4.4
7577,-9.132231,0.01458582,-7.621023,4.4
7578,-9.135767,0.03602917,-7.621023,4.4
7579,-9.138216,0.0570728,-7.621023,4.4
7580,-9.143051,0.07920114,-7.621023,4.4
7581,-9.144939,0.0961215,-7.621023,4.4
7582,-9.148525,0.1146062,-7.621023,4.4
7583,-9.152639,0.1333512,-7.621023,4.4
7584,-9.155222,0.1532866,-7.621023,4.4
7585,-9.15651,0.1694621,-7.621023,4.4
7586,-9.160758,0.1868726,-7.621023,4.4
7587,-9.168045,0.2061548,-7.621023,4.4
7588,-9.173878,0.224961,-7.621023,4.4
7589,-9.18069,0.2399366,-7.621023,4.4
7590,-9.187202,0.2540092,-7.621023,4.4
7591,-9.191773,0.2682066,-7.621023,4.4
7592,-9.198647,0.2814618,-7.621023,4.4
7593,-9.205117,0.2985501,-7.621023,4.4
7594,-9.211462,0.3145474,-7.621023,4.4
7595,-9.218703,0.3311532,-7.621023,4.4
7596,-9.226319,0.3500437,-7.621023,4.4
7597,-9.233459,0.3672643,-7.621023,4.4
7598,-9.239813,0.3868244,-7.621023,4.4
7599,-9.246634,0.4028805,-7.621023,4.4
7600,-9.253662,0.4230401,-7.621023,4.4
7601,-9.26105,0.4432331,-7.621023,4.4
7602,-9.266312,0.4651256,-7.621023,4.4
7603,-9.270555,0.4870417,-7.621023,4.4
7604,-9.274949,0.5073497,-7.621023,4.4
7605,-9.280001,0.5300804,-7.621023,4.4
7606,-9.283711,0.5517649,-7.621023,4.4
7607,-9.287288,0.5729591,-7.621023,4.4
7608,-9.291393,0.5938599,-7.621023,4.4
7609,-9.296747,0.6145814,-7.621023,4.4
7610,-9.299881,0.640036,-7.621023,4.4
7611,-9.30415,0.6652703,-7.621023,4.4
7612,-9.309039,0.6897906,-7.621023,4.4
7613,-9.309669,0.7167262,-7.621023,4.4
7614,-9.309193,0.7428847,-7.621023,4.4
7615,-9.308163,0.7661459,-7.621023,4.4
7616,-9.305641,0.7896456,-7.621023,4.4
7617,-9.301825,0.809127,-7.621023,4.4
7618,-9.294233,0.829551,-7.621023,4.4
7619,-9.283371,0.8535811,-7.621023,4.4
7620,-9.27404,0.8776736,-7.621023,4.4
7621,-9.261384,0.9020892,-7.621023,4.4
7622,-9.248268,0.9258175,-7.621023,4.4
7623,-9.236279,0.9480574,-7.621023,4.4
7624,-9.222919,0.9693648,-7.621023,4.4
7625,-9.211385,0.9921679,-7.621023,4.4
7626,-9.196333,1.017487,-7.621023,4.4
7627,-9.182083,1.043418,-7.621023,4.4
7628,-9.167903,1.070484,-7.621023,4.4
7629,-9.154758,1.094265,-7.621023,4.4
7630,-9.140618,1.116591,-7.621023,4.4
7631,-9.130002,1.137006,-7.621023,4.4
7632,-9.12031,1.157429,-7.621023,4.4
7633,-9.11061,1.177275,-7.621023,4.4
7634,-9.101496,1.195544,-7.621023,4.4
7635,-9.092745,1.215752,-7.621023,4.4
7636,-9.083835,1.23319,-7.621023,4.4
7637,-9.077091,1.250221,-7.621023,4.4
7638,-9.067346,1.272457,-7.621023,4.4
7639,-9.057416,1.294057,-7.621023,4.4
7640,-9.049575,1.315812,-7.621023,4.4
7641,-9.040927,1.337627,-7.621023,4.4
7642,-9.034353,1.358873,-7.621023,4.4
7643,-9.028882,1.379646,-7.621023,4.4
7644,-9.022639,1.402355,-7.621023,4.4
7645,-9.016437,1.42521,-7.621023,4.4
7646,-9.008999,1.447224,-7.621023,4.4
7647,-9.00034,1.468709,-7.621023,4.4
7648,-8.991005,1.489994,-7.621023,4.4
7649,-8.98361,1.514179,-7.621023,4.4
7650,-8.975362,1.540339,-7.621023,4.4
7651,-8.967178,1.565125,-7.621023,4.4
7652,-8.960195,1.59278,-7.621023,4.4
7653,-8.950679,1.623721,-7.621023,4.4
7654,-8.942008,1.65543,-7.621023,4.4
7655,-8.933737,1.68574,-7.621023,4.4
7656,-8.923732,1.712416,-7.621023,4.4
7657,-8.914999,1.738528,-7.621023,4.4
7658,-8.909364,1.761186,-7.621023,4.4
7659,-8.904951,1.78361,-7.621023,4.4
7660,-8.900221,1.807237,-7.621023,4.4
7661,-8.895213,1.832958,-7.621023,4.4
7662,-8.891073,1.858293,-7.621023,4.4
7663,-8.884415,1.885635,-7.621023,4.4
7664,-8.875592,1.911182,-7.621023,4.4
7665,-8.867599,1.937346,-7.621023,4.4
7666,-8.862195,1.962745,-7.621023,4.4
7667,-8.854967,1.988055,-7.621023,4.4
7668,-8.844551,2.014299,-7.621023,4.4
7669,-8.834249,2.039547,-7.621023,4.4
7670,-8.822965,2.063363,-7.621023,4.4
7671,-8.81102,2.087216,-7.621023,4.4
7672,-8.795636,2.111693,-7.621023,4.4
7673,-8.780993,2.135994,-7.621023,4.4
7674,-8.765084,2.162725,-7.621023,4.4
7675,-8.748333,2.188471,-7.621023,4.4
7676,-8.732523,2.21355,-7.621023,4.4
7677,-8.717744,2.237603,-7.621023,4.4
7678,-8.702959,2.262611,-7.621023,4.4
7679,-8.687425,2.288473,-7.621023,4.4
7680,-8.671654,2.315379,-7.621023,4.4
7681,-8.654771,2.345238,-7.621023,4.4
7682,-8.638927,2.372152,-7.621023,4.4
7683,-8.623794,2.396341,-7.621023,4.4
7684,-8.611266,2.416905,-7.621023,4.4
7685,-8.599014,2.43677,-7.621023,4.4
7686,-8.586705,2.455703,-7.621023,4.4
7687,-8.576159,2.475311,-7.621023,4.4
7688,-8.56712,2.491759,-7.621023,4.4
7689,-8.560646,2.509051,-7.621023,4.4
7690,-8.55267,2.524702,-7.621023,4.4
7691,-8.545986,2.543899,-7.621023,4.4
7692,-8.539927,2.567672,-7.621023,4.4
7693,-8.528936,2.591911,-7.621023,4.4
7694,-8.523163,2.615704,-7.621023,4.4
7695,-8.516591,2.639408,-7.621023,4.4
7696,-8.509102,2.663856,-7.621023,4.4
7697,-8.502233,2.687325,-7.621023,4.4
7698,-8.495986,2.705935,-7.621023,4.4
7699,-8.488737,2.726904,-7.621023,4.4
7700,-8.481664,2.748693,-7.621023,4.4
7701,-8.475951,2.772097,-7.621023,4.4
7702,-8.469277,2.792044,-7.621023,4.4
7703,-8.463812,2.81606,-7.621023,4.4
7704,-8.458591,2.840641,-7.621023,4.4
7705,-8.453958,2.864647,-7.621023,4.4
7706,-8.451188,2.888766,-7.621023,4.4
7707,-8.447931,2.917507,-7.621023,4.4
7708,-8.444131,2.948441,-7.621023,4.4
7709,-8.439524,2.976175,-7.621023,4.4
7710,-8.434283,3.005448,-7.621023,4.4
7711,-8.428136,3.030436,-7.621023,4.4
7712,-8.423727,3.053499,-7.621023,4.4
7713,-8.42015,3.07684,-7.621023,4.4
7714,-8.418314,3.099114,-7.621023,4.4
7715,-8.416499,3.122347,-7.621023,4.4
7716,-8.412722,3.147991,-7.621023,4.4
7717,-8.410715,3.175401,-7.621023,4.4
7718,-8.408149,3.206215,-7.621023,4.4
7719,-8.404016,3.237865,-7.621023,4.4
7720,-8.398061,3.269023,-7.621023,4.4
7721,-8.391335,3.294925,-7.621023,4.4
7722,-8.383452,3.31978,-7.621023,4.4
7723,-8.374207,3.34481,-7.621023,4.4
7724,-8.363641,3.370374,-7.621023,4.4
7725,-8.352282,3.395679,-7.621023,4.4
7726,-8.33737,3.421855,-7.621023,4.4
7727,-8.323003,3.447688,-7.621023,4.4
7728,-8.309784,3.473264,-7.621023,4.4
7729,-8.295166,3.496926,-7.621023,4.4
7730,-8.279136,3.52055,-7.621023,4.4
7731,-8.263053,3.545879,-7.621023,4.4
7732,-8.247838,3.572039,-7.621023,4.4
7733,-8.233823,3.596965,-7.621023,4.4
7734,-8.217222,3.622842,-7.621023,4.4
7735,-8.197755,3.649219,-7.621023,4.4
7736,-8.180337,3.674614,-7.621023,4.4
7737,-8.164308,3.696586,-7.621023,4.4
7738,-8.148458,3.717581,-7.621023,4.4
7739,-8.135709,3.736296,-7.621023,4.4
7740,-8.123707,3.755705,-7.621023,4.4
7741,-8.112858,3.775403,-7.621023,4.4
7742,-8.100592,3.791307,-7.621023,4.4
7743,-8.090938,3.807667,-7.621023,4.4
7744,-8.08104,3.825698,-7.621023,4.4
7745,-8.071149,3.845186,-7.621023,4.4
7746,-8.06306,3.869494,-7.621023,4.4
7747,-8.051898,3.894146,-7.621023,4.4
7748,-8.042256,3.914084,-7.621023,4.4
7749,-8.035176,3.934506,-7.621023,4.4
7750,-8.02671,3.957455,-7.621023,4.4
7751,-8.020508,3.979232,-7.621023,4.4
7752,-8.013807,4.000102,-7.621023,4.4
7753,-8.005702,4.019925,-7.621023,4.4
7754,-7.997312,4.039158,-7.621023,4.4
7755,-7.989015,4.059754,7.621023,-4.4
7756,-7.984007,4.07646,7.621023,-4.4
7757,-7.980037,4.09638,7.621023,-4.4
7758,-7.979001,4.117369,7.621023,-4.4
7759,-7.978295,4.140416,7.621023,-4.4
7760,-7.975532,4.16515,7.621023,-4.4
7761,-7.970165,4.188429,7.621023,-4.4
7762,-7.962765,4.210449,7.621023,-4.4
7763,-7.953806,4.231084,7.621023,-4.4
7764,-7.941775,4.249674,7.621023,-4.4
7765,-7.927358,4.268204,7.621023,-4.4
7766,-7.912996,4.286561,7.621023,-4.4
7767,-7.89783,4.30271,7.621023,-4.4
7768,-7.882813,4.31894,7.621023,-4.4
7769,-7.865153,4.334836,7.621023,-4.4
7770,-7.851143,4.350303,7.621023,-4.4
7771,-7.836103,4.365352,7.621023,-4.4
7772,-7.821017,4.379131,7.621023,-4.4
7773,-7.808187,4.39173,7.621023,-4.4
7774,-7.795085,4.404894,7.621023,-4.4
7775,-7.778937,4.415214,7.621023,-4.4
7776,-7.760931,4.421336,7.621023,-4.4
7777,-7.740454,4.425064,7.621023,-4.4
7778,-7.71827,4.42613,7.621023,-4.4
7779,-7.695268,4.423481,7.621023,-4.4
7780,-7.674158,4.420126,7.621023,-4.4
7781,-7.655453,4.416961,7.621023,-4.4
7782,-7.634433,4.412615,7.621023,-4.4
7783,-7.609296,4.409273,7.621023,-4.4
7784,-7.580582,4.403685,7.621023,-4.4
7785,-7.552502,4.395861,7.621023,-4.4
7786,-7.526976,4.38703,7.621023,-4.4
7787,-7.49978,4.380245,7.621023,-4.4
7788,-7.472229,4.374383,7.621023,-4.4
7789,-7.444032,4.366536,7.621023,-4.4
7790,-7.416464,4.358993,7.621023,-4.4
7791,-7.392132,4.353485,7.621023,-4.4
7792,-7.369797,4.350188,7.621023,-4.4
7793,-7.347825,4.348135,7.621023,-4.4
7794,-7.328681,4.345349,7.621023,-4.4
7795,-7.31029,4.342641,7.621023,-4.4
7796,-7.290256,4.343342,7.621023,-4.4
7797,-7.265721,4.342566,7.621023,-4.4
7798,-7.239733,4.341041,7.621023,-4.4
7799,-7.217422,4.340214,7.621023,-4.4
7800,-7.197797,4.337387,7.621023,-4.4
7801,-7.176012,4.337354,7.621023,-4.4
7802,-7.152133,4.336751,7.621023,-4.4
7803,-7.130568,4.338012,7.621023,-4.4
7804,-7.109664,4.341547,7.621023,-4.4
7805,-7.089236,4.345247,7.621023,-4.4
7806,-7.067305,4.347483,7.621023,-4.4
7807,-7.042284,4.348254,7.621023,-4.4
7808,-7.020095,4.348773,7.621023,-4.4
7809,-6.998021,4.3502,7.621023,-4.4
7810,-6.974552,4.351178,7.621023,-4.4
7811,-6.947693,4.352438,7.621023,-4.4
7812,-6.918997,4.354458,7.621023,-4.4
7813,-6.89018,4.356352,7.621023,-4.4
7814,-6.863486,4.35652,7.621023,-4.4
7815,-6.834389,4.356004,7.621023,-4.4
7816,-6.808354,4.356022,7.621023,-4.4
7817,-6.781764,4.357349,7.621023,-4.4
7818,-6.757796,4.359582,7.621023,-4.4
7819,-6.73097,4.361384,7.621023,-4.4
7820,-6.706501,4.362969,7.621023,-4.4
7821,-6.680083,4.36588,7.621023,-4.4
7822,-6.651997,4.370416,7.621023,-4.4
7823,-6.623375,4.37274,7.621023,-4.4
7824,-6.592893,4.372963,7.621023,-4.4
7825,-6.565982,4.375399,7.621023,-4.4
7826,-6.539476,4.377007,7.621023,-4.4
7827,-6.51407,4.375309,7.621023,-4.4
7828,-6.487536,4.372519,7.621023,-4.4
7829,-6.460831,4.368929,7.621023,-4.4
7830,-6.4356,4.363582,7.621023,-4.4
7831,-6.411618,4.35827,7.621023,-4.4
7832,-6.384917,4.349655,7.621023,-4.4
7833,-6.358051,4.340036,7.621023,-4.4
7834,-6.329741,4.329474,7.621023,-4.4
7835,-6.302324,4.318695,7.621023,-4.4
7836,-6.274258,4.305984,7.621023,-4.4
7837,-6.247012,4.29299,7.621023,-4.4
7838,-6.219603,4.280284,7.621023,-4.4
7839,-6.191014,4.265233,7.621023,-4.4
7840,-6.160906,4.248756,7.621023,-4.4
7841,-6.131268,4.234838,7.621023,-4.4
7842,-6.100538,4.221022,7.621023,-4.4
7843,-6.072285,4.20654,7.621023,-4.4
7844,-6.046202,4.192252,7.621023,-4.4
7845,-6.020281,4.178445,7.621023,-4.4
7846,-5.994306,4.166688,7.621023,-4.4
7847,-5.968723,4.154693,7.621023,-4.4
7848,-5.943955,4.143917,7.621023,-4.4
7849,-5.925503,4.134939,7.621023,-4.4
7850,-5.910317,4.127004,7.621023,-4.4
7851,-5.895736,4.120987,7.621023,-4.4
7852,-5.876369,4.115082,7.621023,-4.4
7853,-5.853384,4.107732,7.621023,-4.4
7854,-5.830594,4.099609,7.621023,-4.4
7855,-5.807719,4.094665,7.621023,-4.4
7856,-5.784917,4.087853,7.621023,-4.4
7857,-5.7641,4.080715,7.621023,-4.4
7858,-5.741933,4.07491,7.621023,-4.4
7859,-5.718552,4.070035,7.621023,-4.4
7860,-5.693608,4.06496,7.621023,-4.4
7861,-5.66956,4.058182,7.621023,-4.4
7862,-5.648856,4.050961,7.621023,-4.4
7863,-5.625786,4.043508,7.621023,-4.4
7864,-5.600433,4.0374,7.621023,-4.4
7865,-5.575719,4.031305,7.621023,-4.4
7866,-5.5483,4.025445,7.621023,-4.4
7867,-5.516109,4.018791,7.621023,-4.4
7868,-5.482246,4.01145,7.621023,-4.4
7869,-5.451523,4.004063,7.621023,-4.4
7870,-5.422637,3.998514,7.621023,-4.4
7871,-5.389832,3.990828,7.621023,-4.4
7872,-5.362702,3.986285,7.621023,-4.4
7873,-5.338637,3.982207,7.621023,-4.4
7874,-5.312768,3.980397,7.621023,-4.4
7875,-5.284009,3.975342,7.621023,-4.4
7876,-5.25531,3.968727,7.621023,-4.4
7877,-5.227861,3.958752,7.621023,-4.4
7878,-5.199557,3.951737,7.621023,-4.4
7879,-5.171304,3.944287,7.621023,-4.4
7880,-5.144028,3.935457,7.621023,-4.4
7881,-5.118332,3.928814,7.621023,-4.4
7882,-5.094286,3.920548,7.621023,-4.4
7883,-5.070776,3.90934,7.621023,-4.4
7884,-5.044348,3.897083,7.621023,-4.4
7885,-5.017723,3.881791,7.621023,-4.4
7886,-4.990292,3.866301,7.621023,-4.4
7887,-4.96315,3.8502,7.621023,-4.4
7888,-4.937038,3.834926,7.621023,-4.4
7889,-4.910028,3.81868,7.621023,-4.4
7890,-4.883843,3.802149,7.621023,-4.4
7891,-4.856156,3.78523,7.621023,-4.4
7892,-4.831787,3.76865,7.621023,-4.4
7893,-4.806221,3.751047,7.621023,-4.4
7894,-4.779513,3.732605,7.621023,-4.4
7895,-4.752888,3.714104,7.621023,-4.4
7896,-4.72407,3.696932,7.621023,-4.4
7897,-4.694352,3.679276,7.621023,-4.4
7898,-4.667792,3.660395,7.621023,-4.4
7899,-4.646098,3.645495,7.621023,-4.4
7900,-4.625183,3.634188,7.621023,-4.4
7901,-4.60425,3.620956,7.621023,-4.4
7902,-4.584027,3.612023,7.621023,-4.4
7903,-4.56568,3.604137,7.621023,-4.4
7904,-4.546785,3.595734,7.621023,-4.4
7905,-4.523502,3.589142,7.621023,-4.4
7906,-4.496954,3.579696,7.621023,-4.4
7907,-4.474561,3.572169,7.621023,-4.4
7908,-4.452793,3.564433,7.621023,-4.4
7909,-4.427269,3.555274,7.621023,-4.4
7910,-4.404652,3.547493,7.621023,-4.4
7911,-4.379912,3.540443,7.621023,-4.4
7912,-4.357414,3.535266,7.621023,-4.4
7913,-4.333665,3.529128,7.621023,-4.4
7914,-4.313677,3.523066,7.621023,-4.4
7915,-4.292106,3.516643,7.621023,-4.4
7916,-4.266979,3.510781,7.621023,-4.4
7917,-4.242723,3.502879,7.621023,-4.4
7918,-4.21711,3.495735,7.621023,-4.4
7919,-4.189483,3.488176,7.621023,-4.4
7920,-4.164252,3.480795,7.621023,-4.4
7921,-4.135091,3.474696,7.621023,-4.4
7922,-4.10437,3.470817,7.621023,-4.4
7923,-4.073521,3.464529,7.621023,-4.4
7924,-4.043571,3.457639,7.621023,-4.4
7925,-4.015051,3.452224,7.621023,-4.4
7926,-3.988099,3.446079,7.621023,-4.4
7927,-3.961182,3.441713,7.621023,-4.4
7928,-3.93073,3.438298,7.621023,-4.4
7929,-3.898821,3.434296,7.621023,-4.4
7930,-3.864263,3.43188,7.621023,-4.4
7931,-3.831698,3.428991,7.621023,-4.4
7932,-3.802471,3.427501,7.621023,-4.4
7933,-3.772464,3.424613,7.621023,-4.4
7934,-3.743052,3.421765,7.621023,-4.4
7935,-3.714556,3.418229,7.621023,-4.4
7936,-3.685593,3.411131,7.621023,-4.4
7937,-3.657718,3.40691,7.621023,-4.4
7938,-3.63029,3.39809,7.621023,-4.4
7939,-3.603447,3.389424,7.621023,-4.4
7940,-3.576074,3.377961,7.621023,-4.4
7941,-3.548718,3.365294,7.621023,-4.4
7942,-3.519823,3.351074,7.621023,-4.4
7943,-3.490729,3.335278,7.621023,-4.4
7944,-3.465202,3.321124,7.621023,-4.4
7945,-3.438509,3.306672,7.621023,-4.4
7946,-3.410511,3.290984,7.621023,-4.4
7947,-3.382297,3.276559,7.621023,-4.4
7948,-3.352656,3.262833,7.621023,-4.4
7949,-3.321004,3.245524,7.621023,-4.4
7950,-3.290793,3.228826,7.621023,-4.4
7951,-3.260919,3.211273,7.621023,-4.4
7952,-3.23112,3.193891,7.621023,-4.4
7953,-3.206012,3.1793,7.621023,-4.4
7954,-3.181594,3.166818,7.621023,-4.4
7955,-3.15871,3.154598,7.621023,-4.4
7956,-3.139499,3.147624,7.621023,-4.4
7957,-3.118414,3.137782,7.621023,-4.4
7958,-3.097541,3.13003,7.621023,-4.4
7959,-3.073797,3.123763,7.621023,-4.4
7960,-3.046235,3.117024,7.621023,-4.4
7961,-3.021413,3.109486,7.621023,-4.4
7962,-2.995179,3.103322,7.621023,-4.4
7963,-2.971087,3.0968,7.621023,-4.4
7964,-2.944731,3.090596,7.621023,-4.4
7965,-2.919464,3.084915,7.621023,-4.4
7966,-2.894806,3.078416,7.621023,-4.4
7967,-2.868428,3.073042,7.621023,-4.4
7968,-2.840314,3.064254,7.621023,-4.4
7969,-2.815097,3.056381,7.621023,-4.4
7970,-2.786346,3.048097,7.621023,-4.4
7971,-2.755285,3.040588,7.621023,-4.4
7972,-2.723707,3.034939,7.621023,-4.4
7973,-2.691831,3.029696,7.621023,-4.4
7974,-2.657378,3.025922,7.621023,-4.4
7975,-2.623663,3.019108,7.621023,-4.4
7976,-2.591164,3.011263,7.621023,-4.4
7977,-2.561485,3.003674,7.621023,-4.4
7978,-2.534382,2.998441,7.621023,-4.4
7979,-2.509261,2.996618,7.621023,-4.4
7980,-2.481639,2.9933,7.621023,-4.4
7981,-2.451566,2.990194,7.621023,-4.4
7982,-2.420192,2.985368,7.621023,-4.4
7983,-2.386669,2.977787,7.621023,-4.4
7984,-2.355932,2.972424,7.621023,-4.4
7985,-2.327177,2.965894,7.621023,-4.4
7986,-2.29553,2.962015,7.621023,-4.4
7987,-2.267387,2.959433,7.621023,-4.4
7988,-2.238688,2.955487,7.621023,-4.4
7989,-2.207719,2.949544,7.621023,-4.4
7990,-2.180865,2.941795,7.621023,-4.4
7991,-2.153523,2.934539,7.621023,-4.4
7992,-2.126061,2.923241,7.621023,-4.4
7993,-2.096549,2.908975,7.621023,-4.4
7994,-2.06625,2.894688,7.621023,-4.4
7995,-2.038486,2.879379,7.621023,-4.4
7996,-2.009685,2.861207,7.621023,-4.4
7997,-1.980383,2.842415,7.621023,-4.4
7998,-1.951575,2.823476,7.621023,-4.4
7999,-1.924636,2.803722,7.621023,-4.4
8000,-1.896638,2.785667,7.621023,-4.4
8001,-1.869108,2.768984,7.621023,-4.4
8002,-1.839811,2.749914,7.621023,-4.4
8003,-1.813643,2.729616,7.621023,-4.4
8004,-1.787486,2.712103,7.621023,-4.4
8005,-1.763362,2.697202,7.621023,-4.4
8006,-1.740216,2.683122,7.621023,-4.4
8007,-1.720293,2.669315,7.621023,-4.4
8008,-1.705899,2.660427,7.621023,-4.4
8009,-1.68778,2.651247,7.621023,-4.4
8010,-1.668272,2.640817,7.621023,-4.4
8011,-1.649197,2.62993,7.621023,-4.4
8012,-1.629541,2.619222,7.621023,-4.4
8013,-1.608067,2.609737,7.621023,-4.4
8014,-1.58561,2.602288,7.621023,-4.4
8015,-1.564588,2.592855,7.621023,-4.4
8016,-1.541224,2.583161,7.621023,-4.4
8017,-1.519584,2.575264,7.621023,-4.4
8018,-1.497172,2.568551,7.621023,-4.4
8019,-1.479344,2.561508,7.621023,-4.4
8020,-1.460711,2.554245,7.621023,-4.4
8021,-1.436988,2.545072,7.621023,-4.4
8022,-1.410816,2.535274,7.621023,-4.4
8023,-1.384861,2.526719,7.621023,-4.4
8024,-1.360243,2.516918,7.621023,-4.4
8025,-1.337093,2.50834,7.621023,-4.4
8026,-1.313869,2.500268,7.621023,-4.4
8027,-1.288398,2.492203,7.621023,-4.4
8028,-1.258745,2.482449,7.621023,-4.4
8029,-1.227691,2.472129,7.621023,-4.4
8030,-1.200307,2.465312,7.621023,-4.4
8031,-1.168916,2.457933,7.621023,-4.4
8032,-1.141771,2.449157,7.621023,-4.4
8033,-1.114525,2.439883,7.621023,-4.4
8034,-1.087357,2.432379,7.621023,-4.4
8035,-1.060776,2.424948,7.621023,-4.4
8036,-1.033892,2.416526,7.621023,-4.4
8037,-1.007306,2.406627,7.621023,-4.4
8038,-0.981742,2.398546,7.621023,-4.4
8039,-0.9556369,2.392898,7.621023,-4.4
8040,-0.9288568,2.385496,7.621023,-4.4
8041,-0.9034707,2.377729,7.621023,-4.4
8042,-0.8775818,2.369798,7.621023,-4.4
8043,-0.8509468,2.360136,7.621023,-4.4
8044,-0.8239113,2.350255,7.621023,-4.4
8045,-0.7973418,2.336621,7.621023,-4.4
8046,-0.7734082,2.322331,7.621023,-4.4
8047,-0.7495906,2.307324,7.621023,-4.4
8048,-0.7247836,2.291816,7.621023,-4.4
8049,-0.6986849,2.274419,7.621023,-4.4
8050,-0.674951,2.25538,7.621023,-4.4
8051,-0.6498047,2.233501,7.621023,-4.4
8052,-0.6223729,2.212602,7.621023,-4.4
8053,-0.5972897,2.192353,7.621023,-4.4
8054,-0.5723247,2.169216,7.621023,-4.4
8055,-0.5470596,2.147557,7.621023,-4.4
8056,-0.5222669,2.12545,7.621023,-4.4
8057,-0.4974856,2.103513,7.621023,-4.4
8058,-0.4739972,2.084224,7.621023,-4.4
8059,-0.4510341,2.06489,7.621023,-4.4
8060,-0.427893,2.044453,7.621023,-4.4
8061,-0.4091204,2.029886,7.621023,-4.4
8062,-0.3891594,2.012931,7.621023,-4.4
8063,-0.3705825,1.999847,7.621023,-4.4
8064,-0.3525526,1.986687,7.621023,-4.4
8065,-0.3347173,1.973999,7.621023,-4.4
8066,-0.3176143,1.964313,7.621023,-4.4
8067,-0.3011084,1.953275,7.621023,-4.4
8068,-0.2779562,1.940465,7.621023,-4.4
8069,-0.2556446,1.92864,7.621023,-4.4
8070,-0.2352604,1.917538,7.621023,-4.4
8071,-0.2154502,1.90582,7.621023,-4.4
8072,-0.1921583,1.895568,7.621023,-4.4
8073,-0.1680734,1.884962,7.621023,-4.4
8074,-0.1450602,1.875367,7.621023,-4.4
8075,-0.1219213,1.864906,7.621023,-4.4
8076,-0.09867101,1.856189,7.621023,-4.4
8077,-0.07556839,1.84663,7.621023,-4.4
8078,-0.05276905,1.836978,7.621023,-4.4
8079,-0.02859359,1.826132,7.621023,-4.4
8080,-0.00327595,1.815721,7.621023,-4.4
8081,0.02427148,1.804054,7.621023,-4.4
8082,0.05587317,1.79234,7.621023,-4.4
8083,0.08447853,1.780512,7.621023,-4.4
8084,0.115341,1.769196,7.621023,-4.4
8085,0.145558,1.755947,7.621023,-4.4
8086,0.1760917,1.743481,7.621023,-4.4
8087,0.2006381,1.732284,7.621023,-4.4
8088,0.2261298,1.724683,7.621023,-4.4
8089,0.2525998,1.716217,7.621023,-4.4
8090,0.2811849,1.706615,7.621023,-4.4
8091,0.3091983,1.695156,7.621023,-4.4
8092,0.3360655,1.683418,7.621023,-4.4
8093,0.3628619,1.675115,7.621023,-4.4
8094,0.3875172,1.667367,7.621023,-4.4
8095,0.4127102,1.65564,7.621023,-4.4
8096,0.4391254,1.642893,7.621023,-4.4
8097,0.4653712,1.629752,7.621023,-4.4
8098,0.4918851,1.614812,7.621023,-4.4
8099,0.5177181,1.600165,7.621023,-4.4
8100,0.5413515,1.586001,7.621023,-4.4
8101,0.5650618,1.57032,7.621023,-4.4
8102,0.588716,1.553233,7.621023,-4.4
8103,0.6105585,1.535921,7.621023,-4.4
8104,0.6322969,1.516128,7.621023,-4.4
8105,0.6549082,1.497206,7.621023,-4.4
8106,0.6790229,1.477173,7.621023,-4.4
8107,0.7019762,1.457881,7.621023,-4.4
8108,0.7249777,1.436728,7.621023,-4.4
8109,0.7503878,1.41415,7.621023,-4.4
8110,0.7737412,1.3938,7.621023,-4.4
8111,0.7980843,1.372708,7.621023,-4.4
8112,0.8219549,1.3514,7.621023,-4.4
8113,0.8408288,1.333182,7.621023,-4.4
8114,0.8616648,1.315354,7.621023,-4.4
8115,0.8834211,1.297733,7.621023,-4.4
8116,0.9029625,1.281855,7.621023,-4.4
8117,0.919938,1.267512,7.621023,-4.4
8118,0.9368998,1.254748,7.621023,-4.4
8119,0.955293,1.244966,7.621023,-4.4
8120,0.9754053,1.233066,7.621023,-4.4
8121,0.9973692,1.222693,7.621023,-4.4
8122,1.020362,1.211397,7.621023,-4.4
8123,1.042456,1.198155,7.621023,-4.4
8124,1.066355,1.187508,7.621023,-4.4
8125,1.089441,1.176685,7.621023,-4.4
8126,1.109612,1.165221,7.621023,-4.4
8127,1.130553,1.155411,7.621023,-4.4
8128,1.151363,1.14379,7.621023,-4.4
8129,1.17171,1.132178,7.621023,-4.4
8130,1.196094,1.121402,7.621023,-4.4
8131,1.220185,1.11055,7.621023,-4.4
8132,1.246369,1.097914,7.621023,-4.4
8133,1.271886,1.086519,7.621023,-4.4
8134,1.300425,1.076483,7.621023,-4.4
8135,1.3307,1.06724,7.621023,-4.4
8136,1.362925,1.055431,7.621023,-4.4
8137,1.393335,1.043126,7.621023,-4.4
8138,1.42305,1.029891,7.621023,-4.4
8139,1.451154,1.018893,7.621023,-4.4
8140,1.477928,1.007764,7.621023,-4.4
8141,1.5061,0.9967538,7.621023,-4.4
8142,1.532171,0.986821,7.621023,-4.4
8143,1.558895,0.9791298,7.621023,-4.4
8144,1.584111,0.9718634,7.621023,-4.4
8145,1.610721,0.9622567,7.621023,-4.4
8146,1.639848,0.9548386,7.621023,-4.4
8147,1.668976,0.9465951,7.621023,-4.4
8148,1.696615,0.9365346,7.621023,-4.4
8149,1.725781,0.9249396,7.621023,-4.4
8150,1.754424,0.9128705,7.621023,-4.4
8151,1.780588,0.9001479,7.621023,-4.4
8152,1.802225,0.8861319,7.621023,-4.4
8153,1.826869,0.8692946,7.621023,-4.4
8154,1.853472,0.849906,7.621023,-4.4
8155,1.878504,0.8301721,7.621023,-4.4
8156,1.900565,0.810813,7.621023,-4.4
8157,1.921919,0.7909292,7.621023,-4.4
8158,1.943634,0.7716131,7.621023,-4.4
8159,1.968152,0.7495795,7.621023,-4.4
8160,1.993252,0.7272931,7.621023,-4.4
8161,2.019043,0.7070623,7.621023,-4.4
8162,2.043772,0.6849307,7.621023,-4.4
8163,2.068647,0.662715,7.621023,-4.4
8164,2.093638,0.6391128,7.621023,-4.4
8165,2.116768,0.6144422,7.621023,-4.4
8166,2.138636,0.5919192,7.621023,-4.4
8167,2.159604,0.5719874,7.621023,-4.4
8168,2.178549,0.5527537,7.621023,-4.4
8169,2.19496,0.5353137,7.621023,-4.4
8170,2.20978,0.5191672,7.621023,-4.4
8171,2.225718,0.504629,7.621023,-4.4
8172,2.243778,0.4904752,7.621023,-4.4
8173,2.261069,0.4774132,7.621023,-4.4
8174,2.278724,0.4649485,7.621023,-4.4
8175,2.300613,0.4495618,7.621023,-4.4
8176,2.32345,0.4345631,7.621023,-4.4
8177,2.344922,0.4228545,7.621023,-4.4
8178,2.365312,0.4108709,7.621023,-4.4
8179,2.383155,0.4022844,7.621023,-4.4
8180,2.403822,0.3912653,7.621023,-4.4
8181,2.424347,0.3805049,7.621023,-4.4
8182,2.444731,0.369725,7.621023,-4.4
8183,2.464557,0.3596106,7.621023,-4.4
8184,2.485399,0.3464943,7.621023,-4.4
8185,2.505638,0.3331309,7.621023,-4.4
8186,2.525213,0.3209995,7.621023,-4.4
8187,2.54528,0.3073719,7.621023,-4.4
8188,2.566431,0.2931864,7.621023,-4.4
8189,2.592444,0.2777517,7.621023,-4.4
8190,2.618589,0.2623967,7.621023,-4.4
8191,2.648591,0.2486762,7.621023,-4.4
8192,2.677099,0.2337318,7.621023,-4.4
8193,2.704792,0.2188187,7.621023,-4.4
8194,2.730825,0.2046063,7.621023,-4.4
8195,2.757461,0.1919203,7.621023,-4.4
8196,2.784052,0.1824497,7.621023,-4.4
8197,2.810323,0.1711843,7.621023,-4.4
8198,2.83357,0.1617702,7.621023,-4.4
8199,2.859308,0.1494174,7.621023,-4.4
8200,2.887845,0.1361037,7.621023,-4.4
8201,2.915064,0.1238212,7.621023,-4.4
8202,2.940108,0.1122318,7.621023,-4.4
8203,2.964811,0.1000549,7.621023,-4.4
8204,2.98913,0.08478486,7.621023,-4.4
8205,3.011486,0.06903382,7.621023,-4.4
8206,3.03383,0.05061498,7.621023,-4.4
8207,3.056515,0.03167682,7.621023,-4.4
8208,3.077184,0.013484,7.621023,-4.4
8209,3.097088,-0.005854242,7.621023,-4.4
8210,3.119159,-0.02865751,7.621023,-4.4
8211,3.141071,-0.05242054,7.621023,-4.4
8212,3.160645,-0.07718705,7.621023,-4.4
8213,3.17835,-0.1001881,7.621023,-4.4
8214,3.195028,-0.1237281,7.621023,-4.4
8215,3.213056,-0.1458503,7.621023,-4.4
8216,3.234357,-0.1698367,7.621023,-4.4
8217,3.254066,-0.1948834,7.621023,-4.4
8218,3.275957,-0.2205467,7.621023,-4.4
8219,3.294241,-0.2452793,7.621023,-4.4
8220,3.312121,-0.2699769,7.621023,-4.4
8221,3.328883,-0.2910476,7.621023,-4.4
8222,3.347006,-0.3133697,7.621023,-4.4
8223,3.363437,-0.3342597,7.621023,-4.4
8224,3.379066,-0.3481629,7.621023,-4.4
8225,3.394902,-0.3632254,7.621023,-4.4
8226,3.412225,-0.3778417,7.621023,-4.4
8227,3.42881,-0.3943073,7.621023,-4.4
8228,3.443816,-0.4066206,7.621023,-4.4
8229,3.460196,-0.4183967,7.621023,-4.4
8230,3.478506,-0.4326298,7.621023,-4.4
8231,3.497625,-0.4488888,7.621023,-4.4
8232,3.514963,-0.4624907,7.621023,-4.4
8233,3.534665,-0.478323,7.621023,-4.4
8234,3.554506,-0.4929945,7.621023,-4.4
8235,3.574116,-0.5073639,7.621023,-4.4
8236,3.591383,-0.5209618,7.621023,-4.4
8237,3.607361,-0.5349439,7.621023,-4.4
8238,3.623876,-0.5503438,7.621023,-4.4
8239,3.644319,-0.5664377,7.621023,-4.4
8240,3.666726,-0.5808961,7.621023,-4.4
8241,3.690092,-0.5965239,7.621023,-4.4
8242,3.71278,-0.6102435,7.621023,-4.4
8243,3.737929,-0.6255036,7.621023,-4.4
8244,3.766337,-0.6416375,7.621023,-4.4
8245,3.795613,-0.6585295,7.621023,-4.4
8246,3.821444,-0.6757951,7.621023,-4.4
8247,3.848313,-0.6911488,7.621023,-4.4
8248,3.875487,-0.7055227,7.621023,-4.4
8249,3.899332,-0.7205701,7.621023,-4.4
8250,3.923982,-0.7352184,7.621023,-4.4
8251,3.950481,-0.750433,7.621023,-4.4
8252,3.97754,-0.7640513,7.621023,-4.4
8253,4.005194,-0.78,7.621023,-4.4
8254,4.031991,-0.79645,7.621023,-4.4
8255,4.056335,-0.8102652,7.621023,-4.4
8256,4.082698,-0.826161,7.621023,-4.4
8257,4.109389,-0.8423816,7.621023,-4.4
8258,4.133417,-0.8576785,7.621023,-4.4
8259,4.158129,-0.8741494,7.621023,-4.4
8260,4.181398,-0.8897395,7.621023,-4.4
8261,4.203558,-0.9054397,7.621023,-4.4
8262,4.225232,-0.9245808,7.621023,-4.4
8263,4.246984,-0.9436484,7.621023,-4.4
8264,4.270545,-0.9661002,7.621023,-4.4
8265,4.295837,-0.9876676,7.621023,-4.4
8266,4.321079,-1.012324,7.621023,-4.4
8267,4.342235,-1.035328,7.621023,-4.4
8268,4.362796,-1.05755,7.621023,-4.4
8269,4.383845,-1.079564,7.621023,-4.4
8270,4.406329,-1.10414,7.621023,-4.4
8271,4.430456,-1.127489,7.621023,-4.4
8272,4.454016,-1.151365,7.621023,-4.4
8273,4.475616,-1.174989,7.621023,-4.4
8274,4.498827,-1.196757,7.621023,-4.4
8275,4.521105,-1.220167,7.621023,-4.4
8276,4.539674,-1.239138,7.621023,-4.4
8277,4.557255,-1.255836,7.621023,-4.4
8278,4.575501,-1.27325,7.621023,-4.4
8279,4.591032,-1.28453,7.621023,-4.4
8280,4.607542,-1.297378,7.621023,-4.4
8281,4.625705,-1.308279,7.621023,-4.4
8282,4.644943,-1.318962,7.621023,-4.4
8283,4.666966,-1.329266,7.621023,-4.4
8284,4.688931,-1.341632,7.621023,-4.4
8285,4.711349,-1.353838,7.621023,-4.4
8286,4.734165,-1.364551,7.621023,-4.4
8287,4.755285,-1.37549,7.621023,-4.4
8288,4.776678,-1.388646,7.621023,-4.4
8289,4.797901,-1.400579,7.621023,-4.4
8290,4.823756,-1.414026,7.621023,-4.4
8291,4.849463,-1.428436,7.621023,-4.4
8292,4.875123,-1.443083,7.621023,-4.4
8293,4.902162,-1.457368,7.621023,-4.4
8294,4.928033,-1.470384,7.621023,-4.4
8295,4.952387,-1.482968,7.621023,-4.4
8296,4.976353,-1.494919,7.621023,-4.4
8297,5.003438,-1.505323,7.621023,-4.4
8298,5.029243,-1.517305,7.621023,-4.4
8299,5.05761,-1.530512,7.621023,-4.4
8300,5.085397,-1.542265,7.621023,-4.4
8301,5.111628,-1.552029,7.621023,-4.4
8302,5.137816,-1.561472,7.621023,-4.4
8303,5.160918,-1.570637,7.621023,-4.4
8304,5.186648,-1.579262,7.621023,-4.4
8305,5.214592,-1.589186,7.621023,-4.4
8306,5.24455,-1.600768,7.621023,-4.4
8307,5.273325,-1.612593,7.621023,-4.4
8308,5.299451,-1.620377,7.621023,-4.4
8309,5.328823,-1.63144,7.621023,-4.4
8310,5.353836,-1.64333,7.621023,-4.4
8311,5.382211,-1.655689,7.621023,-4.4
8312,5.410837,-1.67037,7.621023,-4.4
8313,5.434163,-1.685751,7.621023,-4.4
8314,5.458206,-1.702962,7.621023,-4.4
8315,5.4823,-1.721988,7.621023,-4.4
8316,5.507097,-1.743547,7.621023,-4.4
8317,5.53127,-1.765887,7.621023,-4.4
8318,5.555611,-1.789344,7.621023,-4.4
8319,5.577584,-1.812021,7.621023,-4.4
8320,5.599016,-1.833537,7.621023,-4.4
8321,5.623028,-1.857585,7.621023,-4.4
8322,5.643993,-1.879837,7.621023,-4.4
8323,5.666479,-1.901892,7.621023,-4.4
8324,5.690317,-1.92651,7.621023,-4.4
8325,5.715338,-1.953494,7.621023,-4.4
8326,5.738567,-1.978559,7.621023,-4.4
8327,5.763025,-2.002764,7.621023,-4.4
8328,5.787609,-2.028048,7.621023,-4.4
8329,5.808043,-2.050377,7.621023,-4.4
8330,5.828662,-2.069628,7.621023,-4.4
8331,5.848909,-2.086375,7.621023,-4.4
8332,5.868003,-2.100351,7.621023,-4.4
8333,5.88486,-2.11219,7.621023,-4.4
8334,5.901737,-2.124676,7.621023,-4.4
8335,5.921083,-2.139411,7.621023,-4.4
8336,5.94324,-2.156281,7.621023,-4.4
8337,5.966364,-2.173558,7.621023,-4.4
8338,5.987919,-2.186152,7.621023,-4.4
8339,6.009162,-2.197476,7.621023,-4.4
8340,6.03495,-2.211426,7.621023,-4.4
8341,6.056597,-2.223159,7.621023,-4.4
8342,6.07526,-2.23456,7.621023,-4.4
8343,6.09466,-2.246042,7.621023,-4.4
8344,6.116396,-2.259378,7.621023,-4.4
8345,6.137391,-2.273165,7.621023,-4.4
8346,6.158925,-2.284979,7.621023,-4.4
8347,6.18364,-2.298057,7.621023,-4.4
8348,6.210059,-2.312124,7.621023,-4.4
8349,6.236185,-2.325273,7.621023,-4.4
8350,6.261045,-2.338353,7.621023,-4.4
8351,6.286203,-2.351774,7.621023,-4.4
8352,6.311393,-2.364863,7.621023,-4.4
8353,6.335307,-2.37824,7.621023,-4.4
8354,6.360277,-2.387802,7.621023,-4.4
8355,6.381418,-2.39833,7.621023,-4.4
8356,6.403908,-2.408779,7.621023,-4.4
8357,6.426899,-2.419091,7.621023,-4.4
8358,6.449116,-2.429725,7.621023,-4.4
8359,6.471274,-2.442469,7.621023,-4.4
8360,6.494668,-2.456376,7.621023,-4.4
8361,6.519344,-2.468483,7.621023,-4.4
8362,6.543921,-2.481166,7.621023,-4.4
8363,6.566376,-2.494842,7.621023,-4.4
8364,6.588113,-2.509349,7.621023,-4.4
8365,6.610481,-2.524616,7.621023,-4.4
8366,6.631963,-2.53971,7.621023,-4.4
8367,6.652118,-2.554505,7.621023,-4.4
8368,6.671374,-2.570043,7.621023,-4.4
8369,6.690072,-2.587878,7.621023,-4.4
8370,6.707447,-2.606025,7.621023,-4.4
8371,6.724907,-2.625132,7.621023,-4.4
8372,6.743961,-2.64713,7.621023,-4.4
8373,6.762675,-2.670288,7.621023,-4.4
8374,6.779735,-2.694458,7.621023,-4.4
8375,6.795932,-2.719947,7.621023,-4.4
8376,6.813548,-2.745955,7.621023,-4.4
8377,6.831802,-2.773633,7.621023,-4.4
8378,6.850812,-2.800163,7.621023,-4.4
8379,6.871076,-2.827949,7.621023,-4.4
8380,6.891383,-2.855755,7.621023,-4.4
8381,6.909884,-2.882926,7.621023,-4.4
8382,6.92814,-2.908782,7.621023,-4.4
8383,6.945613,-2.931876,7.621023,-4.4
8384,6.960973,-2.951508,7.621023,-4.4
8385,6.976696,-2.969741,7.621023,-4.4
8386,6.992123,-2.992046,7.621023,-4.4
8387,7.00352,-3.009229,7.621023,-4.4
8388,7.017198,-3.025562,7.621023,-4.4
8389,7.033556,-3.042174,7.621023,-4.4
8390,7.05074,-3.063089,7.621023,-4.4
8391,7.064289,-3.078133,7.621023,-4.4
8392,7.080836,-3.093549,7.621023,-4.4
8393,7.097393,-3.107135,7.621023,-4.4
8394,7.114835,-3.122839,7.621023,-4.4
8395,7.132164,-3.141395,7.621023,-4.4
8396,7.14852,-3.15976,7.621023,-4.4
8397,7.164714,-3.176548,7.621023,-4.4
8398,7.182208,-3.19421,7.621023,-4.4
8399,7.200097,-3.214503,7.621023,-4.4
8400,7.216808,-3.235432,7.621023,-4.4
8401,7.233917,-3.252718,7.621023,-4.4
8402,7.250862,-3.269483,7.621023,-4.4
8403,7.268219,-3.287111,7.621023,-4.4
8404,7.285821,-3.303622,7.621023,-4.4
8405,7.307769,-3.324175,7.621023,-4.4
8406,7.331439,-3.347195,7.621023,-4.4
8407,7.351796,-3.368933,7.621023,-4.4
8408,7.370306,-3.388907,7.621023,-4.4
8409,7.388597,-3.405877,7.621023,-4.4
8410,7.407351,-3.423395,7.621023,-4.4
8411,7.42263,-3.43712,7.621023,-4.4
8412,7.439057,-3.451311,7.621023,-4.4
8413,7.46079,-3.469054,7.621023,-4.4
8414,7.481825,-3.490118,7.621023,-4.4
8415,7.50236,-3.512487,7.621023,-4.4
8416,7.524378,-3.534426,7.621023,-4.4
8417,7.543314,-3.555346,7.621023,-4.4
8418,7.561585,-3.577124,7.621023,-4.4
8419,7.577826,-3.597462,7.621023,-4.4
8420,7.593108,-3.616174,7.621023,-4.4
8421,7.607797,-3.638606,7.621023,-4.4
8422,7.621595,-3.661854,7.621023,-4.4
8423,7.631668,-3.684476,7.621023,-4.4
8424,7.640972,-3.708113,7.621023,-4.4
8425,7.650584,-3.736636,7.621023,-4.4
8426,7.660296,-3.766685,7.621023,-4.4
8427,7.668936,-3.793847,7.621023,-4.4
8428,7.675371,-3.822246,7.621023,-4.4
8429,7.67904,-3.849506,7.621023,-4.4
8430,7.684522,-3.878858,7.621023,-4.4
8431,7.689114,-3.907133,7.621023,-4.4
8432,7.693609,-3.935632,7.621023,-4.4
8433,7.699293,-3.963877,7.621023,-4.4
8434,7.704213,-3.993271,7.621023,-4.4
8435,7.708005,-4.024931,7.621023,-4.4
8436,7.711411,-4.055367,7.621023,-4.4
8437,7.714047,-4.081897,7.621023,-4.4
8438,7.716949,-4.106576,7.621023,-4.4
8439,7.721308,-4.127967,7.621023,-4.4
8440,7.726025,-4.147543,7.621023,-4.4
8441,7.730595,-4.168833,7.621023,-4.4
8442,7.734004,-4.189445,7.621023,-4.4
8443,7.738535,-4.20759,7.621023,-4.4
8444,7.74313,-4.227558,-4.4,7.621024
8445,7.750907,-4.247893,-4.4,7.621024
8446,7.758496,-4.266421,-4.4,7.621024
8447,7.765633,-4.285685,-4.4,7.621024
8448,7.770505,-4.303159,-4.4,7.621024
8449,7.775664,-4.319113,-4.4,7.621024
8450,7.78286,-4.332334,-4.4,7.621024
8451,7.789377,-4.347594,-4.4,7.621024
8452,7.796852,-4.362104,-4.4,7.621024
8453,7.80741,-4.378316,-4.4,7.621024
8454,7.821878,-4.393975,-4.4,7.621024
8455,7.836968,-4.413597,-4.4,7.621024
8456,7.848837,-4.436028,-4.4,7.621024
8457,7.857777,-4.457029,-4.4,7.621024
8458,7.862053,-4.473989,-4.4,7.621024
8459,7.865256,-4.486056,-4.4,7.621024
8460,7.866817,-4.498698,-4.4,7.621024
8461,7.867507,-4.516348,-4.4,7.621024
8462,7.865245,-4.534388,-4.4,7.621024
8463,7.859524,-4.547529,-4.4,7.621024
8464,7.856223,-4.561788,-4.4,7.621024
8465,7.850984,-4.574442,-4.4,7.621024
8466,7.845323,-4.584874,-4.4,7.621024
8467,7.838166,-4.593727,-4.4,7.621024
8468,7.83189,-4.604018,-4.4,7.621024
8469,7.827102,-4.614983,-4.4,7.621024
8470,7.821181,-4.626374,-4.4,7.621024
8471,7.812655,-4.635902,-4.4,7.621024
8472,7.799946,-4.644034,-4.4,7.621024
8473,7.785161,-4.648123,-4.4,7.621024
8474,7.768714,-4.649762,-4.4,7.621024
8475,7.751145,-4.646793,-4.4,7.621024
8476,7.737571,-4.641359,-4.4,7.621024
8477,7.724449,-4.636636,-4.4,7.621024
8478,7.709535,-4.63123,-4.4,7.621024
8479,7.695494,-4.624523,-4.4,7.621024
8480,7.679255,-4.61535,-4.4,7.621024
8481,7.663436,-4.604387,-4.4,7.621024
8482,7.646534,-4.594899,-4.4,7.621024
8483,7.628539,-4.584724,-4.4,7.621024
8484,7.608147,-4.570881,-4.4,7.621024
8485,7.588943,-4.555628,-4.4,7.621024
8486,7.572711,-4.544086,-4.4,7.621024
8487,7.558635,-4.534852,-4.4,7.621024
8488,7.544349,-4.529904,-4.4,7.621024
8489,7.524958,-4.522329,-4.4,7.621024
8490,7.509341,-4.51594,-4.4,7.621024
8491,7.495761,-4.509308,-4.4,7.621024
8492,7.478833,-4.504257,-4.4,7.621024
8493,7.4604,-4.49345,-4.4,7.621024
8494,7.441645,-4.485918,-4.4,7.621024
8495,7.427065,-4.479461,-4.4,7.621024
8496,7.410986,-4.472405,-4.4,7.621024
8497,7.392007,-4.467569,-4.4,7.621024
8498,7.3753,-4.459627,-4.4,7.621024
8499,7.354857,-4.451934,-4.4,7.621024
8500,7.334447,-4.445226,-4.4,7.621024
8501,7.31498,-4.438758,-4.4,7.621024
8502,7.296357,-4.434765,-4.4,7.621024
8503,7.279288,-4.429268,-4.4,7.621024
8504,7.260804,-4.424871,-4.4,7.621024
8505,7.242767,-4.419511,-4.4,7.621024
8506,7.227556,-4.414169,-4.4,7.621024
8507,7.207693,-4.407289,-4.4,7.621024
8508,7.19081,-4.40081,-4.4,7.621024
8509,7.175168,-4.394201,-4.4,7.621024
8510,7.153197,-4.38511,-4.4,7.621024
8511,7.129349,-4.375195,-4.4,7.621024
8512,7.106087,-4.365947,-4.4,7.621024
8513,7.081964,-4.356256,-4.4,7.621024
8514,7.058557,-4.349772,-4.4,7.621024
8515,7.032846,-4.341125,-4.4,7.621024
8516,7.007976,-4.332762,-4.4,7.621024
8517,6.982498,-4.32544,-4.4,7.621024
8518,6.956882,-4.31918,-4.4,7.621024
8519,6.930645,-4.309647,-4.4,7.621024
8520,6.904317,-4.29967,-4.4,7.621024
8521,6.882135,-4.292263,-4.4,7.621024
8522,6.857232,-4.282695,-4.4,7.621024
8523,6.830495,-4.271272,-4.4,7.621024
8524,6.804243,-4.262345,-4.4,7.621024
8525,6.778932,-4.252154,-4.4,7.621024
8526,6.755257,-4.239416,-4.4,7.621024
8527,6.732265,-4.225146,-4.4,7.621024
8528,6.710368,-4.210477,-4.4,7.621024
8529,6.689933,-4.196158,-4.4,7.621024
8530,6.669558,-4.180485,-4.4,7.621024
8531,6.649662,-4.162846,-4.4,7.621024
8532,6.628776,-4.143079,-4.4,7.621024
8533,6.608667,-4.120607,-4.4,7.621024
8534,6.590082,-4.095237,-4.4,7.621024
8535,6.57248,-4.071624,-4.4,7.621024
8536,6.555927,-4.046223,-4.4,7.621024
8537,6.540586,-4.022729,-4.4,7.621024
8538,6.523871,-3.999611,-4.4,7.621024
8539,6.504999,-3.973313,-4.4,7.621024
8540,6.485201,-3.947795,-4.4,7.621024
8541,6.46621,-3.921683,-4.4,7.621024
8542,6.447751,-3.896942,-4.4,7.621024
8543,6.429486,-3.87193,-4.4,7.621024
8544,6.412364,-3.850142,-4.4,7.621024
8545,6.393208,-3.830724,-4.4,7.621024
8546,6.375855,-3.815099,-4.4,7.621024
8547,6.359722,-3.7989,-4.4,7.621024
8548,6.344277,-3.784051,-4.4,7.621024
8549,6.328353,-3.77235,-4.4,7.621024
8550,6.31126,-3.758378,-4.4,7.621024
8551,6.291399,-3.745142,-4.4,7.621024
8552,6.271863,-3.731062,-4.4,7.621024
8553,6.251191,-3.717584,-4.4,7.621024
8554,6.231078,-3.709215,-4.4,7.621024
8555,6.211202,-3.700005,-4.4,7.621024
8556,6.192783,-3.688527,-4.4,7.621024
8557,6.17522,-3.67724,-4.4,7.621024
8558,6.157243,-3.664895,-4.4,7.621024
8559,6.138906,-3.653443,-4.4,7.621024
8560,6.119882,-3.641548,-4.4,7.621024
8561,6.100662,-3.629069,-4.4,7.621024
8562,6.077591,-3.61611,-4.4,7.621024
8563,6.052804,-3.603446,-4.4,7.621024
8564,6.026585,-3.59091,-4.4,7.621024
8565,6.000632,-3.580795,-4.4,7.621024
8566,5.973575,-3.570044,-4.4,7.621024
8567,5.943449,-3.559445,-4.4,7.621024
8568,5.912165,-3.54516,-4.4,7.621024
8569,5.8836,-3.532272,-4.4,7.621024
8570,5.855991,-3.519057,-4.4,7.621024
8571,5.831326,-3.509807,-4.4,7.621024
8572,5.804541,-3.499907,-4.4,7.621024
8573,5.775961,-3.489701,-4.4,7.621024
8574,5.749298,-3.476609,-4.4,7.621024
8575,5.722071,-3.463156,-4.4,7.621024
8576,5.693833,-3.449344,-4.4,7.621024
8577,5.665755,-3.436949,-4.4,7.621024
8578,5.641329,-3.426202,-4.4,7.621024
8579,5.617791,-3.41767,-4.4,7.621024
8580,5.595042,-3.40923,-4.4,7.621024
8581,5.5746,-3.40043,-4.4,7.621024
8582,5.553314,-3.387951,-4.4,7.621024
8583,5.531983,-3.372386,-4.4,7.621024
8584,5.512324,-3.357888,-4.4,7.621024
8585,5.491977,-3.340403,-4.4,7.621024
8586,5.469105,-3.32047,-4.4,7.621024
8587,5.445927,-3.298601,-4.4,7.621024
8588,5.423623,-3.275286,-4.4,7.621024
8589,5.402667,-3.25099,-4.4,7.621024
8590,5.381756,-3.22723,-4.4,7.621024
8591,5.358498,-3.201639,-4.4,7.621024
8592,5.332018,-3.176961,-4.4,7.621024
8593,5.304253,-3.151014,-4.4,7.621024
8594,5.279873,-3.125907,-4.4,7.621024
8595,5.254287,-3.101051,-4.4,7.621024
8596,5.232533,-3.078148,-4.4,7.621024
8597,5.212675,-3.05546,-4.4,7.621024
8598,5.194089,-3.035192,-4.4,7.621024
8599,5.175397,-3.01517,-4.4,7.621024
8600,5.157827,-2.99937,-4.4,7.621024
8601,5.13909,-2.985194,-4.4,7.621024
8602,5.119402,-2.969385,-4.4,7.621024
8603,5.100347,-2.958266,-4.4,7.621024
8604,5.083357,-2.946915,-4.4,7.621024
8605,5.063296,-2.93314,-4.4,7.621024
8606,5.043241,-2.917701,-4.4,7.621024
8607,5.023939,-2.907675,-4.4,7.621024
8608,5.002596,-2.896579,-4.4,7.621024
8609,4.98,-2.883048,-4.4,7.621024
8610,4.958708,-2.869005,-4.4,7.621024
8611,4.939356,-2.854846,-4.4,7.621024
8612,4.921377,-2.842546,-4.4,7.621024
8613,4.903244,-2.830953,-4.4,7.621024
8614,4.878626,-2.817579,-4.4,7.621024
8615,4.854285,-2.804166,-4.4,7.621024
8616,4.831301,-2.791794,-4.4,7.621024
8617,4.807863,-2.779332,-4.4,7.621024
8618,4.784104,-2.766294,-4.4,7.621024
8619,4.756605,-2.753205,-4.4,7.621024
8620,4.729205,-2.738178,-4.4,7.621024
8621,4.70251,-2.724422,-4.4,7.621024
8622,4.67734,-2.710812,-4.4,7.621024
8623,4.651723,-2.69785,-4.4,7.621024
8624,4.626296,-2.685559,-4.4,7.621024
8625,4.601058,-2.673378,-4.4,7.621024
8626,4.573718,-2.663743,-4.4,7.621024
8627,4.548047,-2.656277,-4.4,7.621024
8628,4.523075,-2.644429,-4.4,7.621024
8629,4.496255,-2.63227,-4.4,7.621024
8630,4.467026,-2.620042,-4.4,7.621024
8631,4.439344,-2.605486,-4.4,7.621024
8632,4.41544,-2.594351,-4.4,7.621024
8633,4.390496,-2.585345,-4.4,7.621024
8634,4.364633,-2.572496,-4.4,7.621024
8635,4.342243,-2.560551,-4.4,7.621024
8636,4.318583,-2.545591,-4.4,7.621024
8637,4.295125,-2.529155,-4.4,7.621024
8638,4.271011,-2.512459,-4.4,7.621024
8639,4.24678,-2.492922,-4.4,7.621024
8640,4.223722,-2.47012,-4.4,7.621024
8641,4.201131,-2.446426,-4.4,7.621024
8642,4.179277,-2.422725,-4.4,7.621024
8643,4.15722,-2.39949,-4.4,7.621024
8644,4.134175,-2.37439,-4.4,7.621024
8645,4.111167,-2.349685,-4.4,7.621024
8646,4.087759,-2.327018,-4.4,7.621024
8647,4.064418,-2.303904,-4.4,7.621024
8648,4.039845,-2.279649,-4.4,7.621024
8649,4.016508,-2.256781,-4.4,7.621024
8650,3.993014,-2.233327,-4.4,7.621024
8651,3.972553,-2.212778,-4.4,7.621024
8652,3.950323,-2.194959,-4.4,7.621024
8653,3.931401,-2.179193,-4.4,7.621024
8654,3.914852,-2.165046,-4.4,7.621024
8655,3.896222,-2.150194,-4.4,7.621024
8656,3.877217,-2.136064,-4.4,7.621024
8657,3.857901,-2.1242,-4.4,7.621024
8658,3.837157,-2.113322,-4.4,7.621024
8659,3.816994,-2.100918,-4.4,7.621024
8660,3.793145,-2.087986,-4.4,7.621024
8661,3.76722,-2.07542,-4.4,7.621024
8662,3.747007,-2.064612,-4.4,7.621024
8663,3.724475,-2.052991,-4.4,7.621024
8664,3.702691,-2.042439,-4.4,7.621024
8665,3.681616,-2.030094,-4.4,7.621024
8666,3.660941,-2.018431,-4.4,7.621024
8667,3.639444,-2.006337,-4.4,7.621024
8668,3.61515,-1.99445,-4.4,7.621024
8669,3.589296,-1.983783,-4.4,7.621024
8670,3.561136,-1.971205,-4.4,7.621024
8671,3.532975,-1.959448,-4.4,7.621024
8672,3.504261,-1.947142,-4.4,7.621024
8673,3.474691,-1.933989,-4.4,7.621024
8674,3.448335,-1.920412,-4.4,7.621024
8675,3.418844,-1.906292,-4.4,7.621024
8676,3.390715,-1.89558,-4.4,7.621024
8677,3.36405,-1.886532,-4.4,7.621024
8678,3.336121,-1.878173,-4.4,7.621024
8679,3.306909,-1.869068,-4.4,7.621024
8680,3.278092,-1.857255,-4.4,7.621024
8681,3.248416,-1.845729,-4.4,7.621024
8682,3.219416,-1.835073,-4.4,7.621024
8683,3.18919,-1.824515,-4.4,7.621024
8684,3.162572,-1.813757,-4.4,7.621024
8685,3.134817,-1.803289,-4.4,7.621024
8686,3.107344,-1.791416,-4.4,7.621024
8687,3.082027,-1.779185,-4.4,7.621024
8688,3.057852,-1.766399,-4.4,7.621024
8689,3.033051,-1.753519,-4.4,7.621024
8690,3.007739,-1.740156,-4.4,7.621024
8691,2.984476,-1.724256,-4.4,7.621024
8692,2.961142,-1.705703,-4.4,7.621024
8693,2.937616,-1.68548,-4.4,7.621024
8694,2.914365,-1.664356,-4.4,7.621024
8695,2.893395,-1.641763,-4.4,7.621024
8696,2.871505,-1.618869,-4.4,7.621024
8697,2.847357,-1.594481,-4.4,7.621024
8698,2.823652,-1.569417,-4.4,7.621024
8699,2.797051,-1.541441,-4.4,7.621024
8700,2.771855,-1.514794,-4.4,7.621024
8701,2.74614,-1.486605,-4.4,7.621024
8702,2.719597,-1.460654,-4.4,7.621024
8703,2.695625,-1.434914,-4.4,7.621024
8704,2.671932,-1.410306,-4.4,7.621024
8705,2.651701,-1.389407,-4.4,7.621024
8706,2.633263,-1.375296,-4.4,7.621024
8707,2.612727,-1.357237,-4.4,7.621024
8708,2.592444,-1.341065,-4.4,7.621024
8709,2.57046,-1.324272,-4.4,7.621024
8710,2.550586,-1.311052,-4.4,7.621024
8711,2.527811,-1.296999,-4.4,7.621024
8712,2.505926,-1.283745,-4.4,7.621024
8713,2.485897,-1.27089,-4.4,7.621024
8714,2.465945,-1.258285,-4.4,7.621024
8715,2.443792,-1.247101,-4.4,7.621024
8716,2.42095,-1.235566,-4.4,7.621024
8717,2.396676,-1.223354,-4.4,7.621024
8718,2.374126,-1.209652,-4.4,7.621024
8719,2.350863,-1.196476,-4.4,7.621024
8720,2.32894,-1.18284,-4.4,7.621024
8721,2.304058,-1.170404,-4.4,7.621024
8722,2.281334,-1.158415,-4.4,7.621024
8723,2.254481,-1.14511,-4.4,7.621024
8724,2.229634,-1.132601,-4.4,7.621024
8725,2.204949,-1.121496,-4.4,7.621024
8726,2.177054,-1.108127,-4.4,7.621024
8727,2.149478,-1.095271,-4.4,7.621024
8728,2.120358,-1.08349,-4.4,7.621024
8729,2.090889,-1.069648,-4.4,7.621024
8730,2.063365,-1.058318,-4.4,7.621024
8731,2.03424,-1.046844,-4.4,7.621024
8732,2.005529,-1.036,-4.4,7.621024
8733,1.977165,-1.02389,-4.4,7.621024
8734,1.950873,-1.013114,-4.4,7.621024
8735,1.922521,-1.001609,-4.4,7.621024
8736,1.892134,-0.9896704,-4.4,7.621024
8737,1.863643,-0.9794969,-4.4,7.621024
8738,1.840726,-0.9682522,-4.4,7.621024
8739,1.815748,-0.9567631,-4.4,7.621024
8740,1.790893,-0.9454935,-4.4,7.621024
8741,1.765309,-0.932553,-4.4,7.621024
8742,1.740702,-0.9190297,-4.4,7.621024
8743,1.716493,-0.9043308,-4.4,7.621024
8744,1.695088,-0.8868746,-4.4,7.621024
8745,1.670372,-0.8671737,-4.4,7.621024
8746,1.645999,-0.8455462,-4.4,7.621024
8747,1.620688,-0.8223742,-4.4,7.621024
8748,1.596485,-0.798175,-4.4,7.621024
8749,1.574957,-0.7717739,-4.4,7.621024
8750,1.554387,-0.7472299,-4.4,7.621024
8751,1.53196,-0.7210233,-4.4,7.621024
8752,1.509198,-0.6953665,-4.4,7.621024
8753,1.483871,-0.6675858,-4.4,7.621024
8754,1.458016,-0.6396678,-4.4,7.621024
8755,1.431782,-0.6113676,-4.4,7.621024
8756,1.40913,-0.5836344,-4.4,7.621024
8757,1.38943,-0.5576531,-4.4,7.621024
8758,1.368252,-0.5344996,-4.4,7.621024
8759,1.349622,-0.5136192,-4.4,7.621024
8760,1.333677,-0.4948528,-4.4,7.621024
8761,1.317277,-0.4777642,-4.4,7.621024
8762,1.301073,-0.4637958,-4.4,7.621024
8763,1.283579,-0.4486102,-4.4,7.621024
8764,1.2631,-0.4320766,-4.4,7.621024
8765,1.245188,-0.4174587,-4.4,7.621024
8766,1.225726,-0.4015433,-4.4,7.621024
8767,1.207167,-0.3858008,-4.4,7.621024
8768,1.18659,-0.3681687,-4.4,7.621024
8769,1.165553,-0.3517599,-4.4,7.621024
8770,1.144757,-0.334297,-4.4,7.621024
8771,1.127039,-0.320036,-4.4,7.621024
8772,1.107505,-0.3068303,-4.4,7.621024
8773,1.086627,-0.2924837,-4.4,7.621024
8774,1.066427,-0.2771728,-4.4,7.621024
8775,1.047636,-0.262386,-4.4,7.621024
8776,1.027081,-0.2455202,-4.4,7.621024
8777,1.004562,-0.2299135,-4.4,7.621024
8778,0.9801227,-0.2133004,-4.4,7.621024
8779,0.9537312,-0.1957986,-4.4,7.621024
8780,0.9260235,-0.1774464,-4.4,7.621024
8781,0.8980401,-0.1576184,-4.4,7.621024
8782,0.8729231,-0.1404121,-4.4,7.621024
8783,0.8475001,-0.125157,-4.4,7.621024
8784,0.8223197,-0.1123907,-4.4,7.621024
8785,0.7959051,-0.0964086,-4.4,7.621024
8786,0.7731277,-0.08007794,-4.4,7.621024
8787,0.7506444,-0.06379037,-4.4,7.621024
8788,0.730035,-0.04883727,-4.4,7.621024
8789,0.7083796,-0.0346696,-4.4,7.621024
8790,0.682994,-0.02029438,-4.4,7.621024
8791,0.6571207,-0.005835529,-4.4,7.621024
8792,0.632065,0.0108255,-4.4,7.621024
8793,0.6070335,0.02812062,-4.4,7.621024
8794,0.5831094,0.04698119,-4.4,7.621024
8795,0.5595685,0.06711403,-4.4,7.621024
8796,0.539498,0.08659577,-4.4,7.621024
8797,0.5211581,0.1062013,-4.4,7.621024
8798,0.5004007,0.1298199,-4.4,7.621024
8799,0.4800387,0.1545976,-4.4,7.621024
8800,0.4640298,0.1765685,-4.4,7.621024
8801,0.4483778,0.1986525,-4.4,7.621024
8802,0.4309218,0.2234665,-4.4,7.621024
8803,0.4139157,0.2483418,-4.4,7.621024
8804,0.3949806,0.2726884,-4.4,7.621024
8805,0.3752375,0.2994066,-4.4,7.621024
8806,0.3566789,0.327819,-4.4,7.621024
8807,0.3380809,0.3563111,-4.4,7.621024
8808,0.3188839,0.3855595,-4.4,7.621024
8809,0.299617,0.4137551,-4.4,7.621024
8810,0.2783025,0.4424841,-4.4,7.621024
8811,0.2580874,0.4696886,-4.4,7.621024
8812,0.2389345,0.4949113,-4.4,7.621024
8813,0.222869,0.5153235,-4.4,7.621024
8814,0.2078574,0.5317422,-4.4,7.621024
8815,0.1941436,0.5464715,-4.4,7.621024
8816,0.1814601,0.5632809,-4.4,7.621024
8817,0.1673262,0.5809839,-4.4,7.621024
8818,0.1507191,0.5962275,-4.4,7.621024
8819,0.1330476,0.6096181,-4.4,7.621024
8820,0.112071,0.6234793,-4.4,7.621024
8821,0.09260989,0.6415057,-4.4,7.621024
8822,0.07411771,0.6599148,-4.4,7.621024
8823,0.05571326,0.6756023,-4.4,7.621024
8824,0.03433454,0.6905094,-4.4,7.621024
8825,0.01387099,0.7058917,-4.4,7.621024
8826,-0.004898505,0.7214575,-4.4,7.621024
8827,-0.02203511,0.7367647,-4.4,7.621024
8828,-0.04013379,0.7528324,-4.4,7.621024
8829,-0.05940982,0.7685084,-4.4,7.621024
8830,-0.08225942,0.7856798,-4.4,7.621024
8831,-0.1062033,0.802779,-4.4,7.621024
8832,-0.1314989,0.8216949,-4.4,7.621024
8833,-0.1553903,0.838639,-4.4,7.621024
8834,-0.1795998,0.8551238,-4.4,7.621024
8835,-0.2045856,0.8730064,-4.4,7.621024
8836,-0.2308668,0.8906416,-4.4,7.621024
8837,-0.2564921,0.9097178,-4.4,7.621024
8838,-0.2791097,0.9268605,-4.4,7.621024
8839,-0.2998724,0.9432741,-4.4,7.621024
8840,-0.3231348,0.9599104,-4.4,7.621024
8841,-0.3455065,0.9740766,-4.4,7.621024
8842,-0.3704898,0.9884056,-4.4,7.621024
8843,-0.3937732,1.002083,-4.4,7.621024
8844,-0.4202983,1.01754,-4.4,7.621024
8845,-0.4445086,1.032621,-4.4,7.621024
8846,-0.4705039,1.045584,-4.4,7.621024
8847,-0.4971295,1.062297,-4.4,7.621024
8848,-0.5231637,1.078731,-4.4,7.621024
8849,-0.5472206,1.095591,-4.4,7.621024
8850,-0.5694947,1.112373,-4.4,7.621024
8851,-0.5943737,1.132874,-4.4,7.621024
8852,-0.6187356,1.156122,-4.4,7.621024
8853,-0.6406988,1.177969,-4.4,7.621024
8854,-0.6615941,1.200827,-4.4,7.621024
8855,-0.6836172,1.227536,-4.4,7.621024
8856,-0.7041785,1.253129,-4.4,7.621024
8857,-0.7240075,1.279158,-4.4,7.621024
8858,-0.7411498,1.305644,-4.4,7.621024
8859,-0.7585135,1.332614,-4.4,7.621024
8860,-0.7764181,1.358288,-4.4,7.621024
8861,-0.7966178,1.382391,-4.4,7.621024
8862,-0.8166777,1.408401,-4.4,7.621024
8863,-0.8356506,1.437208,-4.4,7.621024
8864,-0.852899,1.462011,-4.4,7.621024
8865,-0.8719848,1.485564,-4.4,7.621024
8866,-0.8921279,1.51156,-4.4,7.621024
8867,-0.9113309,1.534496,-4.4,7.621024
8868,-0.9302385,1.555264,-4.4,7.621024
8869,-0.9486229,1.570937,-4.4,7.621024
8870,-0.9677653,1.585819,-4.4,7.621024
8871,-0.9837066,1.600688,-4.4,7.621024
8872,-0.9970319,1.614574,-4.4,7.621024
8873,-1.015087,1.629226,-4.4,7.621024
8874,-1.034914,1.6454,-4.4,7.621024
8875,-1.056383,1.660036,-4.4,7.621024
8876,-1.078302,1.674358,-4.4,7.621024
8877,-1.099413,1.688541,-4.4,7.621024
8878,-1.122848,1.703262,-4.4,7.621024
8879,-1.144994,1.718095,-4.4,7.621024
8880,-1.165387,1.730872,-4.4,7.621024
8881,-1.186897,1.744816,-4.4,7.621024
8882,-1.211629,1.759418,-4.4,7.621024
8883,-1.237885,1.776062,-4.4,7.621024
8884,-1.26317,1.793264,-4.4,7.621024
8885,-1.284603,1.808915,-4.4,7.621024
8886,-1.307639,1.824971,-4.4,7.621024
8887,-1.330755,1.839848,-4.4,7.621024
8888,-1.352511,1.853226,-4.4,7.621024
8889,-1.375404,1.867547,-4.4,7.621024
8890,-1.395682,1.879149,-4.4,7.621024
8891,-1.418673,1.890353,-4.4,7.621024
8892,-1.442072,1.903871,-4.4,7.621024
8893,-1.464934,1.917127,-4.4,7.621024
8894,-1.48885,1.929349,-4.4,7.621024
8895,-1.510928,1.943377,-4.4,7.621024
8896,-1.534612,1.957899,-4.4,7.621024
8897,-1.557012,1.973668,-4.4,7.621024
8898,-1.58,1.988543,-4.4,7.621024
8899,-1.600265,2.003557,-4.4,7.621024
8900,-1.61988,2.018965,-4.4,7.621024
8901,-1.639476,2.036133,-4.4,7.621024
8902,-1.656809,2.053929,-4.4,7.621024
8903,-1.672557,2.071724,-4.4,7.621024
8904,-1.688893,2.092409,-4.4,7.621024
8905,-1.706899,2.112121,-4.4,7.621024
8906,-1.725282,2.133863,-4.4,7.621024
8907,-1.74415,2.156959,-4.4,7.621024
8908,-1.761404,2.181734,-4.4,7.621024
8909,-1.778164,2.209567,-4.4,7.621024
8910,-1.794304,2.235091,-4.4,7.621024
8911,-1.810499,2.26073,-4.4,7.621024
8912,-1.828702,2.288028,-4.4,7.621024
8913,-1.847208,2.318,-4.4,7.621024
8914,-1.866703,2.348868,-4.4,7.621024
8915,-1.881935,2.379728,-4.4,7.621024
8916,-1.894946,2.407591,-4.4,7.621024
8917,-1.909271,2.435488,-4.4,7.621024
8918,-1.920691,2.457676,-4.4,7.621024
8919,-1.929358,2.475667,-4.4,7.621024
8920,-1.938269,2.493395,-4.4,7.621024
8921,-1.949921,2.51125,-4.4,7.621024
8922,-1.961931,2.528825,-4.4,7.621024
8923,-1.973335,2.546989,-4.4,7.621024
8924,-1.985504,2.566008,-4.4,7.621024
8925,-2.001462,2.586652,-4.4,7.621024
8926,-2.013336,2.602583,-4.4,7.621024
8927,-2.030083,2.619018,-4.4,7.621024
8928,-2.045906,2.639385,-4.4,7.621024
8929,-2.060858,2.659353,-4.4,7.621024
8930,-2.074126,2.675811,-4.4,7.621024
8931,-2.085822,2.691375,-4.4,7.621024
8932,-2.101155,2.707714,-4.4,7.621024
8933,-2.116975,2.725344,-4.4,7.621024
8934,-2.134881,2.745245,-4.4,7.621024
8935,-2.150985,2.764584,-4.4,7.621024
8936,-2.167129,2.783717,-4.4,7.621024
8937,-2.183853,2.803832,-4.4,7.621024
8938,-2.201973,2.822963,-4.4,7.621024
8939,-2.220454,2.841621,-4.4,7.621024
8940,-2.236705,2.861123,-4.4,7.621024
8941,-2.256591,2.884727,-4.4,7.621024
8942,-2.278427,2.906977,-4.4,7.621024
8943,-2.300432,2.929461,-4.4,7.621024
8944,-2.320154,2.952615,-4.4,7.621024
8945,-2.341356,2.97723,-4.4,7.621024
8946,-2.360046,2.999044,-4.4,7.621024
8947,-2.377864,3.020083,-4.4,7.621024
8948,-2.395307,3.041496,-4.4,7.621024
8949,-2.411802,3.060541,-4.4,7.621024
8950,-2.429358,3.078168,-4.4,7.621024
8951,-2.445583,3.096794,-4.4,7.621024
8952,-2.460816,3.114932,-4.4,7.621024
8953,-2.478322,3.134319,-4.4,7.621024
8954,-2.493931,3.157167,-4.4,7.621024
8955,-2.508651,3.182095,-4.4,7.621024
8956,-2.521883,3.205539,-4.4,7.621024
8957,-2.535329,3.229064,-4.4,7.621024
8958,-2.548176,3.253648,-4.4,7.621024
8959,-2.560959,3.280606,-4.4,7.621024
8960,-2.573964,3.3092,-4.4,7.621024
8961,-2.586472,3.336597,-4.4,7.621024
8962,-2.598577,3.367662,-4.4,7.621024
8963,-2.610713,3.398252,-4.4,7.621024
8964,-2.622311,3.428905,-4.4,7.621024
8965,-2.632933,3.459925,-4.4,7.621024
8966,-2.64448,3.4918,-4.4,7.621024
8967,-2.656164,3.523339,-4.4,7.621024
8968,-2.667112,3.554299,-4.4,7.621024
8969,-2.676,3.584629,-4.4,7.621024
8970,-2.684617,3.612826,-4.4,7.621024
8971,-2.693325,3.638583,-4.4,7.621024
8972,-2.703262,3.663406,-4.4,7.621024
8973,-2.712988,3.687822,-4.4,7.621024
8974,-2.721928,3.707188,-4.4,7.621024
8975,-2.732396,3.727283,-4.4,7.621024
8976,-2.742177,3.744286,-4.4,7.621024
8977,-2.750925,3.761509,-4.4,7.621024
8978,-2.760335,3.780535,-4.4,7.621024
8979,-2.769655,3.800786,-4.4,7.621024
8980,-2.780878,3.819025,-4.4,7.621024
8981,-2.795491,3.83966,-4.4,7.621024
8982,-2.808741,3.859615,-4.4,7.621024
8983,-2.821834,3.881187,-4.4,7.621024
8984,-2.834329,3.901006,-4.4,7.621024
8985,-2.848491,3.919081,-4.4,7.621024
8986,-2.863165,3.937707,-4.4,7.621024
8987,-2.877071,3.95532,-4.4,7.621024
8988,-2.889024,3.974277,-4.4,7.621024
8989,-2.902901,3.993545,-4.4,7.621024
8990,-2.914796,4.012819,-4.4,7.621024
8991,-2.926502,4.032299,-4.4,7.621024
8992,-2.939298,4.053106,-4.4,7.621024
8993,-2.952694,4.074648,-4.4,7.621024
8994,-2.965881,4.094722,-4.4,7.621024
8995,-2.980396,4.116077,-4.4,7.621024
8996,-2.998479,4.136894,-4.4,7.621024
8997,-3.01483,4.155401,-4.4,7.621024
8998,-3.032199,4.176254,-4.4,7.621024
8999,-3.048878,4.198079,-4.4,7.621024
9000,-3.064653,4.217943,-4.4,7.621024
9001,-3.081735,4.236311,-4.4,7.621024
9002,-3.099736,4.256079,-4.4,7.621024
9003,-3.116693,4.277495,-4.4,7.621024
9004,-3.133683,4.2974,-4.4,7.621024
9005,-3.15107,4.317214,-4.4,7.621024
9006,-3.168604,4.336424,-4.4,7.621024
9007,-3.185036,4.357258,-4.4,7.621024
9008,-3.200402,4.379165,-4.4,7.621024
9009,-3.215431,4.403513,-4.4,7.621024
9010,-3.230063,4.428846,-4.4,7.621024
9011,-3.243027,4.452669,-4.4,7.621024
9012,-3.255481,4.476177,-4.4,7.621024
9013,-3.267166,4.500209,-4.4,7.621024
9014,-3.278459,4.524345,-4.4,7.621024
9015,-3.289207,4.551034,-4.4,7.621024
9016,-3.301136,4.579023,-4.4,7.621024
9017,-3.313378,4.609097,-4.4,7.621024
9018,-3.324989,4.637704,-4.4,7.621024
9019,-3.336014,4.665442,-4.4,7.621024
9020,-3.347248,4.695325,-4.4,7.621024
9021,-3.359127,4.726323,-4.4,7.621024
9022,-3.371251,4.758567,-4.4,7.621024
9023,-3.38206,4.793041,-4.4,7.621024
9024,-3.392467,4.827433,-4.4,7.621024
9025,-3.401007,4.857574,-4.4,7.621024
9026,-3.409152,4.882117,-4.4,7.621024
9027,-3.41645,4.905842,-4.4,7.621024
9028,-3.425122,4.927601,-4.4,7.621024
9029,-3.434294,4.947875,-4.4,7.621024
9030,-3.442452,4.966231,-4.4,7.621024
9031,-3.45243,4.986429,-4.4,7.621024
9032,-3.462321,5.00487,-4.4,7.621024
9033,-3.471264,5.022871,-4.4,7.621024
9034,-3.482299,5.045524,-4.4,7.621024
9035,-3.494332,5.065762,-4.4,7.621024
9036,-3.505741,5.084381,-4.4,7.621024
9037,-3.518472,5.103287,-4.4,7.621024
9038,-3.532436,5.120058,-4.4,7.621024
9039,-3.543701,5.134764,-4.4,7.621024
9040,-3.557627,5.153315,-4.4,7.621024
9041,-3.569661,5.171157,-4.4,7.621024
9042,-3.582754,5.19044,-4.4,7.621024
9043,-3.595298,5.210612,-4.4,7.621024
9044,-3.609734,5.231792,-4.4,7.621024
9045,-3.624673,5.25294,-4.4,7.621024
9046,-3.642252,5.274785,-4.4,7.621024
9047,-3.66088,5.297102,-4.4,7.621024
9048,-3.681677,5.320548,-4.4,7.621024
9049,-3.701061,5.341888,-4.4,7.621024
9050,-3.721909,5.366391,-4.4,7.621024
9051,-3.740309,5.389737,-4.4,7.621024
9052,-3.758229,5.414078,-4.4,7.621024
9053,-3.775908,5.434575,-4.4,7.621024
9054,-3.790335,5.450557,-4.4,7.621024
9055,-3.805674,5.46454,-4.4,7.621024
9056,-3.820069,5.481225,-4.4,7.621024
9057,-3.836331,5.498076,-4.4,7.621024
9058,-3.854808,5.516747,-4.4,7.621024
9059,-3.871088,5.53786,-4.4,7.621024
9060,-3.887737,5.558255,-4.4,7.621024
9061,-3.902467,5.577738,-4.4,7.621024
9062,-3.918688,5.599599,-4.4,7.621024
9063,-3.935709,5.622754,-4.4,7.621024
9064,-3.949907,5.643725,-4.4,7.621024
9065,-3.962418,5.6641,-4.4,7.621024
9066,-3.974471,5.686165,-4.4,7.621024
9067,-3.983509,5.710355,-4.4,7.621024
9068,-3.991757,5.735683,-4.4,7.621024
9069,-3.999508,5.764327,-4.4,7.621024
9070,-4.008345,5.796581,-4.4,7.621024
9071,-4.017446,5.826091,-4.4,7.621024
9072,-4.025181,5.85178,-4.4,7.621024
9073,-4.032033,5.881231,-4.4,7.621024
9074,-4.038383,5.913829,-4.4,7.621024
9075,-4.04706,5.945369,-4.4,7.621024
9076,-4.057354,5.978755,-4.4,7.621024
9077,-4.063971,6.011718,-4.4,7.621024
9078,-4.070988,6.046088,-4.4,7.621024
9079,-4.076583,6.076904,-4.4,7.621024
9080,-4.083474,6.103992,-4.4,7.621024
9081,-4.090087,6.130085,-4.4,7.621024
9082,-4.095846,6.154431,-4.4,7.621024
9083,-4.103525,6.178673,-4.4,7.621024
9084,-4.109524,6.198788,-4.4,7.621024
9085,-4.117682,6.216635,-4.4,7.621024
9086,-4.128408,6.233922,-4.4,7.621024
9087,-4.13918,6.250657,-4.4,7.621024
9088,-4.15222,6.271671,-4.4,7.621024
9089,-4.163776,6.291599,-4.4,7.621024
9090,-4.175185,6.31298,-4.4,7.621024
9091,-4.185639,6.333166,-4.4,7.621024
9092,-4.196386,6.351394,-4.4,7.621024
9093,-4.207442,6.370706,-4.4,7.621024
9094,-4.218408,6.389375,-4.4,7.621024
9095,-4.232544,6.408593,-4.4,7.621024
9096,-4.245205,6.427982,-4.4,7.621024
9097,-4.25809,6.44838,-4.4,7.621024
9098,-4.271935,6.46939,-4.4,7.621024
9099,-4.286473,6.492606,-4.4,7.621024
9100,-4.300281,6.514118,-4.4,7.621024
9101,-4.314247,6.535891,-4.4,7.621024
9102,-4.329803,6.557761,-4.4,7.621024
9103,-4.347778,6.583738,-4.4,7.621024
9104,-4.364497,6.607817,-4.4,7.621024
9105,-4.382423,6.631201,-4.4,7.621024
9106,-4.398841,6.651606,-4.4,7.621024
9107,-4.411927,6.669575,-4.4,7.621024
9108,-4.42584,6.687248,-4.4,7.621024
9109,-4.437366,6.705119,-4.4,7.621024
9110,-4.447357,6.723567,-4.4,7.621024
9111,-4.460321,6.742237,-4.4,7.621024
9112,-4.473855,6.762751,-4.4,7.621024
9113,-4.487707,6.783315,-4.4,7.621024
9114,-4.500936,6.801526,-4.4,7.621024
9115,-4.517318,6.821014,-4.4,7.621024
9116,-4.532042,6.842109,-4.4,7.621024
9117,-4.545972,6.863844,-4.4,7.621024
9118,-4.557718,6.888081,-4.4,7.621024
9119,-4.567376,6.911637,-4.4,7.621024
9120,-4.575395,6.935151,-4.4,7.621024
9121,-4.581809,6.959433,-4.4,7.621024
9122,-4.587237,6.983393,-4.4,7.621024
9123,-4.591529,7.009843,-4.4,7.621024
9124,-4.593856,7.037879,-4.4,7.621024
9125,-4.595717,7.064449,-4.4,7.621024
9126,-4.59687,7.090696,-4.4,7.621024
9127,-4.597703,7.117254,-4.4,7.621024
9128,-4.598474,7.145926,-4.4,7.621024
9129,-4.598038,7.175059,-4.4,7.621024
9130,-4.596291,7.205938,-4.4,7.621024
9131,-4.594714,7.235308,-4.4,7.621024
9132,-4.593573,7.264481,-4.4,7.621024
9133,-4.59254,7.292614,-4.4,7.621024
9134,-4.588935,7.322568,-4.4,7.621024
9135,-4.585803,7.349523,-4.4,7.621024
9136,-4.5848,7.374923,-4.4,7.621024
9137,-4.583189,7.399506,-4.4,7.621024
9138,-4.582268,7.424939,-4.4,7.621024
9139,-4.582782,7.446306,-4.4,7.621024
9140,-4.583284,7.464865,-4.4,7.621024
9141,-4.583796,7.483762,-4.4,7.621024
9142,-4.584063,7.503712,4.4,-7.621024
9143,-4.586048,7.520737,4.4,-7.621024
9144,-4.589498,7.537943,4.4,-7.621024
9145,-4.592702,7.553619,4.4,-7.621024
9146,-4.596836,7.568797,4.4,-7.621024
9147,-4.602529,7.585864,4.4,-7.621024
9148,-4.609401,7.607235,4.4,-7.621024
9149,-4.617352,7.626876,4.4,-7.621024
9150,-4.62608,7.644743,4.4,-7.621024
9151,-4.637823,7.662774,4.4,-7.621024
9152,-4.648899,7.683197,4.4,-7.621024
9153,-4.657149,7.706312,4.4,-7.621024
9154,-4.66434,7.724519,4.4,-7.621024
9155,-4.669403,7.740999,4.4,-7.621024
9156,-4.671012,7.758556,4.4,-7.621024
9157,-4.669635,7.776696,4.4,-7.621024
9158,-4.666776,7.791835,4.4,-7.621024
9159,-4.663104,7.808294,4.4,-7.621024
9160,-4.656822,7.823471,4.4,-7.621024
9161,-4.649327,7.836293,4.4,-7.621024
9162,-4.642127,7.847845,4.4,-7.621024
9163,-4.63274,7.858704,4.4,-7.621024
9164,-4.623218,7.870006,4.4,-7.621024
9165,-4.615402,7.879442,4.4,-7.621024
9166,-4.607357,7.889046,4.4,-7.621024
9167,-4.598437,7.895606,4.4,-7.621024
9168,-4.589705,7.899856,4.4,-7.621024
9169,-4.5822,7.902709,4.4,-7.621024
9170,-4.575246,7.905791,4.4,-7.621024
9171,-4.566538,7.907213,4.4,-7.621024
9172,-4.555708,7.907171,4.4,-7.621024
9173,-4.544163,7.90487,4.4,-7.621024
9174,-4.529168,7.898824,4.4,-7.621024
9175,-4.515656,7.890371,4.4,-7.621024
9176,-4.502785,7.88242,4.4,-7.621024
9177,-4.490191,7.874319,4.4,-7.621024
9178,-4.478245,7.864309,4.4,-7.621024
9179,-4.466141,7.850283,4.4,-7.621024
9180,-4.455657,7.835255,4.4,-7.621024
9181,-4.444071,7.819316,4.4,-7.621024
9182,-4.429079,7.801387,4.4,-7.621024
9183,-4.416948,7.784675,4.4,-7.621024
9184,-4.404141,7.768816,4.4,-7.621024
9185,-4.392929,7.756126,4.4,-7.621024
9186,-4.382931,7.7431,4.4,-7.621024
9187,-4.372543,7.731942,4.4,-7.621024
9188,-4.359678,7.717432,4.4,-7.621024
9189,-4.350343,7.703896,4.4,-7.621024
9190,-4.339148,7.692485,4.4,-7.621024
9191,-4.327106,7.679012,4.4,-7.621024
9192,-4.315483,7.667697,4.4,-7.621024
9193,-4.305357,7.656175,4.4,-7.621024
9194,-4.296073,7.645093,4.4,-7.621024
9195,-4.284732,7.632466,4.4,-7.621024
9196,-4.267823,7.621185,4.4,-7.621024
9197,-4.251649,7.605358,4.4,-7.621024
9198,-4.23626,7.592453,4.4,-7.621024
9199,-4.22337,7.580478,4.4,-7.621024
9200,-4.206239,7.565324,4.4,-7.621024
9201,-4.189713,7.552221,4.4,-7.621024
9202,-4.175567,7.542281,4.4,-7.621024
9203,-4.157722,7.530599,4.4,-7.621024
9204,-4.140519,7.518256,4.4,-7.621024
9205,-4.126289,7.506978,4.4,-7.621024
9206,-4.112996,7.496771,4.4,-7.621024
9207,-4.100865,7.488913,4.4,-7.621024
9208,-4.084676,7.47738,4.4,-7.621024
9209,-4.067513,7.463256,4.4,-7.621024
9210,-4.051518,7.448997,4.4,-7.621024
9211,-4.034324,7.435595,4.4,-7.621024
9212,-4.02018,7.422872,4.4,-7.621024
9213,-4.003197,7.407292,4.4,-7.621024
9214,-3.986875,7.39122,4.4,-7.621024
9215,-3.969833,7.374677,4.4,-7.621024
9216,-3.954743,7.359699,4.4,-7.621024
9217,-3.940581,7.345099,4.4,-7.621024
9218,-3.924369,7.332453,4.4,-7.621024
9219,-3.908671,7.317811,4.4,-7.621024
9220,-3.892036,7.301965,4.4,-7.621024
9221,-3.874832,7.286279,4.4,-7.621024
9222,-3.856878,7.270533,4.4,-7.621024
9223,-3.842088,7.253246,4.4,-7.621024
9224,-3.82569,7.234118,4.4,-7.621024
9225,-3.810482,7.214298,4.4,-7.621024
9226,-3.795866,7.192421,4.4,-7.621024
9227,-3.783765,7.171337,4.4,-7.621024
9228,-3.773041,7.149287,4.4,-7.621024
9229,-3.762184,7.12533,4.4,-7.621024
9230,-3.752004,7.099313,4.4,-7.621024
9231,-3.742513,7.070993,4.4,-7.621024
9232,-3.732779,7.044099,4.4,-7.621024
9233,-3.725244,7.015388,4.4,-7.621024
9234,-3.718464,6.98914,4.4,-7.621024
9235,-3.712091,6.96343,4.4,-7.621024
9236,-3.706529,6.935118,4.4,-7.621024
9237,-3.701301,6.908817,4.4,-7.621024
9238,-3.696059,6.879501,4.4,-7.621024
9239,-3.689361,6.852944,4.4,-7.621024
9240,-3.683638,6.826746,4.4,-7.621024
9241,-3.678378,6.802737,4.4,-7.621024
9242,-3.672131,6.777238,4.4,-7.621024
9243,-3.666744,6.756135,4.4,-7.621024
9244,-3.659278,6.734777,4.4,-7.621024
9245,-3.653029,6.7139,4.4,-7.621024
9246,-3.647568,6.697615,4.4,-7.621024
9247,-3.642273,6.68049,4.4,-7.621024
9248,-3.639254,6.666161,4.4,-7.621024
9249,-3.630645,6.644948,4.4,-7.621024
9250,-3.620775,6.624062,4.4,-7.621024
9251,-3.614092,6.604213,4.4,-7.621024
9252,-3.604737,6.584066,4.4,-7.621024
9253,-3.59454,6.56396,4.4,-7.621024
9254,-3.584303,6.543516,4.4,-7.621024
9255,-3.57647,6.525301,4.4,-7.621024
9256,-3.567094,6.505799,4.4,-7.621024
9257,-3.559614,6.484817,4.4,-7.621024
9258,-3.551099,6.465646,4.4,-7.621024
9259,-3.543436,6.445081,4.4,-7.621024
9260,-3.533515,6.422393,4.4,-7.621024
9261,-3.522736,6.398979,4.4,-7.621024
9262,-3.510592,6.377165,4.4,-7.621024
9263,-3.500055,6.355515,4.4,-7.621024
9264,-3.489475,6.332645,4.4,-7.621024
9265,-3.476071,6.310609,4.4,-7.621024
9266,-3.460783,6.286785,4.4,-7.621024
9267,-3.444211,6.260643,4.4,-7.621024
9268,-3.425346,6.231199,4.4,-7.621024
9269,-3.408149,6.204263,4.4,-7.621024
9270,-3.394164,6.178348,4.4,-7.621024
9271,-3.380307,6.15403,4.4,-7.621024
9272,-3.367796,6.130482,4.4,-7.621024
9273,-3.355484,6.108749,4.4,-7.621024
9274,-3.342689,6.082306,4.4,-7.621024
9275,-3.327564,6.05598,4.4,-7.621024
9276,-3.314287,6.028705,4.4,-7.621024
9277,-3.302518,6.003507,4.4,-7.621024
9278,-3.29363,5.978146,4.4,-7.621024
9279,-3.28504,5.952423,4.4,-7.621024
9280,-3.276615,5.927058,4.4,-7.621024
9281,-3.270209,5.900286,4.4,-7.621024
9282,-3.264724,5.87302,4.4,-7.621024
9283,-3.258862,5.844393,4.4,-7.621024
9284,-3.252587,5.814298,4.4,-7.621024
9285,-3.246064,5.783724,4.4,-7.621024
9286,-3.240659,5.751203,4.4,-7.621024
9287,-3.236953,5.718371,4.4,-7.621024
9288,-3.235628,5.69016,4.4,-7.621024
9289,-3.232661,5.663627,4.4,-7.621024
9290,-3.229553,5.634386,4.4,-7.621024
9291,-3.227217,5.603694,4.4,-7.621024
9292,-3.224996,5.574783,4.4,-7.621024
9293,-3.221972,5.544035,4.4,-7.621024
9294,-3.217769,5.512745,4.4,-7.621024
9295,-3.211632,5.484396,4.4,-7.621024
9296,-3.204579,5.457135,4.4,-7.621024
9297,-3.198911,5.431734,4.4,-7.621024
9298,-3.194597,5.406726,4.4,-7.621024
9299,-3.190114,5.385815,4.4,-7.621024
9300,-3.184514,5.369168,4.4,-7.621024
9301,-3.17997,5.351198,4.4,-7.621024
9302,-3.174211,5.330152,4.4,-7.621024
9303,-3.165281,5.306298,4.4,-7.621024
9304,-3.156166,5.282946,4.4,-7.621024
9305,-3.148171,5.259741,4.4,-7.621024
9306,-3.140487,5.235601,4.4,-7.621024
9307,-3.133679,5.212335,4.4,-7.621024
9308,-3.125604,5.188601,4.4,-7.621024
9309,-3.117003,5.166754,4.4,-7.621024
9310,-3.109134,5.144217,4.4,-7.621024
9311,-3.100793,5.119298,4.4,-7.621024
9312,-3.093251,5.094511,4.4,-7.621024
9313,-3.085656,5.07077,4.4,-7.621024
9314,-3.075972,5.045496,4.4,-7.621024
9315,-3.064298,5.017084,4.4,-7.621024
9316,-3.05304,4.989989,4.4,-7.621024
9317,-3.041838,4.96457,4.4,-7.621024
9318,-3.026934,4.935945,4.4,-7.621024
9319,-3.010354,4.909177,4.4,-7.621024
9320,-2.992537,4.87933,4.4,-7.621024
9321,-2.977533,4.847031,4.4,-7.621024
9322,-2.963928,4.81954,4.4,-7.621024
9323,-2.950005,4.794394,4.4,-7.621024
9324,-2.934914,4.772606,4.4,-7.621024
9325,-2.921049,4.748688,4.4,-7.621024
9326,-2.905801,4.723294,4.4,-7.621024
9327,-2.891175,4.699656,4.4,-7.621024
9328,-2.877255,4.67588,4.4,-7.621024
9329,-2.864398,4.653222,4.4,-7.621024
9330,-2.850371,4.63018,4.4,-7.621024
9331,-2.83637,4.603864,4.4,-7.621024
9332,-2.824103,4.575016,4.4,-7.621024
9333,-2.81107,4.548405,4.4,-7.621024
9334,-2.799628,4.523409,4.4,-7.621024
9335,-2.788067,4.495752,4.4,-7.621024
9336,-2.776952,4.465728,4.4,-7.621024
9337,-2.769174,4.434758,4.4,-7.621024
9338,-2.76237,4.40293,4.4,-7.621024
9339,-2.755822,4.369461,4.4,-7.621024
9340,-2.747503,4.336683,4.4,-7.621024
9341,-2.740209,4.304882,4.4,-7.621024
9342,-2.733546,4.271906,4.4,-7.621024
9343,-2.726451,4.238457,4.4,-7.621024
9344,-2.718582,4.203785,4.4,-7.621024
9345,-2.711493,4.172768,4.4,-7.621024
9346,-2.705168,4.142085,4.4,-7.621024
9347,-2.701203,4.113629,4.4,-7.621024
9348,-2.69278,4.083887,4.4,-7.621024
9349,-2.685394,4.058864,4.4,-7.621024
9350,-2.676934,4.031799,4.4,-7.621024
9351,-2.667214,4.005474,4.4,-7.621024
9352,-2.660357,3.984817,4.4,-7.621024
9353,-2.653874,3.963793,4.4,-7.621024
9354,-2.646805,3.946409,4.4,-7.621024
9355,-2.636527,3.92772,4.4,-7.621024
9356,-2.627409,3.908242,4.4,-7.621024
9357,-2.615355,3.887724,4.4,-7.621024
9358,-2.603988,3.865503,4.4,-7.621024
9359,-2.593749,3.843484,4.4,-7.621024
9360,-2.584031,3.821412,4.4,-7.621024
9361,-2.571688,3.798501,4.4,-7.621024
9362,-2.559679,3.777695,4.4,-7.621024
9363,-2.549891,3.757356,4.4,-7.621024
9364,-2.539982,3.738671,4.4,-7.621024
9365,-2.531733,3.719194,4.4,-7.621024
9366,-2.521272,3.698767,4.4,-7.621024
9367,-2.508782,3.675357,4.4,-7.621024
9368,-2.497566,3.652922,4.4,-7.621024
9369,-2.482693,3.62953,4.4,-7.621024
9370,-2.467096,3.605247,4.4,-7.621024
9371,-2.449164,3.578756,4.4,-7.621024
9372,-2.42984,3.552823,4.4,-7.621024
9373,-2.412227,3.529806,4.4,-7.621024
9374,-2.394544,3.506102,4.4,-7.621024
9375,-2.377064,3.483091,4.4,-7.621024
9376,-2.358981,3.460288,4.4,-7.621024
9377,-2.341743,3.438276,4.4,-7.621024
9378,-2.321505,3.416786,4.4,-7.621024
9379,-2.302867,3.391243,4.4,-7.621024
9380,-2.283397,3.369368,4.4,-7.621024
9381,-2.262966,3.347368,4.4,-7.621024
9382,-2.244448,3.322716,4.4,-7.621024
9383,-2.226744,3.303104,4.4,-7.621024
9384,-2.209647,3.285267,4.4,-7.621024
9385,-2.192026,3.263121,4.4,-7.621024
9386,-2.175652,3.241126,4.4,-7.621024
9387,-2.16062,3.218751,4.4,-7.621024
9388,-2.145405,3.1972,4.4,-7.621024
9389,-2.130163,3.174259,4.4,-7.621024
9390,-2.117366,3.15006,4.4,-7.621024
9391,-2.105889,3.124582,4.4,-7.621024
9392,-2.093314,3.098705,4.4,-7.621024
9393,-2.080638,3.073132,4.4,-7.621024
9394,-2.068561,3.042449,4.4,-7.621024
9395,-2.056154,3.011663,4.4,-7.621024
9396,-2.045474,2.98346,4.4,-7.621024
9397,-2.035447,2.953347,4.4,-7.621024
9398,-2.025055,2.923961,4.4,-7.621024
9399,-2.015158,2.897286,4.4,-7.621024
9400,-2.006129,2.869259,4.4,-7.621024
9401,-1.99431,2.840203,4.4,-7.621024
9402,-1.979973,2.814873,4.4,-7.621024
9403,-1.966894,2.789334,4.4,-7.621024
9404,-1.957286,2.765509,4.4,-7.621024
9405,-1.948831,2.743971,4.4,-7.621024
9406,-1.938941,2.72127,4.4,-7.621024
9407,-1.927374,2.700779,4.4,-7.621024
9408,-1.917353,2.683596,4.4,-7.621024
9409,-1.905146,2.665008,4.4,-7.621024
9410,-1.890313,2.646452,4.4,-7.621024
9411,-1.875278,2.625364,4.4,-7.621024
9412,-1.862885,2.604321,4.4,-7.621024
9413,-1.8487,2.581699,4.4,-7.621024
9414,-1.835098,2.560534,4.4,-7.621024
9415,-1.821165,2.542009,4.4,-7.621024
9416,-1.806653,2.52284,4.4,-7.621024
9417,-1.793618,2.50376,4.4,-7.621024
9418,-1.776888,2.482801,4.4,-7.621024
9419,-1.762277,2.462515,4.4,-7.621024
9420,-1.747832,2.443199,4.4,-7.621024
9421,-1.731397,2.424781,4.4,-7.621024
9422,-1.713237,2.403337,4.4,-7.621024
9423,-1.692838,2.383669,4.4,-7.621024
9424,-1.671286,2.36429,4.4,-7.621024
9425,-1.64747,2.340332,4.4,-7.621024
9426,-1.626244,2.316722,4.4,-7.621024
9427,-1.603077,2.294137,4.4,-7.621024
9428,-1.580115,2.273677,4.4,-7.621024
9429,-1.557725,2.254391,4.4,-7.621024
9430,-1.537461,2.237855,4.4,-7.621024
9431,-1.519909,2.222434,4.4,-7.621024
9432,-1.501398,2.20258,4.4,-7.621024
9433,-1.481068,2.18206,4.4,-7.621024
9434,-1.461342,2.162386,4.4,-7.621024
9435,-1.442038,2.140137,4.4,-7.621024
9436,-1.422217,2.120571,4.4,-7.621024
9437,-1.405835,2.098988,4.4,-7.621024
9438,-1.388276,2.077671,4.4,-7.621024
9439,-1.370013,2.056057,4.4,-7.621024
9440,-1.353144,2.033018,4.4,-7.621024
9441,-1.337803,2.008912,4.4,-7.621024
9442,-1.323759,1.984783,4.4,-7.621024
9443,-1.309594,1.959613,4.4,-7.621024
9444,-1.295038,1.931758,4.4,-7.621024
9445,-1.27913,1.903369,4.4,-7.621024
9446,-1.264715,1.874476,4.4,-7.621024
9447,-1.251392,1.846098,4.4,-7.621024
9448,-1.240471,1.819376,4.4,-7.621024
9449,-1.227885,1.791575,4.4,-7.621024
9450,-1.215141,1.762194,4.4,-7.621024
9451,-1.204575,1.734207,4.4,-7.621024
9452,-1.19398,1.707134,4.4,-7.621024
9453,-1.181829,1.677822,4.4,-7.621024
9454,-1.168318,1.648664,4.4,-7.621024
9455,-1.15888,1.624821,4.4,-7.621024
9456,-1.149573,1.60285,4.4,-7.621024
9457,-1.138864,1.583207,4.4,-7.621024
9458,-1.12573,1.563311,4.4,-7.621024
9459,-1.114128,1.53884,4.4,-7.621024
9460,-1.105273,1.517841,4.4,-7.621024
9461,-1.093567,1.500625,4.4,-7.621024
9462,-1.080413,1.484617,4.4,-7.621024
9463,-1.067119,1.46692,4.4,-7.621024
9464,-1.052097,1.446263,4.4,-7.621024
9465,-1.038132,1.425314,4.4,-7.621024
9466,-1.024697,1.4082,4.4,-7.621024
9467,-1.013057,1.391399,4.4,-7.621024
9468,-0.9988394,1.370727,4.4,-7.621024
9469,-0.9866024,1.351088,4.4,-7.621024
9470,-0.9716996,1.329849,4.4,-7.621024
9471,-0.9573092,1.310967,4.4,-7.621024
9472,-0.9443533,1.292157,4.4,-7.621024
9473,-0.9316871,1.272513,4.4,-7.621024
9474,-0.9189832,1.253515,4.4,-7.621024
9475,-0.9022953,1.233083,4.4,-7.621024
9476,-0.8867044,1.211528,4.4,-7.621024
9477,-0.8723593,1.190855,4.4,-7.621024
9478,-0.855511,1.168505,4.4,-7.621024
9479,-0.8339828,1.14347,4.4,-7.621024
9480,-0.8135117,1.119849,4.4,-7.621024
9481,-0.7916965,1.093414,4.4,-7.621024
9482,-0.7727051,1.071331,4.4,-7.621024
9483,-0.7543886,1.048648,4.4,-7.621024
9484,-0.7376521,1.025783,4.4,-7.621024
9485,-0.7194043,1.006129,4.4,-7.621024
9486,-0.7000045,0.9871043,4.4,-7.621024
9487,-0.6816992,0.9701582,4.4,-7.621024
9488,-0.6631784,0.9466854,4.4,-7.621024
9489,-0.6442882,0.9231406,4.4,-7.621024
9490,-0.6273152,0.902592,4.4,-7.621024
9491,-0.6100513,0.8801748,4.4,-7.621024
9492,-0.592339,0.8560131,4.4,-7.621024
9493,-0.5753689,0.8334722,4.4,-7.621024
9494,-0.5604207,0.8078629,4.4,-7.621024
9495,-0.5459602,0.7820696,4.4,-7.621024
9496,-0.5329013,0.7565547,4.4,-7.621024
9497,-0.5196279,0.7317985,4.4,-7.621024
9498,-0.5081146,0.7059097,4.4,-7.621024
9499,-0.4956439,0.6773121,4.4,-7.621024
9500,-0.4828667,0.648872,4.4,-7.621024
9501,-0.4708429,0.6180553,4.4,-7.621024
9502,-0.4607902,0.5892205,4.4,-7.621024
9503,-0.4517291,0.5615798,4.4,-7.621024
9504,-0.4425949,0.5361062,4.4,-7.621024
9505,-0.4315592,0.5053966,4.4,-7.621024
9506,-0.4208425,0.4736714,4.4,-7.621024
9507,-0.4109989,0.4439922,4.4,-7.621024
9508,-0.4015289,0.4141066,4.4,-7.621024
9509,-0.3921042,0.3877881,4.4,-7.621024
9510,-0.3848445,0.362497,4.4,-7.621024
9511,-0.3769319,0.3392103,4.4,-7.621024
9512,-0.3699884,0.3206988,4.4,-7.621024
9513,-0.3605434,0.3017361,4.4,-7.621024
9514,-0.3519804,0.2825671,4.4,-7.621024
9515,-0.3434784,0.2632743,4.4,-7.621024
9516,-0.3353433,0.2457434,4.4,-7.621024
9517,-0.3255208,0.2302284,4.4,-7.621024
9518,-0.312361,0.21158,4.4,-7.621024
9519,-0.2984183,0.1907617,4.4,-7.621024
9520,-0.2837309,0.1711985,4.4,-7.621024
9521,-0.270818,0.1528018,4.4,-7.621024
9522,-0.2612048,0.1349754,4.4,-7.621024
9523,-0.2533321,0.1160849,4.4,-7.621024
9524,-0.2401673,0.09452604,4.4,-7.621024
9525,-0.2272934,0.07394136,4.4,-7.621024
9526,-0.2140057,0.05397621,4.4,-7.621024
9527,-0.202347,0.03263749,4.4,-7.621024
9528,-0.1912039,0.01077513,4.4,-7.621024
9529,-0.1779953,-0.01032552,4.4,-7.621024
9530,-0.1647134,-0.0332641,4.4,-7.621024
9531,-0.1486713,-0.05573843,4.4,-7.621024
9532,-0.1302645,-0.08086692,4.4,-7.621024
9533,-0.1117036,-0.1071608,4.4,-7.621024
9534,-0.09330091,-0.1317655,4.4,-7.621024
9535,-0.07575373,-0.1560079,4.4,-7.621024
9536,-0.06020356,-0.1778958,4.4,-7.621024
9537,-0.04278143,-0.1991468,4.4,-7.621024
9538,-0.02780074,-0.2201718,4.4,-7.621024
9539,-0.01298359,-0.238401,4.4,-7.621024
9540,0.001558043,-0.2557871,4.4,-7.621024
9541,0.01895739,-0.275189,4.4,-7.621024
9542,0.03477018,-0.2957033,4.4,-7.621024
9543,0.05234103,-0.3172295,4.4,-7.621024
9544,0.06912251,-0.3394033,4.4,-7.621024
9545,0.08409638,-0.3612955,4.4,-7.621024
9546,0.101107,-0.3847193,4.4,-7.621024
9547,0.117871,-0.4104422,4.4,-7.621024
9548,0.1337318,-0.4359653,4.4,-7.621024
9549,0.1505038,-0.4641121,4.4,-7.621024
9550,0.1650186,-0.491549,4.4,-7.621024
9551,0.1773503,-0.5181917,4.4,-7.621024
9552,0.1890429,-0.5469805,4.4,-7.621024
9553,0.2006432,-0.5764043,4.4,-7.621024
9554,0.2132311,-0.6057826,4.4,-7.621024
9555,0.2261584,-0.6385577,4.4,-7.621024
9556,0.2389551,-0.6688025,4.4,-7.621024
9557,0.2503942,-0.6951398,4.4,-7.621024
9558,0.2640086,-0.7228564,4.4,-7.621024
9559,0.2766468,-0.7508308,4.4,-7.621024
9560,0.287158,-0.7797083,4.4,-7.621024
9561,0.2963765,-0.8102652,4.4,-7.621024
9562,0.3041144,-0.8428832,4.4,-7.621024
9563,0.3136815,-0.8718199,4.4,-7.621024
9564,0.3222013,-0.896632,4.4,-7.621024
9565,0.3326434,-0.9196587,4.4,-7.621024
9566,0.3439253,-0.9427595,4.4,-7.621024
9567,0.3563699,-0.9627963,4.4,-7.621024
9568,0.3669726,-0.983366,4.4,-7.621024
9569,0.3745735,-1.001064,4.4,-7.621024
9570,0.3852653,-1.021746,4.4,-7.621024
9571,0.3978817,-1.042793,4.4,-7.621024
9572,0.4097365,-1.063589,4.4,-7.621024
9573,0.4199401,-1.083803,4.4,-7.621024
9574,0.4327841,-1.107242,4.4,-7.621024
9575,0.4455467,-1.128323,4.4,-7.621024
9576,0.459491,-1.148133,4.4,-7.621024
9577,0.4734752,-1.166763,4.4,-7.621024
9578,0.4877483,-1.187817,4.4,-7.621024
9579,0.5025519,-1.211726,4.4,-7.621024
9580,0.5164556,-1.233221,4.4,-7.621024
9581,0.5288115,-1.253017,4.4,-7.621024
9582,0.5440127,-1.274123,4.4,-7.621024
9583,0.5571954,-1.292726,4.4,-7.621024
9584,0.5713823,-1.311746,4.4,-7.621024
9585,0.5913472,-1.334953,4.4,-7.621024
9586,0.6109581,-1.359745,4.4,-7.621024
9587,0.6318046,-1.383513,4.4,-7.621024
9588,0.6545746,-1.407407,4.4,-7.621024
9589,0.6749876,-1.434748,4.4,-7.621024
9590,0.692697,-1.458687,4.4,-7.621024
9591,0.710183,-1.48113,4.4,-7.621024
9592,0.7270722,-1.503362,4.4,-7.621024
9593,0.7454957,-1.525601,4.4,-7.621024
9594,0.7658091,-1.545264,4.4,-7.621024
9595,0.7858564,-1.568076,4.4,-7.621024
9596,0.8058237,-1.594059,4.4,-7.621024
9597,0.8266813,-1.61674,4.4,-7.621024
9598,0.8438629,-1.640815,4.4,-7.621024
9599,0.8598105,-1.663163,4.4,-7.621024
9600,0.8775063,-1.683979,4.4,-7.621024
9601,0.8946904,-1.70845,4.4,-7.621024
9602,0.9083754,-1.734923,4.4,-7.621024
9603,0.9194579,-1.761042,4.4,-7.621024
9604,0.9318008,-1.788647,4.4,-7.621024
9605,0.9429479,-1.816401,4.4,-7.621024
9606,0.9552025,-1.846654,4.4,-7.621024
9607,0.9673779,-1.876576,4.4,-7.621024
9608,0.9798633,-1.905604,4.4,-7.621024
9609,0.991675,-1.936403,4.4,-7.621024
9610,1.003017,-1.967396,4.4,-7.621024
9611,1.015779,-1.997153,4.4,-7.621024
9612,1.028382,-2.031529,4.4,-7.621024
9613,1.041401,-2.063957,4.4,-7.621024
9614,1.055665,-2.095553,4.4,-7.621024
9615,1.067193,-2.126591,4.4,-7.621024
9616,1.078239,-2.152803,4.4,-7.621024
9617,1.087862,-2.175751,4.4,-7.621024
9618,1.097408,-2.200165,4.4,-7.621024
9619,1.107025,-2.223893,4.4,-7.621024
9620,1.117733,-2.245723,4.4,-7.621024
9621,1.126537,-2.266212,4.4,-7.621024
9622,1.138028,-2.283469,4.4,-7.621024
9623,1.150144,-2.302843,4.4,-7.621024
9624,1.163055,-2.321914,4.4,-7.621024
9625,1.175372,-2.344997,4.4,-7.621024
9626,1.185501,-2.362649,4.4,-7.621024
9627,1.198514,-2.383742,4.4,-7.621024
9628,1.212392,-2.403029,4.4,-7.621024
9629,1.226635,-2.421844,4.4,-7.621024
9630,1.237525,-2.439897,4.4,-7.621024
9631,1.24824,-2.457375,4.4,-7.621024
9632,1.263755,-2.477331,4.4,-7.621024
9633,1.278881,-2.497342,4.4,-7.621024
9634,1.294784,-2.519894,4.4,-7.621024
9635,1.309261,-2.542101,4.4,-7.621024
9636,1.326139,-2.563703,4.4,-7.621024
9637,1.341595,-2.586529,4.4,-7.621024
9638,1.357134,-2.608586,4.4,-7.621024
9639,1.373405,-2.63055,4.4,-7.621024
9640,1.391888,-2.653785,4.4,-7.621024
9641,1.412126,-2.676581,4.4,-7.621024
9642,1.430747,-2.700264,4.4,-7.621024
9643,1.448896,-2.725766,4.4,-7.621024
9644,1.466924,-2.749902,4.4,-7.621024
9645,1.487284,-2.773304,4.4,-7.621024
9646,1.507249,-2.793795,4.4,-7.621024
9647,1.524766,-2.812984,4.4,-7.621024
9648,1.542616,-2.83133,4.4,-7.621024
9649,1.562863,-2.852741,4.4,-7.621024
9650,1.584701,-2.87451,4.4,-7.621024
9651,1.605854,-2.895815,4.4,-7.621024
9652,1.62589,-2.918676,4.4,-7.621024
9653,1.645303,-2.942207,4.4,-7.621024
9654,1.66277,-2.960884,4.4,-7.621024
9655,1.680112,-2.981308,4.4,-7.621024
9656,1.697381,-3.002313,4.4,-7.621024
9657,1.715303,-3.024221,4.4,-7.621024
9658,1.730827,-3.048712,4.4,-7.621024
9659,1.746244,-3.073329,4.4,-7.621024
9660,1.761587,-3.098575,4.4,-7.621024
9661,1.776716,-3.124403,4.4,-7.621024
9662,1.790643,-3.152234,4.4,-7.621024
9663,1.806229,-3.179036,4.4,-7.621024
9664,1.820978,-3.206734,4.4,-7.621024
9665,1.833089,-3.23425,4.4,-7.621024
9666,1.846336,-3.262335,4.4,-7.621024
9667,1.860187,-3.29369,4.4,-7.621024
9668,1.872022,-3.32379,4.4,-7.621024
9669,1.883251,-3.354882,4.4,-7.621024
9670,1.893759,-3.382325,4.4,-7.621024
9671,1.907037,-3.410095,4.4,-7.621024
9672,1.91659,-3.433894,4.4,-7.621024
9673,1.929342,-3.458513,4.4,-7.621024
9674,1.939614,-3.479764,4.4,-7.621024
9675,1.952121,-3.500777,4.4,-7.621024
9676,1.965405,-3.524158,4.4,-7.621024
9677,1.976505,-3.544101,4.4,-7.621024
9678,1.987294,-3.55841,4.4,-7.621024
9679,2.001276,-3.576139,4.4,-7.621024
9680,2.015622,-3.59603,4.4,-7.621024
9681,2.030107,-3.615307,4.4,-7.621024
9682,2.045414,-3.63493,4.4,-7.621024
9683,2.060487,-3.652821,4.4,-7.621024
9684,2.077211,-3.672222,4.4,-7.621024
9685,2.092876,-3.6905,4.4,-7.621024
9686,2.106358,-3.70917,4.4,-7.621024
9687,2.122652,-3.730266,4.4,-7.621024
9688,2.137955,-3.751969,4.4,-7.621024
9689,2.152339,-3.772717,4.4,-7.621024
9690,2.169678,-3.79389,4.4,-7.621024
9691,2.189002,-3.815797,4.4,-7.621024
9692,2.211312,-3.838645,4.4,-7.621024
9693,2.23396,-3.862989,4.4,-7.621024
9694,2.259263,-3.888283,4.4,-7.621024
9695,2.282499,-3.910927,4.4,-7.621024
9696,2.303042,-3.930829,4.4,-7.621024
9697,2.323439,-3.950012,4.4,-7.621024
9698,2.34248,-3.968037,4.4,-7.621024
9699,2.364387,-3.984911,4.4,-7.621024
9700,2.38515,-4.006165,4.4,-7.621024
9701,2.405513,-4.026628,4.4,-7.621024
9702,2.426378,-4.047364,4.4,-7.621024
9703,2.449174,-4.065216,4.4,-7.621024
9704,2.47028,-4.086384,4.4,-7.621024
9705,2.492371,-4.108176,4.4,-7.621024
9706,2.510977,-4.128313,4.4,-7.621024
9707,2.53036,-4.149498,4.4,-7.621024
9708,2.549515,-4.171045,4.4,-7.621024
9709,2.567116,-4.191652,4.4,-7.621024
9710,2.584167,-4.214498,4.4,-7.621024
9711,2.60043,-4.23894,4.4,-7.621024
9712,2.617488,-4.263562,4.4,-7.621024
9713,2.634171,-4.290096,4.4,-7.621024
9714,2.650765,-4.31672,4.4,-7.621024
9715,2.667048,-4.342441,4.4,-7.621024
9716,2.685031,-4.371796,4.4,-7.621024
9717,2.701839,-4.398081,4.4,-7.621024
9718,2.71693,-4.42463,4.4,-7.621024
9719,2.730222,-4.448672,4.4,-7.621024
9720,2.745745,-4.475862,4.4,-7.621024
9721,2.760086,-4.504353,4.4,-7.621024
9722,2.774613,-4.53236,4.4,-7.621024
9723,2.788503,-4.55882,4.4,-7.621024
9724,2.804529,-4.586798,4.4,-7.621024
9725,2.81805,-4.613502,4.4,-7.621024
9726,2.831373,-4.637271,4.4,-7.621024
9727,2.842221,-4.657402,4.4,-7.621024
9728,2.851737,-4.675603,4.4,-7.621024
9729,2.863173,-4.693302,4.4,-7.621024
9730,2.874762,-4.711051,4.4,-7.621024
9731,2.888396,-4.72809,4.4,-7.621024
9732,2.90228,-4.74447,4.4,-7.621024
9733,2.917865,-4.761504,4.4,-7.621024
9734,2.931101,-4.778401,4.4,-7.621024
9735,2.945973,-4.795228,4.4,-7.621024
9736,2.961831,-4.813124,4.4,-7.621024
9737,2.977266,-4.828868,4.4,-7.621024
9738,2.993927,-4.843615,4.4,-7.621024
9739,3.011437,-4.860236,4.4,-7.621024
9740,3.028174,-4.876618,4.4,-7.621024
9741,3.04527,-4.895522,4.4,-7.621024
9742,3.063689,-4.915962,4.4,-7.621024
9743,3.083305,-4.934739,4.4,-7.621024
9744,3.101307,-4.95218,4.4,-7.621024
9745,3.118865,-4.971008,4.4,-7.621024
9746,3.139217,-4.988935,4.4,-7.621024
9747,3.163266,-5.010113,4.4,-7.621024
9748,3.188083,-5.031255,4.4,-7.621024
9749,3.209212,-5.050105,4.4,-7.621024
9750,3.22933,-5.067513,4.4,-7.621024
9751,3.249406,-5.084931,4.4,-7.621024
9752,3.271227,-5.103312,4.4,-7.621024
9753,3.294987,-5.121897,4.4,-7.621024
9754,3.31616,-5.13738,4.4,-7.621024
9755,3.340053,-5.15398,4.4,-7.621024
9756,3.360396,-5.172037,4.4,-7.621024
9757,3.383118,-5.191836,4.4,-7.621024
9758,3.406024,-5.21168,4.4,-7.621024
9759,3.42892,-5.233636,4.4,-7.621024
9760,3.448389,-5.254628,4.4,-7.621024
9761,3.467575,-5.274111,4.4,-7.621024
9762,3.485598,-5.294059,4.4,-7.621024
9763,3.501999,-5.313392,4.4,-7.621024
9764,3.518637,-5.3328,4.4,-7.621024
9765,3.536484,-5.355063,4.4,-7.621024
9766,3.552258,-5.379295,4.4,-7.621024
9767,3.568458,-5.406558,4.4,-7.621024
9768,3.58316,-5.431875,4.4,-7.621024
9769,3.59676,-5.460075,4.4,-7.621024
9770,3.610986,-5.488147,4.4,-7.621024
9771,3.624099,-5.515824,4.4,-7.621024
9772,3.634609,-5.541195,4.4,-7.621024
9773,3.648873,-5.569261,4.4,-7.621024
9774,3.663995,-5.599385,4.4,-7.621024
9775,3.676482,-5.630555,4.4,-7.621024
9776,3.68698,-5.658338,4.4,-7.621024
9777,3.698092,-5.686361,4.4,-7.621024
9778,3.709474,-5.713544,4.4,-7.621024
9779,3.721351,-5.735856,4.4,-7.621024
9780,3.731746,-5.757508,4.4,-7.621024
9781,3.742501,-5.775681,4.4,-7.621024
9782,3.75291,-5.794777,4.4,-7.621024
9783,3.760646,-5.810883,4.4,-7.621024
9784,3.771352,-5.827441,4.4,-7.621024
9785,3.78357,-5.847496,4.4,-7.621024
9786,3.797784,-5.867772,4.4,-7.621024
9787,3.809357,-5.885904,4.4,-7.621024
9788,3.823333,-5.907805,4.4,-7.621024
9789,3.835285,-5.928342,4.4,-7.621024
9790,3.84893,-5.947833,4.4,-7.621024
9791,3.86213,-5.966094,4.4,-7.621024
9792,3.876001,-5.986145,4.4,-7.621024
9793,3.889891,-6.006115,4.4,-7.621024
9794,3.903972,-6.024203,4.4,-7.621024
9795,3.917536,-6.042416,4.4,-7.621024
9796,3.932511,-6.062412,4.4,-7.621024
9797,3.948924,-6.083024,4.4,-7.621024
9798,3.966055,-6.100556,4.4,-7.621024
9799,3.983979,-6.119661,4.4,-7.621024
9800,4.004299,-6.140721,4.4,-7.621024
9801,4.021662,-6.159875,4.4,-7.621024
9802,4.040842,-6.182767,4.4,-7.621024
9803,4.060132,-6.204516,4.4,-7.621024
9804,4.076166,-6.223993,4.4,-7.621024
9805,4.09263,-6.244368,4.4,-7.621024
9806,4.108915,-6.264535,4.4,-7.621024
9807,4.12411,-6.283435,4.4,-7.621024
9808,4.13906,-6.302281,4.4,-7.621024
9809,4.158611,-6.32228,4.4,-7.621024
9810,4.176065,-6.342784,4.4,-7.621024
9811,4.19274,-6.363191,4.4,-7.621024
9812,4.210307,-6.382856,4.4,-7.621024
9813,4.225855,-6.400712,4.4,-7.621024
9814,4.242687,-6.422526,4.4,-7.621024
9815,4.259433,-6.443421,4.4,-7.621024
9816,4.274695,-6.46377,4.4,-7.621024
9817,4.287904,-6.485829,4.4,-7.621024
9818,4.301752,-6.507326,4.4,-7.621024
9819,4.31297,-6.531309,4.4,-7.621024
9820,4.322127,-6.558227,4.4,-7.621024
9821,4.32996,-6.585298,4.4,-7.621024
9822,4.337668,-6.613756,4.4,-7.621024
9823,4.344878,-6.640712,4.4,-7.621024
9824,4.352079,-6.66734,4.4,-7.621024
9825,4.360396,-6.695962,4.4,-7.621024
9826,4.365859,-6.724366,4.4,-7.621024
9827,4.370192,-6.749726,4.4,-7.621024
9828,4.376792,-6.776923,4.4,-7.621024
9829,4.382566,-6.806821,4.4,-7.621024
9830,4.388578,-6.838278,4.4,-7.621024
9831,4.39397,-6.870111,4.4,-7.621024
9832,4.398318,-6.900708,4.4,-7.621024
9833,4.403495,-6.927517,4.4,-7.621024
9834,4.408011,-6.953819,4.4,-7.621024
9835,4.410799,-6.973883,4.4,-7.621024
9836,4.414988,-6.996308,4.4,-7.621024
9837,4.420405,-7.017577,4.4,-7.621024
9838,4.426951,-7.03799,4.4,-7.621024
9839,4.432708,-7.055727,4.4,-7.621024
9840,4.441257,-7.077598,4.4,-7.621024
9841,4.448093,-7.100499,4.4,-7.621024
9842,4.453429,-7.120887,4.4,-7.621024
9843,4.458414,-7.139019,4.4,-7.621024
9844,4.464554,-7.158687,4.4,-7.621024
9845,4.472234,-7.179998,0,8.8
9846,4.477167,-7.202327,0,8.8
9847,4.483487,-7.223516,0,8.8
9848,4.491257,-7.241124,0,8.8
9849,4.501779,-7.256647,0,8.8
9850,4.514771,-7.273485,0,8.8
9851,4.530991,-7.291466,0,8.8
9852,4.547915,-7.308113,0,8.8
9853,4.562644,-7.324247,0,8.8
9854,4.576954,-7.336829,0,8.8
9855,4.591379,-7.34597,0,8.8
9856,4.606002,-7.354417,0,8.8
9857,4.616881,-7.370821,0,8.8
9858,4.621278,-7.39203,0,8.8
9859,4.620473,-7.416492,0,8.8
9860,4.612478,-7.441097,0,8.8
9861,4.603723,-7.457963,0,8.8
9862,4.599938,-7.472266,0,8.8
9863,4.596585,-7.485756,0,8.8
9864,4.59114,-7.494708,0,8.8
9865,4.584681,-7.502255,0,8.8
9866,4.575822,-7.512184,0,8.8
9867,4.564387,-7.521365,0,8.8
9868,4.552406,-7.528271,0,8.8
9869,4.542715,-7.532316,0,8.8
9870,4.531086,-7.534491,0,8.8
9871,4.518687,-7.535061,0,8.8
9872,4.506362,-7.533594,0,8.8
9873,4.495474,-7.531738,0,8.8
9874,4.482799,-7.529197,0,8.8
9875,4.464511,-7.525167,0,8.8
9876,4.445495,-7.518172,0,8.8
9877,4.428064,-7.512534,0,8.8
9878,4.408957,-7.505813,0,8.8
9879,4.387603,-7.494978,0,8.8
9880,4.368835,-7.483011,0,8.8
9881,4.352572,-7.470171,0,8.8
9882,4.338154,-7.460811,0,8.8
9883,4.322954,-7.44754,0,8.8
9884,4.312365,-7.436541,0,8.8
9885,4.303606,-7.42642,0,8.8
9886,4.295996,-7.418635,0,8.8
9887,4.286026,-7.41108,0,8.8
9888,4.273312,-7.402299,0,8.8
9889,4.260189,-7.392365,0,8.8
9890,4.24816,-7.38065,0,8.8
9891,4.236927,-7.368865,0,8.8
9892,4.222422,-7.356062,0,8.8
9893,4.208232,-7.344493,0,8.8
9894,4.196971,-7.333,0,8.8
9895,4.184541,-7.318413,0,8.8
9896,4.175784,-7.307541,0,8.8
9897,4.163902,-7.296656,0,8.8
9898,4.150144,-7.282886,0,8.8
9899,4.138649,-7.269327,0,8.8
9900,4.12714,-7.25836,0,8.8
9901,4.114788,-7.246593,0,8.8
9902,4.103307,-7.234386,0,8.8
9903,4.092578,-7.220677,0,8.8
9904,4.083387,-7.207098,0,8.8
9905,4.07345,-7.191888,0,8.8
9906,4.06578,-7.177387,0,8.8
9907,4.056471,-7.161443,0,8.8
9908,4.04739,-7.145597,0,8.8
9909,4.038189,-7.128477,0,8.8
9910,4.022637,-7.108647,0,8.8
9911,4.003137,-7.085539,0,8.8
9912,3.984694,-7.062857,0,8.8
9913,3.963907,-7.042564,0,8.8
9914,3.948075,-7.020044,0,8.8
9915,3.935802,-6.998792,0,8.8
9916,3.92381,-6.974603,0,8.8
9917,3.911864,-6.95045,0,8.8
9918,3.897788,-6.924415,0,8.8
9919,3.885594,-6.896931,0,8.8
9920,3.874618,-6.87,0,8.8
9921,3.864639,-6.843563,0,8.8
9922,3.859426,-6.821084,0,8.8
9923,3.857778,-6.798044,0,8.8
9924,3.858337,-6.772298,0,8.8
9925,3.860195,-6.743765,0,8.8
9926,3.863846,-6.713615,0,8.8
9927,3.868626,-6.68753,0,8.8
9928,3.875299,-6.664035,0,8.8
9929,3.882051,-6.643579,0,8.8
9930,3.887745,-6.620824,0,8.8
9931,3.893484,-6.596545,0,8.8
9932,3.899754,-6.571127,0,8.8
9933,3.904773,-6.545524,0,8.8
9934,3.910755,-6.519351,0,8.8
9935,3.915261,-6.498194,0,8.8
9936,3.9176,-6.477875,0,8.8
9937,3.919313,-6.458236,0,8.8
9938,3.921202,-6.439162,0,8.8
9939,3.923231,-6.4213,0,8.8
9940,3.926382,-6.402215,0,8.8
9941,3.930299,-6.38228,0,8.8
9942,3.930369,-6.36568,0,8.8
9943,3.929974,-6.349093,0,8.8
9944,3.928621,-6.331198,0,8.8
9945,3.92837,-6.309318,0,8.8
9946,3.931312,-6.289884,0,8.8
9947,3.932587,-6.270877,0,8.8
9948,3.934289,-6.249589,0,8.8
9949,3.936976,-6.228401,0,8.8
9950,3.938304,-6.210964,0,8.8
9951,3.940396,-6.195947,0,8.8
9952,3.939476,-6.179056,0,8.8
9953,3.938168,-6.154789,0,8.8
9954,3.936725,-6.130623,0,8.8
9955,3.935794,-6.105589,0,8.8
9956,3.93574,-6.083032,0,8.8
9957,3.934227,-6.058362,0,8.8
9958,3.932082,-6.034241,0,8.8
9959,3.928753,-6.012022,0,8.8
9960,3.925547,-5.986872,0,8.8
9961,3.923661,-5.957099,0,8.8
9962,3.92133,-5.928171,0,8.8
9963,3.916827,-5.897136,0,8.8
9964,3.91309,-5.865416,0,8.8
9965,3.908975,-5.834034,0,8.8
9966,3.905792,-5.807383,0,8.8
9967,3.90305,-5.783913,0,8.8
9968,3.898003,-5.756561,0,8.8
9969,3.89337,-5.733368,0,8.8
9970,3.8907,-5.711006,0,8.8
9971,3.887999,-5.681732,0,8.8
9972,3.884836,-5.65513,0,8.8
9973,3.883948,-5.630089,0,8.8
9974,3.883358,-5.603356,0,8.8
9975,3.882735,-5.57681,0,8.8
9976,3.881988,-5.549567,0,8.8
9977,3.88234,-5.523863,0,8.8
9978,3.884633,-5.497988,0,8.8
9979,3.885334,-5.473592,0,8.8
9980,3.889419,-5.446702,0,8.8
9981,3.894397,-5.41715,0,8.8
9982,3.898597,-5.387756,0,8.8
9983,3.906077,-5.358095,0,8.8
9984,3.914779,-5.329236,0,8.8
9985,3.923976,-5.301318,0,8.8
9986,3.933505,-5.271497,0,8.8
9987,3.940923,-5.243894,0,8.8
9988,3.94696,-5.215552,0,8.8
9989,3.952695,-5.186134,0,8.8
9990,3.957414,-5.157348,0,8.8
9991,3.962636,-5.128608,0,8.8
9992,3.969754,-5.101839,0,8.8
9993,3.97721,-5.07334,0,8.8
9994,3.98444,-5.045779,0,8.8
9995,3.989107,-5.022089,0,8.8
9996,3.995226,-5.001821,0,8.8
9997,3.99896,-4.979987,0,8.8
9998,4.002138,-4.959249,0,8.8
9999,4.004317,-4.937113,0,8.8
10000,4.004549,-4.916055,0,8.8
10001,4.004782,-4.889999,0,8.8
10002,4.00496,-4.864323,0,8.8
10003,4.003076,-4.83909,0,8.8
10004,4.001288,-4.816601,0,8.8
10005,3.997677,-4.794233,0,8.8
10006,3.996933,-4.773426,0,8.8
10007,3.993179,-4.750458,0,8.8
10008,3.991548,-4.730102,0,8.8
10009,3.993328,-4.706851,0,8.8
10010,3.99454,-4.68408,0,8.8
10011,3.992757,-4.659023,0,8.8
10012,3.990213,-4.633509,0,8.8
10013,3.985051,-4.606714,0,8.8
10014,3.980116,-4.579898,0,8.8
10015,3.973537,-4.553175,0,8.8
10016,3.965536,-4.522261,0,8.8
10017,3.957322,-4.491142,0,8.8
10018,3.950097,-4.460864,0,8.8
10019,3.94585,-4.430964,0,8.8
10020,3.940166,-4.404827,0,8.8
10021,3.932869,-4.381981,0,8.8
10022,3.927436,-4.360406,0,8.8
10023,3.922694,-4.334845,0,8.8
10024,3.918448,-4.309351,0,8.8
10025,3.910169,-4.285172,0,8.8
10026,3.902438,-4.259227,0,8.8
10027,3.893656,-4.233864,0,8.8
10028,3.883935,-4.206504,0,8.8
10029,3.877435,-4.176971,0,8.8
10030,3.871746,-4.148302,0,8.8
10031,3.865957,-4.120179,0,8.8
10032,3.858872,-4.094767,0,8.8
10033,3.853285,-4.067656,0,8.8
10034,3.849201,-4.038615,0,8.8
10035,3.847344,-4.008732,0,8.8
10036,3.846606,-3.978041,0,8.8
10037,3.846967,-3.947254,0,8.8
10038,3.847705,-3.914217,0,8.8
10039,3.848342,-3.879543,0,8.8
10040,3.849221,-3.845649,0,8.8
10041,3.850538,-3.81481,0,8.8
10042,3.853316,-3.783324,0,8.8
10043,3.853363,-3.754463,0,8.8
10044,3.851831,-3.722375,0,8.8
10045,3.853067,-3.688808,0,8.8
10046,3.853656,-3.656852,0,8.8
10047,3.854191,-3.627419,0,8.8
10048,3.855021,-3.598624,0,8.8
10049,3.853139,-3.573038,0,8.8
10050,3.850353,-3.548993,0,8.8
10051,3.849564,-3.528947,0,8.8
10052,3.84633,-3.507351,0,8.8
10053,3.843154,-3.484442,0,8.8
10054,3.839487,-3.463313,0,8.8
10055,3.83257,-3.441437,0,8.8
10056,3.829911,-3.414519,0,8.8
10057,3.826757,-3.390378,0,8.8
10058,3.822375,-3.365344,0,8.8
10059,3.817442,-3.340172,0,8.8
10060,3.812201,-3.317868,0,8.8
10061,3.806072,-3.295273,0,8.8
10062,3.799696,-3.271049,0,8.8
10063,3.793906,-3.246027,0,8.8
10064,3.788622,-3.220346,0,8.8
10065,3.785025,-3.1955,0,8.8
10066,3.778965,-3.169116,0,8.8
10067,3.772804,-3.14465,0,8.8
10068,3.766009,-3.120142,0,8.8
10069,3.756583,-3.0907,0,8.8
10070,3.745845,-3.060261,0,8.8
10071,3.734471,-3.026588,0,8.8
10072,3.72448,-2.997817,0,8.8
10073,3.713315,-2.968063,0,8.8
10074,3.702677,-2.939411,0,8.8
10075,3.689802,-2.914056,0,8.8
10076,3.677568,-2.886975,0,8.8
10077,3.664763,-2.856082,0,8.8
10078,3.654532,-2.826112,0,8.8
10079,3.645546,-2.798996,0,8.8
10080,3.633794,-2.770903,0,8.8
10081,3.62402,-2.742712,0,8.8
10082,3.613217,-2.715864,0,8.8
10083,3.604287,-2.686711,0,8.8
10084,3.595134,-2.659209,0,8.8
10085,3.586919,-2.632671,0,8.8
10086,3.577828,-2.606221,0,8.8
10087,3.568834,-2.581757,0,8.8
10088,3.562537,-2.556174,0,8.8
10089,3.556288,-2.524909,0,8.8
10090,3.548339,-2.494741,0,8.8
10091,3.540529,-2.466249,0,8.8
10092,3.53575,-2.435529,0,8.8
10093,3.531063,-2.399861,0,8.8
10094,3.526798,-2.362984,0,8.8
10095,3.522437,-2.32675,0,8.8
10096,3.518832,-2.294854,0,8.8
10097,3.515469,-2.262863,0,8.8
10098,3.509538,-2.230694,0,8.8
10099,3.506344,-2.196664,0,8.8
10100,3.503038,-2.164334,0,8.8
10101,3.499383,-2.13735,0,8.8
10102,3.493584,-2.110322,0,8.8
10103,3.488876,-2.08532,0,8.8
10104,3.487092,-2.062284,0,8.8
10105,3.482949,-2.043146,0,8.8
10106,3.476683,-2.021178,0,8.8
10107,3.470322,-1.999223,0,8.8
10108,3.462538,-1.978832,0,8.8
10109,3.453054,-1.954238,0,8.8
10110,3.444911,-1.928722,0,8.8
10111,3.434913,-1.905196,0,8.8
10112,3.428334,-1.88404,0,8.8
10113,3.421165,-1.860977,0,8.8
10114,3.410395,-1.836177,0,8.8
10115,3.399966,-1.809579,0,8.8
10116,3.392496,-1.78539,0,8.8
10117,3.384889,-1.761431,0,8.8
10118,3.372261,-1.7358,0,8.8
10119,3.358564,-1.711591,0,8.8
10120,3.34627,-1.689001,0,8.8
10121,3.333566,-1.664766,0,8.8
10122,3.320307,-1.639861,0,8.8
10123,3.308147,-1.616464,0,8.8
10124,3.294215,-1.591971,0,8.8
10125,3.275758,-1.565089,0,8.8
10126,3.256365,-1.535951,0,8.8
10127,3.238547,-1.509083,0,8.8
10128,3.223174,-1.480756,0,8.8
10129,3.208178,-1.45465,0,8.8
10130,3.191714,-1.432053,0,8.8
10131,3.174421,-1.40846,0,8.8
10132,3.157891,-1.384641,0,8.8
10133,3.140526,-1.364011,0,8.8
10134,3.126115,-1.340788,0,8.8
10135,3.113888,-1.317886,0,8.8
10136,3.097452,-1.295199,0,8.8
10137,3.083697,-1.270368,0,8.8
10138,3.070603,-1.244145,0,8.8
10139,3.059063,-1.217967,0,8.8
10140,3.04887,-1.195934,0,8.8
10141,3.038672,-1.167091,0,8.8
10142,3.029326,-1.13388,0,8.8
10143,3.020145,-1.101017,0,8.8
10144,3.010701,-1.068815,0,8.8
10145,3.003758,-1.037356,0,8.8
10146,2.997725,-1.007868,0,8.8
10147,2.991714,-0.976254,0,8.8
10148,2.984937,-0.9430615,0,8.8
10149,2.978403,-0.9114459,0,8.8
10150,2.973708,-0.8780302,0,8.8
10151,2.967659,-0.8450721,0,8.8
10152,2.96142,-0.8137565,0,8.8
10153,2.955319,-0.7830372,0,8.8
10154,2.950562,-0.754608,0,8.8
10155,2.944352,-0.7294438,0,8.8
10156,2.936531,-0.7057429,0,8.8
10157,2.93154,-0.6822922,0,8.8
10158,2.927624,-0.6633205,0,8.8
10159,2.923049,-0.6452496,0,8.8
10160,2.918018,-0.6225049,0,8.8
10161,2.912044,-0.6019934,0,8.8
10162,2.905681,-0.5823321,0,8.8
10163,2.898371,-0.5575264,0,8.8
10164,2.888638,-0.5331297,0,8.8
10165,2.878793,-0.509265,0,8.8
10166,2.866482,-0.4882855,0,8.8
10167,2.858593,-0.4709335,0,8.8
10168,2.850459,-0.4511828,0,8.8
10169,2.840422,-0.4295751,0,8.8
10170,2.830179,-0.4077149,0,8.8
10171,2.8208,-0.3842866,0,8.8
10172,2.813612,-0.3617791,0,8.8
10173,2.80733,-0.3423572,0,8.8
10174,2.79848,-0.3199435,0,8.8
10175,2.788862,-0.2965019,0,8.8
10176,2.778792,-0.2733597,0,8.8
10177,2.768267,-0.2495558,0,8.8
10178,2.754441,-0.2228311,0,8.8
10179,2.74051,-0.194893,0,8.8
10180,2.726095,-0.1660077,0,8.8
10181,2.71187,-0.1402444,0,8.8
10182,2.698971,-0.1131974,0,8.8
10183,2.685867,-0.08994222,0,8.8
10184,2.671993,-0.06765611,0,8.8
10185,2.659463,-0.04389568,0,8.8
10186,2.646019,-0.02060981,0,8.8
10187,2.632624,0.006696742,0,8.8
10188,2.618018,0.03484793,0,8.8
10189,2.602787,0.06271385,0,8.8
10190,2.589871,0.08841862,0,8.8
10191,2.57935,0.1140567,0,8.8
10192,2.570374,0.142092,0,8.8
10193,2.562707,0.1684115,0,8.8
10194,2.554974,0.194341,0,8.8
10195,2.546798,0.2223583,0,8.8
10196,2.538417,0.2514137,0,8.8
10197,2.530409,0.2852201,0,8.8
10198,2.523953,0.3203914,0,8.8
10199,2.517547,0.3515922,0,8.8
10200,2.511911,0.3830695,0,8.8
10201,2.507593,0.4133036,0,8.8
10202,2.502802,0.4440146,0,8.8
10203,2.49831,0.4777491,0,8.8
10204,2.493196,0.5127336,0,8.8
10205,2.488034,0.5488524,0,8.8
10206,2.483685,0.5832119,0,8.8
10207,2.482481,0.614117,0,8.8
10208,2.480033,0.6393312,0,8.8
10209,2.476293,0.6651741,0,8.8
10210,2.471654,0.6885099,0,8.8
10211,2.46709,0.7106412,0,8.8
10212,2.46385,0.7313243,0,8.8
10213,2.460099,0.7519038,0,8.8
10214,2.456061,0.7737615,0,8.8
10215,2.449946,0.7960542,0,8.8
10216,2.443165,0.8207953,0,8.8
10217,2.434755,0.8480334,0,8.8
10218,2.425633,0.8718035,0,8.8
10219,2.417506,0.8929031,0,8.8
10220,2.410682,0.9120122,0,8.8
10221,2.401908,0.9322339,0,8.8
10222,2.39499,0.9543619,0,8.8
10223,2.386621,0.9761276,0,8.8
10224,2.378115,0.9978567,0,8.8
10225,2.370036,1.019385,0,8.8
10226,2.360882,1.041229,0,8.8
10227,2.34949,1.06572,0,8.8
10228,2.338481,1.089094,0,8.8
10229,2.325459,1.114145,0,8.8
10230,2.312743,1.137917,0,8.8
10231,2.299793,1.162575,0,8.8
10232,2.288693,1.188692,0,8.8
10233,2.273628,1.217353,0,8.8
10234,2.259723,1.242419,0,8.8
10235,2.243933,1.26699,0,8.8
10236,2.227127,1.289936,0,8.8
10237,2.213481,1.312638,0,8.8
10238,2.200017,1.334038,0,8.8
10239,2.18435,1.35853,0,8.8
10240,2.168617,1.383065,0,8.8
10241,2.153507,1.410351,0,8.8
10242,2.13931,1.437528,0,8.8
10243,2.126144,1.464448,0,8.8
10244,2.114492,1.490385,0,8.8
10245,2.103359,1.517077,0,8.8
10246,2.092174,1.544932,0,8.8
10247,2.083118,1.57356,0,8.8
10248,2.074994,1.602081,0,8.8
10249,2.066218,1.628106,0,8.8
10250,2.058861,1.656273,0,8.8
10251,2.052858,1.686555,0,8.8
10252,2.046729,1.717348,0,8.8
10253,2.040225,1.751296,0,8.8
10254,2.033571,1.784883,0,8.8
10255,2.027603,1.815784,0,8.8
10256,2.022569,1.847116,0,8.8
10257,2.01725,1.879061,0,8.8
10258,2.012477,1.914052,0,8.8
10259,2.007552,1.947953,0,8.8
10260,2.004147,1.977966,0,8.8
10261,1.999759,2.009724,0,8.8
10262,1.995461,2.039416,0,8.8
10263,1.99044,2.06536,0,8.8
10264,1.986368,2.090218,0,8.8
10265,1.981263,2.111875,0,8.8
10266,1.975765,2.128785,0,8.8
10267,1.968854,2.146375,0,8.8
10268,1.958516,2.1666,0,8.8
10269,1.947125,2.184462,0,8.8
10270,1.935941,2.205701,0,8.8
10271,1.926524,2.228231,0,8.8
10272,1.915245,2.252388,0,8.8
10273,1.903893,2.272415,0,8.8
10274,1.894318,2.292597,0,8.8
10275,1.883539,2.314117,0,8.8
10276,1.872905,2.335696,0,8.8
10277,1.863186,2.357605,0,8.8
10278,1.853255,2.3815,0,8.8
10279,1.843697,2.407066,0,8.8
10280,1.834161,2.430994,0,8.8
10281,1.823728,2.454901,0,8.8
10282,1.810543,2.47822,0,8.8
10283,1.796661,2.502894,0,8.8
10284,1.782453,2.528527,0,8.8
10285,1.766775,2.553738,0,8.8
10286,1.751606,2.579047,0,8.8
10287,1.738103,2.607631,0,8.8
10288,1.7242,2.631897,0,8.8
10289,1.707744,2.657818,0,8.8
10290,1.691409,2.682307,0,8.8
10291,1.676871,2.701214,0,8.8
10292,1.661328,2.723937,0,8.8
10293,1.647898,2.744492,0,8.8
10294,1.633843,2.767872,0,8.8
10295,1.618091,2.795492,0,8.8
10296,1.603478,2.82379,0,8.8
10297,1.589721,2.850492,0,8.8
10298,1.576678,2.878859,0,8.8
10299,1.56495,2.906591,0,8.8
10300,1.55698,2.932232,0,8.8
10301,1.54924,2.957206,0,8.8
10302,1.539376,2.984568,0,8.8
10303,1.529508,3.01824,0,8.8
10304,1.52134,3.05116,0,8.8
10305,1.514929,3.083921,0,8.8
10306,1.508401,3.111762,0,8.8
10307,1.504516,3.142149,0,8.8
10308,1.500929,3.173812,0,8.8
10309,1.496216,3.204906,0,8.8
10310,1.489091,3.23765,0,8.8
10311,1.483197,3.270561,0,8.8
10312,1.480087,3.30099,0,8.8
10313,1.474625,3.330416,0,8.8
10314,1.469483,3.359062,0,8.8
10315,1.465787,3.385341,0,8.8
10316,1.461698,3.405931,0,8.8
10317,1.456206,3.428751,0,8.8
10318,1.44897,3.451224,0,8.8
10319,1.441132,3.473117,0,8.8
10320,1.433746,3.492423,0,8.8
10321,1.428037,3.509647,0,8.8
10322,1.42196,3.529725,0,8.8
10323,1.412179,3.554808,0,8.8
10324,1.401735,3.580232,0,8.8
10325,1.392309,3.601196,0,8.8
10326,1.383806,3.624151,0,8.8
10327,1.377351,3.644912,0,8.8
10328,1.369697,3.667845,0,8.8
10329,1.359752,3.692605,0,8.8
10330,1.350987,3.71486,0,8.8
10331,1.340883,3.739023,0,8.8
10332,1.331616,3.761211,0,8.8
10333,1.323413,3.780655,0,8.8
10334,1.311879,3.804376,0,8.8
10335,1.300199,3.828494,0,8.8
10336,1.289319,3.851472,0,8.8
10337,1.276943,3.876397,0,8.8
10338,1.264337,3.90398,0,8.8
10339,1.249564,3.932518,0,8.8
10340,1.236938,3.95513,0,8.8
10341,1.224496,3.979045,0,8.8
10342,1.211077,4.001625,0,8.8
10343,1.19867,4.0264,0,8.8
10344,1.186893,4.048895,0,8.8
10345,1.174609,4.074118,0,8.8
10346,1.160601,4.101461,0,8.8
10347,1.149767,4.124763,0,8.8
10348,1.138321,4.147377,0,8.8
10349,1.126417,4.169691,0,8.8
10350,1.116739,4.190953,0,8.8
10351,1.107553,4.215356,0,8.8
10352,1.098728,4.243523,0,8.8
10353,1.089904,4.273933,0,8.8
10354,1.081525,4.302518,0,8.8
10355,1.073534,4.331967,0,8.8
10356,1.066503,4.363572,0,8.8
10357,1.059778,4.395905,0,8.8
10358,1.055089,4.430342,0,8.8
10359,1.050781,4.465086,0,8.8
10360,1.048014,4.499636,0,8.8
10361,1.047456,4.52904,0,8.8
10362,1.04521,4.557519,0,8.8
10363,1.040306,4.589196,0,8.8
10364,1.038,4.620488,0,8.8
10365,1.036879,4.65364,0,8.8
10366,1.036762,4.687888,0,8.8
10367,1.035517,4.718601,0,8.8
10368,1.033453,4.745829,0,8.8
10369,1.032514,4.768941,0,8.8
10370,1.030647,4.791499,0,8.8
10371,1.027252,4.815298,0,8.8
10372,1.021246,4.840163,0,8.8
10373,1.017447,4.858788,0,8.8
10374,1.01388,4.876485,0,8.8
10375,1.008887,4.897769,0,8.8
10376,1.002213,4.918993,0,8.8
10377,0.9955062,4.944253,0,8.8
10378,0.9878057,4.970093,0,8.8
10379,0.980485,4.99479,0,8.8
10380,0.9720119,5.019532,0,8.8
10381,0.9638393,5.039201,0,8.8
10382,0.9551657,5.059519,0,8.8
10383,0.9465286,5.083294,0,8.8
10384,0.9391807,5.107224,0,8.8
10385,0.9311638,5.131093,0,8.8
10386,0.9225172,5.153697,0,8.8
10387,0.9128558,5.178636,0,8.8
10388,0.9018854,5.203807,0,8.8
10389,0.8928941,5.22773,0,8.8
10390,0.8806276,5.253956,0,8.8
10391,0.8664859,5.282246,0,8.8
10392,0.8521653,5.308887,0,8.8
10393,0.8385154,5.336164,0,8.8
10394,0.8237913,5.364078,0,8.8
10395,0.810897,5.389975,0,8.8
10396,0.7981619,5.416219,0,8.8
10397,0.7824548,5.440031,0,8.8
10398,0.7657734,5.463118,0,8.8
10399,0.7496288,5.488519,0,8.8
10400,0.7343868,5.512429,0,8.8
10401,0.7166639,5.536689,0,8.8
10402,0.6993685,5.563562,0,8.8
10403,0.6833717,5.58722,0,8.8
10404,0.6673679,5.609432,0,8.8
10405,0.6511553,5.637123,0,8.8
10406,0.6379791,5.667105,0,8.8
10407,0.6275228,5.694321,0,8.8
10408,0.6181726,5.720332,0,8.8
10409,0.6098565,5.74824,0,8.8
10410,0.6019835,5.779564,0,8.8
10411,0.5950282,5.811597,0,8.8
10412,0.5864254,5.843956,0,8.8
10413,0.5768987,5.872956,0,8.8
10414,0.5684382,5.904395,0,8.8
10415,0.5612197,5.933307,0,8.8
10416,0.5539928,5.963408,0,8.8
10417,0.5456195,5.995827,0,8.8
10418,0.536571,6.027912,0,8.8
10419,0.5281754,6.06035,0,8.8
10420,0.5192197,6.09207,0,8.8
10421,0.5093446,6.122333,0,8.8
10422,0.4988626,6.15348,0,8.8
10423,0.4903305,6.184013,0,8.8
10424,0.4840085,6.212247,0,8.8
10425,0.4759634,6.239436,0,8.8
10426,0.4686441,6.262477,0,8.8
10427,0.4598806,6.28401,0,8.8
10428,0.4498531,6.3032,0,8.8
10429,0.4393274,6.323695,0,8.8
10430,0.4277424,6.34371,0,8.8
10431,0.4143713,6.365402,0,8.8
10432,0.4036372,6.386356,0,8.8
10433,0.3923557,6.404525,0,8.8
10434,0.3806831,6.424478,0,8.8
10435,0.3684084,6.442888,0,8.8
10436,0.3562413,6.462114,0,8.8
10437,0.3421357,6.483242,0,8.8
10438,0.3285914,6.502834,0,8.8
10439,0.3160532,6.523192,0,8.8
10440,0.301047,6.54698,0,8.8
10441,0.2858926,6.57072,0,8.8
10442,0.2707691,6.593872,0,8.8
10443,0.2528925,6.619134,0,8.8
10444,0.2372232,6.64098,0,8.8
10445,0.2235553,6.661081,0,8.8
10446,0.2086392,6.681323,0,8.8
10447,0.1936302,6.700515,0,8.8
10448,0.1776827,6.720091,0,8.8
10449,0.1612775,6.741743,0,8.8
10450,0.1435468,6.761621,0,8.8
10451,0.1269096,6.78054,0,8.8
10452,0.1100569,6.803551,0,8.8
10453,0.09353103,6.821651,0,8.8
10454,0.07807797,6.843732,0,8.8
10455,0.06303998,6.864228,0,8.8
10456,0.04594789,6.886057,0,8.8
10457,0.03011219,6.910795,0,8.8
10458,0.01489843,6.934206,0,8.8
10459,0.0009059021,6.958445,0,8.8
10460,-0.01303816,6.983293,0,8.8
10461,-0.02606868,7.00436,0,8.8
10462,-0.03736289,7.025948,0,8.8
10463,-0.04817695,7.050088,0,8.8
10464,-0.05825082,7.077299,0,8.8
10465,-0.06717644,7.104844,0,8.8
10466,-0.07474659,7.131243,0,8.8
10467,-0.08100563,7.156661,0,8.8
10468,-0.08617963,7.18238,0,8.8
10469,-0.09091033,7.208206,0,8.8
10470,-0.09508723,7.237268,0,8.8
10471,-0.0986933,7.266787,0,8.8
10472,-0.1020883,7.299815,0,8.8
10473,-0.1056152,7.334902,0,8.8
10474,-0.108238,7.370533,0,8.8
10475,-0.1117633,7.406273,0,8.8
10476,-0.1161978,7.438864,0,8.8
10477,-0.1204686,7.468318,0,8.8
10478,-0.1239934,7.492507,0,8.8
10479,-0.1289555,7.517783,0,8.8
10480,-0.1350168,7.543165,0,8.8
10481,-0.1394283,7.567175,0,8.8
10482,-0.142147,7.584072,0,8.8
10483,-0.1460101,7.603254,0,8.8
10484,-0.1520649,7.623879,0,8.8
10485,-0.1564656,7.642984,0,8.8
10486,-0.162277,7.663228,0,8.8
10487,-0.1678926,7.685938,0,8.8
10488,-0.1753726,7.710765,0,8.8
10489,-0.1836575,7.734467,0,8.8
10490,-0.1897901,7.756065,0,8.8
10491,-0.1986351,7.780663,0,8.8
10492,-0.2065101,7.806611,0,8.8
10493,-0.2122261,7.829688,0,8.8
10494,-0.21933,7.852554,0,8.8
10495,-0.2287712,7.878012,0,8.8
10496,-0.2388323,7.905943,0,8.8
10497,-0.2497734,7.934134,0,8.8
10498,-0.2631975,7.965912,0,8.8
10499,-0.2750041,7.998116,0,8.8
10500,-0.2860101,8.029459,0,8.8
10501,-0.2943669,8.057317,0,8.8
10502,-0.3013919,8.081781,0,8.8
10503,-0.3069803,8.104692,0,8.8
10504,-0.3126819,8.128925,0,8.8
10505,-0.3189192,8.150809,0,8.8
10506,-0.3269418,8.173661,0,8.8
10507,-0.3321162,8.197959,0,8.8
10508,-0.3381507,8.220237,0,8.8
10509,-0.3470526,8.246278,0,8.8
10510,-0.3530201,8.271472,0,8.8
10511,-0.3598499,8.294917,0,8.8
10512,-0.3650122,8.318218,0,8.8
10513,-0.3697017,8.343955,0,8.8
10514,-0.3721838,8.366424,0,8.8
10515,-0.3747644,8.389425,0,8.8
10516,-0.3716102,8.414405,0,8.8
10517,-0.3663377,8.438593,0,8.8
10518,-0.3584997,8.463412,0,8.8
10519,-0.3512783,8.489694,0,8.8
10520,-0.3419467,8.516446,0,8.8
10521,-0.3322463,8.543824,0,8.8
10522,-0.3217421,8.572156,0,8.8
10523,-0.3094696,8.598901,0,8.8
10524,-0.2970714,8.62531,0,8.8
10525,-0.2838764,8.652123,0,8.8
10526,-0.2712996,8.682568,0,8.8
10527,-0.2558777,8.714516,0,8.8
10528,-0.2405038,8.744089,0,8.8
10529,-0.2240208,8.771415,0,8.8
10530,-0.210654,8.799251,0,8.8
10531,-0.1970936,8.825333,0,8.8
10532,-0.1874846,8.84879,0,8.8
10533,-0.1798069,8.870152,0,8.8
10534,-0.1701092,8.89255,0,-8.8
10535,-0.1622563,8.914728,0,-8.8
10536,-0.1558153,8.936436,0,-8.8
10537,-0.1491096,8.957251,0,-8.8
10538,-0.141908,8.976173,0,-8.8
10539,-0.1365917,8.99429,0,-8.8
10540,-0.1334341,9.011594,0,-8.8
10541,-0.1292459,9.028105,0,-8.8
10542,-0.1257831,9.044201,0,-8.8
10543,-0.1262142,9.059789,0,-8.8
10544,-0.1308905,9.076587,0,-8.8
10545,-0.1343756,9.096654,0,-8.8
10546,-0.1383006,9.116058,0,-8.8
10547,-0.1382624,9.137554,0,-8.8
10548,-0.1378051,9.159376,0,-8.8
10549,-0.1379684,9.178515,0,-8.8
10550,-0.139386,9.194394,0,-8.8
10551,-0.1411265,9.208529,0,-8.8
10552,-0.1414429,9.222673,0,-8.8
10553,-0.1379439,9.23753,0,-8.8
10554,-0.125901,9.252386,0,-8.8
10555,-0.1083911,9.262197,0,-8.8
10556,-0.08918705,9.266224,0,-8.8
10557,-0.07354743,9.267613,0,-8.8
10558,-0.06072072,9.27082,0,-8.8
10559,-0.04665434,9.27134,0,-8.8
10560,-0.03503725,9.269622,0,-8.8
10561,-0.02488337,9.265846,0,-8.8
10562,-0.01890968,9.262559,0,-8.8
10563,-0.01355464,9.259401,0,-8.8
10564,-0.01010076,9.255594,0,-8.8
10565,-0.006909382,9.253496,0,-8.8
10566,-0.006812395,9.250269,0,-8.8
10567,-0.004918014,9.246755,0,-8.8
10568,-0.001408929,9.2418,0,-8.8
10569,0.003966345,9.235475,0,-8.8
10570,0.009248322,9.227059,0,-8.8
10571,0.01506809,9.215617,0,-8.8
10572,0.01735404,9.202645,0,-8.8
10573,0.01814462,9.189365,0,-8.8
10574,0.01730337,9.173577,0,-8.8
10575,0.01787061,9.156573,0,-8.8
10576,0.01805619,9.139503,0,-8.8
10577,0.01712409,9.123862,0,-8.8
10578,0.01762383,9.103662,0,-8.8
10579,0.01952356,9.078549,0,-8.8
10580,0.02086743,9.054653,0,-8.8
10581,0.0236267,9.030739,0,-8.8
10582,0.02358499,9.00778,0,-8.8
10583,0.02330707,8.988723,0,-8.8
10584,0.02366764,8.969193,0,-8.8
10585,0.02514772,8.951079,0,-8.8
10586,0.02675067,8.93329,0,-8.8
10587,0.02809459,8.916221,0,-8.8
10588,0.02896865,8.901466,0,-8.8
10589,0.02827497,8.884983,0,-8.8
10590,0.02856042,8.868787,0,-8.8
10591,0.02922365,8.851656,0,-8.8
10592,0.03144586,8.831172,0,-8.8
10593,0.03246331,8.809834,0,-8.8
10594,0.03423077,8.790591,0,-8.8
10595,0.03574205,8.771898,0,-8.8
10596,0.0375585,8.752461,0,-8.8
10597,0.03953802,8.734654,0,-8.8
10598,0.04084667,8.716825,0,-8.8
10599,0.04358828,8.697047,0,-8.8
10600,0.04626721,8.67848,0,-8.8
10601,0.0461528,8.660118,0,-8.8
10602,0.04689272,8.639693,0,-8.8
10603,0.04843703,8.618831,0,-8.8
10604,0.04972458,8.597627,0,-8.8
10605,0.05121144,8.576938,0,-8.8
10606,0.05215844,8.555435,0,-8.8
10607,0.05317451,8.533884,0,-8.8
10608,0.05593479,8.507508,0,-8.8
10609,0.05687738,8.478201,0,-8.8
10610,0.0586701,8.450706,0,-8.8
10611,0.06095978,8.422964,0,-8.8
10612,0.06294848,8.399018,0,-8.8
10613,0.06675262,8.373435,0,-8.8
10614,0.06982076,8.348387,0,-8.8
10615,0.06831989,8.323471,0,-8.8
10616,0.06917441,8.299888,0,-8.8
10617,0.06791206,8.275403,0,-8.8
10618,0.06465711,8.249701,0,-8.8
10619,0.0623778,8.224359,0,-8.8
10620,0.05975875,8.19896,0,-8.8
10621,0.05484497,8.171595,0,-8.8
10622,0.04791997,8.145658,0,-8.8
10623,0.04076971,8.12181,0,-8.8
10624,0.03278627,8.096306,0,-8.8
10625,0.02297917,8.068381,0,-8.8
10626,0.009274853,8.038772,0,-8.8
10627,-0.004094978,8.009216,0,-8.8
10628,-0.0190673,7.981704,0,-8.8
10629,-0.03304248,7.957731,0,-8.8
10630,-0.04753366,7.932842,0,-8.8
10631,-0.06372603,7.906624,0,-8.8
10632,-0.0782246,7.884118,0,-8.8
10633,-0.0922706,7.863559,0,-8.8
10634,-0.1047136,7.841296,0,-8.8
10635,-0.1156057,7.819449,0,-8.8
10636,-0.1277075,7.79619,0,-8.8
10637,-0.1379238,7.777404,0,-8.8
10638,-0.146459,7.757576,0,-8.8
10639,-0.1572008,7.73593,0,-8.8
10640,-0.1649613,7.717654,0,-8.8
10641,-0.1716029,7.698454,0,-8.8
10642,-0.1785454,7.682756,0,-8.8
10643,-0.1865759,7.663912,0,-8.8
10644,-0.193022,7.646791,0,-8.8
10645,-0.1984543,7.630407,0,-8.8
10646,-0.2028376,7.610039,0,-8.8
10647,-0.2100234,7.589489,0,-8.8
10648,-0.2173628,7.568871,0,-8.8
10649,-0.2224883,7.548492,0,-8.8
10650,-0.2278269,7.529442,0,-8.8
10651,-0.232692,7.509759,0,-8.8
10652,-0.2369725,7.489191,0,-8.8
10653,-0.2420089,7.465748,0,-8.8
10654,-0.2490276,7.442819,0,-8.8
10655,-0.2556695,7.420055,0,-8.8
10656,-0.2619283,7.397541,0,-8.8
10657,-0.2688753,7.373027,0,-8.8
10658,-0.2747667,7.346519,0,-8.8
10659,-0.2800643,7.318387,0,-8.8
10660,-0.2861459,7.291383,0,-8.8
10661,-0.2946223,7.263208,0,-8.8
10662,-0.3007035,7.232693,0,-8.8
10663,-0.3060266,7.202888,0,-8.8
10664,-0.3102539,7.170064,0,-8.8
10665,-0.3168082,7.139389,0,-8.8
10666,-0.3213739,7.111391,0,-8.8
10667,-0.3226869,7.084427,0,-8.8
10668,-0.3290997,7.058796,0,-8.8
10669,-0.3336797,7.033253,0,-8.8
10670,-0.3383124,7.009011,0,-8.8
10671,-0.3441533,6.983003,0,-8.8
10672,-0.3480062,6.956315,0,-8.8
10673,-0.3542991,6.928583,0,-8.8
10674,-0.3628128,6.901533,0,-8.8
10675,-0.3719898,6.874501,0,-8.8
10676,-0.382322,6.848094,0,-8.8
10677,-0.3925193,6.821402,0,-8.8
10678,-0.4032361,6.793679,0,-8.8
10679,-0.4141069,6.76476,0,-8.8
10680,-0.4265559,6.735406,0,-8.8
10681,-0.442192,6.706105,0,-8.8
10682,-0.4568507,6.675983,0,-8.8
10683,-0.4709449,6.646107,0,-8.8
10684,-0.4853027,6.619943,0,-8.8
10685,-0.499179,6.595652,0,-8.8
10686,-0.5138628,6.570213,0,-8.8
10687,-0.529839,6.544482,0,-8.8
10688,-0.545866,6.519262,0,-8.8
10689,-0.5610773,6.495382,0,-8.8
10690,-0.5735255,6.473126,0,-8.8
10691,-0.5865758,6.449424,0,-8.8
10692,-0.5999401,6.42488,0,-8.8
10693,-0.6103942,6.403499,0,-8.8
10694,-0.6222641,6.37976,0,-8.8
10695,-0.6305833,6.357321,0,-8.8
10696,-0.6375677,6.338239,0,-8.8
10697,-0.6438789,6.323563,0,-8.8
10698,-0.6509283,6.307106,0,-8.8
10699,-0.6582279,6.284961,0,-8.8
10700,-0.6661819,6.257903,0,-8.8
10701,-0.673579,6.235188,0,-8.8
10702,-0.6796538,6.210467,0,-8.8
10703,-0.6831087,6.18355,0,-8.8
10704,-0.6888958,6.160975,0,-8.8
10705,-0.6946429,6.138445,0,-8.8
10706,-0.6987088,6.115848,0,-8.8
10707,-0.7038915,6.091763,0,-8.8
10708,-0.7114425,6.070878,0,-8.8
10709,-0.7165192,6.047274,0,-8.8
10710,-0.7221646,6.022668,0,-8.8
10711,-0.727649,5.997155,0,-8.8
10712,-0.7331778,5.972528,0,-8.8
10713,-0.7389504,5.942906,0,-8.8
10714,-0.7428049,5.912223,0,-8.8
10715,-0.7446235,5.879552,0,-8.8
10716,-0.745515,5.846498,0,-8.8
10717,-0.7463623,5.815098,0,-8.8
10718,-0.7483108,5.78269,0,-8.8
10719,-0.7495293,5.756159,0,-8.8
10720,-0.7507438,5.730212,0,-8.8
10721,-0.7531909,5.702856,0,-8.8
10722,-0.7555124,5.674887,0,-8.8
10723,-0.7572502,5.646023,0,-8.8
10724,-0.7594724,5.615418,0,-8.8
10725,-0.7618992,5.586328,0,-8.8
10726,-0.765398,5.558477,0,-8.8
10727,-0.7691123,5.529099,0,-8.8
10728,-0.7727644,5.499674,0,-8.8
10729,-0.7769336,5.470475,0,-8.8
10730,-0.7840306,5.440578,0,-8.8
10731,-0.7911146,5.414646,0,-8.8
10732,-0.7975328,5.387491,0,-8.8
10733,-0.806007,5.35593,0,-8.8
10734,-0.8168392,5.322754,0,-8.8
10735,-0.8267766,5.28953,0,-8.8
10736,-0.8364224,5.257708,0,-8.8
10737,-0.8491186,5.224594,0,-8.8
10738,-0.861573,5.192978,0,-8.8
10739,-0.875097,5.162944,0,-8.8
10740,-0.8888686,5.131455,0,-8.8
10741,-0.9023259,5.097571,0,-8.8
10742,-0.9135141,5.069435,0,-8.8
10743,-0.925764,5.041604,0,-8.8
10744,-0.9377339,5.013282,0,-8.8
10745,-0.9471765,4.984903,0,-8.8
10746,-0.9576081,4.957813,0,-8.8
10747,-0.9651551,4.933484,0,-8.8
10748,-0.9741169,4.912477,0,-8.8
10749,-0.9807029,4.894364,0,-8.8
10750,-0.9847291,4.873758,0,-8.8
10751,-0.9913847,4.850884,0,-8.8
10752,-0.9948103,4.826847,0,-8.8
10753,-1.000381,4.802045,0,-8.8
10754,-1.005769,4.775696,0,-8.8
10755,-1.008798,4.7517,0,-8.8
10756,-1.011719,4.728601,0,-8.8
10757,-1.013729,4.704614,0,-8.8
10758,-1.01721,4.680882,0,-8.8
10759,-1.02159,4.657094,0,-8.8
10760,-1.026529,4.634053,0,-8.8
10761,-1.032006,4.610085,0,-8.8
10762,-1.034946,4.58275,0,-8.8
10763,-1.03875,4.56033,0,-8.8
10764,-1.040701,4.536762,0,-8.8
10765,-1.04071,4.509673,0,-8.8
10766,-1.041389,4.480107,0,-8.8
10767,-1.041957,4.452146,0,-8.8
10768,-1.042561,4.422716,0,-8.8
10769,-1.045912,4.391876,0,-8.8
10770,-1.048187,4.357834,0,-8.8
10771,-1.048415,4.325498,0,-8.8
10772,-1.048974,4.294173,0,-8.8
10773,-1.048738,4.264273,0,-8.8
10774,-1.048168,4.238369,0,-8.8
10775,-1.047534,4.21141,0,-8.8
10776,-1.048054,4.184162,0,-8.8
10777,-1.046312,4.15294,0,-8.8
10778,-1.044252,4.122753,0,-8.8
10779,-1.042316,4.09124,0,-8.8
10780,-1.044432,4.058632,0,-8.8
10781,-1.047471,4.02757,0,-8.8
10782,-1.050563,3.997573,0,-8.8
10783,-1.053269,3.967906,0,-8.8
10784,-1.055638,3.939777,0,-8.8
10785,-1.06056,3.913939,0,-8.8
10786,-1.06592,3.886775,0,-8.8
10787,-1.074266,3.854801,0,-8.8
10788,-1.084159,3.82423,0,-8.8
10789,-1.095009,3.793977,0,-8.8
10790,-1.10704,3.762402,0,-8.8
10791,-1.117771,3.730743,0,-8.8
10792,-1.128434,3.700178,0,-8.8
10793,-1.138035,3.66999,0,-8.8
10794,-1.146572,3.640353,0,-8.8
10795,-1.154987,3.608724,0,-8.8
10796,-1.164927,3.577235,0,-8.8
10797,-1.174213,3.551141,0,-8.8
10798,-1.181543,3.527591,0,-8.8
10799,-1.188872,3.502312,0,-8.8
10800,-1.196746,3.476161,0,-8.8
10801,-1.201022,3.452881,0,-8.8
10802,-1.20432,3.428066,0,-8.8
10803,-1.207906,3.407803,0,-8.8
10804,-1.211711,3.388138,0,-8.8
10805,-1.215003,3.365487,0,-8.8
10806,-1.217679,3.343394,0,-8.8
10807,-1.220384,3.319289,0,-8.8
10808,-1.222369,3.298923,0,-8.8
10809,-1.223714,3.275165,0,-8.8
10810,-1.223861,3.250082,0,-8.8
10811,-1.222687,3.226951,0,-8.8
10812,-1.225557,3.205315,0,-8.8
10813,-1.227631,3.181464,0,-8.8
10814,-1.229464,3.158293,0,-8.8
10815,-1.228929,3.132725,0,-8.8
10816,-1.228341,3.106799,0,-8.8
10817,-1.227743,3.079503,0,-8.8
10818,-1.225779,3.052958,0,-8.8
10819,-1.225368,3.029984,0,-8.8
10820,-1.224138,3.004271,0,-8.8
10821,-1.22175,2.976407,0,-8.8
10822,-1.219165,2.948025,0,-8.8
10823,-1.215504,2.917538,0,-8.8
10824,-1.210287,2.889251,0,-8.8
10825,-1.206832,2.859495,0,-8.8
10826,-1.204148,2.829071,0,-8.8
10827,-1.199174,2.800132,0,-8.8
10828,-1.194646,2.772738,0,-8.8
10829,-1.192151,2.7469,0,-8.8
10830,-1.189015,2.720779,0,-8.8
10831,-1.181539,2.691241,0,-8.8
10832,-1.176672,2.662004,0,-8.8
10833,-1.172937,2.630651,0,-8.8
10834,-1.169973,2.601123,0,-8.8
10835,-1.167527,2.57115,0,-8.8
10836,-1.16509,2.539662,0,-8.8
10837,-1.163288,2.508665,0,-8.8
10838,-1.162599,2.479593,0,-8.8
10839,-1.162637,2.45185,0,-8.8
10840,-1.163428,2.422462,0,-8.8
10841,-1.166191,2.389737,0,-8.8
10842,-1.167975,2.356845,0,-8.8
10843,-1.17118,2.325108,0,-8.8
10844,-1.175213,2.293881,0,-8.8
10845,-1.179318,2.263447,0,-8.8
10846,-1.183309,2.231621,0,-8.8
10847,-1.188574,2.199625,0,-8.8
10848,-1.19376,2.170523,0,-8.8
10849,-1.198026,2.138038,0,-8.8
10850,-1.202069,2.108121,0,-8.8
10851,-1.207978,2.075418,0,-8.8
10852,-1.21481,2.045321,0,-8.8
10853,-1.219372,2.018666,0,-8.8
10854,-1.224943,1.993774,0,-8.8
10855,-1.229439,1.970845,0,-8.8
10856,-1.231586,1.946592,0,-8.8
10857,-1.234994,1.923961,0,-8.8
10858,-1.236924,1.903375,0,-8.8
10859,-1.237527,1.881915,0,-8.8
10860,-1.239644,1.853778,0,-8.8
10861,-1.240452,1.82528,0,-8.8
10862,-1.239955,1.800188,0,-8.8
10863,-1.240791,1.776887,0,-8.8
10864,-1.238944,1.752446,0,-8.8
10865,-1.236764,1.727214,0,-8.8
10866,-1.235733,1.703519,0,-8.8
10867,-1.235476,1.676954,0,-8.8
10868,-1.235799,1.648283,0,-8.8
10869,-1.234456,1.621634,0,-8.8
10870,-1.233243,1.595124,0,-8.8
10871,-1.229764,1.567965,0,-8.8
10872,-1.226388,1.541341,0,-8.8
10873,-1.223549,1.513315,0,-8.8
10874,-1.219678,1.482612,0,-8.8
10875,-1.217537,1.450194,0,-8.8
10876,-1.213233,1.415359,0,-8.8
10877,-1.208998,1.382105,0,-8.8
10878,-1.205096,1.349687,0,-8.8
10879,-1.200009,1.321943,0,-8.8
10880,-1.194728,1.295103,0,-8.8
10881,-1.18967,1.267559,0,-8.8
10882,-1.185172,1.244115,0,-8.8
10883,-1.181602,1.217935,0,-8.8
10884,-1.177982,1.189788,0,-8.8
10885,-1.174941,1.160825,0,-8.8
10886,-1.168872,1.128787,0,-8.8
10887,-1.162388,1.098527,0,-8.8
10888,-1.158101,1.070949,0,-8.8
10889,-1.155787,1.042943,0,-8.8
10890,-1.153968,1.015411,0,-8.8
10891,-1.15212,0.9878029,0,-8.8
10892,-1.153048,0.9579145,0,-8.8
10893,-1.155525,0.9278922,0,-8.8
10894,-1.158102,0.8981506,0,-8.8
10895,-1.162604,0.8670598,0,-8.8
10896,-1.16749,0.8342467,0,-8.8
10897,-1.173967,0.8013695,0,-8.8
10898,-1.182371,0.76928,0,-8.8
10899,-1.189192,0.7383022,0,-8.8
10900,-1.196108,0.7051054,0,-8.8
10901,-1.200919,0.6729336,0,-8.8
10902,-1.206289,0.6417308,0,-8.8
10903,-1.213716,0.608218,0,-8.8
10904,-1.218539,0.5787885,0,-8.8
10905,-1.221521,0.5498336,0,-8.8
10906,-1.224809,0.5233822,0,-8.8
10907,-1.227277,0.4967819,0,-8.8
10908,-1.228388,0.4724335,0,-8.8
10909,-1.230011,0.4464745,0,-8.8
10910,-1.229675,0.4237525,0,-8.8
10911,-1.230289,0.4049049,0,-8.8
10912,-1.231226,0.384408,0,-8.8
10913,-1.230909,0.3658278,0,-8.8
10914,-1.229192,0.3429632,0,-8.8
10915,-1.228355,0.3171219,0,-8.8
10916,-1.22728,0.2920967,0,-8.8
10917,-1.22461,0.2676526,0,-8.8
10918,-1.223348,0.2426291,0,-8.8
10919,-1.222534,0.2174289,0,-8.8
10920,-1.221715,0.1936384,0,-8.8
10921,-1.221336,0.1689827,0,-8.8
10922,-1.220955,0.142782,0,-8.8
10923,-1.218025,0.1147312,0,-8.8
10924,-1.213534,0.08742823,0,-8.8
10925,-1.208878,0.05904727,0,-8.8
10926,-1.204874,0.03038159,0,-8.8
10927,-1.201644,0.003869282,0,-8.8
10928,-1.197004,-0.02739848,0,-8.8
10929,-1.190398,-0.06294854,0,-8.8
10930,-1.183215,-0.09586452,0,-8.8
10931,-1.178207,-0.1268133,0,-8.8
10932,-1.175125,-0.1560205,0,-8.8
10933,-1.169707,-0.1830423,0,-8.8
10934,-1.166178,-0.2071417,0,-8.8
10935,-1.160707,-0.2342219,0,-8.8
10936,-1.158229,-0.2593911,0,-8.8
10937,-1.153853,-0.2844307,0,-8.8
10938,-1.148214,-0.3126617,0,-8.8
10939,-1.142033,-0.3401293,0,-8.8
10940,-1.137053,-0.3698539,0,-8.8
10941,-1.131735,-0.401143,0,-8.8
10942,-1.12899,-0.4306749,0,-8.8
10943,-1.125954,-0.4583628,0,-8.8
10944,-1.123406,-0.486989,0,-8.8
10945,-1.12088,-0.5157959,0,-8.8
10946,-1.120985,-0.5462599,0,-8.8
10947,-1.120861,-0.5744383,0,-8.8
10948,-1.122952,-0.6050392,0,-8.8
10949,-1.125152,-0.6377312,0,-8.8
10950,-1.128056,-0.6719182,0,-8.8
10951,-1.130235,-0.7052718,0,-8.8
10952,-1.132744,-0.7342898,0,-8.8
10953,-1.135996,-0.762998,0,-8.8
10954,-1.140245,-0.7920731,0,-8.8
10955,-1.144981,-0.8231141,0,-8.8
10956,-1.151218,-0.8541513,0,-8.8
10957,-1.155487,-0.8827173,0,-8.8
10958,-1.159461,-0.9112813,0,-8.8
10959,-1.162308,-0.9366308,0,-8.8
10960,-1.164005,-0.9604455,0,-8.8
10961,-1.165259,-0.9852285,0,-8.8
10962,-1.166625,-1.006247,0,-8.8
10963,-1.166853,-1.029957,0,-8.8
10964,-1.165693,-1.054376,0,-8.8
10965,-1.162868,-1.072991,0,-8.8
10966,-1.16151,-1.088856,0,-8.8
10967,-1.159662,-1.107967,0,-8.8
10968,-1.157504,-1.13172,0,-8.8
10969,-1.156298,-1.15569,0,-8.8
10970,-1.153778,-1.177568,0,-8.8
10971,-1.147391,-1.199759,0,-8.8
10972,-1.144195,-1.220986,0,-8.8
10973,-1.139943,-1.242312,0,-8.8
10974,-1.136995,-1.266283,0,-8.8
10975,-1.135288,-1.288364,0,-8.8
10976,-1.132833,-1.312967,0,-8.8
10977,-1.130387,-1.337483,0,-8.8
10978,-1.128438,-1.362517,0,-8.8
10979,-1.124178,-1.386383,0,-8.8
10980,-1.117417,-1.41273,0,-8.8
10981,-1.111948,-1.439909,0,-8.8
10982,-1.105647,-1.465844,0,-8.8
10983,-1.097198,-1.495216,0,-8.8
10984,-1.087509,-1.525875,0,-8.8
10985,-1.078459,-1.557274,0,-8.8
10986,-1.072605,-1.583739,0,-8.8
10987,-1.06632,-1.609735,0,-8.8
10988,-1.05679,-1.636784,0,-8.8
10989,-1.046267,-1.660438,0,-8.8
10990,-1.038284,-1.681632,0,-8.8
10991,-1.029468,-1.707812,0,-8.8
10992,-1.021934,-1.735159,0,-8.8
10993,-1.011918,-1.765286,0,-8.8
10994,-1.002793,-1.796363,0,-8.8
10995,-0.9958838,-1.824789,0,-8.8
10996,-0.9887735,-1.851965,0,-8.8
10997,-0.9826528,-1.876699,0,-8.8
10998,-0.9783627,-1.903881,0,-8.8
10999,-0.9736753,-1.930841,0,-8.8
11000,-0.9694204,-1.958237,0,-8.8
11001,-0.965524,-1.986519,0,-8.8
11002,-0.9629034,-2.01572,0,-8.8
11003,-0.9609249,-2.050645,0,-8.8
11004,-0.95956,-2.083564,0,-8.8
11005,-0.9599422,-2.115439,0,-8.8
11006,-0.9611189,-2.143863,0,-8.8
11007,-0.9612067,-2.173674,0,-8.8
11008,-0.9625144,-2.202964,0,-8.8
11009,-0.9643671,-2.229985,0,-8.8
11010,-0.9661301,-2.259408,0,-8.8
11011,-0.9666796,-2.288202,0,-8.8
11012,-0.9664865,-2.316892,0,-8.8
11013,-0.9654747,-2.343581,0,-8.8
11014,-0.9671839,-2.370665,0,-8.8
11015,-0.9675131,-2.395086,0,-8.8
11016,-0.9688617,-2.42216,0,-8.8
11017,-0.9671208,-2.443789,0,-8.8
11018,-0.9629365,-2.468476,0,-8.8
11019,-0.9587669,-2.491394,0,-8.8
11020,-0.9555141,-2.512743,0,-8.8
11021,-0.9521887,-2.537597,0,-8.8
11022,-0.9485842,-2.562089,0,-8.8
11023,-0.9446765,-2.585547,0,-8.8
11024,-0.938575,-2.606759,0,-8.8
11025,-0.9345806,-2.630356,0,-8.8
11026,-0.932241,-2.653986,0,-8.8
11027,-0.927671,-2.676966,0,-8.8
11028,-0.9230596,-2.699688,0,-8.8
11029,-0.9190113,-2.723688,0,-8.8
11030,-0.9135445,-2.747585,0,-8.8
11031,-0.905834,-2.774134,0,-8.8
11032,-0.897248,-2.802866,0,-8.8
11033,-0.8893711,-2.829771,0,-8.8
11034,-0.8794488,-2.858446,0,-8.8
11035,-0.8712564,-2.884258,0,-8.8
11036,-0.860322,-2.913575,0,-8.8
11037,-0.8498913,-2.945857,0,-8.8
11038,-0.8412011,-2.975681,0,-8.8
11039,-0.8346208,-3.006245,0,-8.8
11040,-0.8261192,-3.034712,0,-8.8
11041,-0.8171153,-3.062151,0,-8.8
11042,-0.8075539,-3.086014,0,-8.8
11043,-0.7974271,-3.11151,0,-8.8
11044,-0.7879689,-3.136559,0,-8.8
11045,-0.7772223,-3.161397,0,-8.8
11046,-0.7654896,-3.188028,0,-8.8
11047,-0.7564104,-3.218609,0,-8.8
11048,-0.7476878,-3.248705,0,-8.8
11049,-0.7395492,-3.276427,0,-8.8
11050,-0.7329668,-3.305809,0,-8.8
11051,-0.7254651,-3.334864,0,-8.8
11052,-0.7183338,-3.364562,0,-8.8
11053,-0.7125405,-3.39562,0,-8.8
11054,-0.7089294,-3.426579,0,-8.8
11055,-0.7059034,-3.458214,0,-8.8
11056,-0.7024494,-3.488876,0,-8.8
11057,-0.7006072,-3.522321,0,-8.8
11058,-0.6992454,-3.555496,0,-8.8
11059,-0.6986248,-3.589468,0,-8.8
11060,-0.6980631,-3.61891,0,-8.8
11061,-0.6966203,-3.647728,0,-8.8
11062,-0.693352,-3.679746,0,-8.8
11063,-0.6909962,-3.714437,0,-8.8
11064,-0.6884434,-3.744987,0,-8.8
11065,-0.6866885,-3.773988,0,-8.8
11066,-0.6878509,-3.803399,0,-8.8
11067,-0.6884387,-3.831899,0,-8.8
11068,-0.6886974,-3.856585,0,-8.8
11069,-0.687651,-3.876637,0,-8.8
11070,-0.6869342,-3.898048,0,-8.8
11071,-0.686016,-3.916099,0,-8.8
11072,-0.6847466,-3.937692,0,-8.8
11073,-0.6802085,-3.958006,0,-8.8
11074,-0.6762807,-3.979129,0,-8.8
11075,-0.6712195,-4.003601,0,-8.8
11076,-0.6648618,-4.027613,0,-8.8
11077,-0.6603056,-4.04895,0,-8.8
11078,-0.6552814,-4.072116,0,-8.8
11079,-0.6489575,-4.09564,0,-8.8
11080,-0.6423708,-4.121225,0,-8.8
11081,-0.6355333,-4.142973,0,-8.8
11082,-0.6310322,-4.163471,0,-8.8
11083,-0.6262475,-4.186163,0,-8.8
11084,-0.6221054,-4.210425,0,-8.8
11085,-0.6167439,-4.234107,0,-8.8
11086,-0.6111035,-4.256681,0,-8.8
11087,-0.6054842,-4.280923,0,-8.8
11088,-0.598949,-4.30328,0,-8.8
11089,-0.5921252,-4.326949,0,-8.8
11090,-0.5855471,-4.350804,0,-8.8
11091,-0.5789605,-4.376534,0,-8.8
11092,-0.5694661,-4.404947,0,-8.8
11093,-0.5591909,-4.433939,0,-8.8
11094,-0.5495826,-4.462775,0,-8.8
11095,-0.5392973,-4.488676,0,-8.8
11096,-0.5292709,-4.51043,0,-8.8
11097,-0.5205078,-4.534862,0,-8.8
11098,-0.510936,-4.557796,0,-8.8
11099,-0.5023208,-4.585481,0,-8.8
11100,-0.4941052,-4.615217,0,-8.8
11101,-0.4849664,-4.644555,0,-8.8
11102,-0.475136,-4.671402,0,-8.8
11103,-0.4657016,-4.698577,0,-8.8
11104,-0.457493,-4.724779,0,-8.8
11105,-0.4500832,-4.751238,0,-8.8
11106,-0.4446097,-4.776751,0,-8.8
11107,-0.439511,-4.802561,0,-8.8
11108,-0.4344018,-4.832043,0,-8.8
11109,-0.431642,-4.863377,0,-8.8
11110,-0.4291683,-4.896956,0,-8.8
11111,-0.4281023,-4.931605,0,-8.8
11112,-0.4274399,-4.965883,0,-8.8
11113,-0.4269785,-4.996629,0,-8.8
11114,-0.4260017,-5.027173,0,-8.8
11115,-0.4236071,-5.054409,0,-8.8
11116,-0.4215,-5.082654,0,-8.8
11117,-0.4203534,-5.113155,0,-8.8
11118,-0.4213163,-5.145313,0,-8.8
11119,-0.4233933,-5.17717,0,-8.8
11120,-0.425566,-5.20715,0,-8.8
11121,-0.4285136,-5.234596,0,-8.8
11122,-0.4278282,-5.260433,0,-8.8
11123,-0.4261573,-5.283582,0,-8.8
11124,-0.4227868,-5.304468,0,-8.8
11125,-0.4208176,-5.327786,0,-8.8
11126,-0.4179302,-5.346972,0,-8.8
11127,-0.4156362,-5.365033,0,-8.8
11128,-0.4153485,-5.384274,0,-8.8
11129,-0.4114563,-5.406693,0,-8.8
11130,-0.407453,-5.426143,0,-8.8
11131,-0.4030766,-5.448313,0,-8.8
11132,-0.3971509,-5.467973,0,-8.8
11133,-0.391448,-5.488475,0,-8.8
11134,-0.3874363,-5.508952,0,-8.8
11135,-0.3828426,-5.528601,0,-8.8
11136,-0.3790703,-5.547236,0,-8.8
11137,-0.3732482,-5.569627,0,-8.8
11138,-0.3685846,-5.593167,0,-8.8
11139,-0.3634925,-5.617611,0,-8.8
11140,-0.3583846,-5.639091,0,-8.8
11141,-0.3525121,-5.662684,0,-8.8
11142,-0.3461065,-5.687139,0,-8.8
11143,-0.3386442,-5.71167,0,-8.8
11144,-0.328321,-5.739964,0,-8.8
11145,-0.3183045,-5.767399,0,-8.8
11146,-0.3087325,-5.798181,0,-8.8
11147,-0.3008164,-5.82709,0,-8.8
11148,-0.2927436,-5.853274,0,-8.8
11149,-0.2851743,-5.875535,0,-8.8
11150,-0.2771644,-5.897477,0,-8.8
11151,-0.2679793,-5.919716,0,-8.8
11152,-0.2607108,-5.942461,0,-8.8
11153,-0.2497733,-5.966402,0,-8.8
11154,-0.2398836,-5.995015,0,-8.8
11155,-0.2319641,-6.023509,0,-8.8
11156,-0.2253666,-6.049805,0,-8.8
11157,-0.2179915,-6.076151,0,-8.8
11158,-0.2145589,-6.105888,0,-8.8
11159,-0.2111711,-6.133978,0,-8.8
11160,-0.2066526,-6.160079,0,-8.8
11161,-0.2025211,-6.189788,0,-8.8
11162,-0.1982727,-6.219471,0,-8.8
11163,-0.1943273,-6.249458,0,-8.8
11164,-0.1920522,-6.280891,0,-8.8
11165,-0.1921228,-6.309528,0,-8.8
11166,-0.1935253,-6.335287,0,-8.8
11167,-0.1961515,-6.361795,0,-8.8
11168,-0.1984702,-6.389764,0,-8.8
11169,-0.2003015,-6.418971,0,-8.8
11170,-0.2043072,-6.4472,0,-8.8
11171,-0.2061303,-6.47222,0,-8.8
11172,-0.2079382,-6.496414,0,-8.8
11173,-0.2080175,-6.521812,0,-8.8
11174,-0.2092618,-6.545824,0,-8.8
11175,-0.209719,-6.56855,0,-8.8
11176,-0.2092928,-6.58847,0,-8.8
11177,-0.2083953,-6.607751,0,-8.8
11178,-0.2087106,-6.626615,0,-8.8
11179,-0.2064875,-6.645253,0,-8.8
11180,-0.2024216,-6.665961,0,-8.8
11181,-0.1984578,-6.686059,0,-8.8
11182,-0.1971596,-6.70495,0,-8.8
11183,-0.1975269,-6.729279,0,-8.8
11184,-0.1956182,-6.752559,0,-8.8
11185,-0.1940732,-6.774951,0,-8.8
11186,-0.1910353,-6.796565,0,-8.8
11187,-0.1859073,-6.818282,0,-8.8
11188,-0.1816302,-6.838069,0,-8.8
11189,-0.1767799,-6.859546,0,-8.8
11190,-0.1711336,-6.883124,0,-8.8
11191,-0.1660348,-6.906412,0,-8.8
11192,-0.1608676,-6.931465,0,-8.8
11193,-0.1546618,-6.956433,0,-8.8
11194,-0.1485007,-6.98362,0,-8.8
11195,-0.1414721,-7.012659,0,-8.8
11196,-0.1330397,-7.040166,0,-8.8
11197,-0.1241986,-7.069671,0,-8.8
11198,-0.1143454,-7.099277,0,-8.8
11199,-0.1075135,-7.130552,0,-8.8
11200,-0.101379,-7.158929,0,-8.8
11201,-0.09498812,-7.184395,0,-8.8
11202,-0.08776461,-7.208361,0,-8.8
11203,-0.07999481,-7.232736,0,-8.8
11204,-0.07086962,-7.257876,0,-8.8
11205,-0.06059936,-7.284885,0,-8.8
11206,-0.04984795,-7.311913,0,-8.8
11207,-0.0414467,-7.338989,0,-8.8
11208,-0.03058449,-7.367051,0,-8.8
11209,-0.02136886,-7.396878,0,-8.8
11210,-0.01215817,-7.42621,0,-8.8
11211,-0.004836172,-7.453468,0,-8.8
11212,0.002000763,-7.480714,0,-8.8
11213,0.006842238,-7.507314,0,-8.8
11214,0.01064287,-7.534802,0,-8.8
11215,0.01358413,-7.562474,0,-8.8
11216,0.01581104,-7.59378,0,-8.8
11217,0.01696151,-7.623935,0,-8.8
11218,0.01737648,-7.654449,0,-8.8
11219,0.01708878,-7.682362,0,-8.8
11220,0.01946406,-7.710618,0,-8.8
11221,0.02357386,-7.742795,0,-8.8
11222,0.02693468,-7.772696,0,-8.8
11223,0.02998087,-7.803461,0,-8.8
11224,0.03209786,-7.836261,0,-8.8
11225,0.03346357,-7.869222,0,-8.8
11226,0.03428603,-7.899762,0,-8.8
11227,0.0352871,-7.928226,0,-8.8
11228,0.03550487,-7.953473,0,-8.8
11229,0.03448356,-7.977655,0,-8.8
11230,0.0324362,-8.001818,0,-8.8
11231,0.03354985,-8.024196,0,-8.8
11232,0.03624092,-8.043197,0,-8.8
11233,0.0408746,-8.065438,0,-8.8
11234,0.04363503,-8.085619,0,-8.8
11235,0.04648084,-8.104178,0,-8.8
11236,0.051082,-8.127083,0,-8.8
11237,0.0569695,-8.149216,0,-8.8
11238,0.06122871,-8.170442,0,-8.8
11239,0.06834428,-8.19406,0,-8.8
11240,0.07295212,-8.216146,0,-8.8
11241,0.07944894,-8.239078,0,-8.8
11242,0.08663746,-8.262239,0,-8.8
11243,0.09183557,-8.286317,0,-8.8
11244,0.09792746,-8.310023,4.4,7.621024
11245,0.1036789,-8.336955,4.4,7.621024
11246,0.1075777,-8.369896,4.4,7.621024
11247,0.1102337,-8.402156,4.4,7.621024
11248,0.1136891,-8.430389,4.4,7.621024
11249,0.1150349,-8.45266,4.4,7.621024
11250,0.1115395,-8.466938,4.4,7.621024
11251,0.1074333,-8.480171,4.4,7.621024
11252,0.107377,-8.497735,4.4,7.621024
11253,0.1079062,-8.518177,4.4,7.621024
11254,0.1083553,-8.542399,4.4,7.621024
11255,0.1091683,-8.570459,4.4,7.621024
11256,0.1166481,-8.600485,4.4,7.621024
11257,0.1265144,-8.625817,4.4,7.621024
11258,0.1387046,-8.649809,4.4,7.621024
11259,0.1547499,-8.671801,4.4,7.621024
11260,0.171615,-8.692408,4.4,7.621024
11261,0.188289,-8.710807,4.4,7.621024
11262,0.204195,-8.725652,4.4,7.621024
11263,0.2151222,-8.734541,4.4,7.621024
11264,0.2216947,-8.740871,4.4,7.621024
11265,0.2292242,-8.749446,4.4,7.621024
11266,0.2376637,-8.757764,4.4,7.621024
11267,0.2458701,-8.766614,4.4,7.621024
11268,0.2545225,-8.775624,4.4,7.621024
11269,0.2634529,-8.78556,4.4,7.621024
11270,0.274079,-8.795699,4.4,7.621024
11271,0.2904584,-8.808353,4.4,7.621024
11272,0.3069448,-8.821698,4.4,7.621024
11273,0.3227371,-8.831985,4.4,7.621024
11274,0.3376449,-8.841414,4.4,7.621024
11275,0.353505,-8.849778,4.4,7.621024
11276,0.3698801,-8.857553,4.4,7.621024
11277,0.386196,-8.867693,4.4,7.621024
11278,0.3983945,-8.876797,4.4,7.621024
11279,0.4065623,-8.88706,4.4,7.621024
11280,0.4137401,-8.896385,4.4,7.621024
11281,0.4231572,-8.904326,4.4,7.621024
11282,0.4338811,-8.911338,4.4,7.621024
11283,0.445197,-8.915716,4.4,7.621024
11284,0.4567457,-8.922064,4.4,7.621024
11285,0.4689099,-8.927887,4.4,7.621024
11286,0.4806686,-8.929555,4.4,7.621024
11287,0.4949054,-8.929867,4.4,7.621024
11288,0.5113233,-8.930386,4.4,7.621024
11289,0.526072,-8.929486,4.4,7.621024
11290,0.5454125,-8.927184,4.4,7.621024
11291,0.563153,-8.922845,4.4,7.621024
11292,0.575811,-8.920321,4.4,7.621024
11293,0.5849246,-8.918928,4.4,7.621024
11294,0.5972546,-8.915301,4.4,7.621024
11295,0.6077971,-8.910219,4.4,7.621024
11296,0.6194203,-8.906923,4.4,7.621024
11297,0.6334382,-8.903575,4.4,7.621024
11298,0.645431,-8.900765,4.4,7.621024
11299,0.6570515,-8.900634,4.4,7.621024
11300,0.6693255,-8.897683,4.4,7.621024
11301,0.6838161,-8.893435,4.4,7.621024
11302,0.6993523,-8.886767,4.4,7.621024
11303,0.7156888,-8.878372,4.4,7.621024
11304,0.7351892,-8.867738,4.4,7.621024
11305,0.7538149,-8.854496,4.4,7.621024
11306,0.7682597,-8.842896,4.4,7.621024
11307,0.7842005,-8.829364,4.4,7.621024
11308,0.8005643,-8.81738,4.4,7.621024
11309,0.8169648,-8.804199,4.4,7.621024
11310,0.8311507,-8.789659,4.4,7.621024
11311,0.841244,-8.776198,4.4,7.621024
11312,0.8516588,-8.76461,4.4,7.621024
11313,0.8624956,-8.752679,4.4,7.621024
11314,0.8749783,-8.73932,4.4,7.621024
11315,0.8903258,-8.723314,4.4,7.621024
11316,0.9055294,-8.708389,4.4,7.621024
11317,0.9192163,-8.693383,4.4,7.621024
11318,0.9333357,-8.680712,4.4,7.621024
11319,0.9505604,-8.668593,4.4,7.621024
11320,0.9715434,-8.65504,4.4,7.621024
11321,0.9917936,-8.642817,4.4,7.621024
11322,1.01199,-8.632571,4.4,7.621024
11323,1.033845,-8.623072,4.4,7.621024
11324,1.056717,-8.61351,4.4,7.621024
11325,1.081018,-8.603357,4.4,7.621024
11326,1.10552,-8.592596,4.4,7.621024
11327,1.129795,-8.583542,4.4,7.621024
11328,1.151631,-8.575832,4.4,7.621024
11329,1.174952,-8.565282,4.4,7.621024
11330,1.197238,-8.554972,4.4,7.621024
11331,1.217884,-8.54391,4.4,7.621024
11332,1.239413,-8.532767,4.4,7.621024
11333,1.260879,-8.521651,4.4,7.621024
11334,1.282184,-8.511895,4.4,7.621024
11335,1.302275,-8.501857,4.4,7.621024
11336,1.321725,-8.492823,4.4,7.621024
11337,1.340425,-8.481636,4.4,7.621024
11338,1.359279,-8.467886,4.4,7.621024
11339,1.378209,-8.453669,4.4,7.621024
11340,1.392321,-8.441163,4.4,7.621024
11341,1.405959,-8.428726,4.4,7.621024
11342,1.419034,-8.417235,4.4,7.621024
11343,1.430444,-8.406812,4.4,7.621024
11344,1.446066,-8.391494,4.4,7.621024
11345,1.462947,-8.374802,4.4,7.621024
11346,1.478323,-8.357198,4.4,7.621024
11347,1.49044,-8.339702,4.4,7.621024
11348,1.502239,-8.324821,4.4,7.621024
11349,1.515869,-8.309051,4.4,7.621024
11350,1.527801,-8.292141,4.4,7.621024
11351,1.541493,-8.275988,4.4,7.621024
11352,1.555158,-8.257379,4.4,7.621024
11353,1.569103,-8.240757,4.4,7.621024
11354,1.583133,-8.2203,4.4,7.621024
11355,1.597149,-8.199142,4.4,7.621024
11356,1.611629,-8.176792,4.4,7.621024
11357,1.624343,-8.154483,4.4,7.621024
11358,1.634726,-8.132253,4.4,7.621024
11359,1.647819,-8.104902,4.4,7.621024
11360,1.660731,-8.076488,4.4,7.621024
11361,1.673115,-8.049486,4.4,7.621024
11362,1.684756,-8.023796,4.4,7.621024
11363,1.695776,-7.99873,4.4,7.621024
11364,1.705056,-7.97483,4.4,7.621024
11365,1.714745,-7.951858,4.4,7.621024
11366,1.725967,-7.927747,4.4,7.621024
11367,1.736477,-7.90152,4.4,7.621024
11368,1.748361,-7.873284,4.4,7.621024
11369,1.760854,-7.845451,4.4,7.621024
11370,1.773307,-7.815806,4.4,7.621024
11371,1.786343,-7.786455,4.4,7.621024
11372,1.798991,-7.757019,4.4,7.621024
11373,1.809846,-7.73005,4.4,7.621024
11374,1.823501,-7.704243,4.4,7.621024
11375,1.836905,-7.67891,4.4,7.621024
11376,1.850718,-7.654267,4.4,7.621024
11377,1.864532,-7.631122,4.4,7.621024
11378,1.881376,-7.605785,4.4,7.621024
11379,1.901522,-7.579902,4.4,7.621024
11380,1.920567,-7.55513,4.4,7.621024
11381,1.936203,-7.531446,4.4,7.621024
11382,1.955101,-7.504823,4.4,7.621024
11383,1.974511,-7.478312,4.4,7.621024
11384,1.992203,-7.453612,4.4,7.621024
11385,2.011545,-7.429293,4.4,7.621024
11386,2.032582,-7.404092,4.4,7.621024
11387,2.053336,-7.37842,4.4,7.621024
11388,2.074538,-7.354268,4.4,7.621024
11389,2.094013,-7.332529,4.4,7.621024
11390,2.110249,-7.313181,4.4,7.621024
11391,2.127236,-7.293628,4.4,7.621024
11392,2.142708,-7.271983,4.4,7.621024
11393,2.155366,-7.252523,4.4,7.621024
11394,2.166119,-7.234908,4.4,7.621024
11395,2.176294,-7.216312,4.4,7.621024
11396,2.186906,-7.195666,4.4,7.621024
11397,2.199348,-7.172237,4.4,7.621024
11398,2.212154,-7.148956,4.4,7.621024
11399,2.221895,-7.12634,4.4,7.621024
11400,2.232545,-7.106745,4.4,7.621024
11401,2.24144,-7.087044,4.4,7.621024
11402,2.249645,-7.065335,4.4,7.621024
11403,2.2577,-7.042701,4.4,7.621024
11404,2.267784,-7.020823,4.4,7.621024
11405,2.277502,-6.999343,4.4,7.621024
11406,2.287848,-6.977791,4.4,7.621024
11407,2.298674,-6.956047,4.4,7.621024
11408,2.308876,-6.930785,4.4,7.621024
11409,2.320217,-6.905314,4.4,7.621024
11410,2.331459,-6.87816,4.4,7.621024
11411,2.342905,-6.850071,4.4,7.621024
11412,2.354666,-6.818724,4.4,7.621024
11413,2.366002,-6.786374,4.4,7.621024
11414,2.375518,-6.758361,4.4,7.621024
11415,2.385548,-6.729944,4.4,7.621024
11416,2.393455,-6.702223,4.4,7.621024
11417,2.400858,-6.676202,4.4,7.621024
11418,2.406997,-6.648234,4.4,7.621024
11419,2.413608,-6.618739,4.4,7.621024
11420,2.422878,-6.591045,4.4,7.621024
11421,2.43251,-6.563946,4.4,7.621024
11422,2.441211,-6.537863,4.4,7.621024
11423,2.447939,-6.511168,4.4,7.621024
11424,2.455112,-6.483833,4.4,7.621024
11425,2.462833,-6.458364,4.4,7.621024
11426,2.470792,-6.431688,4.4,7.621024
11427,2.48121,-6.40537,4.4,7.621024
11428,2.490543,-6.381183,4.4,7.621024
11429,2.500482,-6.354808,4.4,7.621024
11430,2.512197,-6.326756,4.4,7.621024
11431,2.527483,-6.29734,4.4,7.621024
11432,2.542917,-6.268597,4.4,7.621024
11433,2.559241,-6.238586,4.4,7.621024
11434,2.575455,-6.209086,4.4,7.621024
11435,2.593647,-6.180596,4.4,7.621024
11436,2.610429,-6.153671,4.4,7.621024
11437,2.627216,-6.124802,4.4,7.621024
11438,2.644457,-6.09708,4.4,7.621024
11439,2.661119,-6.0692,4.4,7.621024
11440,2.678175,-6.041864,4.4,7.621024
11441,2.694221,-6.015379,4.4,7.621024
11442,2.711237,-5.986439,4.4,7.621024
11443,2.725534,-5.960873,4.4,7.621024
11444,2.73589,-5.942153,4.4,7.621024
11445,2.750465,-5.920128,4.4,7.621024
11446,2.76291,-5.897392,4.4,7.621024
11447,2.773002,-5.878054,4.4,7.621024
11448,2.780515,-5.857759,4.4,7.621024
11449,2.788359,-5.836778,4.4,7.621024
11450,2.797894,-5.814968,4.4,7.621024
11451,2.806506,-5.790342,4.4,7.621024
11452,2.815216,-5.767762,4.4,7.621024
11453,2.821849,-5.745888,4.4,7.621024
11454,2.828429,-5.722404,4.4,7.621024
11455,2.83575,-5.699085,4.4,7.621024
11456,2.842991,-5.675876,4.4,7.621024
11457,2.85106,-5.654303,4.4,7.621024
11458,2.859367,-5.631035,4.4,7.621024
11459,2.868036,-5.60616,4.4,7.621024
11460,2.877018,-5.58112,4.4,7.621024
11461,2.885097,-5.556026,4.4,7.621024
11462,2.893116,-5.530993,4.4,7.621024
11463,2.899358,-5.505915,4.4,7.621024
11464,2.906172,-5.481664,4.4,7.621024
11465,2.91219,-5.449115,4.4,7.621024
11466,2.918473,-5.419077,4.4,7.621024
11467,2.924115,-5.387095,4.4,7.621024
11468,2.927844,-5.351457,4.4,7.621024
11469,2.931924,-5.319131,4.4,7.621024
11470,2.938466,-5.291109,4.4,7.621024
11471,2.942174,-5.267065,4.4,7.621024
11472,2.945903,-5.243026,4.4,7.621024
11473,2.951323,-5.219421,4.4,7.621024
11474,2.958444,-5.195127,4.4,7.621024
11475,2.963601,-5.168736,4.4,7.621024
11476,2.967633,-5.142746,4.4,7.621024
11477,2.970741,-5.115272,4.4,7.621024
11478,2.975573,-5.085437,4.4,7.621024
11479,2.980857,-5.058326,4.4,7.621024
11480,2.989418,-5.028827,4.4,7.621024
11481,2.997294,-4.998213,4.4,7.621024
11482,3.00703,-4.968214,4.4,7.621024
11483,3.016486,-4.941128,4.4,7.621024
11484,3.027286,-4.911317,4.4,7.621024
11485,3.039641,-4.881955,4.4,7.621024
11486,3.054116,-4.852764,4.4,7.621024
11487,3.068211,-4.823783,4.4,7.621024
11488,3.081156,-4.795022,4.4,7.621024
11489,3.09491,-4.766686,4.4,7.621024
11490,3.109476,-4.736004,4.4,7.621024
11491,3.124143,-4.70617,4.4,7.621024
11492,3.139731,-4.676278,4.4,7.621024
11493,3.155187,-4.649327,4.4,7.621024
11494,3.171464,-4.621731,4.4,7.621024
11495,3.187817,-4.596054,4.4,7.621024
11496,3.202827,-4.569651,4.4,7.621024
11497,3.21833,-4.543304,4.4,7.621024
11498,3.232105,-4.521898,4.4,7.621024
11499,3.243129,-4.50266,4.4,7.621024
11500,3.250379,-4.484745,4.4,7.621024
11501,3.257984,-4.463534,4.4,7.621024
11502,3.266586,-4.44391,4.4,7.621024
11503,3.272724,-4.425202,4.4,7.621024
11504,3.279158,-4.401406,4.4,7.621024
11505,3.287547,-4.378543,4.4,7.621024
11506,3.295452,-4.356397,4.4,7.621024
11507,3.302782,-4.33141,4.4,7.621024
11508,3.309598,-4.30795,4.4,7.621024
11509,3.315305,-4.285914,4.4,7.621024
11510,3.321083,-4.262944,4.4,7.621024
11511,3.325921,-4.239871,4.4,7.621024
11512,3.33191,-4.21727,4.4,7.621024
11513,3.33955,-4.192226,4.4,7.621024
11514,3.348938,-4.168201,4.4,7.621024
11515,3.35609,-4.145425,4.4,7.621024
11516,3.362727,-4.120961,4.4,7.621024
11517,3.369508,-4.09437,4.4,7.621024
11518,3.374568,-4.068427,4.4,7.621024
11519,3.37853,-4.039234,4.4,7.621024
11520,3.382323,-4.007868,4.4,7.621024
11521,3.387807,-3.974325,4.4,7.621024
11522,3.393422,-3.942411,4.4,7.621024
11523,3.398351,-3.911854,4.4,7.621024
11524,3.402833,-3.882872,4.4,7.621024
11525,3.40674,-3.855465,4.4,7.621024
11526,3.410834,-3.829411,4.4,7.621024
11527,3.4142,-3.80227,4.4,7.621024
11528,3.421051,-3.775943,4.4,7.621024
11529,3.426879,-3.749665,4.4,7.621024
11530,3.431808,-3.722854,4.4,7.621024
11531,3.437656,-3.694999,4.4,7.621024
11532,3.442984,-3.666228,4.4,7.621024
11533,3.450284,-3.635812,4.4,7.621024
11534,3.458158,-3.606258,4.4,7.621024
11535,3.466243,-3.58168,4.4,7.621024
11536,3.475191,-3.557669,4.4,7.621024
11537,3.484983,-3.531245,4.4,7.621024
11538,3.495988,-3.502955,4.4,7.621024
11539,3.504912,-3.476386,4.4,7.621024
11540,3.515407,-3.448256,4.4,7.621024
11541,3.526729,-3.421183,4.4,7.621024
11542,3.539688,-3.393903,4.4,7.621024
11543,3.552866,-3.365793,4.4,7.621024
11544,3.564783,-3.33755,4.4,7.621024
11545,3.576742,-3.308582,4.4,7.621024
11546,3.59052,-3.280099,4.4,7.621024
11547,3.60376,-3.253153,4.4,7.621024
11548,3.618071,-3.227819,4.4,7.621024
11549,3.630737,-3.20223,4.4,7.621024
11550,3.644099,-3.176484,4.4,7.621024
11551,3.655503,-3.151019,4.4,7.621024
11552,3.666068,-3.128226,4.4,7.621024
11553,3.674363,-3.107289,4.4,7.621024
11554,3.681328,-3.086229,4.4,7.621024
11555,3.687628,-3.068314,4.4,7.621024
11556,3.694317,-3.048113,4.4,7.621024
11557,3.700451,-3.026366,4.4,7.621024
11558,3.705358,-3.00673,4.4,7.621024
11559,3.71296,-2.981697,4.4,7.621024
11560,3.720598,-2.953671,4.4,7.621024
11561,3.725848,-2.928249,4.4,7.621024
11562,3.732294,-2.904553,4.4,7.621024
11563,3.737802,-2.882823,4.4,7.621024
11564,3.744232,-2.857973,4.4,7.621024
11565,3.75014,-2.831198,4.4,7.621024
11566,3.754904,-2.810081,4.4,7.621024
11567,3.760545,-2.785897,4.4,7.621024
11568,3.765848,-2.756968,4.4,7.621024
11569,3.771851,-2.731803,4.4,7.621024
11570,3.776577,-2.705149,4.4,7.621024
11571,3.778996,-2.679396,4.4,7.621024
11572,3.78257,-2.649235,4.4,7.621024
11573,3.785879,-2.619451,4.4,7.621024
11574,3.788107,-2.587529,4.4,7.621024
11575,3.788837,-2.554671,4.4,7.621024
11576,3.791743,-2.523149,4.4,7.621024
11577,3.795367,-2.492617,4.4,7.621024
11578,3.796984,-2.465557,4.4,7.621024
11579,3.798055,-2.437787,4.4,7.621024
11580,3.798705,-2.409139,4.4,7.621024
11581,3.801476,-2.378465,4.4,7.621024
11582,3.802476,-2.351251,4.4,7.621024
11583,3.805895,-2.32282,4.4,7.621024
11584,3.80889,-2.294148,4.4,7.621024
11585,3.81145,-2.26341,4.4,7.621024
11586,3.814139,-2.231066,4.4,7.621024
11587,3.818571,-2.199915,4.4,7.621024
11588,3.824603,-2.170383,4.4,7.621024
11589,3.828408,-2.14442,4.4,7.621024
11590,3.832917,-2.118199,4.4,7.621024
11591,3.83827,-2.090756,4.4,7.621024
11592,3.843961,-2.062871,4.4,7.621024
11593,3.851316,-2.031823,4.4,7.621024
11594,3.860533,-2.000717,4.4,7.621024
11595,3.867554,-1.970789,4.4,7.621024
11596,3.876207,-1.938634,4.4,7.621024
11597,3.883949,-1.905543,4.4,7.621024
11598,3.894449,-1.87312,4.4,7.621024
11599,3.905116,-1.84222,4.4,7.621024
11600,3.915321,-1.811559,4.4,7.621024
11601,3.925336,-1.780278,4.4,7.621024
11602,3.935955,-1.745757,4.4,7.621024
11603,3.946678,-1.714967,4.4,7.621024
11604,3.957016,-1.685513,4.4,7.621024
11605,3.966724,-1.659581,4.4,7.621024
11606,3.976542,-1.634779,4.4,7.621024
11607,3.982517,-1.611571,4.4,7.621024
11608,3.986226,-1.586223,4.4,7.621024
11609,3.990598,-1.56591,4.4,7.621024
11610,3.992899,-1.54316,4.4,7.621024
11611,3.995442,-1.520244,4.4,7.621024
11612,3.997477,-1.493092,4.4,7.621024
11613,4.001418,-1.465015,4.4,7.621024
11614,4.004815,-1.442716,4.4,7.621024
11615,4.005761,-1.416857,4.4,7.621024
11616,4.006886,-1.388223,4.4,7.621024
11617,4.008318,-1.365836,4.4,7.621024
11618,4.009586,-1.342165,4.4,7.621024
11619,4.011797,-1.317747,4.4,7.621024
11620,4.015397,-1.293487,4.4,7.621024
11621,4.017317,-1.267219,4.4,7.621024
11622,4.01783,-1.240918,4.4,7.621024
11623,4.018539,-1.213497,4.4,7.621024
11624,4.019475,-1.186076,4.4,7.621024
11625,4.017731,-1.158786,4.4,7.621024
11626,4.0144,-1.131602,4.4,7.621024
11627,4.011402,-1.101637,4.4,7.621024
11628,4.009534,-1.069246,4.4,7.621024
11629,4.0101,-1.034899,4.4,7.621024
11630,4.011363,-1.001688,4.4,7.621024
11631,4.010991,-0.9711111,4.4,7.621024
11632,4.010458,-0.9438955,4.4,7.621024
11633,4.008755,-0.9175171,4.4,7.621024
11634,4.004192,-0.8911882,4.4,7.621024
11635,4.001791,-0.8632249,4.4,7.621024
11636,3.999357,-0.8344421,4.4,7.621024
11637,3.995739,-0.8015373,4.4,7.621024
11638,3.992554,-0.7706619,4.4,7.621024
11639,3.989937,-0.7407873,4.4,7.621024
11640,3.987519,-0.7120106,4.4,7.621024
11641,3.988146,-0.6830199,4.4,7.621024
11642,3.989316,-0.6553551,4.4,7.621024
11643,3.98995,-0.6279652,4.4,7.621024
11644,3.991943,-0.5997213,4.4,7.621024
11645,3.995316,-0.5688554,4.4,7.621024
11646,3.999462,-0.5397263,4.4,7.621024
11647,4.004755,-0.5078171,4.4,7.621024
11648,4.010299,-0.4756507,4.4,7.621024
11649,4.015865,-0.4427699,4.4,7.621024
11650,4.021737,-0.4095282,4.4,7.621024
11651,4.028149,-0.3766254,4.4,7.621024
11652,4.033487,-0.3470646,4.4,7.621024
11653,4.038673,-0.3179876,4.4,7.621024
11654,4.04521,-0.2877385,4.4,7.621024
11655,4.051599,-0.2546674,4.4,7.621024
11656,4.056107,-0.2207559,4.4,7.621024
11657,4.060394,-0.1914052,4.4,7.621024
11658,4.062916,-0.1648073,4.4,7.621024
11659,4.065676,-0.1421176,4.4,7.621024
11660,4.067783,-0.1224045,4.4,7.621024
11661,4.07115,-0.1042004,4.4,7.621024
11662,4.072593,-0.08335987,4.4,7.621024
11663,4.071998,-0.05917827,4.4,7.621024
11664,4.071023,-0.03601699,4.4,7.621024
11665,4.070115,-0.01362077,4.4,7.621024
11666,4.069122,0.01077246,4.4,7.621024
11667,4.066969,0.03466553,4.4,7.621024
11668,4.064632,0.05767113,4.4,7.621024
11669,4.063178,0.0822215,4.4,7.621024
11670,4.060225,0.1047613,4.4,7.621024
11671,4.057887,0.1264746,4.4,7.621024
11672,4.054056,0.1498684,4.4,7.621024
11673,4.050083,0.1745406,4.4,7.621024
11674,4.045773,0.200143,4.4,7.621024
11675,4.042765,0.2249335,4.4,7.621024
11676,4.038319,0.2507011,4.4,7.621024
11677,4.03245,0.2769757,4.4,7.621024
11678,4.024669,0.3042963,4.4,7.621024
11679,4.017232,0.3308422,4.4,7.621024
11680,4.009402,0.3574989,4.4,7.621024
11681,3.99981,0.3841482,4.4,7.621024
11682,3.988573,0.4142423,4.4,7.621024
11683,3.978862,0.4450648,4.4,7.621024
11684,3.972034,0.4722618,4.4,7.621024
11685,3.966037,0.4968391,4.4,7.621024
11686,3.959085,0.5222336,4.4,7.621024
11687,3.949842,0.5488495,4.4,7.621024
11688,3.942554,0.5796524,4.4,7.621024
11689,3.933695,0.6102636,4.4,7.621024
11690,3.925373,0.6402059,4.4,7.621024
11691,3.915636,0.6706043,4.4,7.621024
11692,3.906564,0.7016805,4.4,7.621024
11693,3.897213,0.7288951,4.4,7.621024
11694,3.890236,0.7558635,4.4,7.621024
11695,3.883184,0.7852603,4.4,7.621024
11696,3.878225,0.8146425,4.4,7.621024
11697,3.875212,0.841545,4.4,7.621024
11698,3.873919,0.8688194,4.4,7.621024
11699,3.873663,0.8976924,4.4,7.621024
11700,3.874096,0.9288684,4.4,7.621024
11701,3.875257,0.9610429,4.4,7.621024
11702,3.876577,0.9903393,4.4,7.621024
11703,3.877401,1.017678,4.4,7.621024
11704,3.87709,1.049191,4.4,7.621024
11705,3.876798,1.080319,4.4,7.621024
11706,3.879428,1.112953,4.4,7.621024
11707,3.884355,1.143559,4.4,7.621024
11708,3.888515,1.172842,4.4,7.621024
11709,3.890102,1.203971,4.4,7.621024
11710,3.893276,1.23642,4.4,7.621024
11711,3.896215,1.269138,4.4,7.621024
11712,3.898308,1.298373,4.4,7.621024
11713,3.897054,1.324863,4.4,7.621024
11714,3.897451,1.348053,4.4,7.621024
11715,3.897282,1.370877,4.4,7.621024
11716,3.899631,1.389638,4.4,7.621024
11717,3.899783,1.407434,4.4,7.621024
11718,3.899184,1.428337,4.4,7.621024
11719,3.896745,1.44871,4.4,7.621024
11720,3.89395,1.473643,4.4,7.621024
11721,3.893548,1.497458,4.4,7.621024
11722,3.89323,1.519932,4.4,7.621024
11723,3.891607,1.54099,4.4,7.621024
11724,3.888819,1.563308,4.4,7.621024
11725,3.885598,1.588398,4.4,7.621024
11726,3.882061,1.61535,4.4,7.621024
11727,3.878776,1.643005,4.4,7.621024
11728,3.875263,1.66916,4.4,7.621024
11729,3.871914,1.695603,4.4,7.621024
11730,3.868128,1.721606,4.4,7.621024
11731,3.864079,1.749287,4.4,7.621024
11732,3.860234,1.780748,4.4,7.621024
11733,3.855764,1.810536,4.4,7.621024
11734,3.847728,1.841286,4.4,7.621024
11735,3.840194,1.870344,4.4,7.621024
11736,3.832864,1.901905,4.4,7.621024
11737,3.826163,1.931239,4.4,7.621024
11738,3.819375,1.960063,4.4,7.621024
11739,3.812993,1.98837,4.4,7.621024
11740,3.806033,2.018476,4.4,7.621024
11741,3.798614,2.04926,4.4,7.621024
11742,3.792517,2.080859,4.4,7.621024
11743,3.787067,2.109115,4.4,7.621024
11744,3.780566,2.137907,4.4,7.621024
11745,3.774817,2.165835,4.4,7.621024
11746,3.767959,2.193338,4.4,7.621024
11747,3.761829,2.223049,4.4,7.621024
11748,3.756705,2.253025,4.4,7.621024
11749,3.753522,2.278981,4.4,7.621024
11750,3.750784,2.303869,4.4,7.621024
11751,3.748614,2.330059,4.4,7.621024
11752,3.74888,2.358971,4.4,7.621024
11753,3.74948,2.387584,4.4,7.621024
11754,3.750614,2.418083,4.4,7.621024
11755,3.753424,2.448672,4.4,7.621024
11756,3.756083,2.47867,4.4,7.621024
11757,3.759644,2.512209,4.4,7.621024
11758,3.762579,2.543541,4.4,7.621024
11759,3.76458,2.57652,4.4,7.621024
11760,3.766487,2.609484,4.4,7.621024
11761,3.768437,2.643443,4.4,7.621024
11762,3.773459,2.680872,4.4,7.621024
11763,3.77958,2.716351,4.4,7.621024
11764,3.784902,2.75192,4.4,7.621024
11765,3.789792,2.784821,4.4,7.621024
11766,3.79323,2.812136,4.4,7.621024
11767,3.795526,2.837874,4.4,7.621024
11768,3.796313,2.862841,4.4,7.621024
11769,3.796907,2.885921,4.4,7.621024
11770,3.795382,2.908445,4.4,7.621024
11771,3.793725,2.92865,4.4,7.621024
11772,3.790549,2.950274,4.4,7.621024
11773,3.787327,2.975933,4.4,7.621024
11774,3.787001,3.004779,4.4,7.621024
11775,3.784537,3.032283,4.4,7.621024
11776,3.782864,3.055768,4.4,7.621024
11777,3.780584,3.078857,4.4,7.621024
11778,3.777453,3.103116,4.4,7.621024
11779,3.773559,3.127356,4.4,7.621024
11780,3.770778,3.152764,4.4,7.621024
11781,3.767163,3.178836,4.4,7.621024
11782,3.763534,3.203096,4.4,7.621024
11783,3.760329,3.229143,4.4,7.621024
11784,3.755446,3.256294,4.4,7.621024
11785,3.749254,3.284338,4.4,7.621024
11786,3.742437,3.313078,4.4,7.621024
11787,3.734868,3.343027,4.4,7.621024
11788,3.727388,3.37536,4.4,7.621024
11789,3.720493,3.407633,4.4,7.621024
11790,3.712613,3.437154,4.4,7.621024
11791,3.707037,3.466218,4.4,7.621024
11792,3.701706,3.495542,4.4,7.621024
11793,3.695099,3.519288,4.4,7.621024
11794,3.689226,3.543414,4.4,7.621024
11795,3.681707,3.570093,4.4,7.621024
11796,3.675272,3.595888,4.4,7.621024
11797,3.668254,3.621576,4.4,7.621024
11798,3.660882,3.648024,4.4,7.621024
11799,3.654725,3.676134,4.4,7.621024
11800,3.649489,3.704048,4.4,7.621024
11801,3.643683,3.73038,4.4,7.621024
11802,3.639302,3.760766,4.4,7.621024
11803,3.636241,3.790934,4.4,7.621024
11804,3.634709,3.819778,4.4,7.621024
11805,3.635335,3.849218,4.4,7.621024
11806,3.635195,3.876787,4.4,7.621024
11807,3.635931,3.904835,4.4,7.621024
11808,3.639143,3.93515,4.4,7.621024
11809,3.642391,3.966865,4.4,7.621024
11810,3.645653,3.996119,4.4,7.621024
11811,3.649819,4.025591,4.4,7.621024
11812,3.65406,4.055485,4.4,7.621024
11813,3.657181,4.086195,4.4,7.621024
11814,3.662417,4.117625,4.4,7.621024
11815,3.66761,4.152082,4.4,7.621024
11816,3.672287,4.186669,4.4,7.621024
11817,3.678519,4.219347,4.4,7.621024
11818,3.68293,4.247209,4.4,7.621024
11819,3.685404,4.272615,4.4,7.621024
11820,3.688201,4.298728,4.4,7.621024
11821,3.691706,4.320628,4.4,7.621024
11822,3.694532,4.342398,4.4,7.621024
11823,3.694821,4.362531,4.4,7.621024
11824,3.694726,4.380961,4.4,7.621024
11825,3.69436,4.399004,4.4,7.621024
11826,3.693738,4.418795,4.4,7.621024
11827,3.69392,4.444677,4.4,7.621024
11828,3.69446,4.469367,4.4,7.621024
11829,3.69538,4.493568,4.4,7.621024
11830,3.694635,4.517859,4.4,7.621024
11831,3.695421,4.542401,4.4,7.621024
11832,3.69558,4.564146,4.4,7.621024
11833,3.694278,4.586209,4.4,7.621024
11834,3.692255,4.609073,4.4,7.621024
11835,3.691614,4.633157,4.4,7.621024
11836,3.690116,4.660361,4.4,7.621024
11837,3.687788,4.68827,4.4,7.621024
11838,3.685622,4.714418,4.4,7.621024
11839,3.682023,4.741473,4.4,7.621024
11840,3.677724,4.766426,4.4,7.621024
11841,3.672227,4.794335,4.4,7.621024
11842,3.667022,4.822475,4.4,7.621024
11843,3.66199,4.852717,4.4,7.621024
11844,3.655468,4.881162,4.4,7.621024
11845,3.653059,4.908051,4.4,7.621024
11846,3.650236,4.932567,4.4,7.621024
11847,3.647326,4.958244,4.4,7.621024
11848,3.643333,4.98632,4.4,7.621024
11849,3.639249,5.014855,4.4,7.621024
11850,3.63655,5.041281,4.4,7.621024
11851,3.633653,5.068516,4.4,7.621024
11852,3.631622,5.094576,4.4,7.621024
11853,3.628505,5.125025,4.4,7.621024
11854,3.626427,5.155427,4.4,7.621024
11855,3.625658,5.184765,4.4,7.621024
11856,3.62578,5.212473,4.4,7.621024
11857,3.628457,5.239809,4.4,7.621024
11858,3.6315,5.267412,4.4,7.621024
11859,3.637016,5.29817,4.4,7.621024
11860,3.641122,5.325684,4.4,7.621024
11861,3.64702,5.354302,4.4,7.621024
11862,3.654545,5.385444,4.4,7.621024
11863,3.662924,5.413926,4.4,7.621024
11864,3.673229,5.440475,4.4,7.621024
11865,3.682827,5.466709,4.4,7.621024
11866,3.691822,5.492853,4.4,7.621024
11867,3.702411,5.521746,4.4,7.621024
11868,3.713912,5.552916,4.4,7.621024
11869,3.724431,5.581666,4.4,7.621024
11870,3.734661,5.611613,4.4,7.621024
11871,3.744857,5.640359,4.4,7.621024
11872,3.753941,5.670871,4.4,7.621024
11873,3.762336,5.697977,4.4,7.621024
11874,3.768839,5.724236,4.4,7.621024
11875,3.777428,5.749825,4.4,7.621024
11876,3.784001,5.772216,4.4,7.621024
11877,3.790722,5.797024,4.4,7.621024
11878,3.796474,5.818757,4.4,7.621024
11879,3.798871,5.840336,4.4,7.621024
11880,3.800801,5.863462,4.4,7.621024
11881,3.806105,5.890464,4.4,7.621024
11882,3.810753,5.916913,4.4,7.621024
11883,3.814776,5.940946,4.4,7.621024
11884,3.817817,5.963479,4.4,7.621024
11885,3.821126,5.985187,4.4,7.621024
11886,3.825222,6.006707,4.4,7.621024
11887,3.829029,6.030066,4.4,7.621024
11888,3.833632,6.053431,4.4,7.621024
11889,3.837617,6.075786,4.4,7.621024
11890,3.840876,6.097574,4.4,7.621024
11891,3.844218,6.122771,4.4,7.621024
11892,3.849044,6.147679,4.4,7.621024
11893,3.852874,6.171721,4.4,7.621024
11894,3.856183,6.197464,4.4,7.621024
11895,3.860619,6.223277,4.4,7.621024
11896,3.864009,6.249415,4.4,7.621024
11897,3.865999,6.277277,4.4,7.621024
11898,3.866257,6.305483,4.4,7.621024
11899,3.86859,6.336298,4.4,7.621024
11900,3.874223,6.361864,4.4,7.621024
11901,3.877563,6.388675,4.4,7.621024
11902,3.879696,6.415676,4.4,7.621024
11903,3.883301,6.440597,4.4,7.621024
11904,3.885764,6.468425,4.4,7.621024
11905,3.889052,6.495419,4.4,7.621024
11906,3.894345,6.521745,4.4,7.621024
11907,3.901366,6.550476,4.4,7.621024
11908,3.909521,6.579344,4.4,7.621024
11909,3.917275,6.607769,4.4,7.621024
11910,3.925496,6.636287,4.4,7.621024
11911,3.934397,6.664044,4.4,7.621024
11912,3.944403,6.692302,4.4,7.621024
11913,3.953345,6.719803,4.4,7.621024
11914,3.965418,6.747587,4.4,7.621024
11915,3.978588,6.776232,4.4,7.621024
11916,3.992284,6.80324,4.4,7.621024
11917,4.00603,6.828897,4.4,7.621024
11918,4.019814,6.853786,4.4,7.621024
11919,4.032078,6.87782,4.4,7.621024
11920,4.045272,6.900183,4.4,7.621024
11921,4.060416,6.924739,4.4,7.621024
11922,4.075085,6.948235,4.4,7.621024
11923,4.088734,6.971009,4.4,7.621024
11924,4.102563,6.99311,4.4,7.621024
11925,4.116374,7.016389,4.4,7.621024
11926,4.129695,7.03871,4.4,7.621024
11927,4.144439,7.05976,4.4,7.621024
11928,4.157032,7.078682,4.4,7.621024
11929,4.167228,7.092505,4.4,7.621024
11930,4.177135,7.105661,4.4,7.621024
11931,4.187209,7.123414,4.4,7.621024
11932,4.195861,7.14298,4.4,7.621024
11933,4.205266,7.161364,4.4,7.621024
11934,4.214355,7.182626,4.4,7.621024
11935,4.222422,7.204114,4.4,7.621024
11936,4.228503,7.22371,4.4,7.621024
11937,4.23378,7.24098,4.4,7.621024
11938,4.239369,7.259777,4.4,7.621024
11939,4.246086,7.280762,4.4,7.621024
11940,4.251336,7.303483,4.4,7.621024
11941,4.259398,7.325097,-4.4,-7.621024
11942,4.269352,7.345751,-4.4,-7.621024
11943,4.280608,7.368322,-4.4,-7.621024
11944,4.290817,7.392137,-4.4,-7.621024
11945,4.296947,7.416869,-4.4,-7.621024
11946,4.301645,7.439897,-4.4,-7.621024
11947,4.308756,7.461161,-4.4,-7.621024
11948,4.314305,7.478412,-4.4,-7.621024
11949,4.318103,7.493939,-4.4,-7.621024
11950,4.319004,7.50422,-4.4,-7.621024
11951,4.318722,7.510938,-4.4,-7.621024
11952,4.314826,7.516711,-4.4,-7.621024
11953,4.312602,7.527331,-4.4,-7.621024
11954,4.309694,7.541679,-4.4,-7.621024
11955,4.306273,7.55735,-4.4,-7.621024
11956,4.300256,7.576108,-4.4,-7.621024
11957,4.296079,7.595937,-4.4,-7.621024
11958,4.295808,7.619192,-4.4,-7.621024
11959,4.301622,7.64375,-4.4,-7.621024
11960,4.314624,7.667109,-4.4,-7.621024
11961,4.331017,7.686277,-4.4,-7.621024
11962,4.348438,7.701478,-4.4,-7.621024
11963,4.362124,7.712088,-4.4,-7.621024
11964,4.37286,7.722109,-4.4,-7.621024
11965,4.384163,7.730548,-4.4,-7.621024
11966,4.39417,7.740412,-4.4,-7.621024
11967,4.403698,7.751187,-4.4,-7.621024
11968,4.416766,7.760328,-4.4,-7.621024
11969,4.429935,7.768386,-4.4,-7.621024
11970,4.443424,7.773971,-4.4,-7.621024
11971,4.457101,7.775875,-4.4,-7.621024
11972,4.470408,7.77407,-4.4,-7.621024
11973,4.486511,7.767278,-4.4,-7.621024
11974,4.501454,7.755959,-4.4,-7.621024
11975,4.514288,7.74122,-4.4,-7.621024
11976,4.525964,7.723236,-4.4,-7.621024
11977,4.53706,7.703802,-4.4,-7.621024
11978,4.548867,7.684814,-4.4,-7.621024
11979,4.561315,7.665034,-4.4,-7.621024
11980,4.570889,7.643803,-4.4,-7.621024
11981,4.579601,7.623365,-4.4,-7.621024
11982,4.587491,7.601768,-4.4,-7.621024
11983,4.594275,7.583996,-4.4,-7.621024
11984,4.601595,7.568369,-4.4,-7.621024
11985,4.610252,7.554492,-4.4,-7.621024
11986,4.618629,7.540336,-4.4,-7.621024
11987,4.628623,7.528848,-4.4,-7.621024
11988,4.640824,7.515408,-4.4,-7.621024
11989,4.652243,7.502148,-4.4,-7.621024
11990,4.665503,7.493002,-4.4,-7.621024
11991,4.68112,7.48296,-4.4,-7.621024
11992,4.693981,7.474039,-4.4,-7.621024
11993,4.706964,7.466915,-4.4,-7.621024
11994,4.724136,7.459147,-4.4,-7.621024
11995,4.741094,7.448954,-4.4,-7.621024
11996,4.758493,7.440118,-4.4,-7.621024
11997,4.772819,7.430828,-4.4,-7.621024
11998,4.785138,7.424787,-4.4,-7.621024
11999,4.794193,7.419258,-4.4,-7.621024
12000,4.801898,7.412794,-4.4,-7.621024
12001,4.809,7.403349,-4.4,-7.621024
12002,4.816633,7.394935,-4.4,-7.621024
12003,4.825288,7.384943,-4.4,-7.621024
12004,4.832058,7.374184,-4.4,-7.621024
12005,4.837837,7.36462,-4.4,-7.621024
12006,4.844687,7.357462,-4.4,-7.621024
12007,4.850183,7.348326,-4.4,-7.621024
12008,4.858595,7.335637,-4.4,-7.621024
12009,4.865633,7.320883,-4.4,-7.621024
12010,4.870052,7.307177,-4.4,-7.621024
12011,4.871975,7.295094,-4.4,-7.621024
12012,4.874822,7.281365,-4.4,-7.621024
12013,4.877224,7.268795,-4.4,-7.621024
12014,4.881936,7.254842,-4.4,-7.621024
12015,4.884358,7.237714,-4.4,-7.621024
12016,4.888069,7.221729,-4.4,-7.621024
12017,4.888704,7.205797,-4.4,-7.621024
12018,4.889931,7.190153,-4.4,-7.621024
12019,4.890157,7.172627,-4.4,-7.621024
12020,4.887641,7.153266,-4.4,-7.621024
12021,4.883183,7.134573,-4.4,-7.621024
12022,4.878704,7.112617,-4.4,-7.621024
12023,4.871121,7.086481,-4.4,-7.621024
12024,4.860766,7.062889,-4.4,-7.621024
12025,4.850332,7.042086,-4.4,-7.621024
12026,4.84081,7.02173,-4.4,-7.621024
12027,4.830859,6.998387,-4.4,-7.621024
12028,4.819729,6.972133,-4.4,-7.621024
12029,4.808084,6.944817,-4.4,-7.621024
12030,4.796169,6.91746,-4.4,-7.621024
12031,4.78202,6.890712,-4.4,-7.621024
12032,4.768651,6.864143,-4.4,-7.621024
12033,4.757762,6.837304,-4.4,-7.621024
12034,4.749344,6.810841,-4.4,-7.621024
12035,4.742544,6.787652,-4.4,-7.621024
12036,4.736312,6.766647,-4.4,-7.621024
12037,4.730683,6.749885,-4.4,-7.621024
12038,4.721851,6.730097,-4.4,-7.621024
12039,4.714381,6.709988,-4.4,-7.621024
12040,4.707537,6.690895,-4.4,-7.621024
12041,4.703659,6.673553,-4.4,-7.621024
12042,4.699188,6.65119,-4.4,-7.621024
12043,4.695712,6.630602,-4.4,-7.621024
12044,4.68876,6.608783,-4.4,-7.621024
12045,4.682658,6.585073,-4.4,-7.621024
12046,4.677732,6.562328,-4.4,-7.621024
12047,4.673634,6.539535,-4.4,-7.621024
12048,4.669319,6.51637,-4.4,-7.621024
12049,4.66734,6.492931,-4.4,-7.621024
12050,4.663546,6.469017,-4.4,-7.621024
12051,4.659301,6.444493,-4.4,-7.621024
12052,4.653806,6.420723,-4.4,-7.621024
12053,4.649714,6.39657,-4.4,-7.621024
12054,4.645437,6.372137,-4.4,-7.621024
12055,4.639938,6.345108,-4.4,-7.621024
12056,4.635582,6.31967,-4.4,-7.621024
12057,4.631085,6.291327,-4.4,-7.621024
12058,4.626356,6.261501,-4.4,-7.621024
12059,4.622736,6.22954,-4.4,-7.621024
12060,4.618367,6.198324,-4.4,-7.621024
12061,4.61494,6.167657,-4.4,-7.621024
12062,4.610983,6.138172,-4.4,-7.621024
12063,4.60824,6.107369,-4.4,-7.621024
12064,4.605065,6.077553,-4.4,-7.621024
12065,4.600047,6.046768,-4.4,-7.621024
12066,4.595865,6.016131,-4.4,-7.621024
12067,4.59283,5.986038,-4.4,-7.621024
12068,4.589413,5.957028,-4.4,-7.621024
12069,4.583976,5.927194,-4.4,-7.621024
12070,4.579945,5.898081,-4.4,-7.621024
12071,4.57412,5.868185,-4.4,-7.621024
12072,4.567507,5.841023,-4.4,-7.621024
12073,4.557959,5.814399,-4.4,-7.621024
12074,4.546774,5.788438,-4.4,-7.621024
12075,4.53374,5.760858,-4.4,-7.621024
12076,4.519262,5.732503,-4.4,-7.621024
12077,4.504658,5.705997,-4.4,-7.621024
12078,4.490081,5.678002,-4.4,-7.621024
12079,4.47276,5.648922,-4.4,-7.621024
12080,4.453421,5.618078,-4.4,-7.621024
12081,4.434681,5.586404,-4.4,-7.621024
12082,4.415936,5.557502,-4.4,-7.621024
12083,4.397358,5.527606,-4.4,-7.621024
12084,4.379848,5.499322,-4.4,-7.621024
12085,4.363149,5.472616,-4.4,-7.621024
12086,4.347263,5.449032,-4.4,-7.621024
12087,4.330983,5.426082,-4.4,-7.621024
12088,4.316134,5.40491,-4.4,-7.621024
12089,4.303644,5.386438,-4.4,-7.621024
12090,4.29211,5.365058,-4.4,-7.621024
12091,4.28033,5.343976,-4.4,-7.621024
12092,4.268807,5.324954,-4.4,-7.621024
12093,4.260208,5.305455,-4.4,-7.621024
12094,4.251412,5.283844,-4.4,-7.621024
12095,4.242969,5.263072,-4.4,-7.621024
12096,4.23253,5.238548,-4.4,-7.621024
12097,4.223538,5.216319,-4.4,-7.621024
12098,4.214924,5.193477,-4.4,-7.621024
12099,4.204731,5.167969,-4.4,-7.621024
12100,4.198729,5.143715,-4.4,-7.621024
12101,4.192787,5.120823,-4.4,-7.621024
12102,4.18641,5.095753,-4.4,-7.621024
12103,4.17836,5.073354,-4.4,-7.621024
12104,4.171505,5.049756,-4.4,-7.621024
12105,4.164435,5.023494,-4.4,-7.621024
12106,4.156897,4.998937,-4.4,-7.621024
12107,4.148485,4.973964,-4.4,-7.621024
12108,4.140899,4.948104,-4.4,-7.621024
12109,4.132476,4.920825,-4.4,-7.621024
12110,4.124946,4.892012,-4.4,-7.621024
12111,4.116267,4.861442,-4.4,-7.621024
12112,4.107541,4.832502,-4.4,-7.621024
12113,4.098758,4.804306,-4.4,-7.621024
12114,4.091824,4.776653,-4.4,-7.621024
12115,4.084344,4.747691,-4.4,-7.621024
12116,4.077273,4.719151,-4.4,-7.621024
12117,4.071733,4.690222,-4.4,-7.621024
12118,4.066108,4.661331,-4.4,-7.621024
12119,4.058229,4.631747,-4.4,-7.621024
12120,4.050747,4.603728,-4.4,-7.621024
12121,4.042258,4.575992,-4.4,-7.621024
12122,4.033383,4.546454,-4.4,-7.621024
12123,4.021555,4.516042,-4.4,-7.621024
12124,4.01265,4.489784,-4.4,-7.621024
12125,4.002461,4.46572,-4.4,-7.621024
12126,3.989783,4.440857,-4.4,-7.621024
12127,3.974732,4.417065,-4.4,-7.621024
12128,3.958835,4.394484,-4.4,-7.621024
12129,3.941946,4.369551,-4.4,-7.621024
12130,3.924332,4.341553,-4.4,-7.621024
12131,3.905929,4.314718,-4.4,-7.621024
12132,3.887007,4.288321,-4.4,-7.621024
12133,3.869125,4.260847,-4.4,-7.621024
12134,3.850834,4.236591,-4.4,-7.621024
12135,3.831612,4.211392,-4.4,-7.621024
12136,3.812171,4.187542,-4.4,-7.621024
12137,3.795619,4.161354,-4.4,-7.621024
12138,3.776725,4.132464,-4.4,-7.621024
12139,3.759068,4.106979,-4.4,-7.621024
12140,3.741998,4.08325,-4.4,-7.621024
12141,3.724351,4.060607,-4.4,-7.621024
12142,3.711411,4.039375,-4.4,-7.621024
12143,3.697555,4.019777,-4.4,-7.621024
12144,3.685553,4.000857,-4.4,-7.621024
12145,3.673452,3.982193,-4.4,-7.621024
12146,3.66322,3.964303,-4.4,-7.621024
12147,3.652228,3.946985,-4.4,-7.621024
12148,3.642167,3.9315,-4.4,-7.621024
12149,3.632719,3.912425,-4.4,-7.621024
12150,3.621351,3.89141,-4.4,-7.621024
12151,3.608949,3.869854,-4.4,-7.621024
12152,3.59847,3.845225,-4.4,-7.621024
12153,3.58902,3.824165,-4.4,-7.621024
12154,3.578378,3.802696,-4.4,-7.621024
12155,3.568992,3.780934,-4.4,-7.621024
12156,3.560269,3.75806,-4.4,-7.621024
12157,3.55153,3.735305,-4.4,-7.621024
12158,3.540939,3.711464,-4.4,-7.621024
12159,3.531245,3.687909,-4.4,-7.621024
12160,3.522536,3.662187,-4.4,-7.621024
12161,3.514689,3.638152,-4.4,-7.621024
12162,3.506317,3.611941,-4.4,-7.621024
12163,3.496159,3.582086,-4.4,-7.621024
12164,3.487022,3.553278,-4.4,-7.621024
12165,3.475163,3.519512,-4.4,-7.621024
12166,3.462862,3.487754,-4.4,-7.621024
12167,3.449656,3.459606,-4.4,-7.621024
12168,3.440633,3.432393,-4.4,-7.621024
12169,3.429784,3.405896,-4.4,-7.621024
12170,3.421232,3.377594,-4.4,-7.621024
12171,3.41238,3.352217,-4.4,-7.621024
12172,3.405142,3.324926,-4.4,-7.621024
12173,3.396668,3.300083,-4.4,-7.621024
12174,3.387009,3.272104,-4.4,-7.621024
12175,3.377827,3.245715,-4.4,-7.621024
12176,3.368186,3.219084,-4.4,-7.621024
12177,3.359279,3.194725,-4.4,-7.621024
12178,3.349251,3.170524,-4.4,-7.621024
12179,3.336189,3.144771,-4.4,-7.621024
12180,3.319858,3.119344,-4.4,-7.621024
12181,3.305503,3.094212,-4.4,-7.621024
12182,3.290798,3.069446,-4.4,-7.621024
12183,3.275347,3.044168,-4.4,-7.621024
12184,3.257955,3.020057,-4.4,-7.621024
12185,3.238296,2.99562,-4.4,-7.621024
12186,3.218394,2.970346,-4.4,-7.621024
12187,3.197067,2.943489,-4.4,-7.621024
12188,3.176419,2.917546,-4.4,-7.621024
12189,3.159136,2.89338,-4.4,-7.621024
12190,3.139789,2.865592,-4.4,-7.621024
12191,3.119426,2.839249,-4.4,-7.621024
12192,3.099402,2.811518,-4.4,-7.621024
12193,3.078671,2.786117,-4.4,-7.621024
12194,3.060617,2.763314,-4.4,-7.621024
12195,3.045261,2.741792,-4.4,-7.621024
12196,3.03032,2.719903,-4.4,-7.621024
12197,3.017709,2.701289,-4.4,-7.621024
12198,3.007323,2.681441,-4.4,-7.621024
12199,2.994734,2.662198,-4.4,-7.621024
12200,2.984137,2.643367,-4.4,-7.621024
12201,2.97384,2.625245,-4.4,-7.621024
12202,2.959971,2.60484,-4.4,-7.621024
12203,2.945864,2.580234,-4.4,-7.621024
12204,2.933591,2.556977,-4.4,-7.621024
12205,2.923677,2.534184,-4.4,-7.621024
12206,2.916963,2.514182,-4.4,-7.621024
12207,2.908715,2.491902,-4.4,-7.621024
12208,2.899587,2.473398,-4.4,-7.621024
12209,2.890823,2.449838,-4.4,-7.621024
12210,2.882019,2.428806,-4.4,-7.621024
12211,2.873422,2.406028,-4.4,-7.621024
12212,2.86287,2.380159,-4.4,-7.621024
12213,2.851519,2.355164,-4.4,-7.621024
12214,2.839825,2.32912,-4.4,-7.621024
12215,2.829011,2.306133,-4.4,-7.621024
12216,2.819844,2.282384,-4.4,-7.621024
12217,2.811079,2.255517,-4.4,-7.621024
12218,2.800965,2.224591,-4.4,-7.621024
12219,2.790901,2.193091,-4.4,-7.621024
12220,2.781262,2.163597,-4.4,-7.621024
12221,2.771273,2.138427,-4.4,-7.621024
12222,2.760031,2.112372,-4.4,-7.621024
12223,2.752572,2.087034,-4.4,-7.621024
12224,2.745971,2.064674,-4.4,-7.621024
12225,2.736558,2.039587,-4.4,-7.621024
12226,2.725951,2.012764,-4.4,-7.621024
12227,2.715851,1.98515,-4.4,-7.621024
12228,2.708435,1.959185,-4.4,-7.621024
12229,2.699835,1.932358,-4.4,-7.621024
12230,2.688507,1.908182,-4.4,-7.621024
12231,2.676135,1.887091,-4.4,-7.621024
12232,2.6625,1.864304,-4.4,-7.621024
12233,2.650097,1.840233,-4.4,-7.621024
12234,2.635543,1.81699,-4.4,-7.621024
12235,2.619144,1.792913,-4.4,-7.621024
12236,2.601481,1.769248,-4.4,-7.621024
12237,2.582921,1.745964,-4.4,-7.621024
12238,2.564252,1.721863,-4.4,-7.621024
12239,2.54325,1.696641,-4.4,-7.621024
12240,2.523942,1.674627,-4.4,-7.621024
12241,2.504866,1.65434,-4.4,-7.621024
12242,2.484209,1.633341,-4.4,-7.621024
12243,2.462843,1.610994,-4.4,-7.621024
12244,2.441464,1.588765,-4.4,-7.621024
12245,2.422167,1.567571,-4.4,-7.621024
12246,2.400719,1.545837,-4.4,-7.621024
12247,2.380002,1.524017,-4.4,-7.621024
12248,2.360528,1.503889,-4.4,-7.621024
12249,2.341631,1.483844,-4.4,-7.621024
12250,2.32656,1.467729,-4.4,-7.621024
12251,2.312535,1.450448,-4.4,-7.621024
12252,2.301282,1.435688,-4.4,-7.621024
12253,2.291301,1.421198,-4.4,-7.621024
12254,2.281361,1.407866,-4.4,-7.621024
12255,2.268157,1.390426,-4.4,-7.621024
12256,2.255505,1.370163,-4.4,-7.621024
12257,2.244777,1.352813,-4.4,-7.621024
12258,2.231808,1.333573,-4.4,-7.621024
12259,2.220444,1.315606,-4.4,-7.621024
12260,2.210279,1.29843,-4.4,-7.621024
12261,2.202465,1.280874,-4.4,-7.621024
12262,2.193228,1.264058,-4.4,-7.621024
12263,2.185553,1.248248,-4.4,-7.621024
12264,2.176025,1.229706,-4.4,-7.621024
12265,2.166043,1.211377,-4.4,-7.621024
12266,2.156304,1.191985,-4.4,-7.621024
12267,2.145106,1.168479,-4.4,-7.621024
12268,2.133131,1.145126,-4.4,-7.621024
12269,2.122816,1.122632,-4.4,-7.621024
12270,2.110658,1.09928,-4.4,-7.621024
12271,2.100151,1.074271,-4.4,-7.621024
12272,2.089514,1.045139,-4.4,-7.621024
12273,2.077669,1.017155,-4.4,-7.621024
12274,2.06516,0.989923,-4.4,-7.621024
12275,2.053952,0.9645025,-4.4,-7.621024
12276,2.044026,0.9387984,-4.4,-7.621024
12277,2.037966,0.9150732,-4.4,-7.621024
12278,2.031287,0.8922921,-4.4,-7.621024
12279,2.020155,0.8705655,-4.4,-7.621024
12280,2.008787,0.8460335,-4.4,-7.621024
12281,1.997887,0.821369,-4.4,-7.621024
12282,1.983451,0.796508,-4.4,-7.621024
12283,1.967599,0.7711642,-4.4,-7.621024
12284,1.954645,0.7459877,-4.4,-7.621024
12285,1.942465,0.7196474,-4.4,-7.621024
12286,1.931477,0.6946884,-4.4,-7.621024
12287,1.918853,0.670166,-4.4,-7.621024
12288,1.904714,0.6490256,-4.4,-7.621024
12289,1.888618,0.6278872,-4.4,-7.621024
12290,1.869861,0.6053295,-4.4,-7.621024
12291,1.851516,0.5841704,-4.4,-7.621024
12292,1.829613,0.5624864,-4.4,-7.621024
12293,1.807222,0.5382032,-4.4,-7.621024
12294,1.786783,0.5176926,-4.4,-7.621024
12295,1.765395,0.4988711,-4.4,-7.621024
12296,1.741921,0.4781801,-4.4,-7.621024
12297,1.719757,0.4588825,-4.4,-7.621024
12298,1.695825,0.4381404,-4.4,-7.621024
12299,1.672801,0.417956,-4.4,-7.621024
12300,1.651643,0.3991756,-4.4,-7.621024
12301,1.630383,0.377713,-4.4,-7.621024
12302,1.611158,0.3585039,-4.4,-7.621024
12303,1.59744,0.3410068,-4.4,-7.621024
12304,1.585794,0.3248338,-4.4,-7.621024
12305,1.574301,0.3082541,-4.4,-7.621024
12306,1.560352,0.2913361,-4.4,-7.621024
12307,1.549826,0.2782001,-4.4,-7.621024
12308,1.538351,0.2636548,-4.4,-7.621024
12309,1.52701,0.2493771,-4.4,-7.621024
12310,1.512074,0.2283355,-4.4,-7.621024
12311,1.498272,0.2078913,-4.4,-7.621024
12312,1.485958,0.1875221,-4.4,-7.621024
12313,1.47313,0.1661021,-4.4,-7.621024
12314,1.460506,0.1457225,-4.4,-7.621024
12315,1.448438,0.1258394,-4.4,-7.621024
12316,1.434145,0.1059472,-4.4,-7.621024
12317,1.421281,0.08675889,-4.4,-7.621024
12318,1.408899,0.06659801,-4.4,-7.621024
12319,1.396617,0.0451657,-4.4,-7.621024
12320,1.384308,0.02360029,-4.4,-7.621024
12321,1.370241,0.0005066711,-4.4,-7.621024
12322,1.357111,-0.02171281,-4.4,-7.621024
12323,1.343431,-0.04487207,-4.4,-7.621024
12324,1.329331,-0.06957405,-4.4,-7.621024
12325,1.314298,-0.09771343,-4.4,-7.621024
12326,1.300164,-0.1268509,-4.4,-7.621024
12327,1.286996,-0.1565275,-4.4,-7.621024
12328,1.271965,-0.1857224,-4.4,-7.621024
12329,1.257257,-0.2123773,-4.4,-7.621024
12330,1.24587,-0.2372597,-4.4,-7.621024
12331,1.235363,-0.2602615,-4.4,-7.621024
12332,1.222974,-0.2826105,-4.4,-7.621024
12333,1.213456,-0.3029637,-4.4,-7.621024
12334,1.203926,-0.3282873,-4.4,-7.621024
12335,1.191587,-0.3544572,-4.4,-7.621024
12336,1.177149,-0.3812087,-4.4,-7.621024
12337,1.162966,-0.4094055,-4.4,-7.621024
12338,1.146962,-0.4351201,-4.4,-7.621024
12339,1.12943,-0.4577698,-4.4,-7.621024
12340,1.113388,-0.4803685,-4.4,-7.621024
12341,1.096204,-0.5043536,-4.4,-7.621024
12342,1.08003,-0.5289074,-4.4,-7.621024
12343,1.061116,-0.5534902,-4.4,-7.621024
12344,1.042009,-0.5771396,-4.4,-7.621024
12345,1.02036,-0.6009281,-4.4,-7.621024
12346,0.9996381,-0.6237821,-4.4,-7.621024
12347,0.9787949,-0.6473877,-4.4,-7.621024
12348,0.9567318,-0.6719648,-4.4,-7.621024
12349,0.9360614,-0.6954234,-4.4,-7.621024
12350,0.9138128,-0.7190461,-4.4,-7.621024
12351,0.8910747,-0.742017,-4.4,-7.621024
12352,0.8688697,-0.7627164,-4.4,-7.621024
12353,0.8459759,-0.7841891,-4.4,-7.621024
12354,0.8253906,-0.8040784,-4.4,-7.621024
12355,0.8073207,-0.8207349,-4.4,-7.621024
12356,0.7905973,-0.8384713,-4.4,-7.621024
12357,0.7738199,-0.8573323,-4.4,-7.621024
12358,0.7597738,-0.8761604,-4.4,-7.621024
12359,0.7474166,-0.8943815,-4.4,-7.621024
12360,0.7327846,-0.9141138,-4.4,-7.621024
12361,0.7222545,-0.9320156,-4.4,-7.621024
12362,0.7110736,-0.9472593,-4.4,-7.621024
12363,0.7014028,-0.9613278,-4.4,-7.621024
12364,0.6879866,-0.9777584,-4.4,-7.621024
12365,0.6735514,-0.9939947,-4.4,-7.621024
12366,0.6608942,-1.012172,-4.4,-7.621024
12367,0.6485239,-1.032987,-4.4,-7.621024
12368,0.6380107,-1.052282,-4.4,-7.621024
12369,0.6282778,-1.072033,-4.4,-7.621024
12370,0.6148518,-1.091453,-4.4,-7.621024
12371,0.6012885,-1.110954,-4.4,-7.621024
12372,0.5888301,-1.132202,-4.4,-7.621024
12373,0.576911,-1.152173,-4.4,-7.621024
12374,0.563865,-1.172218,-4.4,-7.621024
12375,0.5526044,-1.193554,-4.4,-7.621024
12376,0.5422494,-1.217336,-4.4,-7.621024
12377,0.5307136,-1.240709,-4.4,-7.621024
12378,0.5175802,-1.266335,-4.4,-7.621024
12379,0.5055304,-1.29142,-4.4,-7.621024
12380,0.4917494,-1.321242,-4.4,-7.621024
12381,0.4757107,-1.351936,-4.4,-7.621024
12382,0.4629087,-1.381399,-4.4,-7.621024
12383,0.4528492,-1.408086,-4.4,-7.621024
12384,0.4434596,-1.432914,-4.4,-7.621024
12385,0.4329294,-1.455115,-4.4,-7.621024
12386,0.4218678,-1.476734,-4.4,-7.621024
12387,0.411365,-1.500035,-4.4,-7.621024
12388,0.3997709,-1.522617,-4.4,-7.621024
12389,0.3878271,-1.54401,-4.4,-7.621024
12390,0.3769962,-1.569302,-4.4,-7.621024
12391,0.3641034,-1.595862,-4.4,-7.621024
12392,0.349887,-1.622116,-4.4,-7.621024
12393,0.3350332,-1.647838,-4.4,-7.621024
12394,0.3203363,-1.671433,-4.4,-7.621024
12395,0.3057791,-1.693812,-4.4,-7.621024
12396,0.2894653,-1.714831,-4.4,-7.621024
12397,0.2724642,-1.735353,-4.4,-7.621024
12398,0.2487898,-1.758332,-4.4,-7.621024
12399,0.2269261,-1.781436,-4.4,-7.621024
12400,0.2038351,-1.803773,-4.4,-7.621024
12401,0.1810899,-1.825564,-4.4,-7.621024
12402,0.1581429,-1.848469,-4.4,-7.621024
12403,0.1348609,-1.870865,-4.4,-7.621024
12404,0.1122216,-1.891178,-4.4,-7.621024
12405,0.08975477,-1.90961,-4.4,-7.621024
12406,0.06699183,-1.926307,-4.4,-7.621024
12407,0.04382198,-1.944477,-4.4,-7.621024
12408,0.01842958,-1.964124,-4.4,-7.621024
12409,-0.0004961696,-1.981925,-4.4,-7.621024
12410,-0.01904676,-1.999901,-4.4,-7.621024
12411,-0.03531782,-2.015916,-4.4,-7.621024
12412,-0.05158743,-2.032811,-4.4,-7.621024
12413,-0.06572409,-2.047521,-4.4,-7.621024
12414,-0.08274922,-2.064282,-4.4,-7.621024
12415,-0.09770065,-2.07813,-4.4,-7.621024
12416,-0.1100244,-2.093911,-4.4,-7.621024
12417,-0.1195189,-2.108397,-4.4,-7.621024
12418,-0.1345551,-2.127161,-4.4,-7.621024
12419,-0.1485564,-2.143296,-4.4,-7.621024
12420,-0.1619205,-2.163218,-4.4,-7.621024
12421,-0.1727094,-2.184806,-4.4,-7.621024
12422,-0.1835849,-2.20399,-4.4,-7.621024
12423,-0.1953932,-2.220834,-4.4,-7.621024
12424,-0.207517,-2.239771,-4.4,-7.621024
12425,-0.2206763,-2.261258,-4.4,-7.621024
12426,-0.2339734,-2.282405,-4.4,-7.621024
12427,-0.2472639,-2.30069,-4.4,-7.621024
12428,-0.2598423,-2.320112,-4.4,-7.621024
12429,-0.2725874,-2.343704,-4.4,-7.621024
12430,-0.2862868,-2.367034,-4.4,-7.621024
12431,-0.2980445,-2.389653,-4.4,-7.621024
12432,-0.3133085,-2.41437,-4.4,-7.621024
12433,-0.328517,-2.440233,-4.4,-7.621024
12434,-0.3423807,-2.469466,-4.4,-7.621024
12435,-0.3570194,-2.497397,-4.4,-7.621024
12436,-0.3716127,-2.522824,-4.4,-7.621024
12437,-0.3836997,-2.548996,-4.4,-7.621024
12438,-0.3964837,-2.571054,-4.4,-7.621024
12439,-0.4102214,-2.594743,-4.4,-7.621024
12440,-0.4239158,-2.620856,-4.4,-7.621024
12441,-0.4380925,-2.645803,-4.4,-7.621024
12442,-0.4523081,-2.672225,-4.4,-7.621024
12443,-0.4668904,-2.697899,-4.4,-7.621024
12444,-0.4803712,-2.723719,-4.4,-7.621024
12445,-0.4914702,-2.749449,-4.4,-7.621024
12446,-0.5044402,-2.773925,-4.4,-7.621024
12447,-0.5167574,-2.79882,-4.4,-7.621024
12448,-0.5310471,-2.82354,-4.4,-7.621024
12449,-0.5494161,-2.846485,-4.4,-7.621024
12450,-0.567323,-2.869724,-4.4,-7.621024
12451,-0.5852394,-2.892627,-4.4,-7.621024
12452,-0.606078,-2.914757,-4.4,-7.621024
12453,-0.6276383,-2.93726,-4.4,-7.621024
12454,-0.6494762,-2.95991,-4.4,-7.621024
12455,-0.6681491,-2.978657,-4.4,-7.621024
12456,-0.6910031,-2.999614,-4.4,-7.621024
12457,-0.7120931,-3.02131,-4.4,-7.621024
12458,-0.7325382,-3.043402,-4.4,-7.621024
12459,-0.7555867,-3.062648,-4.4,-7.621024
12460,-0.7778825,-3.080592,-4.4,-7.621024
12461,-0.7983181,-3.101033,-4.4,-7.621024
12462,-0.8177527,-3.120183,-4.4,-7.621024
12463,-0.8350474,-3.136588,-4.4,-7.621024
12464,-0.8517712,-3.155837,-4.4,-7.621024
12465,-0.8688101,-3.175256,-4.4,-7.621024
12466,-0.8833299,-3.192004,-4.4,-7.621024
12467,-0.8982465,-3.208722,-4.4,-7.621024
12468,-0.9111912,-3.2249,-4.4,-7.621024
12469,-0.9232754,-3.240287,-4.4,-7.621024
12470,-0.9348534,-3.253628,-4.4,-7.621024
12471,-0.9473466,-3.268678,-4.4,-7.621024
12472,-0.9599245,-3.287227,-4.4,-7.621024
12473,-0.9735894,-3.305024,-4.4,-7.621024
12474,-0.987812,-3.32229,-4.4,-7.621024
12475,-1.000591,-3.339396,-4.4,-7.621024
12476,-1.012308,-3.35725,-4.4,-7.621024
12477,-1.024372,-3.375977,-4.4,-7.621024
12478,-1.036839,-3.395747,-4.4,-7.621024
12479,-1.051715,-3.416649,-4.4,-7.621024
12480,-1.065992,-3.434764,-4.4,-7.621024
12481,-1.081415,-3.457429,-4.4,-7.621024
12482,-1.096592,-3.480424,-4.4,-7.621024
12483,-1.110065,-3.50179,-4.4,-7.621024
12484,-1.12356,-3.524497,-4.4,-7.621024
12485,-1.136098,-3.547945,-4.4,-7.621024
12486,-1.149972,-3.575418,-4.4,-7.621024
12487,-1.163926,-3.604377,-4.4,-7.621024
12488,-1.176574,-3.632616,-4.4,-7.621024
12489,-1.190074,-3.658778,-4.4,-7.621024
12490,-1.203705,-3.684013,-4.4,-7.621024
12491,-1.216409,-3.708465,-4.4,-7.621024
12492,-1.22787,-3.731656,-4.4,-7.621024
12493,-1.238519,-3.755933,-4.4,-7.621024
12494,-1.249364,-3.781418,-4.4,-7.621024
12495,-1.263579,-3.805296,-4.4,-7.621024
12496,-1.275537,-3.83109,-4.4,-7.621024
12497,-1.289195,-3.857343,-4.4,-7.621024
12498,-1.303939,-3.883347,-4.4,-7.621024
12499,-1.318994,-3.907479,-4.4,-7.621024
12500,-1.334956,-3.930323,-4.4,-7.621024
12501,-1.349906,-3.953337,-4.4,-7.621024
12502,-1.368135,-3.974823,-4.4,-7.621024
12503,-1.387348,-3.995991,-4.4,-7.621024
12504,-1.40744,-4.016766,-4.4,-7.621024
12505,-1.430885,-4.04007,-4.4,-7.621024
12506,-1.455097,-4.063404,-4.4,-7.621024
12507,-1.479489,-4.085375,-4.4,-7.621024
12508,-1.502842,-4.10838,-4.4,-7.621024
12509,-1.524873,-4.129333,-4.4,-7.621024
12510,-1.547917,-4.150558,-4.4,-7.621024
12511,-1.571885,-4.172297,-4.4,-7.621024
12512,-1.595794,-4.194116,-4.4,-7.621024
12513,-1.619726,-4.216127,-4.4,-7.621024
12514,-1.644848,-4.238375,-4.4,-7.621024
12515,-1.669896,-4.258617,-4.4,-7.621024
12516,-1.689622,-4.274191,-4.4,-7.621024
12517,-1.705485,-4.291135,-4.4,-7.621024
12518,-1.721765,-4.308625,-4.4,-7.621024
12519,-1.736498,-4.326263,-4.4,-7.621024
12520,-1.752275,-4.345109,-4.4,-7.621024
12521,-1.765431,-4.362951,-4.4,-7.621024
12522,-1.779274,-4.380858,-4.4,-7.621024
12523,-1.793909,-4.397624,-4.4,-7.621024
12524,-1.805259,-4.413634,-4.4,-7.621024
12525,-1.818078,-4.434747,-4.4,-7.621024
12526,-1.830506,-4.45631,-4.4,-7.621024
12527,-1.841591,-4.474659,-4.4,-7.621024
12528,-1.851157,-4.493153,-4.4,-7.621024
12529,-1.861938,-4.514478,-4.4,-7.621024
12530,-1.874558,-4.533358,-4.4,-7.621024
12531,-1.885251,-4.552077,-4.4,-7.621024
12532,-1.894475,-4.571016,-4.4,-7.621024
12533,-1.90706,-4.591814,-4.4,-7.621024
12534,-1.921275,-4.611171,-4.4,-7.621024
12535,-1.934843,-4.630868,-4.4,-7.621024
12536,-1.948083,-4.653536,-4.4,-7.621024
12537,-1.960115,-4.677664,-4.4,-7.621024
12538,-1.973654,-4.705194,-4.4,-7.621024
12539,-1.985478,-4.735188,-4.4,-7.621024
12540,-1.998652,-4.767448,-4.4,-7.621024
12541,-2.011364,-4.79561,-4.4,-7.621024
12542,-2.024004,-4.823843,-4.4,-7.621024
12543,-2.036435,-4.848485,-4.4,-7.621024
12544,-2.048337,-4.872952,-4.4,-7.621024
12545,-2.060405,-4.898702,-4.4,-7.621024
12546,-2.069432,-4.924554,-4.4,-7.621024
12547,-2.078235,-4.948046,-4.4,-7.621024
12548,-2.087375,-4.975663,-4.4,-7.621024
12549,-2.09829,-5.002995,-4.4,-7.621024
12550,-2.107586,-5.029524,-4.4,-7.621024
12551,-2.11786,-5.055701,-4.4,-7.621024
12552,-2.130522,-5.08093,-4.4,-7.621024
12553,-2.14453,-5.106915,-4.4,-7.621024
12554,-2.159407,-5.133688,-4.4,-7.621024
12555,-2.173662,-5.158351,-4.4,-7.621024
12556,-2.188834,-5.182071,-4.4,-7.621024
12557,-2.20761,-5.206336,-4.4,-7.621024
12558,-2.228211,-5.229257,-4.4,-7.621024
12559,-2.249899,-5.253948,-4.4,-7.621024
12560,-2.272357,-5.2799,-4.4,-7.621024
12561,-2.296454,-5.305507,-4.4,-7.621024
12562,-2.319156,-5.328463,-4.4,-7.621024
12563,-2.342395,-5.35104,-4.4,-7.621024
12564,-2.365173,-5.373377,-4.4,-7.621024
12565,-2.386148,-5.395401,-4.4,-7.621024
12566,-2.408391,-5.415976,-4.4,-7.621024
12567,-2.429208,-5.435999,-4.4,-7.621024
12568,-2.45096,-5.456084,-4.4,-7.621024
12569,-2.473588,-5.476121,-4.4,-7.621024
12570,-2.489873,-5.492078,-4.4,-7.621024
12571,-2.506884,-5.512269,-4.4,-7.621024
12572,-2.524029,-5.531904,-4.4,-7.621024
12573,-2.542431,-5.551126,-4.4,-7.621024
12574,-2.55855,-5.569348,-4.4,-7.621024
12575,-2.572515,-5.587041,-4.4,-7.621024
12576,-2.587763,-5.603093,-4.4,-7.621024
12577,-2.601034,-5.620265,-4.4,-7.621024
12578,-2.615156,-5.634954,-4.4,-7.621024
12579,-2.62619,-5.651434,-4.4,-7.621024
12580,-2.640258,-5.672099,-4.4,-7.621024
12581,-2.655407,-5.693989,-4.4,-7.621024
12582,-2.668911,-5.715643,-4.4,-7.621024
12583,-2.67866,-5.735363,-4.4,-7.621024
12584,-2.688561,-5.756205,-4.4,-7.621024
12585,-2.699432,-5.777587,-4.4,-7.621024
12586,-2.709875,-5.796068,-4.4,-7.621024
12587,-2.720709,-5.8129,-4.4,-7.621024
12588,-2.732859,-5.83097,-4.4,-7.621024
12589,-2.746071,-5.851503,-4.4,-7.621024
12590,-2.76004,-5.877057,-4.4,-7.621024
12591,-2.773242,-5.901384,-4.4,-7.621024
12592,-2.789148,-5.928902,-4.4,-7.621024
12593,-2.801528,-5.953993,-4.4,-7.621024
12594,-2.814195,-5.983251,-4.4,-7.621024
12595,-2.828345,-6.012465,-4.4,-7.621024
12596,-2.842926,-6.03965,-4.4,-7.621024
12597,-2.856375,-6.06695,-4.4,-7.621024
12598,-2.867849,-6.094117,-4.4,-7.621024
12599,-2.88089,-6.12242,-4.4,-7.621024
12600,-2.89,-6.147569,-4.4,-7.621024
12601,-2.89922,-6.174997,-4.4,-7.621024
12602,-2.909947,-6.205192,-4.4,-7.621024
12603,-2.92196,-6.233846,-4.4,-7.621024
12604,-2.935347,-6.263281,-4.4,-7.621024
12605,-2.949358,-6.292296,-4.4,-7.621024
12606,-2.963852,-6.320045,-4.4,-7.621024
12607,-2.976656,-6.347446,-4.4,-7.621024
12608,-2.992296,-6.374621,-4.4,-7.621024
12609,-3.009746,-6.399701,-4.4,-7.621024
12610,-3.025939,-6.424127,-4.4,-7.621024
12611,-3.042754,-6.44593,-4.4,-7.621024
12612,-3.059124,-6.470163,-4.4,-7.621024
12613,-3.080513,-6.496562,-4.4,-7.621024
12614,-3.101195,-6.52117,-4.4,-7.621024
12615,-3.122289,-6.545557,-4.4,-7.621024
12616,-3.143368,-6.568584,-4.4,-7.621024
12617,-3.164069,-6.590543,-4.4,-7.621024
12618,-3.185653,-6.613567,-4.4,-7.621024
12619,-3.208357,-6.63723,-4.4,-7.621024
12620,-3.230321,-6.660115,-4.4,-7.621024
12621,-3.253752,-6.685035,-4.4,-7.621024
12622,-3.280199,-6.710608,-4.4,-7.621024
12623,-3.304171,-6.732904,-4.4,-7.621024
12624,-3.327048,-6.754324,-4.4,-7.621024
12625,-3.346641,-6.772919,-4.4,-7.621024
12626,-3.363764,-6.790233,-4.4,-7.621024
12627,-3.378198,-6.808134,-4.4,-7.621024
12628,-3.393044,-6.826285,-4.4,-7.621024
12629,-3.409031,-6.84382,-4.4,-7.621024
12630,-3.421536,-6.861682,-4.4,-7.621024
12631,-3.435991,-6.881067,-4.4,-7.621024
12632,-3.4521,-6.901407,-4.4,-7.621024
12633,-3.465814,-6.921994,-4.4,-7.621024
12634,-3.479576,-6.941979,-4.4,-7.621024
12635,-3.491344,-6.961841,-4.4,-7.621024
12636,-3.503467,-6.981156,-4.4,-7.621024
12637,-3.515939,-7.000855,-4.4,-7.621024
12638,-3.526325,-7.020509,-4.4,-7.621024
12639,-3.538352,-7.03892,-4.4,-7.621024
12640,-3.550087,-7.056197,-4.4,-7.621024
12641,-3.561704,-7.074747,-4.4,-7.621024
12642,-3.574385,-7.095996,-4.4,-7.621024
12643,-3.586067,-7.11656,-4.4,-7.621024
12644,-3.597545,-7.138537,-4.4,-7.621024
12645,-3.610951,-7.16239,-4.4,-7.621024
12646,-3.624238,-7.186388,-4.4,-7.621024
12647,-3.636039,-7.206734,-4.4,-7.621024
12648,-3.649042,-7.230793,-4.4,-7.621024
12649,-3.666667,-7.261169,-4.4,-7.621024
12650,-3.681363,-7.285312,-4.4,-7.621024
12651,-3.6931,-7.30546,-4.4,-7.621024
12652,-3.702847,-7.325462,-4.4,-7.621024
12653,-3.713605,-7.346029,-4.4,-7.621024
12654,-3.726429,-7.369391,-4.4,-7.621024
12655,-3.742422,-7.393297,-4.4,-7.621024
12656,-3.757567,-7.414488,-4.4,-7.621024
12657,-3.770654,-7.433835,-4.4,-7.621024
12658,-3.783985,-7.455431,-4.4,-7.621024
12659,-3.797972,-7.47504,-4.4,-7.621024
12660,-3.81056,-7.494375,-4.4,-7.621024
12661,-3.824237,-7.515215,-4.4,-7.621024
12662,-3.84091,-7.535244,-4.4,-7.621024
12663,-3.856709,-7.556052,-4.4,-7.621024
12664,-3.874019,-7.57523,-4.4,-7.621024
12665,-3.892521,-7.592056,-4.4,-7.621024
12666,-3.914041,-7.608366,-4.4,-7.621024
12667,-3.939259,-7.623946,-4.4,-7.621024
12668,-3.965522,-7.639674,-4.4,-7.621024
12669,-3.99196,-7.6546,-4.4,-7.621024
12670,-4.017499,-7.667733,-4.4,-7.621024
12671,-4.042773,-7.679691,-4.4,-7.621024
12672,-4.068491,-7.690818,-4.4,-7.621024
12673,-4.095425,-7.702411,-4.4,-7.621024
12674,-4.124479,-7.713717,-4.4,-7.621024
12675,-4.155912,-7.724478,-4.4,-7.621024
12676,-4.185991,-7.734519,-4.4,-7.621024
12677,-4.216225,-7.745173,-4.4,-7.621024
12678,-4.244071,-7.755157,-4.4,-7.621024
12679,-4.269602,-7.764356,-4.4,-7.621024
12680,-4.292716,-7.771896,-4.4,-7.621024
12681,-4.313667,-7.778848,7.621024,4.4
12682,-4.334495,-7.787673,7.621024,4.4
12683,-4.354753,-7.798028,7.621024,4.4
12684,-4.375915,-7.809356,7.621024,4.4
12685,-4.395181,-7.820202,7.621024,4.4
12686,-4.412561,-7.832397,7.621024,4.4
12687,-4.427291,-7.842637,7.621024,4.4
12688,-4.44217,-7.854572,7.621024,4.4
12689,-4.452873,-7.868795,7.621024,4.4
12690,-4.464267,-7.885301,7.621024,4.4
12691,-4.474636,-7.902894,7.621024,4.4
12692,-4.484676,-7.923177,7.621024,4.4
12693,-4.497143,-7.942998,7.621024,4.4
12694,-4.51252,-7.963144,7.621024,4.4
12695,-4.52616,-7.983865,7.621024,4.4
12696,-4.54194,-8.003048,7.621024,4.4
12697,-4.558396,-8.016687,7.621024,4.4
12698,-4.572735,-8.027683,7.621024,4.4
12699,-4.586676,-8.039882,7.621024,4.4
12700,-4.603158,-8.051558,7.621024,4.4
12701,-4.625146,-8.060883,7.621024,4.4
12702,-4.646496,-8.063966,7.621024,4.4
12703,-4.66389,-8.064779,7.621024,4.4
12704,-4.679925,-8.066004,7.621024,4.4
12705,-4.695221,-8.061989,7.621024,4.4
12706,-4.709182,-8.057039,7.621024,4.4
12707,-4.718721,-8.051521,7.621024,4.4
12708,-4.728348,-8.047528,7.621024,4.4
12709,-4.73818,-8.040215,7.621024,4.4
12710,-4.74567,-8.03326,7.621024,4.4
12711,-4.752596,-8.026488,7.621024,4.4
12712,-4.756508,-8.017737,7.621024,4.4
12713,-4.756999,-8.009964,7.621024,4.4
12714,-4.757282,-8.004929,7.621024,4.4
12715,-4.758869,-8.001576,7.621024,4.4
12716,-4.760036,-7.996636,7.621024,4.4
12717,-4.760509,-7.98993,7.621024,4.4
12718,-4.759411,-7.981347,7.621024,4.4
12719,-4.758151,-7.971982,7.621024,4.4
12720,-4.75359,-7.96151,7.621024,4.4
12721,-4.747728,-7.949729,7.621024,4.4
12722,-4.74183,-7.94015,7.621024,4.4
12723,-4.736149,-7.92945,7.621024,4.4
12724,-4.729353,-7.915933,7.621024,4.4
12725,-4.720815,-7.9015,7.621024,4.4
12726,-4.711442,-7.886869,7.621024,4.4
12727,-4.702211,-7.873575,7.621024,4.4
12728,-4.693333,-7.85673,7.621024,4.4
12729,-4.682702,-7.842033,7.621024,4.4
12730,-4.671092,-7.824845,7.621024,4.4
12731,-4.661791,-7.810324,7.621024,4.4
12732,-4.65096,-7.798675,7.621024,4.4
12733,-4.640409,-7.788234,7.621024,4.4
12734,-4.630816,-7.777463,7.621024,4.4
12735,-4.619129,-7.764167,7.621024,4.4
12736,-4.608771,-7.749719,7.621024,4.4
12737,-4.596683,-7.734025,7.621024,4.4
12738,-4.588595,-7.722808,7.621024,4.4
12739,-4.581376,-7.70748,7.621024,4.4
12740,-4.569736,-7.689627,7.621024,4.4
12741,-4.555604,-7.673499,7.621024,4.4
12742,-4.542502,-7.658514,7.621024,4.4
12743,-4.532568,-7.64503,7.621024,4.4
12744,-4.523822,-7.628307,7.621024,4.4
12745,-4.513425,-7.610968,7.621024,4.4
12746,-4.503323,-7.595983,7.621024,4.4
12747,-4.494343,-7.581333,7.621024,4.4
12748,-4.484806,-7.565466,7.621024,4.4
12749,-4.474178,-7.551433,7.621024,4.4
12750,-4.463292,-7.535514,7.621024,4.4
12751,-4.451771,-7.518304,7.621024,4.4
12752,-4.439624,-7.501533,7.621024,4.4
12753,-4.426872,-7.482739,7.621024,4.4
12754,-4.412232,-7.464542,7.621024,4.4
12755,-4.393095,-7.442235,7.621024,4.4
12756,-4.376475,-7.418159,7.621024,4.4
12757,-4.361219,-7.392615,7.621024,4.4
12758,-4.346814,-7.368246,7.621024,4.4
12759,-4.332267,-7.348103,7.621024,4.4
12760,-4.319265,-7.330215,7.621024,4.4
12761,-4.306828,-7.309421,7.621024,4.4
12762,-4.2906,-7.290607,7.621024,4.4
12763,-4.272401,-7.270547,7.621024,4.4
12764,-4.253883,-7.251106,7.621024,4.4
12765,-4.234888,-7.230643,7.621024,4.4
12766,-4.21451,-7.211781,7.621024,4.4
12767,-4.194304,-7.193203,7.621024,4.4
12768,-4.174083,-7.175217,7.621024,4.4
12769,-4.154819,-7.159405,7.621024,4.4
12770,-4.136818,-7.145673,7.621024,4.4
12771,-4.114601,-7.13118,7.621024,4.4
12772,-4.090199,-7.116495,7.621024,4.4
12773,-4.065757,-7.104952,7.621024,4.4
12774,-4.039155,-7.094504,7.621024,4.4
12775,-4.013387,-7.085769,7.621024,4.4
12776,-3.988457,-7.077709,7.621024,4.4
12777,-3.962126,-7.069529,7.621024,4.4
12778,-3.937377,-7.06292,7.621024,4.4
12779,-3.914961,-7.057328,7.621024,4.4
12780,-3.891826,-7.049902,7.621024,4.4
12781,-3.866454,-7.041329,7.621024,4.4
12782,-3.8406,-7.032824,7.621024,4.4
12783,-3.814091,-7.024663,7.621024,4.4
12784,-3.789781,-7.01432,7.621024,4.4
12785,-3.769264,-7.005551,7.621024,4.4
12786,-3.746773,-6.997154,7.621024,4.4
12787,-3.724241,-6.98669,7.621024,4.4
12788,-3.706359,-6.978875,7.621024,4.4
12789,-3.68852,-6.971325,7.621024,4.4
12790,-3.67043,-6.963501,7.621024,4.4
12791,-3.653901,-6.955592,7.621024,4.4
12792,-3.639807,-6.946639,7.621024,4.4
12793,-3.621688,-6.937788,7.621024,4.4
12794,-3.600857,-6.926706,7.621024,4.4
12795,-3.583633,-6.914953,7.621024,4.4
12796,-3.565546,-6.900847,7.621024,4.4
12797,-3.549613,-6.889524,7.621024,4.4
12798,-3.532573,-6.877043,7.621024,4.4
12799,-3.51328,-6.862072,7.621024,4.4
12800,-3.495472,-6.847922,7.621024,4.4
12801,-3.474344,-6.832067,7.621024,4.4
12802,-3.453659,-6.817198,7.621024,4.4
12803,-3.432684,-6.8027,7.621024,4.4
12804,-3.411679,-6.788012,7.621024,4.4
12805,-3.392378,-6.77293,7.621024,4.4
12806,-3.375535,-6.75603,7.621024,4.4
12807,-3.352588,-6.735397,7.621024,4.4
12808,-3.328349,-6.71244,7.621024,4.4
12809,-3.303092,-6.691276,7.621024,4.4
12810,-3.279284,-6.669248,7.621024,4.4
12811,-3.257112,-6.649572,7.621024,4.4
12812,-3.236831,-6.6311,7.621024,4.4
12813,-3.218565,-6.611875,7.621024,4.4
12814,-3.199448,-6.595479,7.621024,4.4
12815,-3.179681,-6.576394,7.621024,4.4
12816,-3.160864,-6.555508,7.621024,4.4
12817,-3.143211,-6.535011,7.621024,4.4
12818,-3.124838,-6.515406,7.621024,4.4
12819,-3.105134,-6.496309,7.621024,4.4
12820,-3.086678,-6.478136,7.621024,4.4
12821,-3.069547,-6.461825,7.621024,4.4
12822,-3.050167,-6.446074,7.621024,4.4
12823,-3.029648,-6.428844,7.621024,4.4
12824,-3.007932,-6.411798,7.621024,4.4
12825,-2.986862,-6.395645,7.621024,4.4
12826,-2.965844,-6.379682,7.621024,4.4
12827,-2.941853,-6.363537,7.621024,4.4
12828,-2.916463,-6.349598,7.621024,4.4
12829,-2.892875,-6.336831,7.621024,4.4
12830,-2.86793,-6.321174,7.621024,4.4
12831,-2.839948,-6.305864,7.621024,4.4
12832,-2.811089,-6.290047,7.621024,4.4
12833,-2.783416,-6.275388,7.621024,4.4
12834,-2.7576,-6.261035,7.621024,4.4
12835,-2.732115,-6.246287,7.621024,4.4
12836,-2.704777,-6.228758,7.621024,4.4
12837,-2.674572,-6.211892,7.621024,4.4
12838,-2.643612,-6.196621,7.621024,4.4
12839,-2.614065,-6.182139,7.621024,4.4
12840,-2.588899,-6.169865,7.621024,4.4
12841,-2.567883,-6.157577,7.621024,4.4
12842,-2.549221,-6.144159,7.621024,4.4
12843,-2.531256,-6.130982,7.621024,4.4
12844,-2.51502,-6.116435,7.621024,4.4
12845,-2.500732,-6.10646,7.621024,4.4
12846,-2.483841,-6.09451,7.621024,4.4
12847,-2.46789,-6.076412,7.621024,4.4
12848,-2.448771,-6.060746,7.621024,4.4
12849,-2.429645,-6.043359,7.621024,4.4
12850,-2.412009,-6.024296,7.621024,4.4
12851,-2.394642,-6.005397,7.621024,4.4
12852,-2.378979,-5.987961,7.621024,4.4
12853,-2.361739,-5.973318,7.621024,4.4
12854,-2.346151,-5.957726,7.621024,4.4
12855,-2.329193,-5.942894,7.621024,4.4
12856,-2.312887,-5.92388,7.621024,4.4
12857,-2.296196,-5.904872,7.621024,4.4
12858,-2.278788,-5.885273,7.621024,4.4
12859,-2.262437,-5.867044,7.621024,4.4
12860,-2.244494,-5.84762,7.621024,4.4
12861,-2.22692,-5.827852,7.621024,4.4
12862,-2.211001,-5.8044,7.621024,4.4
12863,-2.19355,-5.777562,7.621024,4.4
12864,-2.174821,-5.750669,7.621024,4.4
12865,-2.157375,-5.725852,7.621024,4.4
12866,-2.138911,-5.702803,7.621024,4.4
12867,-2.121912,-5.67626,7.621024,4.4
12868,-2.107211,-5.649962,7.621024,4.4
12869,-2.093385,-5.626291,7.621024,4.4
12870,-2.07828,-5.602585,7.621024,4.4
12871,-2.06108,-5.579111,7.621024,4.4
12872,-2.043682,-5.55456,7.621024,4.4
12873,-2.028434,-5.532375,7.621024,4.4
12874,-2.01258,-5.509274,7.621024,4.4
12875,-1.994227,-5.4859,7.621024,4.4
12876,-1.977651,-5.465012,7.621024,4.4
12877,-1.958941,-5.443593,7.621024,4.4
12878,-1.938817,-5.422812,7.621024,4.4
12879,-1.918391,-5.401529,7.621024,4.4
12880,-1.896829,-5.382288,7.621024,4.4
12881,-1.875174,-5.362686,7.621024,4.4
12882,-1.851348,-5.342836,7.621024,4.4
12883,-1.826686,-5.323745,7.621024,4.4
12884,-1.802316,-5.306055,7.621024,4.4
12885,-1.7766,-5.288802,7.621024,4.4
12886,-1.752597,-5.270948,7.621024,4.4
12887,-1.728778,-5.251142,7.621024,4.4
12888,-1.704069,-5.232337,7.621024,4.4
12889,-1.67896,-5.215812,7.621024,4.4
12890,-1.654857,-5.200169,7.621024,4.4
12891,-1.628836,-5.184378,7.621024,4.4
12892,-1.604355,-5.169743,7.621024,4.4
12893,-1.582736,-5.155548,7.621024,4.4
12894,-1.561509,-5.141178,7.621024,4.4
12895,-1.540114,-5.125527,7.621024,4.4
12896,-1.520851,-5.111715,7.621024,4.4
12897,-1.505196,-5.099239,7.621024,4.4
12898,-1.492372,-5.086782,7.621024,4.4
12899,-1.475469,-5.07356,7.621024,4.4
12900,-1.460129,-5.059412,7.621024,4.4
12901,-1.4408,-5.041515,7.621024,4.4
12902,-1.421817,-5.024149,7.621024,4.4
12903,-1.405084,-5.003488,7.621024,4.4
12904,-1.389855,-4.983198,7.621024,4.4
12905,-1.377058,-4.964974,7.621024,4.4
12906,-1.36159,-4.946159,7.621024,4.4
12907,-1.345906,-4.929684,7.621024,4.4
12908,-1.329088,-4.913401,7.621024,4.4
12909,-1.310567,-4.894633,7.621024,4.4
12910,-1.293185,-4.877706,7.621024,4.4
12911,-1.273995,-4.858594,7.621024,4.4
12912,-1.255498,-4.841257,7.621024,4.4
12913,-1.23722,-4.825236,7.621024,4.4
12914,-1.220313,-4.805563,7.621024,4.4
12915,-1.203602,-4.783543,7.621024,4.4
12916,-1.184696,-4.75974,7.621024,4.4
12917,-1.164233,-4.731412,7.621024,4.4
12918,-1.145583,-4.705877,7.621024,4.4
12919,-1.128531,-4.680001,7.621024,4.4
12920,-1.114225,-4.658252,7.621024,4.4
12921,-1.097774,-4.63657,7.621024,4.4
12922,-1.081054,-4.615933,7.621024,4.4
12923,-1.064864,-4.592335,7.621024,4.4
12924,-1.047337,-4.569901,7.621024,4.4
12925,-1.031198,-4.545492,7.621024,4.4
12926,-1.01554,-4.521626,7.621024,4.4
12927,-0.9973908,-4.499414,7.621024,4.4
12928,-0.9790402,-4.4775,7.621024,4.4
12929,-0.9591937,-4.454858,7.621024,4.4
12930,-0.9391146,-4.432867,7.621024,4.4
12931,-0.9194646,-4.414029,7.621024,4.4
12932,-0.9001176,-4.396234,7.621024,4.4
12933,-0.8787906,-4.377615,7.621024,4.4
12934,-0.8566824,-4.358472,7.621024,4.4
12935,-0.8317752,-4.339934,7.621024,4.4
12936,-0.8068344,-4.321364,7.621024,4.4
12937,-0.781348,-4.304521,7.621024,4.4
12938,-0.7558937,-4.2883,7.621024,4.4
12939,-0.7317819,-4.271899,7.621024,4.4
12940,-0.7089471,-4.254926,7.621024,4.4
12941,-0.6818542,-4.236365,7.621024,4.4
12942,-0.6521998,-4.215955,7.621024,4.4
12943,-0.6232667,-4.195443,7.621024,4.4
12944,-0.5945126,-4.177876,7.621024,4.4
12945,-0.5657455,-4.161538,7.621024,4.4
12946,-0.5421048,-4.147752,7.621024,4.4
12947,-0.5207282,-4.134117,7.621024,4.4
12948,-0.499214,-4.119867,7.621024,4.4
12949,-0.4789666,-4.106161,7.621024,4.4
12950,-0.4623337,-4.092605,7.621024,4.4
12951,-0.4436464,-4.078352,7.621024,4.4
12952,-0.4274665,-4.06588,7.621024,4.4
12953,-0.4127325,-4.051027,7.621024,4.4
12954,-0.3987651,-4.0349,7.621024,4.4
12955,-0.3803177,-4.01618,7.621024,4.4
12956,-0.3627863,-3.997118,7.621024,4.4
12957,-0.3467562,-3.981755,7.621024,4.4
12958,-0.3297211,-3.965592,7.621024,4.4
12959,-0.3146068,-3.951509,7.621024,4.4
12960,-0.3013152,-3.937558,7.621024,4.4
12961,-0.2857823,-3.923035,7.621024,4.4
12962,-0.2689783,-3.907321,7.621024,4.4
12963,-0.2531332,-3.888261,7.621024,4.4
12964,-0.2362221,-3.870422,7.621024,4.4
12965,-0.2191226,-3.853953,7.621024,4.4
12966,-0.2011313,-3.83638,7.621024,4.4
12967,-0.1860314,-3.819814,7.621024,4.4
12968,-0.1701662,-3.800336,7.621024,4.4
12969,-0.1509353,-3.777159,7.621024,4.4
12970,-0.1335234,-3.755124,7.621024,4.4
12971,-0.1134158,-3.727196,7.621024,4.4
12972,-0.09186106,-3.698794,7.621024,4.4
12973,-0.07187653,-3.672781,7.621024,4.4
12974,-0.05478538,-3.64918,7.621024,4.4
12975,-0.03855449,-3.626089,7.621024,4.4
12976,-0.02519152,-3.604901,7.621024,4.4
12977,-0.01028674,-3.583955,7.621024,4.4
12978,0.00342976,-3.563366,7.621024,4.4
12979,0.01958595,-3.541743,7.621024,4.4
12980,0.03661633,-3.517733,7.621024,4.4
12981,0.05349962,-3.496739,7.621024,4.4
12982,0.07198461,-3.473853,7.621024,4.4
12983,0.09121299,-3.451725,7.621024,4.4
12984,0.1122126,-3.429866,7.621024,4.4
12985,0.1327067,-3.411601,7.621024,4.4
12986,0.1541505,-3.391805,7.621024,4.4
12987,0.1764632,-3.370702,7.621024,4.4
12988,0.1985618,-3.352638,7.621024,4.4
12989,0.2219612,-3.33724,7.621024,4.4
12990,0.2475451,-3.320665,7.621024,4.4
12991,0.2758991,-3.304162,7.621024,4.4
12992,0.305805,-3.288473,7.621024,4.4
12993,0.3341351,-3.274361,7.621024,4.4
12994,0.359793,-3.260893,7.621024,4.4
12995,0.3849535,-3.246014,7.621024,4.4
12996,0.4137518,-3.230548,7.621024,4.4
12997,0.4414771,-3.21752,7.621024,4.4
12998,0.4697729,-3.202556,7.621024,4.4
12999,0.4954582,-3.188647,7.621024,4.4
13000,0.5218834,-3.171473,7.621024,4.4
13001,0.5499276,-3.153598,7.621024,4.4
13002,0.5709434,-3.13745,7.621024,4.4
13003,0.5935839,-3.122288,7.621024,4.4
13004,0.6121101,-3.109513,7.621024,4.4
13005,0.628211,-3.095865,7.621024,4.4
13006,0.643993,-3.080898,7.621024,4.4
13007,0.66058,-3.063938,7.621024,4.4
13008,0.6738335,-3.047604,7.621024,4.4
13009,0.690821,-3.03126,7.621024,4.4
13010,0.7088697,-3.013518,7.621024,4.4
13011,0.7275948,-2.996265,7.621024,4.4
13012,0.7438438,-2.97832,7.621024,4.4
13013,0.759291,-2.960702,7.621024,4.4
13014,0.7738455,-2.945321,7.621024,4.4
13015,0.7896507,-2.930607,7.621024,4.4
13016,0.8066543,-2.914371,7.621024,4.4
13017,0.8242696,-2.896373,7.621024,4.4
13018,0.8414888,-2.878827,7.621024,4.4
13019,0.859538,-2.860116,7.621024,4.4
13020,0.8755127,-2.842211,7.621024,4.4
13021,0.8904197,-2.82468,7.621024,4.4
13022,0.9053057,-2.804105,7.621024,4.4
13023,0.9230201,-2.777429,7.621024,4.4
13024,0.9416565,-2.750699,7.621024,4.4
13025,0.9618827,-2.721727,7.621024,4.4
13026,0.9820287,-2.695623,7.621024,4.4
13027,1.001043,-2.671144,7.621024,4.4
13028,1.019857,-2.648227,7.621024,4.4
13029,1.037847,-2.625927,7.621024,4.4
13030,1.054956,-2.60144,7.621024,4.4
13031,1.069527,-2.579461,7.621024,4.4
13032,1.08352,-2.558237,7.621024,4.4
13033,1.096733,-2.535935,7.621024,4.4
13034,1.113115,-2.512021,7.621024,4.4
13035,1.130517,-2.490374,7.621024,4.4
13036,1.145622,-2.467469,7.621024,4.4
13037,1.161932,-2.444975,7.621024,4.4
13038,1.176828,-2.422874,7.621024,4.4
13039,1.193849,-2.403093,7.621024,4.4
13040,1.214864,-2.383139,7.621024,4.4
13041,1.237242,-2.362731,7.621024,4.4
13042,1.257791,-2.342919,7.621024,4.4
13043,1.281319,-2.322175,7.621024,4.4
13044,1.307095,-2.301674,7.621024,4.4
13045,1.335777,-2.281835,7.621024,4.4
13046,1.362823,-2.261658,7.621024,4.4
13047,1.388439,-2.243711,7.621024,4.4
13048,1.416101,-2.224785,7.621024,4.4
13049,1.445139,-2.204929,7.621024,4.4
13050,1.473732,-2.184008,7.621024,4.4
13051,1.502165,-2.16445,7.621024,4.4
13052,1.530946,-2.142849,7.621024,4.4
13053,1.556755,-2.122868,7.621024,4.4
13054,1.581314,-2.102632,7.621024,4.4
13055,1.603488,-2.084023,7.621024,4.4
13056,1.621433,-2.069113,7.621024,4.4
13057,1.638028,-2.056059,7.621024,4.4
13058,1.655198,-2.042214,7.621024,4.4
13059,1.673428,-2.023344,7.621024,4.4
13060,1.689994,-2.004684,7.621024,4.4
13061,1.705468,-1.986908,7.621024,4.4
13062,1.719403,-1.968151,7.621024,4.4
13063,1.73338,-1.950809,7.621024,4.4
13064,1.748431,-1.934222,7.621024,4.4
13065,1.762733,-1.91614,7.621024,4.4
13066,1.777614,-1.897871,7.621024,4.4
13067,1.792373,-1.880542,7.621024,4.4
13068,1.81088,-1.858359,7.621024,4.4
13069,1.828361,-1.838211,7.621024,4.4
13070,1.847008,-1.819686,7.621024,4.4
13071,1.86505,-1.80163,7.621024,4.4
13072,1.882094,-1.782378,7.621024,4.4
13073,1.897176,-1.761395,7.621024,4.4
13074,1.913148,-1.740468,7.621024,4.4
13075,1.928729,-1.718345,7.621024,4.4
13076,1.943961,-1.693691,7.621024,4.4
13077,1.961153,-1.667088,7.621024,4.4
13078,1.978311,-1.640973,7.621024,4.4
13079,1.994997,-1.613415,7.621024,4.4
13080,2.01223,-1.586516,7.621024,4.4
13081,2.027547,-1.559298,7.621024,4.4
13082,2.040783,-1.537186,7.621024,4.4
13083,2.057781,-1.512351,7.621024,4.4
13084,2.071934,-1.49032,7.621024,4.4
13085,2.086387,-1.465814,7.621024,4.4
13086,2.101782,-1.437936,7.621024,4.4
13087,2.113586,-1.41106,7.621024,4.4
13088,2.128312,-1.384287,7.621024,4.4
13089,2.142159,-1.359565,7.621024,4.4
13090,2.157755,-1.336635,7.621024,4.4
13091,2.176476,-1.312473,7.621024,4.4
13092,2.193516,-1.288372,7.621024,4.4
13093,2.212001,-1.266899,7.621024,4.4
13094,2.231615,-1.24548,7.621024,4.4
13095,2.253645,-1.225002,7.621024,4.4
13096,2.279284,-1.20306,7.621024,4.4
13097,2.306971,-1.180117,7.621024,4.4
13098,2.331815,-1.158535,7.621024,4.4
13099,2.357346,-1.139849,7.621024,4.4
13100,2.382852,-1.122857,7.621024,4.4
13101,2.408622,-1.104357,7.621024,4.4
13102,2.435231,-1.08378,7.621024,4.4
13103,2.462104,-1.064485,7.621024,4.4
13104,2.487695,-1.045461,7.621024,4.4
13105,2.512815,-1.027622,7.621024,4.4
13106,2.539343,-1.007622,7.621024,4.4
13107,2.563561,-0.986698,7.621024,4.4
13108,2.587034,-0.9682643,7.621024,4.4
13109,2.60547,-0.9525588,7.621024,4.4
13110,2.622295,-0.9370519,7.621024,4.4
13111,2.640587,-0.9205874,7.621024,4.4
13112,2.655658,-0.9061716,7.621024,4.4
13113,2.67068,-0.8883052,7.621024,4.4
13114,2.683878,-0.8735409,7.621024,4.4
13115,2.698526,-0.8595123,7.621024,4.4
13116,2.718291,-0.8413338,7.621024,4.4
13117,2.735493,-0.8234736,7.621024,4.4
13118,2.752985,-0.8021506,7.621024,4.4
13119,2.768825,-0.7813226,7.621024,4.4
13120,2.783214,-0.7617971,7.621024,4.4
13121,2.796295,-0.7417566,7.621024,4.4
13122,2.811311,-0.7221878,7.621024,4.4
13123,2.826933,-0.7019885,7.621024,4.4
13124,2.841463,-0.6825016,7.621024,4.4
13125,2.856336,-0.6632609,7.621024,4.4
13126,2.869031,-0.646774,7.621024,4.4
13127,2.882077,-0.6247473,7.621024,4.4
13128,2.896911,-0.602999,7.621024,4.4
13129,2.911535,-0.5796882,7.621024,4.4
13130,2.925332,-0.5546159,7.621024,4.4
13131,2.940111,-0.528133,7.621024,4.4
13132,2.953584,-0.5033526,7.621024,4.4
13133,2.965985,-0.47933,7.621024,4.4
13134,2.979193,-0.452831,7.621024,4.4
13135,2.991151,-0.4261708,7.621024,4.4
13136,3.003654,-0.4022589,7.621024,4.4
13137,3.014704,-0.3800262,7.621024,4.4
13138,3.026164,-0.356061,7.621024,4.4
13139,3.037325,-0.3294053,7.621024,4.4
13140,3.048317,-0.303682,7.621024,4.4
13141,3.061003,-0.2762146,7.621024,4.4
13142,3.075938,-0.249859,7.621024,4.4
13143,3.091302,-0.2248697,7.621024,4.4
13144,3.104588,-0.2004372,7.621024,4.4
13145,3.119953,-0.1765672,7.621024,4.4
13146,3.136432,-0.1542929,7.621024,4.4
13147,3.154045,-0.1321074,7.621024,4.4
13148,3.171903,-0.1092459,7.621024,4.4
13149,3.189641,-0.08815458,7.621024,4.4
13150,3.207213,-0.06842022,7.621024,4.4
13151,3.226624,-0.04749381,7.621024,4.4
13152,3.24499,-0.0283492,7.621024,4.4
13153,3.265038,-0.01007835,7.621024,4.4
13154,3.288019,0.008674346,7.621024,4.4
13155,3.311312,0.03017952,7.621024,4.4
13156,3.333401,0.05182133,7.621024,4.4
13157,3.35636,0.07369433,7.621024,4.4
13158,3.382771,0.09588552,7.621024,4.4
13159,3.406998,0.1154569,7.621024,4.4
13160,3.432408,0.1356438,7.621024,4.4
13161,3.456485,0.1531398,7.621024,4.4
13162,3.476321,0.1670129,7.621024,4.4
13163,3.49603,0.183013,7.621024,4.4
13164,3.512633,0.2012137,7.621024,4.4
13165,3.531084,0.2176526,7.621024,4.4
13166,3.548107,0.2335151,7.621024,4.4
13167,3.562249,0.246769,7.621024,4.4
13168,3.575525,0.2603559,7.621024,4.4
13169,3.589794,0.276695,7.621024,4.4
13170,3.60731,0.2980008,7.621024,4.4
13171,3.623633,0.3192885,7.621024,4.4
13172,3.63952,0.3389899,7.621024,4.4
13173,3.653452,0.3569891,7.621024,4.4
13174,3.667806,0.3758964,7.621024,4.4
13175,3.68118,0.3955402,7.621024,4.4
13176,3.692897,0.4125381,7.621024,4.4
13177,3.705512,0.4297009,7.621024,4.4
13178,3.720073,0.4493279,7.621024,4.4
13179,3.736975,0.4691399,7.621024,4.4
13180,3.752845,0.4889765,7.621024,4.4
13181,3.767908,0.5089635,7.621024,4.4
13182,3.783934,0.5330226,7.621024,4.4
13183,3.800249,0.5555772,7.621024,4.4
13184,3.816884,0.5814815,7.621024,4.4
13185,3.831402,0.6071097,7.621024,4.4
13186,3.848662,0.6356068,7.621024,4.4
13187,3.866118,0.6644938,7.621024,4.4
13188,3.882366,0.6923889,7.621024,4.4
13189,3.894988,0.7180225,7.621024,4.4
13190,3.908386,0.7422654,7.621024,4.4
13191,3.921941,0.7682105,7.621024,4.4
13192,3.935882,0.7931765,7.621024,4.4
13193,3.950395,0.8207458,7.621024,4.4
13194,3.966299,0.8470795,7.621024,4.4
13195,3.978878,0.8718725,7.621024,4.4
13196,3.996083,0.8973002,7.621024,4.4
13197,4.012924,0.9205995,7.621024,4.4
13198,4.031702,0.9425378,7.621024,4.4
13199,4.050009,0.9651783,7.621024,4.4
13200,4.067739,0.9862797,7.621024,4.4
13201,4.086302,1.006598,7.621024,4.4
13202,4.107058,1.028561,7.621024,4.4
13203,4.128424,1.051402,7.621024,4.4
13204,4.150724,1.07216,7.621024,4.4
13205,4.170139,1.089922,7.621024,4.4
13206,4.191619,1.108225,7.621024,4.4
13207,4.215807,1.128031,7.621024,4.4
13208,4.238802,1.147723,7.621024,4.4
13209,4.262038,1.166889,7.621024,4.4
13210,4.288308,1.187368,7.621024,4.4
13211,4.312641,1.210395,7.621024,4.4
13212,4.337859,1.232623,7.621024,4.4
13213,4.364368,1.255249,7.621024,4.4
13214,4.389825,1.276319,7.621024,4.4
13215,4.411643,1.295447,7.621024,4.4
13216,4.432321,1.31528,7.621024,4.4
13217,4.44876,1.332729,7.621024,4.4
13218,4.465296,1.350472,7.621024,4.4
13219,4.479507,1.366105,7.621024,4.4
13220,4.493434,1.382562,7.621024,4.4
13221,4.506516,1.398453,7.621024,4.4
13222,4.52071,1.416277,7.621024,4.4
13223,4.534829,1.437495,7.621024,4.4
13224,4.549137,1.456056,7.621024,4.4
13225,4.561879,1.474475,7.621024,4.4
13226,4.576002,1.496312,7.621024,4.4
13227,4.588873,1.513062,7.621024,4.4
13228,4.603017,1.531816,7.621024,4.4
13229,4.618297,1.551877,7.621024,4.4
13230,4.631129,1.569001,7.621024,4.4
13231,4.643543,1.587156,7.621024,4.4
13232,4.658317,1.609842,7.621024,4.4
13233,4.673297,1.627782,7.621024,4.4
13234,4.689335,1.649527,7.621024,4.4
13235,4.705652,1.672351,7.621024,4.4
13236,4.721569,1.695947,7.621024,4.4
13237,4.737859,1.723193,7.621024,4.4
13238,4.753873,1.749672,7.621024,4.4
13239,4.768175,1.778414,7.621024,4.4
13240,4.782268,1.80666,7.621024,4.4
13241,4.795818,1.836271,7.621024,4.4
13242,4.81007,1.864321,7.621024,4.4
13243,4.822875,1.891634,7.621024,4.4
13244,4.834783,1.916378,7.621024,4.4
13245,4.848406,1.941902,7.621024,4.4
13246,4.859184,1.968027,7.621024,4.4
13247,4.869718,1.993158,7.621024,4.4
13248,4.882242,2.017871,7.621024,4.4
13249,4.89595,2.043859,7.621024,4.4
13250,4.910451,2.070245,7.621024,4.4
13251,4.925835,2.095913,7.621024,4.4
13252,4.937636,2.118956,7.621024,4.4
13253,4.950613,2.141131,7.621024,4.4
13254,4.965769,2.165287,7.621024,4.4
13255,4.982185,2.188762,7.621024,4.4
13256,4.997778,2.210707,7.621024,4.4
13257,5.014806,2.232983,7.621024,4.4
13258,5.037035,2.254874,7.621024,4.4
13259,5.061105,2.277815,7.621024,4.4
13260,5.084334,2.298692,7.621024,4.4
13261,5.109015,2.318516,7.621024,4.4
13262,5.134618,2.335988,7.621024,4.4
13263,5.161722,2.353845,7.621024,4.4
13264,5.186347,2.374948,7.621024,4.4
13265,5.212103,2.396552,7.621024,4.4
13266,5.237972,2.417173,7.621024,4.4
13267,5.265028,2.440171,7.621024,4.4
13268,5.290695,2.461897,7.621024,4.4
13269,5.315789,2.48196,7.621024,4.4
13270,5.339607,2.502247,7.621024,4.4
13271,5.357958,2.521795,7.621024,4.4
13272,5.378692,2.541458,7.621024,4.4
13273,5.395458,2.557141,7.621024,4.4
13274,5.410477,2.573968,7.621024,4.4
13275,5.428451,2.59183,7.621024,4.4
13276,5.444751,2.605352,7.621024,4.4
13277,5.459599,2.622187,7.621024,4.4
13278,5.475672,2.641768,7.621024,4.4
13279,5.492144,2.663807,7.621024,4.4
13280,5.506589,2.683953,7.621024,4.4
13281,5.520529,2.702877,7.621024,4.4
13282,5.532623,2.720579,7.621024,4.4
13283,5.545928,2.73882,7.621024,4.4
13284,5.559758,2.758577,7.621024,4.4
13285,5.574269,2.779108,7.621024,4.4
13286,5.588303,2.801472,7.621024,4.4
13287,5.601114,2.821947,7.621024,4.4
13288,5.61377,2.844117,7.621024,4.4
13289,5.628556,2.868454,7.621024,4.4
13290,5.644722,2.896429,7.621024,4.4
13291,5.660478,2.924527,7.621024,4.4
13292,5.676449,2.950464,7.621024,4.4
13293,5.693446,2.976595,7.621024,4.4
13294,5.711269,3.004072,7.621024,4.4
13295,5.728016,3.031462,7.621024,4.4
13296,5.742554,3.056559,7.621024,4.4
13297,5.759133,3.081478,7.621024,4.4
13298,5.774204,3.10643,7.621024,4.4
13299,5.787672,3.133037,7.621024,4.4
13300,5.798649,3.157547,7.621024,4.4
13301,5.811935,3.18252,7.621024,4.4
13302,5.828171,3.207669,7.621024,4.4
13303,5.842189,3.231969,7.621024,4.4
13304,5.855501,3.255643,7.621024,4.4
13305,5.871711,3.279885,7.621024,4.4
13306,5.888243,3.303956,7.621024,4.4
13307,5.905727,3.32682,7.621024,4.4
13308,5.924813,3.346736,7.621024,4.4
13309,5.94301,3.365279,7.621024,4.4
13310,5.964856,3.385494,7.621024,4.4
13311,5.988589,3.406411,7.621024,4.4
13312,6.011638,3.426442,7.621024,4.4
13313,6.03471,3.446696,7.621024,4.4
13314,6.059246,3.465528,7.621024,4.4
13315,6.084325,3.484988,7.621024,4.4
13316,6.110408,3.506639,7.621024,4.4
13317,6.13652,3.525479,7.621024,4.4
13318,6.164433,3.544357,7.621024,4.4
13319,6.191977,3.562515,7.621024,4.4
13320,6.219306,3.581943,7.621024,4.4
13321,6.244324,3.60031,7.621024,4.4
13322,6.27007,3.617579,7.621024,4.4
13323,6.292489,3.632299,7.621024,4.4
13324,6.312224,3.647192,7.621024,4.4
13325,6.328718,3.659826,7.621024,4.4
13326,6.347062,3.674775,7.621024,4.4
13327,6.363316,3.689414,7.621024,4.4
13328,6.378634,3.705029,7.621024,4.4
13329,6.394744,3.72181,7.621024,4.4
13330,6.407081,3.73716,7.621024,4.4
13331,6.421511,3.753762,7.621024,4.4
13332,6.434934,3.768924,7.621024,4.4
13333,6.45016,3.785582,7.621024,4.4
13334,6.465071,3.801234,7.621024,4.4
13335,6.481173,3.817962,7.621024,4.4
13336,6.497918,3.835654,7.621024,4.4
13337,6.514315,3.852816,7.621024,4.4
13338,6.530343,3.871827,7.621024,4.4
13339,6.54821,3.89184,7.621024,4.4
13340,6.56496,3.911809,7.621024,4.4
13341,6.58155,3.932853,7.621024,4.4
13342,6.598467,3.956418,7.621024,4.4
13343,6.61931,3.981,7.621024,4.4
13344,6.639801,4.004634,7.621024,4.4
13345,6.656718,4.026324,7.621024,4.4
13346,6.671865,4.047117,7.621024,4.4
13347,6.689745,4.069977,7.621024,4.4
13348,6.705102,4.090384,7.621024,4.4
13349,6.719109,4.109521,7.621024,4.4
13350,6.733439,4.129225,7.621024,4.4
13351,6.748242,4.147424,7.621024,4.4
13352,6.761878,4.164995,7.621024,4.4
13353,6.777291,4.184725,7.621024,4.4
13354,6.794977,4.203214,7.621024,4.4
13355,6.812037,4.220357,7.621024,4.4
13356,6.828309,4.238833,7.621024,4.4
13357,6.8443,4.258086,7.621024,4.4
13358,6.860832,4.276359,7.621024,4.4
13359,6.877238,4.292697,7.621024,4.4
13360,6.896212,4.308564,7.621024,4.4
13361,6.914939,4.321622,7.621024,4.4
13362,6.935693,4.334621,7.621024,4.4
13363,6.956373,4.346505,7.621024,4.4
13364,6.976654,4.35888,7.621024,4.4
13365,6.999324,4.371331,7.621024,4.4
13366,7.023068,4.381407,7.621024,4.4
13367,7.047165,4.390356,7.621024,4.4
13368,7.073063,4.396997,7.621024,4.4
13369,7.097652,4.402499,7.621024,4.4
13370,7.124921,4.409817,7.621024,4.4
13371,7.154023,4.418605,7.621024,4.4
13372,7.184315,4.425392,7.621024,4.4
13373,7.209248,4.434805,7.621024,4.4
13374,7.234231,4.443268,7.621024,4.4
13375,7.266388,4.451594,7.621024,4.4
13376,7.299544,4.46019,7.621024,4.4
13377,7.329503,4.467405,7.621024,4.4
13378,7.354419,4.473457,7.621024,4.4
13379,7.378699,4.480401,7.621024,4.4
13380,7.397338,4.487284,7.621024,4.4
13381,7.413739,4.495121,7.621024,4.4
13382,7.429875,4.502966,7.621024,4.4
13383,7.445461,4.508663,-7.621024,-4.4
13384,7.458326,4.518641,-7.621024,-4.4
13385,7.472407,4.529942,-7.621024,-4.4
13386,7.489429,4.540359,-7.621024,-4.4
13387,7.503932,4.549361,-7.621024,-4.4
13388,7.517828,4.560074,-7.621024,-4.4
13389,7.533461,4.573039,-7.621024,-4.4
13390,7.552713,4.588668,-7.621024,-4.4
13391,7.571167,4.603263,-7.621024,-4.4
13392,7.584342,4.616746,-7.621024,-4.4
13393,7.596316,4.629003,-7.621024,-4.4
13394,7.608825,4.638104,-7.621024,-4.4
13395,7.62112,4.646449,-7.621024,-4.4
13396,7.633487,4.651726,-7.621024,-4.4
13397,7.643209,4.653129,-7.621024,-4.4
13398,7.650721,4.652081,-7.621024,-4.4
13399,7.659401,4.651073,-7.621024,-4.4
13400,7.669658,4.647622,-7.621024,-4.4
13401,7.682588,4.643407,-7.621024,-4.4
13402,7.698101,4.639634,-7.621024,-4.4
13403,7.71321,4.636765,-7.621024,-4.4
13404,7.727482,4.631005,-7.621024,-4.4
13405,7.741118,4.622369,-7.621024,-4.4
13406,7.752897,4.614825,-7.621024,-4.4
13407,7.765241,4.606367,-7.621024,-4.4
13408,7.775184,4.599274,-7.621024,-4.4
13409,7.785045,4.592771,-7.621024,-4.4
13410,7.798281,4.584942,-7.621024,-4.4
13411,7.809499,4.575648,-7.621024,-4.4
13412,7.820381,4.567018,-7.621024,-4.4
13413,7.831257,4.556718,-7.621024,-4.4
13414,7.841442,4.543371,-7.621024,-4.4
13415,7.850635,4.52943,-7.621024,-4.4
13416,7.859882,4.513069,-7.621024,-4.4
13417,7.868651,4.497181,-7.621024,-4.4
13418,7.877736,4.479553,-7.621024,-4.4
13419,7.887429,4.459953,-7.621024,-4.4
13420,7.897022,4.438957,-7.621024,-4.4
13421,7.90693,4.416735,-7.621024,-4.4
13422,7.916557,4.392469,-7.621024,-4.4
13423,7.927876,4.36973,-7.621024,-4.4
13424,7.937074,4.348492,-7.621024,-4.4
13425,7.948257,4.329982,-7.621024,-4.4
13426,7.959946,4.311799,-7.621024,-4.4
13427,7.972124,4.294119,-7.621024,-4.4
13428,7.984532,4.276901,-7.621024,-4.4
13429,7.996163,4.258926,-7.621024,-4.4
13430,8.009238,4.239896,-7.621024,-4.4
13431,8.024231,4.221598,-7.621024,-4.4
13432,8.041894,4.201514,-7.621024,-4.4
13433,8.061257,4.182307,-7.621024,-4.4
13434,8.080801,4.164531,-7.621024,-4.4
13435,8.102587,4.148423,-7.621024,-4.4
13436,8.121958,4.13098,-7.621024,-4.4
13437,8.141895,4.111361,-7.621024,-4.4
13438,8.160532,4.087368,-7.621024,-4.4
13439,8.176192,4.064269,-7.621024,-4.4
13440,8.193014,4.043749,-7.621024,-4.4
13441,8.209312,4.028152,-7.621024,-4.4
13442,8.225607,4.01237,-7.621024,-4.4
13443,8.243986,3.993306,-7.621024,-4.4
13444,8.259224,3.969884,-7.621024,-4.4
13445,8.271485,3.945981,-7.621024,-4.4
13446,8.285611,3.920428,-7.621024,-4.4
13447,8.298546,3.889846,-7.621024,-4.4
13448,8.311681,3.860118,-7.621024,-4.4
13449,8.325699,3.82854,-7.621024,-4.4
13450,8.340553,3.795374,-7.621024,-4.4
13451,8.356169,3.763548,-7.621024,-4.4
13452,8.370508,3.73069,-7.621024,-4.4
13453,8.385072,3.702338,-7.621024,-4.4
13454,8.40103,3.67621,-7.621024,-4.4
13455,8.417462,3.646976,-7.621024,-4.4
13456,8.434029,3.618509,-7.621024,-4.4
13457,8.451284,3.591105,-7.621024,-4.4
13458,8.472475,3.564496,-7.621024,-4.4
13459,8.494411,3.537609,-7.621024,-4.4
13460,8.51222,3.512362,-7.621024,-4.4
13461,8.528362,3.490426,-7.621024,-4.4
13462,8.543574,3.46863,-7.621024,-4.4
13463,8.56068,3.446815,-7.621024,-4.4
13464,8.577018,3.424703,-7.621024,-4.4
13465,8.595057,3.400629,-7.621024,-4.4
13466,8.612124,3.377554,-7.621024,-4.4
