Step,Hip_X,Hip_Z,Target_X,Target_Z
0,-0.003665647,0.002583829,8.8,0
1,-0.006404074,0.004450195,8.8,0
2,-0.007610448,0.006452744,8.8,0
3,-0.008863766,0.007214086,8.8,0
4,-0.008712959,0.007430937,8.8,0
5,-0.01141488,0.008282175,8.8,0
6,-0.01741003,0.01230925,8.8,0
7,-0.02003289,0.0165392,8.8,0
8,-0.0203469,0.01919378,8.8,0
9,-0.01699708,0.01957176,8.8,0
10,-0.01250356,0.01892258,8.8,0
11,-0.006459984,0.01764761,8.8,0
12,0.001713305,0.01380411,8.8,0
13,0.008322978,0.009991924,8.8,0
14,0.01603889,0.004737733,8.8,0
15,0.02352278,-0.001318806,8.8,0
16,0.03083271,-0.007632168,8.8,0
17,0.03963411,-0.01891999,8.8,0
18,0.04919927,-0.03204283,8.8,0
19,0.05669269,-0.0434859,8.8,0
20,0.06421083,-0.05638997,8.8,0
21,0.07179224,-0.07002215,8.8,0
22,0.07879038,-0.08468487,8.8,0
23,0.08894392,-0.09832548,8.8,0
24,0.09756614,-0.1109146,8.8,0
25,0.1067731,-0.1243957,8.8,0
26,0.1186144,-0.1354131,8.8,0
27,0.1313787,-0.1436283,8.8,0
28,0.1490718,-0.1505642,8.8,0
29,0.1657712,-0.1587645,8.8,0
30,0.1810446,-0.1654237,8.8,0
31,0.1942816,-0.1721897,8.8,0
32,0.2060273,-0.1763536,8.8,0
33,0.2190242,-0.1823543,8.8,0
34,0.2342696,-0.1889338,8.8,0
35,0.2509086,-0.1962436,8.8,0
36,0.2672386,-0.2044919,8.8,0
37,0.2799999,-0.2121439,8.8,0
38,0.296085,-0.2193013,8.8,0
39,0.3112731,-0.2268117,8.8,0
40,0.3317751,-0.2332638,8.8,0
41,0.3515411,-0.237618,8.8,0
42,0.373996,-0.2431782,8.8,0
43,0.3968837,-0.2479741,8.8,0
44,0.4223609,-0.2540462,8.8,0
45,0.4496838,-0.2601444,8.8,0
46,0.4755549,-0.2658197,8.8,0
47,0.5007257,-0.2703251,8.8,0
48,0.5222448,-0.2714011,8.8,0
49,0.5404962,-0.2720912,8.8,0
50,0.5635925,-0.2737641,8.8,0
51,0.5883959,-0.276909,8.8,0
52,0.6141275,-0.2812505,8.8,0
53,0.6416636,-0.2873309,8.8,0
54,0.6688115,-0.291234,8.8,0
55,0.6932381,-0.297002,8.8,0
56,0.7215121,-0.3041015,8.8,0
57,0.750928,-0.3132688,8.8,0
58,0.7797177,-0.3224217,8.8,0
59,0.8069061,-0.3308439,8.8,0
60,0.8344796,-0.3409607,8.8,0
61,0.8607426,-0.3512091,8.8,0
62,0.8887691,-0.3615881,8.8,0
63,0.9156656,-0.3742803,8.8,0
64,0.9434049,-0.3873075,8.8,0
65,0.969137,-0.3985112,8.8,0
66,0.9933205,-0.4119402,8.8,0
67,1.017177,-0.4251141,8.8,0
68,1.043726,-0.4359532,8.8,0
69,1.071027,-0.4507327,8.8,0
70,1.097499,-0.4666724,8.8,0
71,1.122009,-0.4802114,8.8,0
72,1.147096,-0.4926953,8.8,0
73,1.1716,-0.5042617,8.8,0
74,1.193693,-0.5123494,8.8,0
75,1.217226,-0.520198,8.8,0
76,1.23792,-0.5287011,8.8,0
77,1.259111,-0.5354904,8.8,0
78,1.276493,-0.5383615,8.8,0
79,1.296911,-0.5431796,8.8,0
80,1.317356,-0.5489766,8.8,0
81,1.340207,-0.5554752,8.8,0
82,1.364632,-0.5620573,8.8,0
83,1.38883,-0.5689232,8.8,0
84,1.410628,-0.5743849,8.8,0
85,1.435185,-0.5793696,8.8,0
86,1.459192,-0.5854294,8.8,0
87,1.480244,-0.5916892,8.8,0
88,1.504739,-0.5974595,8.8,0
89,1.529967,-0.6036916,8.8,0
90,1.553497,-0.6085989,8.8,0
91,1.57988,-0.6135057,8.8,0
92,1.605148,-0.6176205,8.8,0
93,1.634188,-0.6183568,8.8,0
94,1.662058,-0.6178813,8.8,0
95,1.692338,-0.6188878,8.8,0
96,1.723494,-0.621425,8.8,0
97,1.754634,-0.622766,8.8,0
98,1.784912,-0.6239848,8.8,0
99,1.813803,-0.6242313,8.8,0
100,1.84304,-0.6241515,8.8,0
101,1.870111,-0.6226127,8.8,0
102,1.895279,-0.6226656,8.8,0
103,1.925794,-0.6252387,8.8,0
104,1.958046,-0.6256199,8.8,0
105,1.985544,-0.6246625,8.8,0
106,2.013845,-0.6253628,8.8,0
107,2.041832,-0.6295589,8.8,0
108,2.072712,-0.6321837,8.8,0
109,2.102579,-0.6322299,8.8,0
110,2.130521,-0.6327242,8.8,0
111,2.158325,-0.6357464,8.8,0
112,2.185706,-0.6401429,8.8,0
113,2.214465,-0.6447952,8.8,0
114,2.244987,-0.6514544,8.8,0
115,2.276225,-0.6584843,8.8,0
116,2.308067,-0.6667431,8.8,0
117,2.33896,-0.6772538,8.8,0
118,2.372177,-0.6863507,8.8,0
119,2.404019,-0.6953167,8.8,0
120,2.432542,-0.7036037,8.8,0
121,2.461054,-0.7118537,8.8,0
122,2.490909,-0.7213315,8.8,0
123,2.523705,-0.7324098,8.8,0
124,2.553362,-0.7437779,8.8,0
125,2.581594,-0.7542429,8.8,0
126,2.610724,-0.7630262,8.8,0
127,2.63765,-0.7721885,8.8,0
128,2.660256,-0.7774495,8.8,0
129,2.679722,-0.7805175,8.8,0
130,2.705875,-0.7856746,8.8,0
131,2.730249,-0.7887542,8.8,0
132,2.74997,-0.7915278,8.8,0
133,2.767961,-0.7923725,8.8,0
134,2.788316,-0.7900387,8.8,0
135,2.813773,-0.7907858,8.8,0
136,2.836697,-0.7939925,8.8,0
137,2.861614,-0.7962663,8.8,0
138,2.884318,-0.798986,8.8,0
139,2.904978,-0.8033331,8.8,0
140,2.926186,-0.805944,8.8,0
141,2.949427,-0.8097747,8.8,0
142,2.976166,-0.8116207,8.8,0
143,3.00262,-0.8143275,8.8,0
144,3.030138,-0.8152363,8.8,0
145,3.059707,-0.8149827,8.8,0
146,3.089125,-0.8140109,8.8,0
147,3.117695,-0.812265,8.8,0
148,3.147765,-0.8096783,8.8,0
149,3.178265,-0.8055946,8.8,0
150,3.211116,-0.803087,8.8,0
151,3.2447,-0.8014631,8.8,0
152,3.275474,-0.7999921,8.8,0
153,3.30355,-0.7960265,8.8,0
154,3.326904,-0.7928407,8.8,0
155,3.350473,-0.7869183,8.8,0
156,3.3766,-0.7813928,8.8,0
157,3.406679,-0.7775319,8.8,0
158,3.432825,-0.7718141,8.8,0
159,3.459779,-0.7674484,8.8,0
160,3.487022,-0.765103,8.8,0
161,3.515248,-0.7633106,8.8,0
162,3.544858,-0.762027,8.8,0
163,3.571631,-0.7598172,8.8,0
164,3.597157,-0.7590433,8.8,0
165,3.624002,-0.7576356,8.8,0
166,3.65284,-0.7566026,8.8,0
167,3.681849,-0.7563444,8.8,0
168,3.712228,-0.7565476,8.8,0
169,3.743647,-0.7583216,8.8,0
170,3.776798,-0.7594768,8.8,0
171,3.811201,-0.7615012,8.8,0
172,3.845994,-0.7633832,8.8,0
173,3.879737,-0.7666489,8.8,0
174,3.910837,-0.7699348,8.8,0
175,3.941917,-0.7713686,8.8,0
176,3.973071,-0.7749141,8.8,0
177,4.007472,-0.7783321,8.8,0
178,4.043003,-0.7825521,8.8,0
179,4.074679,-0.7860813,8.8,0
180,4.106086,-0.7882622,8.8,0
181,4.136473,-0.7918445,8.8,0
182,4.16357,-0.7935304,8.8,0
183,4.187939,-0.7952946,8.8,0
184,4.209921,-0.7970248,8.8,0
185,4.23125,-0.7978163,8.8,0
186,4.251778,-0.7995039,8.8,0
187,4.27259,-0.7997627,8.8,0
188,4.293344,-0.7977759,8.8,0
189,4.319944,-0.7939155,8.8,0
190,4.34582,-0.7912896,8.8,0
191,4.370316,-0.7873926,8.8,0
192,4.396171,-0.7825649,8.8,0
193,4.418409,-0.7785417,8.8,0
194,4.44055,-0.7750257,8.8,0
195,4.458526,-0.7743108,8.8,0
196,4.481603,-0.7715636,8.8,0
197,4.504746,-0.7683823,8.8,0
198,4.526776,-0.7648517,8.8,0
199,4.552334,-0.7608422,8.8,0
200,4.580126,-0.7555453,8.8,0
201,4.604904,-0.7505467,8.8,0
202,4.630031,-0.7452025,8.8,0
203,4.656063,-0.7383327,8.8,0
204,4.685825,-0.7303166,8.8,0
205,4.717481,-0.7226701,8.8,0
206,4.747036,-0.716162,8.8,0
207,4.77578,-0.7075887,8.8,0
208,4.801106,-0.6994768,8.8,0
209,4.824711,-0.692372,8.8,0
210,4.850153,-0.6870464,8.8,0
211,4.874649,-0.6785257,8.8,0
212,4.898656,-0.6695638,8.8,0
213,4.925742,-0.6613781,8.8,0
214,4.954806,-0.6522538,8.8,0
215,4.983447,-0.645282,8.8,0
216,5.00924,-0.6376157,8.8,0
217,5.036556,-0.6323896,8.8,0
218,5.065565,-0.6274959,8.8,0
219,5.095702,-0.6244463,8.8,0
220,5.123565,-0.6213788,8.8,0
221,5.150388,-0.6192629,8.8,0
222,5.177977,-0.6165912,8.8,0
223,5.206542,-0.6141913,8.8,0
224,5.237065,-0.6116044,8.8,0
225,5.270291,-0.6104082,8.8,0
226,5.300465,-0.6114317,8.8,0
227,5.326335,-0.6115759,8.8,0
228,5.352801,-0.6125246,8.8,0
229,5.382932,-0.6147853,8.8,0
230,5.411277,-0.6168107,8.8,0
231,5.440096,-0.6190842,8.8,0
232,5.468798,-0.6220843,8.8,0
233,5.496427,-0.625165,8.8,0
234,5.522512,-0.6274843,8.8,0
235,5.54672,-0.6289085,8.8,0
236,5.570786,-0.6293295,8.8,0
237,5.592461,-0.6304592,8.8,0
238,5.612372,-0.6309846,8.8,0
239,5.632063,-0.6292499,8.8,0
240,5.653013,-0.6264046,8.8,0
241,5.67385,-0.6238437,8.8,0
242,5.694706,-0.6199047,8.8,0
243,5.716596,-0.615931,8.8,0
244,5.73721,-0.6110549,8.8,0
245,5.75988,-0.6038701,8.8,0
246,5.781388,-0.5983217,8.8,0
247,5.80312,-0.5916181,8.8,0
248,5.824882,-0.5857728,8.8,0
249,5.847685,-0.5819019,8.8,0
250,5.870916,-0.5777941,8.8,0
251,5.895568,-0.5729378,8.8,0
252,5.919671,-0.5682284,8.8,0
253,5.94498,-0.55966,8.8,0
254,5.971282,-0.5496116,8.8,0
255,6.000206,-0.5395489,8.8,0
256,6.027608,-0.5307906,8.8,0
257,6.054327,-0.5227785,8.8,0
258,6.083081,-0.5134994,8.8,0
259,6.109634,-0.5042844,8.8,0
260,6.136963,-0.494645,8.8,0
261,6.163671,-0.4832699,8.8,0
262,6.187,-0.473301,8.8,0
263,6.209157,-0.464498,8.8,0
264,6.230632,-0.4550677,8.8,0
265,6.252712,-0.4462284,8.8,0
266,6.275892,-0.4365884,8.8,0
267,6.299952,-0.4255829,8.8,0
268,6.32538,-0.417035,8.8,0
269,6.35076,-0.4077165,8.8,0
270,6.37691,-0.3971292,8.8,0
271,6.400361,-0.3875444,8.8,0
272,6.426295,-0.3779184,8.8,0
273,6.455136,-0.370957,8.8,0
274,6.485582,-0.3638974,8.8,0
275,6.517241,-0.3574342,8.8,0
276,6.549439,-0.3528832,8.8,0
277,6.579645,-0.3487542,8.8,0
278,6.611508,-0.3455469,8.8,0
279,6.639138,-0.3421842,8.8,0
280,6.668783,-0.3386496,8.8,0
281,6.698688,-0.3347059,8.8,0
282,6.731783,-0.3317232,8.8,0
283,6.763367,-0.3279299,8.8,0
284,6.792922,-0.3254446,8.8,0
285,6.820163,-0.3212874,8.8,0
286,6.846501,-0.3190989,8.8,0
287,6.873305,-0.31664,8.8,0
288,6.900863,-0.3157244,8.8,0
289,6.927071,-0.3128537,8.8,0
290,6.951317,-0.313478,8.8,0
291,6.971231,-0.3138947,8.8,0
292,6.994096,-0.3084098,8.8,0
293,7.016563,-0.3027459,8.8,0
294,7.036252,-0.2970236,8.8,0
295,7.054178,-0.2916239,8.8,0
296,7.078164,-0.2864194,8.8,0
297,7.101345,-0.2802171,8.8,0
298,7.122852,-0.2731718,8.8,0
299,7.144183,-0.26719,8.8,0
300,7.164112,-0.2596001,8.8,0
301,7.186199,-0.252173,8.8,0
302,7.207482,-0.2440044,8.8,0
303,7.227979,-0.2384961,8.8,0
304,7.247157,-0.2333926,8.8,0
305,7.269558,-0.2259826,8.8,0
306,7.295509,-0.2171558,8.8,0
307,7.318392,-0.2099738,8.8,0
308,7.339786,-0.2009106,8.8,0
309,7.360637,-0.1912735,8.8,0
310,7.383652,-0.1801914,8.8,0
311,7.409764,-0.1659737,8.8,0
312,7.439526,-0.1533796,8.8,0
313,7.465095,-0.141345,8.8,0
314,7.489885,-0.1283695,8.8,0
315,7.513246,-0.1171782,8.8,0
316,7.536148,-0.1043916,8.8,0
317,7.55825,-0.09236533,8.8,0
318,7.579432,-0.07892086,8.8,0
319,7.599864,-0.06471577,8.8,0
320,7.621516,-0.05008282,8.8,0
321,7.645552,-0.0348857,8.8,0
322,7.670155,-0.0208713,8.8,0
323,7.693596,-0.008593534,8.8,0
324,7.721292,0.002958094,8.8,0
325,7.749677,0.01180894,8.8,0
326,7.777461,0.02049943,8.8,0
327,7.805466,0.0283461,8.8,0
328,7.829489,0.03537482,8.8,0
329,7.856192,0.04248053,8.8,0
330,7.885596,0.04689468,8.8,0
331,7.914246,0.05171114,8.8,0
332,7.944018,0.05616484,8.8,0
333,7.976329,0.05837157,8.8,0
334,8.006187,0.0596828,8.8,0
335,8.036263,0.06013058,8.8,0
336,8.064955,0.06099884,8.8,0
337,8.094995,0.06310654,8.8,0
338,8.126658,0.06437914,8.8,0
339,8.162358,0.06600618,8.8,0
340,8.19576,0.0681067,8.8,0
341,8.229239,0.06856999,8.8,0
342,8.259781,0.06872758,8.8,0
343,8.284958,0.06855404,8.8,0
344,8.310046,0.06955073,8.8,0
345,8.333679,0.07216826,8.8,0
346,8.35439,0.07403386,8.8,0
347,8.372082,0.07716371,8.8,0
348,8.395266,0.07995364,8.8,0
349,8.415336,0.08528098,8.8,0
350,8.436086,0.090342,8.8,0
351,8.456985,0.09392618,8.8,0
352,8.478051,0.09947047,8.8,0
353,8.500974,0.1084013,8.8,0
354,8.521828,0.1151642,7.621023,-4.4
355,8.538449,0.1203406,7.621023,-4.4
356,8.555037,0.1251779,7.621023,-4.4
357,8.570195,0.1332249,7.621023,-4.4
358,8.586728,0.1437455,7.621023,-4.4
359,8.605938,0.1575196,7.621023,-4.4
360,8.626909,0.1701624,7.621023,-4.4
361,8.643088,0.1799994,7.621023,-4.4
362,8.659747,0.187217,7.621023,-4.4
363,8.674912,0.1912675,7.621023,-4.4
364,8.691849,0.191017,7.621023,-4.4
365,8.710687,0.1901414,7.621023,-4.4
366,8.73146,0.1876408,7.621023,-4.4
367,8.751825,0.1824504,7.621023,-4.4
368,8.770094,0.1803486,7.621023,-4.4
369,8.788184,0.1800571,7.621023,-4.4
370,8.805075,0.1789425,7.621023,-4.4
371,8.819464,0.1756617,7.621023,-4.4
372,8.831471,0.1718405,7.621023,-4.4
373,8.844111,0.1668188,7.621023,-4.4
374,8.859365,0.1588155,7.621023,-4.4
375,8.871196,0.1507478,7.621023,-4.4
376,8.882727,0.1408802,7.621023,-4.4
377,8.892591,0.1282465,7.621023,-4.4
378,8.899935,0.1192074,7.621023,-4.4
379,8.907082,0.1149864,7.621023,-4.4
380,8.915698,0.1089604,7.621023,-4.4
381,8.923951,0.101986,7.621023,-4.4
382,8.932366,0.09449337,7.621023,-4.4
383,8.939532,0.08053125,7.621023,-4.4
384,8.942977,0.06461076,7.621023,-4.4
385,8.945008,0.04416834,7.621023,-4.4
386,8.944108,0.02213086,7.621023,-4.4
387,8.942725,-0.000420738,7.621023,-4.4
388,8.940346,-0.02329157,7.621023,-4.4
389,8.937656,-0.04705401,7.621023,-4.4
390,8.933901,-0.0693633,7.621023,-4.4
391,8.930698,-0.0951837,7.621023,-4.4
392,8.926599,-0.1227276,7.621023,-4.4
393,8.922671,-0.1523862,7.621023,-4.4
394,8.918889,-0.1848151,7.621023,-4.4
395,8.912776,-0.2146212,7.621023,-4.4
396,8.90834,-0.2424026,7.621023,-4.4
397,8.902908,-0.2694556,7.621023,-4.4
398,8.898179,-0.2921003,7.621023,-4.4
399,8.895081,-0.3137876,7.621023,-4.4
400,8.89169,-0.3329536,7.621023,-4.4
401,8.8894,-0.3470307,7.621023,-4.4
402,8.889273,-0.3670906,7.621023,-4.4
403,8.88896,-0.3885964,7.621023,-4.4
404,8.890688,-0.4088221,7.621023,-4.4
405,8.890622,-0.4312655,7.621023,-4.4
406,8.890965,-0.4522407,7.621023,-4.4
407,8.893702,-0.4742572,7.621023,-4.4
408,8.894506,-0.4954501,7.621023,-4.4
409,8.897191,-0.5166544,7.621023,-4.4
410,8.897764,-0.537203,7.621023,-4.4
411,8.899439,-0.560389,7.621023,-4.4
412,8.89982,-0.5826006,7.621023,-4.4
413,8.899589,-0.603011,7.621023,-4.4
414,8.900837,-0.6246232,7.621023,-4.4
415,8.901051,-0.6474567,7.621023,-4.4
416,8.903253,-0.6724523,7.621023,-4.4
417,8.905696,-0.6983798,7.621023,-4.4
418,8.905924,-0.7247559,7.621023,-4.4
419,8.906742,-0.7508478,7.621023,-4.4
420,8.908999,-0.7816159,7.621023,-4.4
421,8.9073,-0.8074688,7.621023,-4.4
422,8.908399,-0.8347451,7.621023,-4.4
423,8.909454,-0.8623185,7.621023,-4.4
424,8.910574,-0.8871579,7.621023,-4.4
425,8.914642,-0.9143804,7.621023,-4.4
426,8.916864,-0.937829,7.621023,-4.4
427,8.917604,-0.9621513,7.621023,-4.4
428,8.918247,-0.9859433,7.621023,-4.4
429,8.918838,-1.016224,7.621023,-4.4
430,8.915147,-1.044137,7.621023,-4.4
431,8.913326,-1.070631,7.621023,-4.4
432,8.912298,-1.09664,7.621023,-4.4
433,8.908213,-1.122402,7.621023,-4.4
434,8.902241,-1.148904,7.621023,-4.4
435,8.894663,-1.175388,7.621023,-4.4
436,8.883572,-1.202153,7.621023,-4.4
437,8.874296,-1.225888,7.621023,-4.4
438,8.862387,-1.251359,7.621023,-4.4
439,8.849099,-1.279717,7.621023,-4.4
440,8.837224,-1.30672,7.621023,-4.4
441,8.825077,-1.329825,7.621023,-4.4
442,8.811641,-1.356673,7.621023,-4.4
443,8.797802,-1.384948,7.621023,-4.4
444,8.782821,-1.413266,7.621023,-4.4
445,8.76919,-1.440459,7.621023,-4.4
446,8.754333,-1.467445,7.621023,-4.4
447,8.739037,-1.493422,7.621023,-4.4
448,8.727089,-1.520323,7.621023,-4.4
449,8.715227,-1.545348,7.621023,-4.4
450,8.704905,-1.569576,7.621023,-4.4
451,8.694551,-1.591474,7.621023,-4.4
452,8.683157,-1.613533,7.621023,-4.4
453,8.676183,-1.633722,7.621023,-4.4
454,8.669319,-1.653862,7.621023,-4.4
455,8.662456,-1.674521,7.621023,-4.4
456,8.658706,-1.693829,7.621023,-4.4
457,8.652987,-1.716217,7.621023,-4.4
458,8.645786,-1.740125,7.621023,-4.4
459,8.638968,-1.764831,7.621023,-4.4
460,8.632952,-1.787056,7.621023,-4.4
461,8.627164,-1.808934,7.621023,-4.4
462,8.622372,-1.833264,7.621023,-4.4
463,8.617482,-1.858224,7.621023,-4.4
464,8.613366,-1.882365,7.621023,-4.4
465,8.607659,-1.90519,7.621023,-4.4
466,8.6045,-1.930232,7.621023,-4.4
467,8.600331,-1.956354,7.621023,-4.4
468,8.595413,-1.981141,7.621023,-4.4
469,8.590659,-2.004363,7.621023,-4.4
470,8.585222,-2.034075,7.621023,-4.4
471,8.578469,-2.065839,7.621023,-4.4
472,8.570771,-2.099649,7.621023,-4.4
473,8.562647,-2.127904,7.621023,-4.4
474,8.556465,-2.156691,7.621023,-4.4
475,8.551364,-2.181795,7.621023,-4.4
476,8.546334,-2.21108,7.621023,-4.4
477,8.543579,-2.240133,7.621023,-4.4
478,8.539895,-2.270534,7.621023,-4.4
479,8.53602,-2.299102,7.621023,-4.4
480,8.532795,-2.32822,7.621023,-4.4
481,8.527498,-2.359012,7.621023,-4.4
482,8.522056,-2.388577,7.621023,-4.4
483,8.519073,-2.417631,7.621023,-4.4
484,8.51484,-2.445766,7.621023,-4.4
485,8.510476,-2.473415,7.621023,-4.4
486,8.504428,-2.501872,7.621023,-4.4
487,8.496624,-2.530846,7.621023,-4.4
488,8.486552,-2.558981,7.621023,-4.4
489,8.475327,-2.586285,7.621023,-4.4
490,8.464149,-2.615072,7.621023,-4.4
491,8.45034,-2.644264,7.621023,-4.4
492,8.436338,-2.675421,7.621023,-4.4
493,8.420529,-2.706867,7.621023,-4.4
494,8.404615,-2.735353,7.621023,-4.4
495,8.390525,-2.760165,7.621023,-4.4
496,8.376716,-2.785316,7.621023,-4.4
497,8.360991,-2.813923,7.621023,-4.4
498,8.346045,-2.84314,7.621023,-4.4
499,8.331258,-2.87269,7.621023,-4.4
500,8.31512,-2.901876,7.621023,-4.4
501,8.29952,-2.930362,7.621023,-4.4
502,8.282902,-2.957673,7.621023,-4.4
503,8.271944,-2.977592,7.621023,-4.4
504,8.260223,-2.999943,7.621023,-4.4
505,8.248227,-3.022063,7.621023,-4.4
506,8.238819,-3.044672,7.621023,-4.4
507,8.229364,-3.065125,7.621023,-4.4
508,8.219483,-3.084984,7.621023,-4.4
509,8.212849,-3.103814,7.621023,-4.4
510,8.207162,-3.12394,7.621023,-4.4
511,8.199723,-3.149813,7.621023,-4.4
512,8.19171,-3.175631,7.621023,-4.4
513,8.183223,-3.200214,7.621023,-4.4
514,8.176001,-3.223534,7.621023,-4.4
515,8.169873,-3.247339,7.621023,-4.4
516,8.164441,-3.268351,7.621023,-4.4
517,8.158823,-3.290937,7.621023,-4.4
518,8.15224,-3.313782,7.621023,-4.4
519,8.145298,-3.339653,7.621023,-4.4
520,8.138032,-3.363147,7.621023,-4.4
521,8.130898,-3.386746,7.621023,-4.4
522,8.124485,-3.412414,7.621023,-4.4
523,8.115927,-3.438379,7.621023,-4.4
524,8.110431,-3.466667,7.621023,-4.4
525,8.103947,-3.499947,7.621023,-4.4
526,8.098176,-3.531295,7.621023,-4.4
527,8.090796,-3.55932,7.621023,-4.4
528,8.084885,-3.585213,7.621023,-4.4
529,8.079915,-3.611377,7.621023,-4.4
530,8.075659,-3.633633,7.621023,-4.4
531,8.071941,-3.654416,7.621023,-4.4
532,8.067744,-3.678102,7.621023,-4.4
533,8.064462,-3.701921,7.621023,-4.4
534,8.05776,-3.726124,7.621023,-4.4
535,8.052649,-3.754941,7.621023,-4.4
536,8.044911,-3.78265,7.621023,-4.4
537,8.037899,-3.810139,7.621023,-4.4
538,8.031512,-3.835761,7.621023,-4.4
539,8.02259,-3.86083,7.621023,-4.4
540,8.011682,-3.885184,7.621023,-4.4
541,7.999545,-3.909819,7.621023,-4.4
542,7.987661,-3.932133,7.621023,-4.4
543,7.973371,-3.95337,7.621023,-4.4
544,7.957457,-3.973358,7.621023,-4.4
545,7.939687,-3.995349,7.621023,-4.4
546,7.920635,-4.019116,7.621023,-4.4
547,7.901047,-4.042934,7.621023,-4.4
548,7.884623,-4.063813,7.621023,-4.4
549,7.866147,-4.084013,7.621023,-4.4
550,7.84673,-4.105862,7.621023,-4.4
551,7.824569,-4.127794,7.621023,-4.4
552,7.802315,-4.150764,7.621023,-4.4
553,7.781223,-4.173587,7.621023,-4.4
554,7.76166,-4.192929,7.621023,-4.4
555,7.743595,-4.213993,-7.621023,4.4
556,7.728086,-4.231715,-7.621023,4.4
557,7.714202,-4.251276,-7.621023,4.4
558,7.696759,-4.270259,-7.621023,4.4
559,7.68162,-4.28615,-7.621023,4.4
560,7.667467,-4.303421,-7.621023,4.4
561,7.652309,-4.321741,-7.621023,4.4
562,7.638172,-4.339684,-7.621023,4.4
563,7.624922,-4.356339,-7.621023,4.4
564,7.612689,-4.374228,-7.621023,4.4
565,7.59842,-4.395283,-7.621023,4.4
566,7.577906,-4.418241,-7.621023,4.4
567,7.560041,-4.438096,-7.621023,4.4
568,7.543206,-4.458737,-7.621023,4.4
569,7.527971,-4.480443,-7.621023,4.4
570,7.513814,-4.498163,-7.621023,4.4
571,7.499982,-4.518216,-7.621023,4.4
572,7.488582,-4.53757,-7.621023,4.4
573,7.47979,-4.555956,-7.621023,4.4
574,7.469391,-4.575004,-7.621023,4.4
575,7.460973,-4.593858,-7.621023,4.4
576,7.454814,-4.613267,-7.621023,4.4
577,7.443609,-4.633632,-7.621023,4.4
578,7.43374,-4.649366,-7.621023,4.4
579,7.422752,-4.663857,-7.621023,4.4
580,7.409781,-4.677976,-7.621023,4.4
581,7.395147,-4.691254,-7.621023,4.4
582,7.378258,-4.70126,-7.621023,4.4
583,7.360765,-4.713753,-7.621023,4.4
584,7.342111,-4.724653,-7.621023,4.4
585,7.323034,-4.735115,-7.621023,4.4
586,7.304199,-4.747828,-7.621023,4.4
587,7.28976,-4.759891,-7.621023,4.4
588,7.274549,-4.773936,-7.621023,4.4
589,7.257112,-4.787648,-7.621023,4.4
590,7.242511,-4.799722,-7.621023,4.4
591,7.226713,-4.809955,-7.621023,4.4
592,7.209418,-4.818956,-7.621023,4.4
593,7.188324,-4.824556,-7.621023,4.4
594,7.168324,-4.828407,-7.621023,4.4
595,7.145584,-4.829772,-7.621023,4.4
596,7.119759,-4.829186,-7.621023,4.4
597,7.091882,-4.825906,-7.621023,4.4
598,7.066026,-4.821505,-7.621023,4.4
599,7.038816,-4.81573,-7.621023,4.4
600,7.017771,-4.809147,-7.621023,4.4
601,6.995525,-4.803854,-7.621023,4.4
602,6.968429,-4.796586,-7.621023,4.4
603,6.9405,-4.790109,-7.621023,4.4
604,6.9111,-4.78062,-7.621023,4.4
605,6.881244,-4.769549,-7.621023,4.4
606,6.851048,-4.758513,-7.621023,4.4
607,6.823562,-4.749218,-7.621023,4.4
608,6.794716,-4.739984,-7.621023,4.4
609,6.768312,-4.732168,-7.621023,4.4
610,6.744925,-4.723585,-7.621023,4.4
611,6.724628,-4.717295,-7.621023,4.4
612,6.707807,-4.715348,-7.621023,4.4
613,6.687626,-4.711632,-7.621023,4.4
614,6.66853,-4.708052,-7.621023,4.4
615,6.647378,-4.7044,-7.621023,4.4
616,6.626523,-4.701626,-7.621023,4.4
617,6.607514,-4.69807,-7.621023,4.4
618,6.583547,-4.696461,-7.621023,4.4
619,6.560445,-4.692748,-7.621023,4.4
620,6.5367,-4.689967,-7.621023,4.4
621,6.515202,-4.687461,-7.621023,4.4
622,6.491915,-4.68746,-7.621023,4.4
623,6.467189,-4.685695,-7.621023,4.4
624,6.442475,-4.684097,-7.621023,4.4
625,6.421916,-4.682039,-7.621023,4.4
626,6.398176,-4.679667,-7.621023,4.4
627,6.374619,-4.676887,-7.621023,4.4
628,6.349821,-4.673907,-7.621023,4.4
629,6.324122,-4.670772,-7.621023,4.4
630,6.296665,-4.668348,-7.621023,4.4
631,6.270197,-4.663618,-7.621023,4.4
632,6.242704,-4.660902,-7.621023,4.4
633,6.213674,-4.659753,-7.621023,4.4
634,6.182086,-4.658816,-7.621023,4.4
635,6.15216,-4.656335,-7.621023,4.4
636,6.124616,-4.653459,-7.621023,4.4
637,6.098572,-4.651912,-7.621023,4.4
638,6.07437,-4.652969,-7.621023,4.4
639,6.045436,-4.651848,-7.621023,4.4
640,6.016296,-4.649114,-7.621023,4.4
641,5.985826,-4.645585,-7.621023,4.4
642,5.954271,-4.642244,-7.621023,4.4
643,5.923506,-4.639942,-7.621023,4.4
644,5.893706,-4.63449,-7.621023,4.4
645,5.865188,-4.628923,-7.621023,4.4
646,5.837213,-4.621567,-7.621023,4.4
647,5.811289,-4.613898,-7.621023,4.4
648,5.786677,-4.605785,-7.621023,4.4
649,5.760265,-4.596386,-7.621023,4.4
650,5.7321,-4.584868,-7.621023,4.4
651,5.704088,-4.570943,-7.621023,4.4
652,5.675571,-4.553395,-7.621023,4.4
653,5.649109,-4.5368,-7.621023,4.4
654,5.624093,-4.519799,-7.621023,4.4
655,5.598442,-4.50318,-7.621023,4.4
656,5.570744,-4.48384,-7.621023,4.4
657,5.545009,-4.467045,-7.621023,4.4
658,5.515315,-4.449567,-7.621023,4.4
659,5.483136,-4.42915,-7.621023,4.4
660,5.454386,-4.409665,-7.621023,4.4
661,5.429929,-4.391446,-7.621023,4.4
662,5.405335,-4.372375,-7.621023,4.4
663,5.381366,-4.354214,-7.621023,4.4
664,5.360057,-4.338364,-7.621023,4.4
665,5.338176,-4.323616,-7.621023,4.4
666,5.321582,-4.313609,-7.621023,4.4
667,5.300683,-4.304465,-7.621023,4.4
668,5.280592,-4.295851,-7.621023,4.4
669,5.260491,-4.28531,-7.621023,4.4
670,5.238732,-4.275217,-7.621023,4.4
671,5.219229,-4.26508,-7.621023,4.4
672,5.198315,-4.254051,-7.621023,4.4
673,5.175936,-4.244081,-7.621023,4.4
674,5.155011,-4.239141,-7.621023,4.4
675,5.133246,-4.233162,-7.621023,4.4
676,5.109459,-4.224029,-7.621023,4.4
677,5.086209,-4.215467,-7.621023,4.4
678,5.065416,-4.208651,-7.621023,4.4
679,5.046393,-4.201436,-7.621023,4.4
680,5.022617,-4.192649,-7.621023,4.4
681,4.999959,-4.183285,-7.621023,4.4
682,4.973762,-4.173107,-7.621023,4.4
683,4.950276,-4.165077,-7.621023,4.4
684,4.925698,-4.157193,-7.621023,4.4
685,4.899261,-4.149825,-7.621023,4.4
686,4.869851,-4.142644,-7.621023,4.4
687,4.840278,-4.13401,-7.621023,4.4
688,4.810134,-4.127633,-7.621023,4.4
689,4.778792,-4.120323,-7.621023,4.4
690,4.749598,-4.111269,-7.621023,4.4
691,4.723649,-4.10196,-7.621023,4.4
692,4.697494,-4.094311,-7.621023,4.4
693,4.66846,-4.087465,-7.621023,4.4
694,4.64166,-4.080282,-7.621023,4.4
695,4.6166,-4.072683,-7.621023,4.4
696,4.589456,-4.066528,-7.621023,4.4
697,4.562008,-4.059348,-7.621023,4.4
698,4.534761,-4.049835,-7.621023,4.4
699,4.503851,-4.037827,-7.621023,4.4
700,4.476383,-4.026796,-7.621023,4.4
701,4.451905,-4.019012,-7.621023,4.4
702,4.427267,-4.009015,-7.621023,4.4
703,4.400896,-3.995775,-7.621023,4.4
704,4.376787,-3.981102,-7.621023,4.4
705,4.353298,-3.965019,-7.621023,4.4
706,4.328059,-3.944549,-7.621023,4.4
707,4.301836,-3.923351,-7.621023,4.4
708,4.277342,-3.902394,-7.621023,4.4
709,4.254069,-3.882486,-7.621023,4.4
710,4.230292,-3.862542,-7.621023,4.4
711,4.208398,-3.845914,-7.621023,4.4
712,4.18427,-3.825676,-7.621023,4.4
713,4.161105,-3.805909,-7.621023,4.4
714,4.140133,-3.787121,-7.621023,4.4
715,4.121424,-3.768975,-7.621023,4.4
716,4.101652,-3.750704,-7.621023,4.4
717,4.080923,-3.733006,-7.621023,4.4
718,4.060224,-3.71581,-7.621023,4.4
719,4.041063,-3.701902,-7.621023,4.4
720,4.025438,-3.690182,-7.621023,4.4
721,4.00987,-3.678827,-7.621023,4.4
722,3.98908,-3.666519,-7.621023,4.4
723,3.967477,-3.655274,-7.621023,4.4
724,3.946695,-3.640765,-7.621023,4.4
725,3.928561,-3.626869,-7.621023,4.4
726,3.907889,-3.61732,-7.621023,4.4
727,3.886342,-3.605739,-7.621023,4.4
728,3.868419,-3.596155,-7.621023,4.4
729,3.848862,-3.586646,-7.621023,4.4
730,3.82775,-3.57786,-7.621023,4.4
731,3.807211,-3.570019,-7.621023,4.4
732,3.785978,-3.558971,-7.621023,4.4
733,3.765232,-3.547725,-7.621023,4.4
734,3.743852,-3.536073,-7.621023,4.4
735,3.723868,-3.523216,-7.621023,4.4
736,3.702123,-3.513643,-7.621023,4.4
737,3.678133,-3.504102,-7.621023,4.4
738,3.651759,-3.493597,-7.621023,4.4
739,3.626116,-3.482233,-7.621023,4.4
740,3.600572,-3.469824,-7.621023,4.4
741,3.573663,-3.459491,-7.621023,4.4
742,3.545194,-3.448377,-7.621023,4.4
743,3.514267,-3.437784,-7.621023,4.4
744,3.486253,-3.427906,-7.621023,4.4
745,3.462929,-3.418764,-7.621023,4.4
746,3.438189,-3.407496,-7.621023,4.4
747,3.408321,-3.394669,-7.621023,4.4
748,3.379311,-3.383809,-7.621023,4.4
749,3.352659,-3.37178,-7.621023,4.4
750,3.327872,-3.362544,-7.621023,4.4
751,3.300413,-3.352468,-7.621023,4.4
752,3.274905,-3.339069,-7.621023,4.4
753,3.250587,-3.328322,-7.621023,4.4
754,3.226116,-3.3189,-7.621023,4.4
755,3.20295,-3.30725,-7.621023,4.4
756,3.180033,-3.294498,-7.621023,4.4
757,3.15768,-3.279247,-7.621023,4.4
758,3.133333,-3.263598,-7.621023,4.4
759,3.108304,-3.246883,-7.621023,4.4
760,3.085355,-3.229812,-7.621023,4.4
761,3.061921,-3.211164,-7.621023,4.4
762,3.03971,-3.190816,-7.621023,4.4
763,3.018325,-3.170128,-7.621023,4.4
764,2.995822,-3.14924,-7.621023,4.4
765,2.974853,-3.12993,-7.621023,4.4
766,2.950317,-3.110173,-7.621023,4.4
767,2.927362,-3.089355,-7.621023,4.4
768,2.903692,-3.067658,-7.621023,4.4
769,2.880034,-3.045342,-7.621023,4.4
770,2.85721,-3.022749,-7.621023,4.4
771,2.836106,-3.00362,-7.621023,4.4
772,2.815259,-2.98605,-7.621023,4.4
773,2.797736,-2.972126,-7.621023,4.4
774,2.782004,-2.957571,-7.621023,4.4
775,2.762554,-2.941575,-7.621023,4.4
776,2.745608,-2.924973,-7.621023,4.4
777,2.728041,-2.913126,-7.621023,4.4
778,2.71183,-2.901701,-7.621023,4.4
779,2.695868,-2.890449,-7.621023,4.4
780,2.677437,-2.875584,-7.621023,4.4
781,2.659908,-2.863805,-7.621023,4.4
782,2.639869,-2.8535,-7.621023,4.4
783,2.618845,-2.842293,-7.621023,4.4
784,2.596963,-2.83107,-7.621023,4.4
785,2.574954,-2.81746,-7.621023,4.4
786,2.553228,-2.803574,-7.621023,4.4
787,2.533381,-2.793562,-7.621023,4.4
788,2.509744,-2.781529,-7.621023,4.4
789,2.486109,-2.769309,-7.621023,4.4
790,2.461018,-2.757135,-7.621023,4.4
791,2.439929,-2.74711,-7.621023,4.4
792,2.416317,-2.735091,-7.621023,4.4
793,2.391702,-2.722305,-7.621023,4.4
794,2.368036,-2.708222,-7.621023,4.4
795,2.340818,-2.694796,-7.621023,4.4
796,2.312266,-2.681759,-7.621023,4.4
797,2.287074,-2.667826,-7.621023,4.4
798,2.258325,-2.654896,-7.621023,4.4
799,2.233244,-2.646717,-7.621023,4.4
800,2.20789,-2.635617,-7.621023,4.4
801,2.180463,-2.623216,-7.621023,4.4
802,2.154586,-2.609787,-7.621023,4.4
803,2.129877,-2.600398,-7.621023,4.4
804,2.105582,-2.588343,-7.621023,4.4
805,2.081213,-2.573865,-7.621023,4.4
806,2.055647,-2.559612,-7.621023,4.4
807,2.029812,-2.544046,-7.621023,4.4
808,2.003121,-2.528018,-7.621023,4.4
809,1.977587,-2.511303,-7.621023,4.4
810,1.953971,-2.492922,-7.621023,4.4
811,1.930344,-2.476066,-7.621023,4.4
812,1.907142,-2.458957,-7.621023,4.4
813,1.8823,-2.438498,-7.621023,4.4
814,1.857793,-2.418361,-7.621023,4.4
815,1.835368,-2.39899,-7.621023,4.4
816,1.812339,-2.377102,-7.621023,4.4
817,1.788623,-2.354729,-7.621023,4.4
818,1.765225,-2.3293,-7.621023,4.4
819,1.744866,-2.304651,-7.621023,4.4
820,1.725654,-2.282427,-7.621023,4.4
821,1.703641,-2.260864,-7.621023,4.4
822,1.682248,-2.239081,-7.621023,4.4
823,1.660284,-2.218644,-7.621023,4.4
824,1.641128,-2.198699,-7.621023,4.4
825,1.620291,-2.180741,-7.621023,4.4
826,1.599197,-2.16522,-7.621023,4.4
827,1.584578,-2.152365,-7.621023,4.4
828,1.56826,-2.137816,-7.621023,4.4
829,1.55321,-2.123399,-7.621023,4.4
830,1.538358,-2.110595,-7.621023,4.4
831,1.525513,-2.099002,-7.621023,4.4
832,1.511959,-2.086963,-7.621023,4.4
833,1.493182,-2.07157,-7.621023,4.4
834,1.472753,-2.057931,-7.621023,4.4
835,1.453818,-2.044091,-7.621023,4.4
836,1.43524,-2.032675,-7.621023,4.4
837,1.413598,-2.019422,-7.621023,4.4
838,1.392338,-2.005186,-7.621023,4.4
839,1.371132,-1.992029,-7.621023,4.4
840,1.3513,-1.979528,-7.621023,4.4
841,1.332186,-1.964651,-7.621023,4.4
842,1.313208,-1.951697,-7.621023,4.4
843,1.292049,-1.937583,-7.621023,4.4
844,1.272046,-1.924192,-7.621023,4.4
845,1.253243,-1.911257,-7.621023,4.4
846,1.228683,-1.899294,-7.621023,4.4
847,1.204286,-1.887113,-7.621023,4.4
848,1.175786,-1.87355,-7.621023,4.4
849,1.143211,-1.859411,-7.621023,4.4
850,1.11277,-1.846488,-7.621023,4.4
851,1.08487,-1.830034,-7.621023,4.4
852,1.062108,-1.817439,-7.621023,4.4
853,1.037337,-1.805712,-7.621023,4.4
854,1.014744,-1.794825,-7.621023,4.4
855,0.9910071,-1.783,-7.621023,4.4
856,0.9643126,-1.769272,-7.621023,4.4
857,0.9372708,-1.754553,-7.621023,4.4
858,0.9127823,-1.742359,-7.621023,4.4
859,0.8877504,-1.729774,-7.621023,4.4
860,0.8639674,-1.715081,-7.621023,4.4
861,0.838531,-1.698522,-7.621023,4.4
862,0.8130048,-1.682088,-7.621023,4.4
863,0.7898127,-1.667073,-7.621023,4.4
864,0.7670906,-1.650231,-7.621023,4.4
865,0.744891,-1.630961,-7.621023,4.4
866,0.7224222,-1.609794,-7.621023,4.4
867,0.7009571,-1.588084,-7.621023,4.4
868,0.6797796,-1.566043,-7.621023,4.4
869,0.6572629,-1.54462,-7.621023,4.4
870,0.634349,-1.521967,-7.621023,4.4
871,0.6131116,-1.497963,-7.621023,4.4
872,0.5937278,-1.476548,-7.621023,4.4
873,0.57309,-1.453587,-7.621023,4.4
874,0.5478513,-1.425321,-7.621023,4.4
875,0.5268403,-1.400841,-7.621023,4.4
876,0.5047104,-1.377885,-7.621023,4.4
877,0.4840515,-1.355013,-7.621023,4.4
878,0.4657548,-1.334261,-7.621023,4.4
879,0.4490063,-1.317415,-7.621023,4.4
880,0.4310828,-1.299363,-7.621023,4.4
881,0.4134528,-1.283293,-7.621023,4.4
882,0.3968285,-1.266902,-7.621023,4.4
883,0.3822396,-1.249954,-7.621023,4.4
884,0.3699847,-1.23581,-7.621023,4.4
885,0.3564152,-1.223816,-7.621023,4.4
886,0.3398625,-1.210346,-7.621023,4.4
887,0.3198701,-1.197615,-7.621023,4.4
888,0.2995493,-1.184678,-7.621023,4.4
889,0.2799293,-1.170947,-7.621023,4.4
890,0.2625698,-1.156691,-7.621023,4.4
891,0.2434307,-1.144139,-7.621023,4.4
892,0.2253885,-1.132395,-7.621023,4.4
893,0.2047097,-1.121403,-7.621023,4.4
894,0.1827216,-1.108467,-7.621023,4.4
895,0.1647058,-1.095215,-7.621023,4.4
896,0.1451792,-1.081239,-7.621023,4.4
897,0.1253203,-1.067613,-7.621023,4.4
898,0.1054918,-1.054803,-7.621023,4.4
899,0.08343241,-1.042796,-7.621023,4.4
900,0.05807353,-1.030576,-7.621023,4.4
901,0.03245819,-1.018459,-7.621023,4.4
902,0.003406545,-1.00633,-7.621023,4.4
903,-0.02575591,-0.9921871,-7.621023,4.4
904,-0.05524977,-0.9786167,-7.621023,4.4
905,-0.08254892,-0.965106,-7.621023,4.4
906,-0.1057387,-0.9534906,-7.621023,4.4
907,-0.1277526,-0.9418008,-7.621023,4.4
908,-0.1478452,-0.9336458,-7.621023,4.4
909,-0.1715437,-0.9256935,-7.621023,4.4
910,-0.1969531,-0.9159734,-7.621023,4.4
911,-0.2221255,-0.9070783,-7.621023,4.4
912,-0.2491481,-0.8971298,-7.621023,4.4
913,-0.2750979,-0.8842474,-7.621023,4.4
914,-0.2992949,-0.8717394,-7.621023,4.4
915,-0.3230157,-0.8592011,-7.621023,4.4
916,-0.3475654,-0.8446383,-7.621023,4.4
917,-0.372894,-0.829047,-7.621023,4.4
918,-0.3964475,-0.8146489,-7.621023,4.4
919,-0.4223385,-0.7971042,-7.621023,4.4
920,-0.446549,-0.7778167,-7.621023,4.4
921,-0.4716541,-0.7594304,-7.621023,4.4
922,-0.4971632,-0.7372169,-7.621023,4.4
923,-0.5219468,-0.7170472,-7.621023,4.4
924,-0.5466498,-0.696324,-7.621023,4.4
925,-0.5704595,-0.6731135,-7.621023,4.4
926,-0.5935497,-0.6503139,-7.621023,4.4
927,-0.6168383,-0.6296675,-7.621023,4.4
928,-0.6433967,-0.6068304,-7.621023,4.4
929,-0.6686562,-0.581786,-7.621023,4.4
930,-0.690661,-0.5614112,-7.621023,4.4
931,-0.7141346,-0.5381739,-7.621023,4.4
932,-0.7362604,-0.515518,-7.621023,4.4
933,-0.7541659,-0.4982407,-7.621023,4.4
934,-0.7731603,-0.4819693,-7.621023,4.4
935,-0.7916906,-0.4674462,-7.621023,4.4
936,-0.8094874,-0.4547195,-7.621023,4.4
937,-0.8261493,-0.4436037,-7.621023,4.4
938,-0.8403424,-0.4327311,-7.621023,4.4
939,-0.8540803,-0.4215229,-7.621023,4.4
940,-0.8740465,-0.4079182,-7.621023,4.4
941,-0.8952123,-0.3921372,-7.621023,4.4
942,-0.917462,-0.3770411,-7.621023,4.4
943,-0.9368555,-0.3630894,-7.621023,4.4
944,-0.9570445,-0.3521543,-7.621023,4.4
945,-0.9788179,-0.3403491,-7.621023,4.4
946,-0.9992644,-0.3293639,-7.621023,4.4
947,-1.019767,-0.3178946,-7.621023,4.4
948,-1.040691,-0.3064424,-7.621023,4.4
949,-1.060151,-0.2935433,-7.621023,4.4
950,-1.079022,-0.2814406,-7.621023,4.4
951,-1.098572,-0.2696033,-7.621023,4.4
952,-1.124046,-0.2558248,-7.621023,4.4
953,-1.149628,-0.2421429,-7.621023,4.4
954,-1.175992,-0.2275376,-7.621023,4.4
955,-1.204033,-0.214899,-7.621023,4.4
956,-1.231318,-0.204494,-7.621023,4.4
957,-1.259631,-0.1941038,-7.621023,4.4
958,-1.286194,-0.179765,-7.621023,4.4
959,-1.313706,-0.1643792,-7.621023,4.4
960,-1.33865,-0.1527088,-7.621023,4.4
961,-1.361271,-0.1432562,-7.621023,4.4
962,-1.384515,-0.1332721,-7.621023,4.4
963,-1.405787,-0.1244334,-7.621023,4.4
964,-1.430314,-0.1137415,-7.621023,4.4
965,-1.457536,-0.1027272,-7.621023,4.4
966,-1.488608,-0.09044017,-7.621023,4.4
967,-1.518925,-0.07425682,-7.621023,4.4
968,-1.547338,-0.06055006,-7.621023,4.4
969,-1.575336,-0.04575907,-7.621023,4.4
970,-1.601731,-0.0300265,-7.621023,4.4
971,-1.625782,-0.01412828,-7.621023,4.4
972,-1.649258,0.001575915,-7.621023,4.4
973,-1.674356,0.02226702,-7.621023,4.4
974,-1.699277,0.04257821,-7.621023,4.4
975,-1.724268,0.06474578,-7.621023,4.4
976,-1.750261,0.08851221,-7.621023,4.4
977,-1.774541,0.1114159,-7.621023,4.4
978,-1.797699,0.1330507,-7.621023,4.4
979,-1.820363,0.153954,-7.621023,4.4
980,-1.841024,0.1745083,-7.621023,4.4
981,-1.863222,0.1965449,-7.621023,4.4
982,-1.88386,0.2173386,-7.621023,4.4
983,-1.904657,0.2384601,-7.621023,4.4
984,-1.922836,0.2596545,-7.621023,4.4
985,-1.943186,0.2805597,-7.621023,4.4
986,-1.962121,0.3003255,-7.621023,4.4
987,-1.979383,0.317236,-7.621023,4.4
988,-1.99564,0.3304726,-7.621023,4.4
989,-2.013438,0.3426535,-7.621023,4.4
990,-2.027398,0.3541388,-7.621023,4.4
991,-2.039434,0.367126,-7.621023,4.4
992,-2.055252,0.3806513,-7.621023,4.4
993,-2.069915,0.3905044,-7.621023,4.4
994,-2.089874,0.4044264,-7.621023,4.4
995,-2.108293,0.4180506,-7.621023,4.4
996,-2.129126,0.430202,-7.621023,4.4
997,-2.147637,0.4437841,-7.621023,4.4
998,-2.16928,0.45764,-7.621023,4.4
999,-2.186544,0.4696855,-7.621023,4.4
1000,-2.203771,0.4805385,-7.621023,4.4
1001,-2.223221,0.4925203,-7.621023,4.4
1002,-2.239625,0.5058542,-7.621023,4.4
1003,-2.257646,0.5198261,-7.621023,4.4
1004,-2.275972,0.534106,-7.621023,4.4
1005,-2.294933,0.5482251,-7.621023,4.4
1006,-2.312699,0.560927,-7.621023,4.4
1007,-2.332237,0.5744635,-7.621023,4.4
1008,-2.353772,0.5856901,-7.621023,4.4
1009,-2.37788,0.5976376,-7.621023,4.4
1010,-2.40129,0.6088536,-7.621023,4.4
1011,-2.429305,0.622609,-7.621023,4.4
1012,-2.457169,0.6359602,-7.621023,4.4
1013,-2.483405,0.6510086,-7.621023,4.4
1014,-2.506034,0.6647628,-7.621023,4.4
1015,-2.525588,0.675021,-7.621023,4.4
1016,-2.54814,0.6839447,-7.621023,4.4
1017,-2.568642,0.6918575,-7.621023,4.4
1018,-2.591575,0.7024497,-7.621023,4.4
1019,-2.615093,0.7178055,-7.621023,4.4
1020,-2.639593,0.7323302,-7.621023,4.4
1021,-2.665118,0.746802,-7.621023,4.4
1022,-2.688976,0.763743,-7.621023,4.4
1023,-2.711469,0.780443,-7.621023,4.4
1024,-2.733807,0.7950943,-7.621023,4.4
1025,-2.757756,0.8126596,-7.621023,4.4
1026,-2.780512,0.8330417,-7.621023,4.4
1027,-2.799878,0.8500239,-7.621023,4.4
1028,-2.819905,0.8681123,-7.621023,4.4
1029,-2.840337,0.8898308,-7.621023,4.4
1030,-2.86012,0.9132456,-7.621023,4.4
1031,-2.880324,0.938719,-7.621023,4.4
1032,-2.897567,0.9631126,-7.621023,4.4
1033,-2.914015,0.9862012,-7.621023,4.4
1034,-2.93201,1.009174,-7.621023,4.4
1035,-2.950293,1.033419,-7.621023,4.4
1036,-2.970196,1.056056,-7.621023,4.4
1037,-2.992881,1.080511,-7.621023,4.4
1038,-3.01044,1.102437,-7.621023,4.4
1039,-3.028172,1.123068,-7.621023,4.4
1040,-3.042121,1.142189,-7.621023,4.4
1041,-3.057086,1.159323,-7.621023,4.4
1042,-3.074282,1.175514,-7.621023,4.4
1043,-3.090494,1.188643,-7.621023,4.4
1044,-3.108427,1.205774,-7.621023,4.4
1045,-3.128168,1.221181,-7.621023,4.4
1046,-3.143531,1.234878,-7.621023,4.4
1047,-3.158012,1.248763,-7.621023,4.4
1048,-3.175124,1.262198,-7.621023,4.4
1049,-3.191803,1.274034,-7.621023,4.4
1050,-3.209446,1.28847,-7.621023,4.4
1051,-3.227902,1.30111,-7.621023,4.4
1052,-3.248274,1.314271,-7.621023,4.4
1053,-3.268683,1.327605,-7.621023,4.4
1054,-3.287718,1.341032,-7.621023,4.4
1055,-3.306219,1.355217,-7.621023,4.4
1056,-3.32397,1.369981,-7.621023,4.4
1057,-3.34419,1.382665,-7.621023,4.4
1058,-3.365907,1.397813,-7.621023,4.4
1059,-3.388536,1.412489,-7.621023,4.4
1060,-3.411893,1.427373,-7.621023,4.4
1061,-3.437634,1.440128,-7.621023,4.4
1062,-3.465246,1.457432,-7.621023,4.4
1063,-3.492074,1.472223,-7.621023,4.4
1064,-3.519825,1.486877,-7.621023,4.4
1065,-3.545868,1.501092,-7.621023,4.4
1066,-3.572135,1.512584,-7.621023,4.4
1067,-3.598926,1.523141,-7.621023,4.4
1068,-3.626137,1.534524,-7.621023,4.4
1069,-3.654608,1.546987,-7.621023,4.4
1070,-3.680343,1.559333,-7.621023,4.4
1071,-3.705563,1.570923,-7.621023,4.4
1072,-3.732879,1.582934,-7.621023,4.4
1073,-3.760154,1.597212,-7.621023,4.4
1074,-3.787234,1.610592,-7.621023,4.4
1075,-3.813573,1.625633,-7.621023,4.4
1076,-3.838732,1.640492,-7.621023,4.4
1077,-3.863128,1.653943,-7.621023,4.4
1078,-3.888037,1.66888,-7.621023,4.4
1079,-3.912172,1.685411,-7.621023,4.4
1080,-3.935413,1.702175,-7.621023,4.4
1081,-3.958592,1.720216,-7.621023,4.4
1082,-3.981382,1.739408,-7.621023,4.4
1083,-4.003533,1.760849,-7.621023,4.4
1084,-4.025578,1.783362,-7.621023,4.4
1085,-4.050196,1.805888,-7.621023,4.4
1086,-4.076706,1.829249,-7.621023,4.4
1087,-4.102903,1.853338,-7.621023,4.4
1088,-4.12683,1.877162,-7.621023,4.4
1089,-4.150501,1.901447,-7.621023,4.4
1090,-4.174617,1.926673,-7.621023,4.4
1091,-4.198161,1.95004,-7.621023,4.4
1092,-4.222232,1.972202,-7.621023,4.4
1093,-4.243735,1.993189,-7.621023,4.4
1094,-4.263741,2.012701,-7.621023,4.4
1095,-4.283077,2.029838,-7.621023,4.4
1096,-4.30345,2.045514,-7.621023,4.4
1097,-4.321931,2.063457,-7.621023,4.4
1098,-4.336833,2.077461,-7.621023,4.4
1099,-4.353845,2.090106,-7.621023,4.4
1100,-4.372705,2.100497,-7.621023,4.4
1101,-4.38649,2.112622,-7.621023,4.4
1102,-4.405274,2.126032,-7.621023,4.4
1103,-4.426561,2.138023,-7.621023,4.4
1104,-4.446683,2.149977,-7.621023,4.4
1105,-4.46575,2.162009,-7.621023,4.4
1106,-4.486129,2.173736,-7.621023,4.4
1107,-4.504725,2.181952,-7.621023,4.4
1108,-4.523452,2.191464,-7.621023,4.4
1109,-4.542794,2.202888,-7.621023,4.4
1110,-4.56342,2.214583,-7.621023,4.4
1111,-4.586221,2.225816,-7.621023,4.4
1112,-4.609487,2.235602,-7.621023,4.4
1113,-4.630266,2.245852,-7.621023,4.4
1114,-4.654316,2.258084,-7.621023,4.4
1115,-4.676214,2.267618,-7.621023,4.4
1116,-4.703218,2.277835,-7.621023,4.4
1117,-4.733739,2.288244,-7.621023,4.4
1118,-4.764575,2.300264,-7.621023,4.4
1119,-4.793512,2.315578,-7.621023,4.4
1120,-4.819979,2.326807,-7.621023,4.4
1121,-4.84413,2.336578,-7.621023,4.4
1122,-4.865508,2.344698,-7.621023,4.4
1123,-4.888476,2.351071,-7.621023,4.4
1124,-4.912975,2.357076,-7.621023,4.4
1125,-4.939025,2.366498,-7.621023,4.4
1126,-4.96321,2.375825,-7.621023,4.4
1127,-4.989837,2.383562,-7.621023,4.4
1128,-5.017066,2.392796,-7.621023,4.4
1129,-5.041326,2.401194,-7.621023,4.4
1130,-5.063316,2.409091,-7.621023,4.4
1131,-5.087132,2.419465,-7.621023,4.4
1132,-5.113129,2.432407,-7.621023,4.4
1133,-5.138379,2.447394,-7.621023,4.4
1134,-5.160827,2.463403,-7.621023,4.4
1135,-5.184349,2.480238,-7.621023,4.4
1136,-5.207821,2.498338,-7.621023,4.4
1137,-5.233916,2.518915,-7.621023,4.4
1138,-5.260792,2.539106,-7.621023,4.4
1139,-5.285702,2.55949,-7.621023,4.4
1140,-5.308637,2.579201,-7.621023,4.4
1141,-5.33417,2.598767,-7.621023,4.4
1142,-5.357788,2.616944,-7.621023,4.4
1143,-5.384066,2.637258,-7.621023,4.4
1144,-5.412415,2.660389,-7.621023,4.4
1145,-5.437029,2.68209,-7.621023,4.4
1146,-5.461736,2.703559,-7.621023,4.4
1147,-5.486506,2.725315,-7.621023,4.4
1148,-5.50875,2.744893,-7.621023,4.4
1149,-5.529522,2.764378,-7.621023,4.4
1150,-5.546112,2.778791,-7.621023,4.4
1151,-5.565572,2.792252,-7.621023,4.4
1152,-5.583269,2.80442,-7.621023,4.4
1153,-5.601966,2.818095,-7.621023,4.4
1154,-5.621241,2.829347,-7.621023,4.4
1155,-5.641471,2.838833,-7.621023,4.4
1156,-5.661372,2.84963,-7.621023,4.4
1157,-5.683761,2.861589,-7.621023,4.4
1158,-5.704733,2.87303,-7.621023,4.4
1159,-5.724735,2.88416,-7.621023,4.4
1160,-5.74385,2.894242,-7.621023,4.4
1161,-5.763329,2.904692,-7.621023,4.4
1162,-5.78424,2.915419,-7.621023,4.4
1163,-5.806148,2.924661,-7.621023,4.4
1164,-5.82792,2.936142,-7.621023,4.4
1165,-5.853273,2.949187,-7.621023,4.4
1166,-5.876606,2.960278,-7.621023,4.4
1167,-5.901448,2.971021,-7.621023,4.4
1168,-5.929423,2.98246,-7.621023,4.4
1169,-5.958208,2.993867,-7.621023,4.4
1170,-5.989791,3.007187,-7.621023,4.4
1171,-6.017986,3.019022,-7.621023,4.4
1172,-6.043017,3.030516,-7.621023,4.4
1173,-6.067494,3.042689,-7.621023,4.4
1174,-6.093113,3.055333,-7.621023,4.4
1175,-6.114583,3.06259,-7.621023,4.4
1176,-6.136509,3.069996,-7.621023,4.4
1177,-6.157444,3.078232,-7.621023,4.4
1178,-6.179403,3.08648,-7.621023,4.4
1179,-6.20458,3.09595,-7.621023,4.4
1180,-6.231765,3.103661,-7.621023,4.4
1181,-6.25973,3.113624,-7.621023,4.4
1182,-6.284283,3.124511,-7.621023,4.4
1183,-6.308538,3.136034,-7.621023,4.4
1184,-6.32991,3.145626,-7.621023,4.4
1185,-6.350343,3.154592,-7.621023,4.4
1186,-6.373171,3.167703,-7.621023,4.4
1187,-6.396722,3.185006,-7.621023,4.4
1188,-6.419059,3.203353,-7.621023,4.4
1189,-6.440823,3.222235,-7.621023,4.4
1190,-6.460668,3.239879,-7.621023,4.4
1191,-6.480176,3.258237,-7.621023,4.4
1192,-6.500088,3.279479,-7.621023,4.4
1193,-6.518636,3.300064,-7.621023,4.4
1194,-6.540265,3.320812,-7.621023,4.4
1195,-6.560743,3.340751,-7.621023,4.4
1196,-6.579971,3.360675,-7.621023,4.4
1197,-6.600836,3.383088,-7.621023,4.4
1198,-6.623291,3.405261,-7.621023,4.4
1199,-6.64572,3.430099,-7.621023,4.4
1200,-6.668271,3.453356,-7.621023,4.4
1201,-6.685864,3.47444,-7.621023,4.4
1202,-6.701412,3.490418,-7.621023,4.4
1203,-6.718686,3.505932,-7.621023,4.4
1204,-6.733488,3.519748,-7.621023,4.4
1205,-6.749616,3.534192,-7.621023,4.4
1206,-6.766893,3.547314,-7.621023,4.4
1207,-6.78333,3.561007,-7.621023,4.4
1208,-6.79937,3.573497,-7.621023,4.4
1209,-6.82065,3.585846,-7.621023,4.4
1210,-6.839977,3.599105,-7.621023,4.4
1211,-6.858727,3.611746,-7.621023,4.4
1212,-6.877076,3.624439,-7.621023,4.4
1213,-6.896234,3.63797,-7.621023,4.4
1214,-6.917786,3.651536,-7.621023,4.4
1215,-6.938844,3.664095,-7.621023,4.4
1216,-6.957461,3.676738,-7.621023,4.4
1217,-6.975114,3.688622,-7.621023,4.4
1218,-6.994067,3.700812,-7.621023,4.4
1219,-7.014404,3.711308,-7.621023,4.4
1220,-7.034995,3.722163,-7.621023,4.4
1221,-7.057312,3.734145,-7.621023,4.4
1222,-7.080472,3.747071,-7.621023,4.4
1223,-7.105524,3.76134,-7.621023,4.4
1224,-7.130776,3.776028,-7.621023,4.4
1225,-7.155568,3.789513,-7.621023,4.4
1226,-7.176948,3.801516,-7.621023,4.4
1227,-7.198023,3.81296,-7.621023,4.4
1228,-7.220525,3.823893,-7.621023,4.4
1229,-7.240571,3.836102,-7.621023,4.4
1230,-7.262236,3.847392,-7.621023,4.4
1231,-7.287359,3.858361,-7.621023,4.4
1232,-7.311572,3.874375,-7.621023,4.4
1233,-7.332398,3.889012,-7.621023,4.4
1234,-7.353781,3.902843,-7.621023,4.4
1235,-7.375757,3.916126,-7.621023,4.4
1236,-7.397932,3.932814,-7.621023,4.4
1237,-7.418758,3.947996,-7.621023,4.4
1238,-7.436844,3.960267,-7.621023,4.4
1239,-7.456669,3.972946,-7.621023,4.4
1240,-7.473315,3.988535,-7.621023,4.4
1241,-7.490757,4.003724,-7.621023,4.4
1242,-7.509151,4.021266,-7.621023,4.4
1243,-7.5278,4.04077,-7.621023,4.4
1244,-7.544613,4.059907,-7.621023,4.4
1245,-7.562725,4.083905,-7.621023,4.4
1246,-7.579763,4.108077,-7.621023,4.4
1247,-7.594715,4.13052,-7.621023,4.4
1248,-7.611289,4.156734,-7.621023,4.4
1249,-7.627999,4.186847,-7.621023,4.4
1250,-7.643039,4.215237,-7.621023,4.4
1251,-7.65954,4.244202,-7.621023,4.4
1252,-7.677918,4.274469,-4.4,7.621024
1253,-7.695014,4.305473,-4.4,7.621024
1254,-7.712229,4.336075,-4.4,7.621024
1255,-7.72971,4.367973,-4.4,7.621024
1256,-7.744256,4.395438,-4.4,7.621024
1257,-7.758054,4.422656,-4.4,7.621024
1258,-7.770236,4.445721,-4.4,7.621024
1259,-7.782725,4.469116,-4.4,7.621024
1260,-7.795909,4.493762,-4.4,7.621024
1261,-7.810086,4.516228,-4.4,7.621024
1262,-7.824861,4.537148,-4.4,7.621024
1263,-7.843085,4.559027,-4.4,7.621024
1264,-7.861686,4.579909,-4.4,7.621024
1265,-7.87969,4.598225,-4.4,7.621024
1266,-7.89664,4.616255,-4.4,7.621024
1267,-7.911482,4.63099,-4.4,7.621024
1268,-7.927442,4.641869,-4.4,7.621024
1269,-7.943127,4.653878,-4.4,7.621024
1270,-7.960287,4.668211,-4.4,7.621024
1271,-7.980159,4.684675,-4.4,7.621024
1272,-7.998971,4.700502,-4.4,7.621024
1273,-8.014872,4.718168,-4.4,7.621024
1274,-8.029499,4.734092,-4.4,7.621024
1275,-8.043643,4.748951,-4.4,7.621024
1276,-8.054378,4.762616,-4.4,7.621024
1277,-8.063411,4.775214,-4.4,7.621024
1278,-8.070932,4.787904,-4.4,7.621024
1279,-8.07952,4.80296,-4.4,7.621024
1280,-8.089266,4.821831,-4.4,7.621024
1281,-8.098388,4.842785,-4.4,7.621024
1282,-8.105298,4.86265,-4.4,7.621024
1283,-8.112698,4.879281,-4.4,7.621024
1284,-8.119029,4.897772,-4.4,7.621024
1285,-8.123794,4.914524,-4.4,7.621024
1286,-8.128463,4.930508,-4.4,7.621024
1287,-8.132581,4.944535,-4.4,7.621024
1288,-8.138427,4.961944,-4.4,7.621024
1289,-8.142724,4.982006,-4.4,7.621024
1290,-8.144732,4.998033,-4.4,7.621024
1291,-8.147045,5.012506,-4.4,7.621024
1292,-8.147455,5.030719,-4.4,7.621024
1293,-8.146534,5.047732,-4.4,7.621024
1294,-8.143465,5.0634,-4.4,7.621024
1295,-8.136945,5.079569,-4.4,7.621024
1296,-8.129741,5.095287,-4.4,7.621024
1297,-8.119587,5.11077,-4.4,7.621024
1298,-8.108366,5.126072,-4.4,7.621024
1299,-8.095155,5.142986,-4.4,7.621024
1300,-8.079535,5.160014,-4.4,7.621024
1301,-8.063872,5.175905,-4.4,7.621024
1302,-8.04779,5.193625,-4.4,7.621024
1303,-8.030241,5.212272,-4.4,7.621024
1304,-8.01136,5.230389,-4.4,7.621024
1305,-7.993153,5.248286,-4.4,7.621024
1306,-7.975618,5.267598,-4.4,7.621024
1307,-7.9552,5.287439,-4.4,7.621024
1308,-7.933313,5.307686,-4.4,7.621024
1309,-7.912278,5.327183,-4.4,7.621024
1310,-7.890981,5.349143,-4.4,7.621024
1311,-7.870922,5.366028,-4.4,7.621024
1312,-7.856263,5.379217,-4.4,7.621024
1313,-7.842704,5.39288,-4.4,7.621024
1314,-7.829862,5.409953,-4.4,7.621024
1315,-7.815897,5.425899,-4.4,7.621024
1316,-7.805388,5.439844,-4.4,7.621024
1317,-7.795521,5.454939,-4.4,7.621024
1318,-7.78587,5.468345,-4.4,7.621024
1319,-7.776293,5.483591,-4.4,7.621024
1320,-7.760558,5.502068,-4.4,7.621024
1321,-7.743626,5.520758,-4.4,7.621024
1322,-7.728171,5.536921,-4.4,7.621024
1323,-7.712324,5.554655,-4.4,7.621024
1324,-7.696717,5.572708,-4.4,7.621024
1325,-7.682584,5.589462,-4.4,7.621024
1326,-7.664204,5.609106,-4.4,7.621024
1327,-7.64698,5.627345,-4.4,7.621024
1328,-7.629863,5.646384,-4.4,7.621024
1329,-7.611629,5.66618,-4.4,7.621024
1330,-7.594713,5.686915,-4.4,7.621024
1331,-7.57565,5.710496,-4.4,7.621024
1332,-7.555816,5.733683,-4.4,7.621024
1333,-7.537912,5.756372,-4.4,7.621024
1334,-7.518497,5.782517,-4.4,7.621024
1335,-7.500916,5.807368,-4.4,7.621024
1336,-7.485409,5.828103,-4.4,7.621024
1337,-7.470496,5.847267,-4.4,7.621024
1338,-7.454969,5.86546,-4.4,7.621024
1339,-7.440703,5.885535,-4.4,7.621024
1340,-7.425026,5.903276,-4.4,7.621024
1341,-7.409255,5.924841,-4.4,7.621024
1342,-7.390696,5.947742,-4.4,7.621024
1343,-7.369299,5.969902,-4.4,7.621024
1344,-7.349757,5.988826,-4.4,7.621024
1345,-7.329681,6.007719,-4.4,7.621024
1346,-7.308632,6.025884,-4.4,7.621024
1347,-7.287572,6.04241,-4.4,7.621024
1348,-7.263327,6.058081,-4.4,7.621024
1349,-7.238714,6.073476,-4.4,7.621024
1350,-7.213302,6.088134,-4.4,7.621024
1351,-7.184653,6.102515,-4.4,7.621024
1352,-7.155621,6.116602,-4.4,7.621024
1353,-7.12989,6.127346,-4.4,7.621024
1354,-7.10628,6.136704,-4.4,7.621024
1355,-7.08149,6.146698,-4.4,7.621024
1356,-7.057002,6.157899,-4.4,7.621024
1357,-7.030159,6.169215,-4.4,7.621024
1358,-7.00261,6.179395,-4.4,7.621024
1359,-6.974417,6.188803,-4.4,7.621024
1360,-6.943777,6.201353,-4.4,7.621024
1361,-6.916591,6.211807,-4.4,7.621024
1362,-6.893682,6.221248,-4.4,7.621024
1363,-6.875494,6.229324,-4.4,7.621024
1364,-6.85901,6.237993,-4.4,7.621024
1365,-6.840164,6.248556,-4.4,7.621024
1366,-6.821675,6.259696,-4.4,7.621024
1367,-6.803478,6.271379,-4.4,7.621024
1368,-6.787693,6.283536,-4.4,7.621024
1369,-6.769226,6.297187,-4.4,7.621024
1370,-6.749671,6.31289,-4.4,7.621024
1371,-6.728408,6.325814,-4.4,7.621024
1372,-6.709587,6.338469,-4.4,7.621024
1373,-6.693041,6.352483,-4.4,7.621024
1374,-6.674913,6.36773,-4.4,7.621024
1375,-6.659977,6.382034,-4.4,7.621024
1376,-6.643918,6.395384,-4.4,7.621024
1377,-6.627342,6.411192,-4.4,7.621024
1378,-6.610711,6.425272,-4.4,7.621024
1379,-6.59056,6.439071,-4.4,7.621024
1380,-6.571062,6.452284,-4.4,7.621024
1381,-6.55231,6.466875,-4.4,7.621024
1382,-6.533047,6.483839,-4.4,7.621024
1383,-6.512597,6.502236,-4.4,7.621024
1384,-6.4905,6.523591,-4.4,7.621024
1385,-6.466362,6.547071,-4.4,7.621024
1386,-6.446214,6.567821,-4.4,7.621024
1387,-6.425723,6.589108,-4.4,7.621024
1388,-6.404596,6.609686,-4.4,7.621024
1389,-6.384532,6.630663,-4.4,7.621024
1390,-6.366893,6.649986,-4.4,7.621024
1391,-6.348073,6.672238,-4.4,7.621024
1392,-6.326514,6.692798,-4.4,7.621024
1393,-6.306778,6.716114,-4.4,7.621024
1394,-6.289296,6.737512,-4.4,7.621024
1395,-6.270379,6.757092,-4.4,7.621024
1396,-6.253872,6.776491,-4.4,7.621024
1397,-6.236118,6.796287,-4.4,7.621024
1398,-6.216411,6.815129,-4.4,7.621024
1399,-6.194759,6.83302,-4.4,7.621024
1400,-6.175625,6.850161,-4.4,7.621024
1401,-6.155784,6.866997,-4.4,7.621024
1402,-6.135028,6.884343,-4.4,7.621024
1403,-6.111457,6.900825,-4.4,7.621024
1404,-6.085895,6.916544,-4.4,7.621024
1405,-6.059522,6.93268,-4.4,7.621024
1406,-6.032311,6.947111,-4.4,7.621024
1407,-6.003942,6.962843,-4.4,7.621024
1408,-5.975857,6.978281,-4.4,7.621024
1409,-5.948292,6.992428,-4.4,7.621024
1410,-5.922127,7.007389,-4.4,7.621024
1411,-5.892572,7.024515,-4.4,7.621024
1412,-5.864582,7.038714,-4.4,7.621024
1413,-5.836133,7.052918,-4.4,7.621024
1414,-5.805656,7.07041,-4.4,7.621024
1415,-5.777539,7.084937,-4.4,7.621024
1416,-5.753983,7.095805,-4.4,7.621024
1417,-5.732903,7.104628,-4.4,7.621024
1418,-5.711439,7.113727,-4.4,7.621024
1419,-5.695807,7.125114,-4.4,7.621024
1420,-5.676697,7.138811,-4.4,7.621024
1421,-5.655226,7.15322,-4.4,7.621024
1422,-5.636866,7.165769,-4.4,7.621024
1423,-5.619171,7.178956,-4.4,7.621024
1424,-5.600472,7.193354,-4.4,7.621024
1425,-5.580112,7.207058,-4.4,7.621024
1426,-5.559785,7.224096,-4.4,7.621024
1427,-5.540489,7.239116,-4.4,7.621024
1428,-5.520623,7.253191,-4.4,7.621024
1429,-5.501762,7.267825,-4.4,7.621024
1430,-5.482654,7.284173,-4.4,7.621024
1431,-5.464619,7.300155,-4.4,7.621024
1432,-5.446474,7.314911,-4.4,7.621024
1433,-5.426968,7.328717,-4.4,7.621024
1434,-5.408721,7.343247,-4.4,7.621024
1435,-5.38937,7.359085,-4.4,7.621024
1436,-5.368498,7.377394,-4.4,7.621024
1437,-5.347488,7.396214,-4.4,7.621024
1438,-5.322164,7.417514,-4.4,7.621024
1439,-5.298203,7.439592,-4.4,7.621024
1440,-5.276468,7.460334,-4.4,7.621024
1441,-5.253048,7.482305,-4.4,7.621024
1442,-5.230066,7.502751,-4.4,7.621024
1443,-5.210975,7.522198,-4.4,7.621024
1444,-5.192647,7.540764,-4.4,7.621024
1445,-5.171871,7.557991,-4.4,7.621024
1446,-5.151605,7.575838,-4.4,7.621024
1447,-5.131749,7.593149,-4.4,7.621024
1448,-5.11068,7.607902,-4.4,7.621024
1449,-5.090645,7.624159,-4.4,7.621024
1450,-5.066467,7.64308,-4.4,7.621024
1451,-5.044572,7.660293,-4.4,7.621024
1452,-5.024855,7.676239,-4.4,7.621024
1453,-5.003346,7.691028,-4.4,7.621024
1454,-4.983569,7.704004,-4.4,7.621024
1455,-4.961616,7.714426,-4.4,7.621024
1456,-4.93759,7.725322,-4.4,7.621024
1457,-4.912108,7.734352,-4.4,7.621024
1458,-4.883956,7.742429,-4.4,7.621024
1459,-4.856519,7.748644,-4.4,7.621024
1460,-4.829704,7.75522,-4.4,7.621024
1461,-4.799594,7.761849,-4.4,7.621024
1462,-4.768695,7.766431,-4.4,7.621024
1463,-4.737276,7.769886,-4.4,7.621024
1464,-4.706568,7.771178,-4.4,7.621024
1465,-4.671996,7.773652,-4.4,7.621024
1466,-4.636472,7.776847,-4.4,7.621024
1467,-4.602805,7.777711,-4.4,7.621024
1468,-4.567537,7.778898,-4.4,7.621024
1469,-4.534723,7.780684,-4.4,7.621024
1470,-4.50592,7.782463,-4.4,7.621024
1471,-4.481122,7.78605,-4.4,7.621024
1472,-4.45848,7.78986,0,-8.8
1473,-4.436977,7.790564,0,-8.8
1474,-4.409975,7.789743,0,-8.8
1475,-4.387084,7.789454,0,-8.8
1476,-4.363879,7.790259,0,-8.8
1477,-4.342133,7.792497,0,-8.8
1478,-4.32044,7.795448,0,-8.8
1479,-4.301308,7.797081,0,-8.8
1480,-4.28091,7.799277,0,-8.8
1481,-4.262725,7.802008,0,-8.8
1482,-4.243071,7.805161,0,-8.8
1483,-4.224881,7.806617,0,-8.8
1484,-4.207117,7.809855,0,-8.8
1485,-4.186996,7.816624,0,-8.8
1486,-4.162508,7.820086,0,-8.8
1487,-4.138383,7.824459,0,-8.8
1488,-4.115695,7.826118,0,-8.8
1489,-4.095294,7.83035,0,-8.8
1490,-4.073906,7.835,0,-8.8
1491,-4.053724,7.838636,0,-8.8
1492,-4.034349,7.841429,0,-8.8
1493,-4.014426,7.84149,0,-8.8
1494,-3.995714,7.839743,0,-8.8
1495,-3.975734,7.836412,0,-8.8
1496,-3.951722,7.834775,0,-8.8
1497,-3.927168,7.829036,0,-8.8
1498,-3.904257,7.822275,0,-8.8
1499,-3.882007,7.816834,0,-8.8
1500,-3.859365,7.812042,0,-8.8
1501,-3.837659,7.804896,0,-8.8
1502,-3.81805,7.79763,0,-8.8
1503,-3.798929,7.7925,0,-8.8
1504,-3.777338,7.788196,0,-8.8
1505,-3.756716,7.782155,0,-8.8
1506,-3.735447,7.773667,0,-8.8
1507,-3.715786,7.764082,0,-8.8
1508,-3.697947,7.753754,0,-8.8
1509,-3.680118,7.73986,0,-8.8
1510,-3.665083,7.724232,0,-8.8
1511,-3.649788,7.705454,0,-8.8
1512,-3.636723,7.686143,0,-8.8
1513,-3.62518,7.66642,0,-8.8
1514,-3.617309,7.648238,0,-8.8
1515,-3.6106,7.629697,0,-8.8
1516,-3.601546,7.609167,0,-8.8
1517,-3.591675,7.582834,0,-8.8
1518,-3.580752,7.552455,0,-8.8
1519,-3.569578,7.525881,0,-8.8
1520,-3.557549,7.499624,0,-8.8
1521,-3.54419,7.472208,0,-8.8
1522,-3.530725,7.440407,0,-8.8
1523,-3.516857,7.411264,0,-8.8
1524,-3.503347,7.383303,0,-8.8
1525,-3.491833,7.359834,0,-8.8
1526,-3.482538,7.338963,0,-8.8
1527,-3.474062,7.317848,0,-8.8
1528,-3.465008,7.298201,0,-8.8
1529,-3.454162,7.278629,0,-8.8
1530,-3.444942,7.261127,0,-8.8
1531,-3.431403,7.241128,0,-8.8
1532,-3.416524,7.21657,0,-8.8
1533,-3.404762,7.194666,0,-8.8
1534,-3.393076,7.173922,0,-8.8
1535,-3.380206,7.153926,0,-8.8
1536,-3.369338,7.133549,0,-8.8
1537,-3.355905,7.114573,0,-8.8
1538,-3.342376,7.09312,0,-8.8
1539,-3.330292,7.071774,0,-8.8
1540,-3.317398,7.050944,0,-8.8
1541,-3.303864,7.029795,0,-8.8
1542,-3.289274,7.006717,0,-8.8
1543,-3.275413,6.98391,0,-8.8
1544,-3.261917,6.960577,0,-8.8
1545,-3.246546,6.93789,0,-8.8
1546,-3.228811,6.915256,0,-8.8
1547,-3.211197,6.888195,0,-8.8
1548,-3.194182,6.861098,0,-8.8
1549,-3.176977,6.836311,0,-8.8
1550,-3.161185,6.813344,0,-8.8
1551,-3.148699,6.789396,0,-8.8
1552,-3.13567,6.765864,0,-8.8
1553,-3.120416,6.741446,0,-8.8
1554,-3.104549,6.714447,0,-8.8
1555,-3.088476,6.688655,0,-8.8
1556,-3.071594,6.6615,0,-8.8
1557,-3.058005,6.634831,0,-8.8
1558,-3.045798,6.609525,0,-8.8
1559,-3.034293,6.583675,0,-8.8
1560,-3.024869,6.556838,0,-8.8
1561,-3.015818,6.530544,0,-8.8
1562,-3.007677,6.5049,0,-8.8
1563,-2.999342,6.475933,0,-8.8
1564,-2.990859,6.446651,0,-8.8
1565,-2.984913,6.416846,0,-8.8
1566,-2.980293,6.387147,0,-8.8
1567,-2.97574,6.357684,0,-8.8
1568,-2.971937,6.3276,0,-8.8
1569,-2.968729,6.295223,0,-8.8
1570,-2.965884,6.266026,0,-8.8
1571,-2.962716,6.233202,0,-8.8
1572,-2.960013,6.202257,0,-8.8
1573,-2.958763,6.173516,0,-8.8
1574,-2.958278,6.144404,0,-8.8
1575,-2.957826,6.113691,0,-8.8
1576,-2.955355,6.084401,0,-8.8
1577,-2.953838,6.060663,0,-8.8
1578,-2.952064,6.036088,0,-8.8
1579,-2.948779,6.01079,0,-8.8
1580,-2.9463,5.9894,0,-8.8
1581,-2.941417,5.966914,0,-8.8
1582,-2.935678,5.944081,0,-8.8
1583,-2.930085,5.922538,0,-8.8
1584,-2.92456,5.904512,0,-8.8
1585,-2.916376,5.882504,0,-8.8
1586,-2.910949,5.859007,0,-8.8
1587,-2.903061,5.836392,0,-8.8
1588,-2.896074,5.813823,0,-8.8
1589,-2.887466,5.791435,0,-8.8
1590,-2.880719,5.769989,0,-8.8
1591,-2.872431,5.749615,0,-8.8
1592,-2.864473,5.728216,0,-8.8
1593,-2.857809,5.706552,0,-8.8
1594,-2.850384,5.684089,0,-8.8
1595,-2.84246,5.660069,0,-8.8
1596,-2.834385,5.636833,0,-8.8
1597,-2.825275,5.612753,0,-8.8
1598,-2.816144,5.587169,0,-8.8
1599,-2.806197,5.561207,0,-8.8
1600,-2.794958,5.532568,0,-8.8
1601,-2.783799,5.503298,0,-8.8
1602,-2.769741,5.476132,0,-8.8
1603,-2.754381,5.4486,0,-8.8
1604,-2.739676,5.420253,0,-8.8
1605,-2.728992,5.39424,0,-8.8
1606,-2.720076,5.370713,0,-8.8
1607,-2.708636,5.345389,0,-8.8
1608,-2.694614,5.31846,0,-8.8
1609,-2.681935,5.293499,0,-8.8
1610,-2.670946,5.2664,0,-8.8
1611,-2.659714,5.239184,0,-8.8
1612,-2.649265,5.211611,0,-8.8
1613,-2.639087,5.185053,0,-8.8
1614,-2.630283,5.1567,0,-8.8
1615,-2.623422,5.128002,0,-8.8
1616,-2.618404,5.10013,0,-8.8
1617,-2.611313,5.074231,0,-8.8
1618,-2.605364,5.044414,0,-8.8
1619,-2.601022,5.013848,0,-8.8
1620,-2.599072,4.982412,0,-8.8
1621,-2.597999,4.950778,0,-8.8
1622,-2.59564,4.918537,0,-8.8
1623,-2.5931,4.886702,0,-8.8
1624,-2.592437,4.854815,0,-8.8
1625,-2.592039,4.822232,0,-8.8
1626,-2.589971,4.78995,0,-8.8
1627,-2.58813,4.757466,0,-8.8
1628,-2.585221,4.726037,0,-8.8
1629,-2.582681,4.695024,0,-8.8
1630,-2.58003,4.664529,0,-8.8
1631,-2.577661,4.637348,0,-8.8
1632,-2.57508,4.611639,0,-8.8
1633,-2.573094,4.588743,0,-8.8
1634,-2.570029,4.566393,0,-8.8
1635,-2.566121,4.545192,0,-8.8
1636,-2.559989,4.522859,0,-8.8
1637,-2.554183,4.501102,0,-8.8
1638,-2.550132,4.48305,0,-8.8
1639,-2.542283,4.462664,0,-8.8
1640,-2.532587,4.439269,0,-8.8
1641,-2.524137,4.413502,0,-8.8
1642,-2.514924,4.391277,0,-8.8
1643,-2.506917,4.3706,0,-8.8
1644,-2.500231,4.348208,0,-8.8
1645,-2.492678,4.324859,0,-8.8
1646,-2.485178,4.302738,0,-8.8
1647,-2.478706,4.279144,0,-8.8
1648,-2.472017,4.255276,0,-8.8
1649,-2.465054,4.229259,0,-8.8
1650,-2.458905,4.20473,0,-8.8
1651,-2.451157,4.179277,0,-8.8
1652,-2.4421,4.154379,0,-8.8
1653,-2.431726,4.129206,0,-8.8
1654,-2.421595,4.103233,0,-8.8
1655,-2.409906,4.073524,0,-8.8
1656,-2.39776,4.043694,0,-8.8
1657,-2.383754,4.016755,0,-8.8
1658,-2.371,3.989887,0,-8.8
1659,-2.358514,3.962546,0,-8.8
1660,-2.346342,3.93693,0,-8.8
1661,-2.332782,3.911112,0,-8.8
1662,-2.320379,3.883494,0,-8.8
1663,-2.305347,3.856658,0,-8.8
1664,-2.292067,3.828393,0,-8.8
1665,-2.280328,3.800337,0,-8.8
1666,-2.269058,3.775374,0,-8.8
1667,-2.257686,3.74778,0,-8.8
1668,-2.249379,3.719422,0,-8.8
1669,-2.240363,3.692596,0,-8.8
1670,-2.232604,3.665778,0,-8.8
1671,-2.22646,3.639038,0,-8.8
1672,-2.219699,3.60883,0,-8.8
1673,-2.214424,3.578013,0,-8.8
1674,-2.210546,3.546092,0,-8.8
1675,-2.208048,3.512703,0,-8.8
1676,-2.204742,3.48053,0,-8.8
1677,-2.201503,3.44925,0,-8.8
1678,-2.198722,3.416792,0,-8.8
1679,-2.195536,3.385976,0,-8.8
1680,-2.191809,3.352216,0,-8.8
1681,-2.188574,3.319849,0,-8.8
1682,-2.186466,3.286411,0,-8.8
1683,-2.184298,3.253832,0,-8.8
1684,-2.181721,3.220074,0,-8.8
1685,-2.176867,3.190784,0,-8.8
1686,-2.172796,3.165751,0,-8.8
1687,-2.170116,3.143117,0,-8.8
1688,-2.166683,3.119549,0,-8.8
1689,-2.16321,3.100088,0,-8.8
1690,-2.157638,3.08134,0,-8.8
1691,-2.15152,3.060114,0,-8.8
1692,-2.144447,3.03579,0,-8.8
1693,-2.138357,3.011064,0,-8.8
1694,-2.132395,2.987292,0,-8.8
1695,-2.12599,2.964134,0,-8.8
1696,-2.116089,2.940912,0,-8.8
1697,-2.105437,2.916108,0,-8.8
1698,-2.096942,2.892008,0,-8.8
1699,-2.088865,2.866324,0,-8.8
1700,-2.081139,2.84076,0,-8.8
1701,-2.073438,2.815276,0,-8.8
1702,-2.067535,2.790907,0,-8.8
1703,-2.059385,2.764326,0,-8.8
1704,-2.049871,2.739631,0,-8.8
1705,-2.037332,2.713407,0,-8.8
1706,-2.024333,2.687653,0,-8.8
1707,-2.012065,2.65992,0,-8.8
1708,-1.998688,2.631809,0,-8.8
1709,-1.985663,2.605594,0,-8.8
1710,-1.974318,2.575335,0,-8.8
1711,-1.96211,2.545084,0,-8.8
1712,-1.949986,2.518343,0,-8.8
1713,-1.936927,2.492626,0,-8.8
1714,-1.924112,2.464917,0,-8.8
1715,-1.911745,2.434621,0,-8.8
1716,-1.896745,2.405741,0,-8.8
1717,-1.884317,2.380852,0,-8.8
1718,-1.872408,2.354582,0,-8.8
1719,-1.861651,2.327204,0,-8.8
1720,-1.851179,2.29889,0,-8.8
1721,-1.841426,2.270124,0,-8.8
1722,-1.833559,2.243275,0,-8.8
1723,-1.825375,2.21436,0,-8.8
1724,-1.818238,2.184416,0,-8.8
1725,-1.812709,2.156056,0,-8.8
1726,-1.80633,2.125337,0,-8.8
1727,-1.80022,2.09506,0,-8.8
1728,-1.795339,2.066753,0,-8.8
1729,-1.791058,2.035854,0,-8.8
1730,-1.787224,2.005031,0,-8.8
1731,-1.783773,1.973142,0,-8.8
1732,-1.781372,1.942568,0,-8.8
1733,-1.777819,1.912423,0,-8.8
1734,-1.772711,1.884653,0,-8.8
1735,-1.769963,1.851217,0,-8.8
1736,-1.768155,1.817376,0,-8.8
1737,-1.765842,1.787422,0,-8.8
1738,-1.762591,1.76029,0,-8.8
1739,-1.759788,1.736304,0,-8.8
1740,-1.758088,1.713806,0,-8.8
1741,-1.752589,1.693082,0,-8.8
1742,-1.746659,1.672214,0,-8.8
1743,-1.742294,1.648636,0,-8.8
1744,-1.73799,1.628437,0,-8.8
1745,-1.730154,1.611366,0,-8.8
1746,-1.721171,1.586665,0,-8.8
1747,-1.713388,1.560065,0,-8.8
1748,-1.706322,1.538535,0,-8.8
1749,-1.69967,1.519241,0,-8.8
1750,-1.693169,1.499296,0,-8.8
1751,-1.68695,1.478756,0,-8.8
1752,-1.678382,1.457268,0,-8.8
1753,-1.670264,1.433015,0,-8.8
1754,-1.662158,1.411174,0,-8.8
1755,-1.652727,1.389418,0,-8.8
1756,-1.643947,1.365036,0,-8.8
1757,-1.633044,1.337562,0,-8.8
1758,-1.623779,1.311938,0,-8.8
1759,-1.615049,1.288272,0,-8.8
1760,-1.604167,1.261156,0,-8.8
1761,-1.592821,1.234225,0,-8.8
1762,-1.579802,1.20645,0,-8.8
1763,-1.564416,1.179893,0,-8.8
1764,-1.551056,1.151974,0,-8.8
1765,-1.542387,1.127193,0,-8.8
1766,-1.530665,1.101174,0,-8.8
1767,-1.517519,1.081317,0,-8.8
1768,-1.503435,1.058379,0,-8.8
1769,-1.489002,1.03306,0,-8.8
1770,-1.477693,1.008069,0,-8.8
1771,-1.46414,0.9840939,0,-8.8
1772,-1.450357,0.9584832,0,-8.8
1773,-1.436611,0.9317974,0,-8.8
1774,-1.42507,0.9033322,0,-8.8
1775,-1.413387,0.8776605,0,-8.8
1776,-1.405785,0.8529271,0,-8.8
1777,-1.400025,0.8281847,0,-8.8
1778,-1.395116,0.8027138,0,-8.8
1779,-1.390493,0.7760671,0,-8.8
1780,-1.388022,0.7456781,0,-8.8
1781,-1.384598,0.7149119,0,-8.8
1782,-1.381752,0.6852705,0,-8.8
1783,-1.379613,0.6554037,0,-8.8
1784,-1.377632,0.6234145,0,-8.8
1785,-1.375148,0.5923767,0,-8.8
1786,-1.372954,0.5623438,0,-8.8
1787,-1.372369,0.530549,0,-8.8
1788,-1.373007,0.4997573,0,-8.8
1789,-1.373029,0.4685992,0,-8.8
1790,-1.37248,0.4409717,0,-8.8
1791,-1.371967,0.4163283,0,-8.8
1792,-1.371274,0.3879585,0,-8.8
1793,-1.370358,0.3595603,0,-8.8
1794,-1.367186,0.333405,0,-8.8
1795,-1.362525,0.305801,0,-8.8
1796,-1.358001,0.2829615,0,-8.8
1797,-1.355265,0.2607974,0,-8.8
1798,-1.351385,0.2410969,0,-8.8
1799,-1.347796,0.2189548,0,-8.8
1800,-1.3436,0.194537,0,-8.8
1801,-1.338423,0.170044,0,-8.8
1802,-1.330794,0.1451198,0,-8.8
1803,-1.323308,0.120722,0,-8.8
1804,-1.315813,0.09783801,0,-8.8
1805,-1.308992,0.07657945,0,-8.8
1806,-1.30307,0.057639,0,-8.8
1807,-1.295719,0.03726101,0,-8.8
1808,-1.286775,0.01432536,0,-8.8
1809,-1.278786,-0.009370238,0,-8.8
1810,-1.270888,-0.03381619,0,-8.8
1811,-1.263927,-0.05870296,0,-8.8
1812,-1.255867,-0.08360021,0,-8.8
1813,-1.245214,-0.1131908,0,-8.8
1814,-1.23408,-0.1414206,0,-8.8
1815,-1.220998,-0.169808,0,-8.8
1816,-1.212206,-0.1972213,0,-8.8
1817,-1.203039,-0.2239822,0,-8.8
1818,-1.191584,-0.2476255,0,-8.8
1819,-1.179525,-0.2727985,0,-8.8
1820,-1.167567,-0.2977568,0,-8.8
1821,-1.155259,-0.3246529,0,-8.8
1822,-1.141603,-0.3516669,0,-8.8
1823,-1.130561,-0.377252,0,-8.8
1824,-1.118577,-0.404491,0,-8.8
1825,-1.108032,-0.4314265,0,-8.8
1826,-1.096261,-0.4583611,0,-8.8
1827,-1.08743,-0.4871483,0,-8.8
1828,-1.079768,-0.5112397,0,-8.8
1829,-1.071967,-0.5371348,0,-8.8
1830,-1.064072,-0.5654839,0,-8.8
1831,-1.059389,-0.5943172,0,-8.8
1832,-1.054963,-0.6218867,0,-8.8
1833,-1.051295,-0.650871,0,-8.8
1834,-1.049207,-0.6801451,0,-8.8
1835,-1.048092,-0.712569,0,-8.8
1836,-1.045228,-0.7461361,0,-8.8
1837,-1.041608,-0.7781274,0,-8.8
1838,-1.038034,-0.8100795,0,-8.8
1839,-1.036385,-0.842565,0,-8.8
1840,-1.037872,-0.8736666,0,-8.8
1841,-1.038542,-0.9041062,0,-8.8
1842,-1.037878,-0.9345762,0,-8.8
1843,-1.038471,-0.9665805,0,-8.8
1844,-1.038082,-0.9961193,0,-8.8
1845,-1.037711,-1.024443,0,-8.8
1846,-1.035838,-1.04807,0,-8.8
1847,-1.031891,-1.069396,0,-8.8
1848,-1.030224,-1.092597,0,-8.8
1849,-1.027048,-1.114221,0,-8.8
1850,-1.024755,-1.135479,0,-8.8
1851,-1.022165,-1.15683,0,-8.8
1852,-1.019556,-1.175846,0,-8.8
1853,-1.015069,-1.198689,0,-8.8
1854,-1.007581,-1.224711,0,-8.8
1855,-0.9995226,-1.249669,0,-8.8
1856,-0.9911706,-1.271835,0,-8.8
1857,-0.9846658,-1.292767,0,-8.8
1858,-0.9771089,-1.31533,0,-8.8
1859,-0.9693318,-1.338975,0,-8.8
1860,-0.9632057,-1.359889,0,-8.8
1861,-0.9553714,-1.383487,0,-8.8
1862,-0.9480745,-1.406096,0,-8.8
1863,-0.9397156,-1.432475,0,-8.8
1864,-0.9307157,-1.460089,0,-8.8
1865,-0.9206535,-1.487433,0,-8.8
1866,-0.9099861,-1.514893,0,-8.8
1867,-0.8975896,-1.542538,0,-8.8
1868,-0.8818945,-1.57146,0,-8.8
1869,-0.8685682,-1.600349,0,-8.8
1870,-0.8558932,-1.629705,0,-8.8
1871,-0.8438539,-1.65869,0,-8.8
1872,-0.8331773,-1.686926,0,-8.8
1873,-0.8207927,-1.711263,0,-8.8
1874,-0.8075026,-1.73496,0,-8.8
1875,-0.7945644,-1.757878,0,-8.8
1876,-0.7832518,-1.78434,0,-8.8
1877,-0.7701145,-1.812412,0,-8.8
1878,-0.7578003,-1.839401,0,-8.8
1879,-0.745875,-1.864063,0,-8.8
1880,-0.7343045,-1.890437,0,-8.8
1881,-0.7236684,-1.915557,0,-8.8
1882,-0.712832,-1.940631,0,-8.8
1883,-0.70331,-1.966226,0,-8.8
1884,-0.695354,-1.991111,0,-8.8
1885,-0.6873884,-2.015919,0,-8.8
1886,-0.680213,-2.044374,0,-8.8
1887,-0.6736224,-2.074938,0,-8.8
1888,-0.6679831,-2.105466,0,-8.8
1889,-0.6628224,-2.135724,0,-8.8
1890,-0.6583408,-2.162847,0,-8.8
1891,-0.6535966,-2.19267,0,-8.8
1892,-0.6493353,-2.222262,0,-8.8
1893,-0.6431251,-2.253697,0,-8.8
1894,-0.6379176,-2.287405,0,-8.8
1895,-0.6321106,-2.320585,0,-8.8
1896,-0.6264774,-2.352194,0,-8.8
1897,-0.6212386,-2.38441,0,-8.8
1898,-0.6167321,-2.414654,0,-8.8
1899,-0.6132204,-2.444459,0,-8.8
1900,-0.6082646,-2.471165,0,-8.8
1901,-0.6017058,-2.495455,0,-8.8
1902,-0.5937456,-2.52142,0,-8.8
1903,-0.5847985,-2.546369,0,-8.8
1904,-0.5768288,-2.569206,0,-8.8
1905,-0.5687594,-2.592459,0,-8.8
1906,-0.5600933,-2.611754,0,-8.8
1907,-0.5520974,-2.633896,0,-8.8
1908,-0.5439908,-2.65578,0,-8.8
1909,-0.535419,-2.677301,0,-8.8
1910,-0.5265964,-2.699043,0,-8.8
1911,-0.5170523,-2.719115,0,-8.8
1912,-0.5086443,-2.739464,0,-8.8
1913,-0.4989454,-2.759768,0,-8.8
1914,-0.4893604,-2.777551,0,-8.8
1915,-0.4794281,-2.798912,0,-8.8
1916,-0.4682018,-2.820765,0,-8.8
1917,-0.4558718,-2.843192,0,-8.8
1918,-0.4436648,-2.86629,0,-8.8
1919,-0.4299503,-2.890752,0,-8.8
1920,-0.4147843,-2.915311,0,-8.8
1921,-0.3985412,-2.941451,0,-8.8
1922,-0.3839067,-2.967214,0,-8.8
1923,-0.3690463,-2.99167,0,-8.8
1924,-0.3542249,-3.01841,0,-8.8
1925,-0.3371981,-3.044661,0,-8.8
1926,-0.3211134,-3.070485,0,-8.8
1927,-0.3047662,-3.094452,0,-8.8
1928,-0.2886003,-3.119403,0,-8.8
1929,-0.2714661,-3.14437,0,-8.8
1930,-0.2536145,-3.170932,0,-8.8
1931,-0.2390816,-3.199368,0,-8.8
1932,-0.2258019,-3.225122,0,-8.8
1933,-0.2122618,-3.251493,0,-8.8
1934,-0.1996828,-3.275906,0,-8.8
1935,-0.1870158,-3.303409,0,-8.8
1936,-0.176342,-3.329448,0,-8.8
1937,-0.1665215,-3.356825,0,-8.8
1938,-0.1572867,-3.384661,0,-8.8
1939,-0.1498987,-3.411602,0,-8.8
1940,-0.1427977,-3.440193,0,-8.8
1941,-0.1366978,-3.470621,0,-8.8
1942,-0.1313323,-3.502071,0,-8.8
1943,-0.1241213,-3.531469,0,-8.8
1944,-0.1175453,-3.561033,0,-8.8
1945,-0.1117259,-3.592579,0,-8.8
1946,-0.1070633,-3.626333,0,-8.8
1947,-0.1034614,-3.65956,0,-8.8
1948,-0.09834242,-3.694035,0,-8.8
1949,-0.09383898,-3.729016,0,-8.8
1950,-0.09049487,-3.762849,0,-8.8
1951,-0.08525461,-3.792817,0,-8.8
1952,-0.08080015,-3.823362,0,-8.8
1953,-0.07778011,-3.853431,0,-8.8
1954,-0.07518692,-3.878807,0,-8.8
1955,-0.07010569,-3.904276,0,-8.8
1956,-0.06753049,-3.928076,0,-8.8
1957,-0.06128976,-3.952611,0,-8.8
1958,-0.05165279,-3.976042,0,-8.8
1959,-0.04359018,-4.001687,0,-8.8
1960,-0.03601538,-4.02305,0,-8.8
1961,-0.02820496,-4.044571,0,-8.8
1962,-0.0203567,-4.068368,0,-8.8
1963,-0.01225889,-4.091529,0,-8.8
1964,-0.004308218,-4.113569,0,-8.8
1965,0.005417062,-4.136642,0,-8.8
1966,0.01633942,-4.16009,0,-8.8
1967,0.02516077,-4.181697,0,-8.8
1968,0.03437223,-4.199763,0,-8.8
1969,0.04367913,-4.219278,0,-8.8
1970,0.05312769,-4.238741,0,-8.8
1971,0.06485722,-4.261972,0,-8.8
1972,0.07593291,-4.286753,0,-8.8
1973,0.08666587,-4.312011,0,-8.8
1974,0.09843905,-4.336884,0,-8.8
1975,0.1101664,-4.366002,0,-8.8
1976,0.1224361,-4.395172,0,-8.8
1977,0.1334999,-4.422024,0,-8.8
1978,0.1433417,-4.449534,0,-8.8
1979,0.1555373,-4.475398,0,-8.8
1980,0.1687754,-4.50028,0,-8.8
1981,0.1823674,-4.524846,0,-8.8
1982,0.1948926,-4.54998,0,-8.8
1983,0.2073246,-4.572529,0,-8.8
1984,0.2209839,-4.595839,0,-8.8
1985,0.2342946,-4.623041,0,-8.8
1986,0.2458631,-4.650681,0,-8.8
1987,0.2580517,-4.674682,0,-8.8
1988,0.2680613,-4.701678,0,-8.8
1989,0.2768975,-4.730494,0,-8.8
1990,0.2820622,-4.759552,0,-8.8
1991,0.2881543,-4.785676,0,-8.8
1992,0.2936237,-4.81324,0,-8.8
1993,0.2978028,-4.842118,0,-8.8
1994,0.3002968,-4.870886,0,-8.8
1995,0.3023103,-4.902526,0,-8.8
1996,0.3041517,-4.933557,0,-8.8
1997,0.3036176,-4.964542,0,-8.8
1998,0.3028368,-4.995529,0,-8.8
1999,0.302121,-5.024251,0,-8.8
2000,0.3007461,-5.053575,0,-8.8
2001,0.2984074,-5.083941,0,-8.8
2002,0.2957857,-5.117299,0,-8.8
2003,0.294419,-5.151004,0,-8.8
2004,0.2924418,-5.182364,0,-8.8
2005,0.2893521,-5.2126,0,-8.8
2006,0.2862877,-5.24229,0,-8.8
2007,0.2846554,-5.266717,0,-8.8
2008,0.2845486,-5.289976,0,-8.8
2009,0.2846432,-5.313501,0,-8.8
2010,0.2877761,-5.334879,0,-8.8
2011,0.2895238,-5.356868,0,-8.8
2012,0.2895363,-5.377408,0,-8.8
2013,0.2896496,-5.398878,0,-8.8
2014,0.2916454,-5.421436,0,-8.8
2015,0.2943897,-5.443962,0,-8.8
2016,0.2959132,-5.465524,0,-8.8
2017,0.2999973,-5.488786,0,-8.8
2018,0.3028784,-5.512048,0,-8.8
2019,0.3059254,-5.534379,0,-8.8
2020,0.310122,-5.55917,0,-8.8
2021,0.3137396,-5.583421,0,-8.8
2022,0.316121,-5.608223,0,-8.8
2023,0.3196212,-5.632488,0,-8.8
2024,0.322832,-5.656172,0,-8.8
2025,0.3248787,-5.681787,0,-8.8
2026,0.3284996,-5.708069,0,-8.8
2027,0.3320429,-5.733454,0,-8.8
2028,0.3354855,-5.761034,0,-8.8
2029,0.3394489,-5.786263,0,-8.8
2030,0.3460277,-5.812737,0,-8.8
2031,0.3531889,-5.843376,0,-8.8
2032,0.3586673,-5.874748,0,-8.8
2033,0.3655972,-5.904246,0,-8.8
2034,0.3724219,-5.933667,0,-8.8
2035,0.3772096,-5.957782,0,-8.8
2036,0.3836881,-5.982795,0,-8.8
2037,0.3896319,-6.010366,0,-8.8
2038,0.3965546,-6.036626,0,-8.8
2039,0.4029031,-6.064829,0,-8.8
2040,0.4068039,-6.093674,0,-8.8
2041,0.4127192,-6.123088,0,-8.8
2042,0.4172681,-6.150995,0,-8.8
2043,0.4199399,-6.179566,0,-8.8
2044,0.4219229,-6.206876,0,-8.8
2045,0.4234473,-6.233927,0,-8.8
2046,0.4226431,-6.262941,0,-8.8
2047,0.4213232,-6.292457,0,-8.8
2048,0.4177329,-6.32365,0,-8.8
2049,0.4143046,-6.355437,0,-8.8
2050,0.4112463,-6.387706,0,-8.8
2051,0.4050926,-6.419657,0,-8.8
2052,0.3999943,-6.452745,0,-8.8
2053,0.3949074,-6.48448,0,-8.8
2054,0.3904884,-6.514523,0,-8.8
2055,0.3850632,-6.5438,0,-8.8
2056,0.3786905,-6.573293,0,-8.8
2057,0.372276,-6.605924,0,-8.8
2058,0.3637939,-6.636925,0,-8.8
2059,0.3572308,-6.667959,0,-8.8
2060,0.350182,-6.700365,0,-8.8
2061,0.3456406,-6.726918,0,-8.8
2062,0.3425286,-6.751687,0,-8.8
2063,0.3381149,-6.775989,0,-8.8
2064,0.336217,-6.797523,0,-8.8
2065,0.3342071,-6.818117,0,-8.8
2066,0.3349274,-6.841023,0,-8.8
2067,0.3355889,-6.865547,0,-8.8
2068,0.3375143,-6.890622,0,-8.8
2069,0.3382297,-6.917026,0,-8.8
2070,0.3391528,-6.940111,0,-8.8
2071,0.3386675,-6.96176,0,-8.8
2072,0.3383068,-6.98655,0,-8.8
2073,0.3401094,-7.011776,0,-8.8
2074,0.3410308,-7.03515,0,-8.8
2075,0.3421014,-7.058046,0,-8.8
2076,0.3425298,-7.081231,0,-8.8
2077,0.3433602,-7.10641,0,-8.8
2078,0.3443602,-7.133256,0,-8.8
2079,0.3466304,-7.159529,0,-8.8
2080,0.3501316,-7.1864,0,-8.8
2081,0.3535722,-7.21386,0,-8.8
2082,0.3572533,-7.244377,0,-8.8
2083,0.3609875,-7.274841,0,-8.8
2084,0.364544,-7.306628,0,-8.8
2085,0.3685753,-7.337267,0,-8.8
2086,0.3708502,-7.36387,0,-8.8
2087,0.3749526,-7.389674,0,-8.8
2088,0.3784087,-7.415336,0,-8.8
2089,0.3830738,-7.440467,0,-8.8
2090,0.3854629,-7.466251,0,-8.8
2091,0.3909806,-7.493512,0,-8.8
2092,0.3973938,-7.522083,0,-8.8
2093,0.4027902,-7.552992,0,-8.8
2094,0.4073117,-7.5845,0,-8.8
2095,0.4107196,-7.61454,0,-8.8
2096,0.41267,-7.641287,0,-8.8
2097,0.4138945,-7.670986,0,-8.8
2098,0.4125773,-7.701678,0,-8.8
2099,0.4095322,-7.730856,0,-8.8
2100,0.4057445,-7.759208,0,-8.8
2101,0.4019773,-7.788104,0,-8.8
2102,0.3972654,-7.818562,0,-8.8
2103,0.3914697,-7.850385,0,-8.8
2104,0.3854185,-7.878675,0,-8.8
2105,0.3775394,-7.908049,0,-8.8
2106,0.3677177,-7.936925,0,-8.8
2107,0.357296,-7.966044,0,-8.8
2108,0.347474,-7.995686,0,-8.8
2109,0.3375929,-8.027123,0,-8.8
2110,0.3261845,-8.061145,0,-8.8
2111,0.3161724,-8.092089,0,-8.8
2112,0.3072841,-8.119761,0,-8.8
2113,0.3012471,-8.144543,0,-8.8
2114,0.2954774,-8.169297,0,-8.8
2115,0.2906147,-8.191152,0,-8.8
2116,0.2864444,-8.211363,0,-8.8
2117,0.281683,-8.233513,0,-8.8
2118,0.2796475,-8.255924,0,-8.8
2119,0.2787579,-8.277837,0,-8.8
2120,0.2788703,-8.298135,0,-8.8
2121,0.2776125,-8.322596,0,-8.8
2122,0.2759031,-8.348543,0,-8.8
2123,0.2737479,-8.373228,0,-8.8
2124,0.2716429,-8.39703,0,-8.8
2125,0.2709751,-8.420466,0,-8.8
2126,0.2710276,-8.444031,0,-8.8
2127,0.2716895,-8.464698,0,8.8
2128,0.2718754,-8.483897,0,8.8
2129,0.2721635,-8.501779,0,8.8
2130,0.2754796,-8.517533,0,8.8
2131,0.2798919,-8.536599,0,8.8
2132,0.2847808,-8.558358,0,8.8
2133,0.2913829,-8.580397,0,8.8
2134,0.2999383,-8.598283,0,8.8
2135,0.3098471,-8.616329,0,8.8
2136,0.3193808,-8.629556,0,8.8
2137,0.3279827,-8.642264,0,8.8
2138,0.3320957,-8.66234,0,8.8
2139,0.3303862,-8.686651,0,8.8
2140,0.3205748,-8.711733,0,8.8
2141,0.3067539,-8.733982,0,8.8
2142,0.2923864,-8.75172,0,8.8
2143,0.28014,-8.76761,0,8.8
2144,0.2691969,-8.783656,0,8.8
2145,0.2583199,-8.79518,0,8.8
2146,0.2479875,-8.804385,0,8.8
2147,0.2368977,-8.812154,0,8.8
2148,0.2246667,-8.818045,0,8.8
2149,0.2146123,-8.822823,0,8.8
2150,0.2029833,-8.825915,0,8.8
2151,0.191302,-8.827539,0,8.8
2152,0.1788224,-8.826283,0,8.8
2153,0.166778,-8.822474,0,8.8
2154,0.1545083,-8.815164,0,8.8
2155,0.1413442,-8.804421,0,8.8
2156,0.1279969,-8.794049,0,8.8
2157,0.1156887,-8.78227,0,8.8
2158,0.1050215,-8.768147,0,8.8
2159,0.09494424,-8.754162,0,8.8
2160,0.08365303,-8.739847,0,8.8
2161,0.07185429,-8.724576,0,8.8
2162,0.05811992,-8.706934,0,8.8
2163,0.04400694,-8.687576,0,8.8
2164,0.03093304,-8.667776,0,8.8
2165,0.01903069,-8.646994,0,8.8
2166,0.00655416,-8.627097,0,8.8
2167,-0.002439131,-8.61007,0,8.8
2168,-0.007209431,-8.597528,0,8.8
2169,-0.01328498,-8.58609,0,8.8
2170,-0.02123781,-8.573131,0,8.8
2171,-0.031152,-8.558025,0,8.8
2172,-0.04105535,-8.542902,0,8.8
2173,-0.05212594,-8.527617,0,8.8
2174,-0.06228852,-8.512379,0,8.8
2175,-0.07170159,-8.496677,0,8.8
2176,-0.08302105,-8.480662,0,8.8
2177,-0.09273245,-8.464008,0,8.8
2178,-0.1028195,-8.44718,0,8.8
2179,-0.1151739,-8.433125,0,8.8
2180,-0.1269353,-8.415857,0,8.8
2181,-0.1378759,-8.400348,0,8.8
2182,-0.1491594,-8.386035,0,8.8
2183,-0.1608071,-8.370864,0,8.8
2184,-0.1705237,-8.357661,0,8.8
2185,-0.1803603,-8.344928,0,8.8
2186,-0.1921751,-8.330546,0,8.8
2187,-0.2019352,-8.316834,0,8.8
2188,-0.2116781,-8.301276,0,8.8
2189,-0.2220061,-8.285734,0,8.8
2190,-0.2345699,-8.268345,0,8.8
2191,-0.2462969,-8.24888,0,8.8
2192,-0.2582794,-8.228602,0,8.8
2193,-0.2711465,-8.20585,0,8.8
2194,-0.2868484,-8.182583,0,8.8
2195,-0.3037395,-8.158749,0,8.8
2196,-0.3180669,-8.138771,0,8.8
2197,-0.3326375,-8.118838,0,8.8
2198,-0.3455578,-8.098593,0,8.8
2199,-0.3571677,-8.077869,0,8.8
2200,-0.3686214,-8.060073,0,8.8
2201,-0.3793518,-8.039922,0,8.8
2202,-0.3913316,-8.019629,0,8.8
2203,-0.4023809,-7.996903,0,8.8
2204,-0.4105178,-7.971327,0,8.8
2205,-0.4181092,-7.947526,0,8.8
2206,-0.4243861,-7.924481,0,8.8
2207,-0.4273478,-7.900599,0,8.8
2208,-0.4294914,-7.875185,0,8.8
2209,-0.4297753,-7.848059,0,8.8
2210,-0.4294776,-7.819593,0,8.8
2211,-0.4275071,-7.790521,0,8.8
2212,-0.4231606,-7.76195,0,8.8
2213,-0.4190219,-7.732892,0,8.8
2214,-0.4141147,-7.705055,0,8.8
2215,-0.4064972,-7.676084,0,8.8
2216,-0.4001936,-7.645661,0,8.8
2217,-0.3930791,-7.614668,0,8.8
2218,-0.3864365,-7.584949,0,8.8
2219,-0.3794785,-7.553374,0,8.8
2220,-0.3740597,-7.523623,0,8.8
2221,-0.3681507,-7.493249,0,8.8
2222,-0.3641609,-7.468475,0,8.8
2223,-0.3612182,-7.443514,0,8.8
2224,-0.3608707,-7.418077,0,8.8
2225,-0.361717,-7.393596,0,8.8
2226,-0.3632134,-7.373274,0,8.8
2227,-0.3630545,-7.352911,0,8.8
2228,-0.3636926,-7.332755,0,8.8
2229,-0.364375,-7.310364,0,8.8
2230,-0.3640035,-7.285759,0,8.8
2231,-0.3680401,-7.260882,0,8.8
2232,-0.3699551,-7.238197,0,8.8
2233,-0.3719073,-7.214544,0,8.8
2234,-0.3740944,-7.190593,0,8.8
2235,-0.3766328,-7.167282,0,8.8
2236,-0.3793272,-7.144741,0,8.8
2237,-0.3819658,-7.119868,0,8.8
2238,-0.3860381,-7.094574,0,8.8
2239,-0.3892719,-7.070038,0,8.8
2240,-0.3923115,-7.045557,0,8.8
2241,-0.397249,-7.020075,0,8.8
2242,-0.4017886,-6.993322,0,8.8
2243,-0.4069492,-6.963414,0,8.8
2244,-0.4130297,-6.931733,0,8.8
2245,-0.4211606,-6.899236,0,8.8
2246,-0.4287163,-6.867049,0,8.8
2247,-0.436626,-6.836423,0,8.8
2248,-0.4434105,-6.808878,0,8.8
2249,-0.447454,-6.784772,0,8.8
2250,-0.4509779,-6.758864,0,8.8
2251,-0.4581743,-6.732389,0,8.8
2252,-0.4648398,-6.708415,0,8.8
2253,-0.4730693,-6.683742,0,8.8
2254,-0.4785157,-6.660476,0,8.8
2255,-0.4861984,-6.637109,0,8.8
2256,-0.4942619,-6.612007,0,8.8
2257,-0.501442,-6.586448,0,8.8
2258,-0.5063441,-6.561934,0,8.8
2259,-0.5102951,-6.536138,0,8.8
2260,-0.5128238,-6.509601,0,8.8
2261,-0.5160766,-6.480084,0,8.8
2262,-0.5165454,-6.451045,0,8.8
2263,-0.515113,-6.422284,0,8.8
2264,-0.5144445,-6.393102,0,8.8
2265,-0.511977,-6.362498,0,8.8
2266,-0.5083694,-6.331969,0,8.8
2267,-0.5020657,-6.299516,0,8.8
2268,-0.4964795,-6.265686,0,8.8
2269,-0.4920325,-6.235978,0,8.8
2270,-0.487583,-6.204189,0,8.8
2271,-0.4819755,-6.170053,0,8.8
2272,-0.4755184,-6.137498,0,8.8
2273,-0.4676218,-6.109082,0,8.8
2274,-0.4613365,-6.083118,0,8.8
2275,-0.4553605,-6.054722,0,8.8
2276,-0.4540685,-6.028652,0,8.8
2277,-0.4532118,-6.005229,0,8.8
2278,-0.4525002,-5.982266,0,8.8
2279,-0.451996,-5.960545,0,8.8
2280,-0.4490023,-5.937545,0,8.8
2281,-0.4470181,-5.916945,0,8.8
2282,-0.4476263,-5.895215,0,8.8
2283,-0.4461109,-5.869934,0,8.8
2284,-0.4458348,-5.843351,0,8.8
2285,-0.4475062,-5.815876,0,8.8
2286,-0.4500185,-5.789526,0,8.8
2287,-0.4529844,-5.765059,0,8.8
2288,-0.4579075,-5.740603,0,8.8
2289,-0.4615779,-5.717669,0,8.8
2290,-0.4628769,-5.695967,0,8.8
2291,-0.4638037,-5.672572,0,8.8
2292,-0.4634839,-5.647843,0,8.8
2293,-0.4641186,-5.62203,0,8.8
2294,-0.4632681,-5.598696,0,8.8
2295,-0.4648862,-5.572259,0,8.8
2296,-0.4680148,-5.545771,0,8.8
2297,-0.4713388,-5.520753,0,8.8
2298,-0.4754035,-5.495112,0,8.8
2299,-0.4818466,-5.46589,0,8.8
2300,-0.490467,-5.434962,0,8.8
2301,-0.4976934,-5.405581,0,8.8
2302,-0.5054198,-5.376937,0,8.8
2303,-0.5139096,-5.349288,0,8.8
2304,-0.5198579,-5.318825,0,8.8
2305,-0.5258569,-5.289906,0,8.8
2306,-0.5317441,-5.26122,0,8.8
2307,-0.5421398,-5.233061,0,8.8
2308,-0.5515184,-5.203055,0,8.8
2309,-0.5573533,-5.169068,0,8.8
2310,-0.5620292,-5.136058,0,8.8
2311,-0.566499,-5.107391,0,8.8
2312,-0.573857,-5.079816,0,8.8
2313,-0.5794957,-5.053908,0,8.8
2314,-0.58341,-5.026287,0,8.8
2315,-0.5868344,-4.996634,0,8.8
2316,-0.5885385,-4.967515,0,8.8
2317,-0.590747,-4.938492,0,8.8
2318,-0.5918493,-4.909263,0,8.8
2319,-0.5917413,-4.87965,0,8.8
2320,-0.5901287,-4.853236,0,8.8
2321,-0.5887928,-4.824244,0,8.8
2322,-0.5887192,-4.789684,0,8.8
2323,-0.5904081,-4.753689,0,8.8
2324,-0.5936866,-4.717026,0,8.8
2325,-0.5942227,-4.680958,0,8.8
2326,-0.5935629,-4.647411,0,8.8
2327,-0.5920424,-4.613017,0,8.8
2328,-0.5899757,-4.581615,0,8.8
2329,-0.5873463,-4.550008,0,8.8
2330,-0.5865926,-4.52165,0,8.8
2331,-0.5844535,-4.494796,0,8.8
2332,-0.5816171,-4.469244,0,8.8
2333,-0.5825469,-4.444954,0,8.8
2334,-0.5857551,-4.421014,0,8.8
2335,-0.5892459,-4.399217,0,8.8
2336,-0.5928068,-4.37643,0,8.8
2337,-0.6003382,-4.351211,0,8.8
2338,-0.6049058,-4.325693,0,8.8
2339,-0.608009,-4.300524,0,8.8
2340,-0.6141095,-4.278141,0,8.8
2341,-0.6201683,-4.253634,0,8.8
2342,-0.6264638,-4.230822,0,8.8
2343,-0.6350424,-4.20427,0,8.8
2344,-0.6400339,-4.183142,0,8.8
2345,-0.6464148,-4.160937,0,8.8
2346,-0.6543877,-4.136575,0,8.8
2347,-0.6606611,-4.110822,0,8.8
2348,-0.6685712,-4.086068,0,8.8
2349,-0.6763724,-4.060999,0,8.8
2350,-0.6858823,-4.032427,0,8.8
2351,-0.697257,-4.003469,0,8.8
2352,-0.707786,-3.972567,0,8.8
2353,-0.7203089,-3.946519,0,8.8
2354,-0.7342602,-3.919628,0,8.8
2355,-0.7439638,-3.892545,0,8.8
2356,-0.7534644,-3.865402,0,8.8
2357,-0.7627246,-3.839984,0,8.8
2358,-0.7747236,-3.813927,0,8.8
2359,-0.7850706,-3.785383,0,8.8
2360,-0.7950002,-3.75946,0,8.8
2361,-0.8053032,-3.734372,0,8.8
2362,-0.8159235,-3.707943,0,8.8
2363,-0.8283502,-3.679485,0,8.8
2364,-0.840092,-3.652027,0,8.8
2365,-0.8517258,-3.624542,0,8.8
2366,-0.8623796,-3.595992,0,8.8
2367,-0.8714374,-3.569565,0,8.8
2368,-0.8787577,-3.544125,0,8.8
2369,-0.8851522,-3.518026,0,8.8
2370,-0.8888261,-3.487227,0,8.8
2371,-0.8915158,-3.45732,0,8.8
2372,-0.8911081,-3.427331,0,8.8
2373,-0.8900917,-3.397648,0,8.8
2374,-0.8895378,-3.36686,0,8.8
2375,-0.8886413,-3.333735,0,8.8
2376,-0.8867304,-3.30185,0,8.8
2377,-0.8847525,-3.267061,0,8.8
2378,-0.8851508,-3.230873,0,8.8
2379,-0.884751,-3.195522,0,8.8
2380,-0.8830315,-3.161527,0,8.8
2381,-0.8809627,-3.125466,0,8.8
2382,-0.8793566,-3.090988,0,8.8
2383,-0.8779045,-3.057334,0,8.8
2384,-0.8748398,-3.027754,0,8.8
2385,-0.8727946,-3.003586,0,8.8
2386,-0.8737884,-2.981105,0,8.8
2387,-0.8767915,-2.956506,0,8.8
2388,-0.8774722,-2.93377,0,8.8
2389,-0.8816162,-2.916581,0,8.8
2390,-0.8861608,-2.894162,0,8.8
2391,-0.8892859,-2.870118,0,8.8
2392,-0.8932415,-2.844053,0,8.8
2393,-0.8970934,-2.817368,0,8.8
2394,-0.9027863,-2.79299,0,8.8
2395,-0.9064262,-2.772501,0,8.8
2396,-0.911348,-2.74882,0,8.8
2397,-0.9170713,-2.725535,0,8.8
2398,-0.9234809,-2.699225,0,8.8
2399,-0.92836,-2.675615,0,8.8
2400,-0.931738,-2.653673,0,8.8
2401,-0.936559,-2.62985,0,8.8
2402,-0.9429203,-2.602612,0,8.8
2403,-0.9481792,-2.578602,0,8.8
2404,-0.9535875,-2.551929,0,8.8
2405,-0.9597648,-2.522744,0,8.8
2406,-0.9665359,-2.491931,0,8.8
2407,-0.9753319,-2.459656,0,8.8
2408,-0.9854069,-2.428593,0,8.8
2409,-0.9933297,-2.399145,0,8.8
2410,-1.001338,-2.372906,0,8.8
2411,-1.012297,-2.346931,0,8.8
2412,-1.021347,-2.319197,0,8.8
2413,-1.031405,-2.288133,0,8.8
2414,-1.043285,-2.258595,0,8.8
2415,-1.054447,-2.229476,0,8.8
2416,-1.061766,-2.199307,0,8.8
2417,-1.06892,-2.174824,0,8.8
2418,-1.076556,-2.148539,0,8.8
2419,-1.083023,-2.120346,0,8.8
2420,-1.086358,-2.09083,0,8.8
2421,-1.086757,-2.06027,0,8.8
2422,-1.086558,-2.030492,0,8.8
2423,-1.085132,-1.999969,0,8.8
2424,-1.082674,-1.968019,0,8.8
2425,-1.08037,-1.935227,0,8.8
2426,-1.076479,-1.903724,0,8.8
2427,-1.073663,-1.871635,0,8.8
2428,-1.07096,-1.841007,0,8.8
2429,-1.068861,-1.810679,0,8.8
2430,-1.065558,-1.77874,0,8.8
2431,-1.059349,-1.745633,0,8.8
2432,-1.053685,-1.71344,0,8.8
2433,-1.047207,-1.681803,0,8.8
2434,-1.040011,-1.651747,0,8.8
2435,-1.03606,-1.626315,0,8.8
2436,-1.033495,-1.60034,0,8.8
2437,-1.032624,-1.576257,0,8.8
2438,-1.031062,-1.550024,0,8.8
2439,-1.032655,-1.529034,0,8.8
2440,-1.033538,-1.50845,0,8.8
2441,-1.036014,-1.487604,0,8.8
2442,-1.03931,-1.462223,0,8.8
2443,-1.04192,-1.439358,0,8.8
2444,-1.042891,-1.415601,0,8.8
2445,-1.043581,-1.391543,0,8.8
2446,-1.047588,-1.369469,0,8.8
2447,-1.05388,-1.348215,0,8.8
2448,-1.062306,-1.326444,0,8.8
2449,-1.070439,-1.305179,0,8.8
2450,-1.079008,-1.281856,0,8.8
2451,-1.08413,-1.262134,0,8.8
2452,-1.090496,-1.238392,0,8.8
2453,-1.0985,-1.212883,0,8.8
2454,-1.1037,-1.188943,0,8.8
2455,-1.111124,-1.162986,0,8.8
2456,-1.118987,-1.138036,0,8.8
2457,-1.126947,-1.113493,0,8.8
2458,-1.134485,-1.087086,0,8.8
2459,-1.139799,-1.061839,0,8.8
2460,-1.146806,-1.038332,0,8.8
2461,-1.154211,-1.016555,0,8.8
2462,-1.161877,-0.9947565,0,8.8
2463,-1.170434,-0.9689452,0,8.8
2464,-1.178442,-0.9440389,0,8.8
2465,-1.186025,-0.9153874,0,8.8
2466,-1.195131,-0.8876417,0,8.8
2467,-1.203404,-0.8633778,0,8.8
2468,-1.210296,-0.8383175,0,8.8
2469,-1.217875,-0.8118407,0,8.8
2470,-1.224582,-0.7857901,0,8.8
2471,-1.231272,-0.7608169,0,8.8
2472,-1.236442,-0.735156,0,8.8
2473,-1.239541,-0.7080609,0,8.8
2474,-1.242123,-0.6807397,0,8.8
2475,-1.244262,-0.6513126,0,8.8
2476,-1.24607,-0.619793,0,8.8
2477,-1.247701,-0.5890116,0,8.8
2478,-1.247041,-0.5566556,0,8.8
2479,-1.244771,-0.5244178,0,8.8
2480,-1.241984,-0.4970231,0,8.8
2481,-1.23919,-0.4680082,0,8.8
2482,-1.236811,-0.4391458,0,8.8
2483,-1.234302,-0.408545,0,8.8
2484,-1.229915,-0.3770195,0,8.8
2485,-1.226374,-0.3459097,0,8.8
2486,-1.222062,-0.315961,0,8.8
2487,-1.221493,-0.2875417,0,8.8
2488,-1.221718,-0.2610101,0,8.8
2489,-1.221004,-0.2393841,0,8.8
2490,-1.220538,-0.2157452,0,8.8
2491,-1.220802,-0.1947254,0,8.8
2492,-1.222728,-0.175169,0,8.8
2493,-1.225128,-0.154785,0,8.8
2494,-1.223911,-0.1345197,0,8.8
2495,-1.224575,-0.1175373,0,8.8
2496,-1.226379,-0.09827309,0,8.8
2497,-1.22785,-0.07397758,0,8.8
2498,-1.230587,-0.049245,0,8.8
2499,-1.232475,-0.02584621,0,8.8
2500,-1.23548,-0.003540786,0,8.8
2501,-1.238089,0.01683528,0,8.8
2502,-1.241705,0.03810339,0,8.8
2503,-1.243689,0.05737668,0,8.8
2504,-1.246176,0.0783789,0,8.8
2505,-1.24924,0.1034704,0,8.8
2506,-1.249902,0.1285879,0,8.8
2507,-1.251883,0.1510993,0,8.8
2508,-1.254836,0.178186,0,8.8
2509,-1.257815,0.2041244,0,8.8
2510,-1.260564,0.2303854,0,8.8
2511,-1.264968,0.2562126,0,8.8
2512,-1.269606,0.2861472,0,8.8
2513,-1.273836,0.316686,0,8.8
2514,-1.278054,0.3485031,0,8.8
2515,-1.281984,0.3782622,0,8.8
2516,-1.285049,0.4047928,0,8.8
2517,-1.291678,0.4303339,0,8.8
2518,-1.297735,0.4556412,0,8.8
2519,-1.302275,0.4799691,0,8.8
2520,-1.307989,0.5071989,0,8.8
2521,-1.31266,0.5336911,0,8.8
2522,-1.317482,0.5614808,0,8.8
2523,-1.321863,0.592706,0,8.8
2524,-1.324841,0.6247473,0,8.8
2525,-1.328433,0.6507401,0,8.8
2526,-1.330458,0.6759727,0,8.8
2527,-1.331645,0.7026707,0,8.8
2528,-1.331696,0.7302076,0,8.8
2529,-1.332329,0.7566028,0,8.8
2530,-1.329576,0.7840402,0,8.8
2531,-1.325647,0.8116914,0,8.8
2532,-1.321411,0.839369,0,8.8
2533,-1.31487,0.8693835,0,8.8
2534,-1.308095,0.9003884,0,8.8
2535,-1.301312,0.9275174,0,8.8
2536,-1.294137,0.9588212,0,8.8
2537,-1.285249,0.9899858,0,8.8
2538,-1.279069,1.020618,0,8.8
2539,-1.27241,1.050455,0,8.8
2540,-1.263932,1.0799,0,8.8
2541,-1.255103,1.110948,0,8.8
2542,-1.248806,1.140456,0,8.8
2543,-1.24066,1.170719,0,8.8
2544,-1.232348,1.200411,0,8.8
2545,-1.227205,1.225863,0,8.8
2546,-1.220987,1.246755,0,8.8
2547,-1.217124,1.26479,0,8.8
2548,-1.21165,1.285337,0,8.8
2549,-1.208106,1.305149,0,8.8
2550,-1.206283,1.324879,0,8.8
2551,-1.203562,1.346218,0,8.8
2552,-1.203736,1.371077,0,8.8
2553,-1.20316,1.393418,0,8.8
2554,-1.201152,1.41703,0,8.8
2555,-1.200007,1.438277,0,8.8
2556,-1.199733,1.462298,0,8.8
2557,-1.198959,1.488093,0,8.8
2558,-1.198669,1.51418,0,8.8
2559,-1.196519,1.538977,0,8.8
2560,-1.193516,1.561545,0,8.8
2561,-1.191639,1.585377,0,8.8
2562,-1.18988,1.610666,0,8.8
2563,-1.188699,1.635208,0,8.8
2564,-1.188774,1.662572,0,8.8
2565,-1.188486,1.689139,0,8.8
2566,-1.188143,1.71752,0,8.8
2567,-1.188797,1.748479,0,8.8
2568,-1.191401,1.782204,0,8.8
2569,-1.192469,1.815829,0,8.8
2570,-1.194444,1.845951,0,8.8
2571,-1.193231,1.875833,0,8.8
2572,-1.195052,1.902087,0,8.8
2573,-1.197179,1.925423,0,8.8
2574,-1.203637,1.952004,0,8.8
2575,-1.205565,1.98026,0,8.8
2576,-1.206661,2.010916,0,8.8
2577,-1.207294,2.038576,0,8.8
2578,-1.208409,2.064601,0,8.8
2579,-1.206962,2.096817,0,8.8
2580,-1.203778,2.126168,0,8.8
2581,-1.202757,2.15577,0,8.8
2582,-1.2001,2.184033,0,8.8
2583,-1.197604,2.213264,0,8.8
2584,-1.192348,2.24497,0,8.8
2585,-1.185895,2.277601,0,8.8
2586,-1.178136,2.310318,0,8.8
2587,-1.170612,2.340502,0,8.8
2588,-1.161551,2.373741,0,8.8
2589,-1.152097,2.408686,0,8.8
2590,-1.143133,2.438919,0,8.8
2591,-1.133445,2.470776,0,8.8
2592,-1.124678,2.502814,0,8.8
2593,-1.11457,2.535852,0,8.8
2594,-1.105277,2.564448,0,8.8
2595,-1.096255,2.591012,0,8.8
2596,-1.088368,2.617692,0,8.8
2597,-1.077543,2.64431,0,8.8
2598,-1.071233,2.668045,0,8.8
2599,-1.065652,2.688416,0,8.8
2600,-1.060063,2.709535,0,8.8
2601,-1.056719,2.73194,0,8.8
2602,-1.051134,2.756345,0,8.8
2603,-1.048547,2.7773,0,8.8
2604,-1.046179,2.798679,0,8.8
2605,-1.042034,2.82468,0,8.8
2606,-1.037049,2.849285,0,8.8
2607,-1.033192,2.874191,0,8.8
2608,-1.028824,2.896078,0,8.8
2609,-1.026837,2.917438,0,8.8
2610,-1.024593,2.941093,0,8.8
2611,-1.022937,2.964373,0,8.8
2612,-1.020524,2.991416,0,8.8
2613,-1.01854,3.017402,0,8.8
2614,-1.015597,3.043215,0,8.8
2615,-1.013602,3.067916,0,8.8
2616,-1.012307,3.092704,0,8.8
2617,-1.011009,3.119865,0,8.8
2618,-1.011117,3.147231,0,8.8
2619,-1.011885,3.176674,0,8.8
2620,-1.011308,3.208548,0,8.8
2621,-1.011992,3.240758,0,8.8
2622,-1.012972,3.275894,0,8.8
2623,-1.012028,3.310483,0,8.8
2624,-1.012709,3.340676,0,8.8
2625,-1.015326,3.37014,0,8.8
2626,-1.017705,3.397871,0,8.8
2627,-1.020626,3.424396,0,8.8
2628,-1.022143,3.450927,0,8.8
2629,-1.024589,3.475464,0,8.8
2630,-1.025612,3.506323,0,8.8
2631,-1.025372,3.538253,0,8.8
2632,-1.025093,3.567454,0,8.8
2633,-1.023942,3.597451,0,8.8
2634,-1.02141,3.625911,0,8.8
2635,-1.019339,3.652673,0,8.8
2636,-1.016147,3.680282,0,8.8
2637,-1.014612,3.70467,0,8.8
2638,-1.011898,3.729223,0,8.8
2639,-1.008034,3.757017,0,8.8
2640,-1.001786,3.786622,0,8.8
2641,-0.9950336,3.815753,0,8.8
2642,-0.9885216,3.847562,0,8.8
2643,-0.9825537,3.877272,0,8.8
2644,-0.9751178,3.906943,0,8.8
2645,-0.9693161,3.937222,0,8.8
2646,-0.9640661,3.968115,0,8.8
2647,-0.9558606,3.998904,0,8.8
2648,-0.9479029,4.030854,0,8.8
2649,-0.9400291,4.062498,0,8.8
2650,-0.931511,4.096245,0,8.8
2651,-0.923343,4.130044,0,8.8
2652,-0.9159444,4.156799,0,8.8
2653,-0.9089228,4.184028,0,8.8
2654,-0.9027221,4.210343,0,8.8
2655,-0.8989088,4.23334,0,8.8
2656,-0.8974572,4.255538,0,8.8
2657,-0.8973872,4.277007,0,8.8
2658,-0.8979281,4.298137,0,8.8
2659,-0.8975406,4.321267,0,8.8
2660,-0.8971732,4.346069,0,8.8
2661,-0.8969001,4.372188,0,8.8
2662,-0.8951726,4.396848,0,8.8
2663,-0.8934129,4.421728,0,8.8
2664,-0.8935334,4.448064,0,8.8
2665,-0.8925803,4.474031,0,8.8
2666,-0.8926846,4.499932,0,8.8
2667,-0.8929572,4.525737,0,8.8
2668,-0.8934886,4.550239,0,8.8
2669,-0.8946917,4.575808,0,8.8
2670,-0.8954866,4.601977,0,8.8
2671,-0.8985936,4.62854,0,8.8
2672,-0.9021595,4.657216,0,8.8
2673,-0.9082291,4.688323,0,8.8
2674,-0.9131825,4.718565,0,8.8
2675,-0.9180027,4.747979,0,8.8
2676,-0.9231511,4.778327,0,8.8
2677,-0.9273583,4.808077,0,8.8
2678,-0.9326845,4.836251,0,8.8
2679,-0.9380702,4.865943,0,8.8
2680,-0.943568,4.896131,0,8.8
2681,-0.9503983,4.923841,0,8.8
2682,-0.9553566,4.953044,0,8.8
2683,-0.9599815,4.982481,0,8.8
2684,-0.965186,5.010502,0,8.8
2685,-0.9682823,5.041556,0,8.8
2686,-0.9696296,5.070143,0,8.8
2687,-0.9702923,5.098709,0,8.8
2688,-0.9693332,5.126569,0,8.8
2689,-0.972559,5.151175,0,8.8
2690,-0.9743251,5.174314,0,8.8
2691,-0.975203,5.200586,0,8.8
2692,-0.9746367,5.230354,0,8.8
2693,-0.9724909,5.259663,0,8.8
2694,-0.9700583,5.289029,0,8.8
2695,-0.9670873,5.322143,0,8.8
2696,-0.9646819,5.35354,0,8.8
2697,-0.9612895,5.382623,0,8.8
2698,-0.9575633,5.41505,0,8.8
2699,-0.9520395,5.448215,0,8.8
2700,-0.9466473,5.48244,0,8.8
2701,-0.9414765,5.514458,0,8.8
2702,-0.9361197,5.546591,0,8.8
2703,-0.9297376,5.579686,0,8.8
2704,-0.9221823,5.609526,0,8.8
2705,-0.916789,5.640903,0,8.8
2706,-0.9124421,5.667467,0,8.8
2707,-0.9095131,5.688981,0,8.8
2708,-0.9067352,5.709006,0,8.8
2709,-0.9048161,5.730708,0,8.8
2710,-0.9060113,5.752743,0,8.8
2711,-0.9051582,5.774214,0,8.8
2712,-0.9060637,5.796968,0,8.8
2713,-0.9076113,5.822923,0,8.8
2714,-0.908501,5.845979,0,8.8
2715,-0.91242,5.866817,0,8.8
2716,-0.9137754,5.887928,0,8.8
2717,-0.9166579,5.910995,0,8.8
2718,-0.918846,5.936757,0,8.8
2719,-0.9205923,5.958499,0,8.8
2720,-0.9213935,5.983004,0,8.8
2721,-0.9235778,6.007482,0,8.8
2722,-0.9259814,6.031571,0,8.8
2723,-0.9280845,6.054417,0,8.8
2724,-0.9316504,6.07859,0,8.8
2725,-0.9345122,6.102803,0,8.8
2726,-0.9388452,6.128717,0,8.8
2727,-0.9446416,6.154451,0,8.8
2728,-0.9489511,6.177222,0,8.8
2729,-0.9538478,6.201041,0,8.8
2730,-0.9598451,6.229099,0,8.8
2731,-0.9660353,6.25564,0,8.8
2732,-0.9707139,6.280714,0,8.8
2733,-0.9771878,6.306439,0,8.8
2734,-0.9838125,6.332908,0,8.8
2735,-0.9895023,6.359513,0,8.8
2736,-0.9949346,6.387306,0,8.8
2737,-1.001584,6.417049,0,8.8
2738,-1.007325,6.444669,0,8.8
2739,-1.012473,6.472567,0,8.8
2740,-1.017389,6.502063,0,8.8
2741,-1.020293,6.528996,0,8.8
2742,-1.023461,6.556101,0,8.8
2743,-1.026219,6.582432,0,8.8
2744,-1.028073,6.607763,0,8.8
2745,-1.028651,6.632755,0,8.8
2746,-1.023908,6.660738,0,8.8
2747,-1.016302,6.687103,0,8.8
2748,-1.007848,6.713188,0,8.8
2749,-0.998785,6.7405,0,8.8
2750,-0.9883744,6.769392,0,8.8
2751,-0.9765573,6.799598,0,8.8
2752,-0.965564,6.826533,0,8.8
2753,-0.9548357,6.853057,0,8.8
2754,-0.9448982,6.879944,0,8.8
2755,-0.9319471,6.909243,0,8.8
2756,-0.92004,6.937262,0,8.8
2757,-0.9065412,6.967299,0,8.8
2758,-0.8936617,6.997772,0,8.8
2759,-0.8826551,7.024572,0,8.8
2760,-0.8718593,7.048017,0,8.8
2761,-0.8640903,7.06922,0,8.8
2762,-0.8579756,7.087827,0,8.8
2763,-0.8542063,7.106924,0,8.8
2764,-0.8500261,7.12609,0,8.8
2765,-0.845221,7.14446,0,8.8
2766,-0.8410001,7.164322,0,8.8
2767,-0.8354247,7.185301,0,8.8
2768,-0.8316321,7.209597,0,8.8
2769,-0.8266534,7.233351,0,8.8
2770,-0.8213474,7.253262,0,8.8
2771,-0.8160578,7.276547,0,8.8
2772,-0.8106709,7.301258,0,8.8
2773,-0.8075275,7.325395,0,8.8
2774,-0.8059361,7.349086,0,8.8
2775,-0.8027572,7.372874,0,8.8
2776,-0.7987662,7.396688,0,8.8
2777,-0.796227,7.424917,0,8.8
2778,-0.793803,7.454041,0,8.8
2779,-0.7920082,7.482441,0,8.8
2780,-0.7897853,7.510931,0,8.8
2781,-0.7876458,7.543624,0,8.8
2782,-0.7858772,7.576095,0,8.8
2783,-0.78259,7.605443,0,8.8
2784,-0.7793355,7.632211,0,8.8
2785,-0.7777365,7.655835,0,8.8
2786,-0.7758977,7.680247,0,8.8
2787,-0.7746748,7.702374,0,8.8
2788,-0.7723719,7.725215,0,8.8
2789,-0.7724899,7.750386,0,8.8
2790,-0.7713119,7.779204,0,8.8
2791,-0.7683287,7.808486,0,8.8
2792,-0.7657214,7.835771,0,8.8
2793,-0.7633207,7.863956,0,8.8
2794,-0.7595927,7.89169,0,8.8
2795,-0.754404,7.916723,0,8.8
2796,-0.7481409,7.939979,0,8.8
2797,-0.7403356,7.963321,0,8.8
2798,-0.7318383,7.987552,0,8.8
2799,-0.7214509,8.011953,0,8.8
2800,-0.7082862,8.038836,0,8.8
2801,-0.6938519,8.064425,0,8.8
2802,-0.6822744,8.087832,0,8.8
2803,-0.6686699,8.110836,0,8.8
2804,-0.6556682,8.133939,0,8.8
2805,-0.6410927,8.159014,0,8.8
2806,-0.6260548,8.184734,0,8.8
2807,-0.6109497,8.211691,0,8.8
2808,-0.5941063,8.238111,0,8.8
2809,-0.5760757,8.265162,0,8.8
2810,-0.5583834,8.292362,0,8.8
2811,-0.5405588,8.319142,0,8.8
2812,-0.5243894,8.34447,0,8.8
2813,-0.5095025,8.37062,0,8.8
2814,-0.4962949,8.392015,0,8.8
2815,-0.4844574,8.412556,0,8.8
2816,-0.4710908,8.434091,0,8.8
2817,-0.4603646,8.453712,0,8.8
2818,-0.4518539,8.471877,0,8.8
2819,-0.4446818,8.491961,0,8.8
2820,-0.4350211,8.514511,0,8.8
2821,-0.4255932,8.534213,0,8.8
2822,-0.417417,8.555013,0,8.8
2823,-0.4088259,8.577991,0,8.8
2824,-0.4014071,8.598742,-4.4,-7.621024
2825,-0.397654,8.617403,-4.4,-7.621024
2826,-0.3954281,8.636352,-4.4,-7.621024
2827,-0.3921115,8.657557,-4.4,-7.621024
2828,-0.3891059,8.67854,-4.4,-7.621024
2829,-0.3875033,8.701616,-4.4,-7.621024
2830,-0.3876384,8.728125,-4.4,-7.621024
2831,-0.3866211,8.754282,-4.4,-7.621024
2832,-0.387991,8.779788,-4.4,-7.621024
2833,-0.3880115,8.801652,-4.4,-7.621024
2834,-0.3901096,8.81912,-4.4,-7.621024
2835,-0.3898318,8.838176,-4.4,-7.621024
2836,-0.3830067,8.863153,-4.4,-7.621024
2837,-0.3703555,8.884729,-4.4,-7.621024
2838,-0.3584341,8.901317,-4.4,-7.621024
2839,-0.3476702,8.912516,-4.4,-7.621024
2840,-0.3369282,8.920693,-4.4,-7.621024
2841,-0.3257029,8.927965,-4.4,-7.621024
2842,-0.316669,8.93557,-4.4,-7.621024
2843,-0.3049266,8.943154,-4.4,-7.621024
2844,-0.293601,8.94971,-4.4,-7.621024
2845,-0.2798102,8.954178,-4.4,-7.621024
2846,-0.2658878,8.957148,-4.4,-7.621024
2847,-0.2513313,8.955903,-4.4,-7.621024
2848,-0.2365178,8.951095,-4.4,-7.621024
2849,-0.2232888,8.943109,-4.4,-7.621024
2850,-0.2132374,8.933054,-4.4,-7.621024
2851,-0.2031871,8.922176,-4.4,-7.621024
2852,-0.1926597,8.909718,-4.4,-7.621024
2853,-0.1830249,8.89656,-4.4,-7.621024
2854,-0.1749765,8.883408,-4.4,-7.621024
2855,-0.1679461,8.86862,-4.4,-7.621024
2856,-0.1613514,8.853148,-4.4,-7.621024
2857,-0.1520964,8.833995,-4.4,-7.621024
2858,-0.1452977,8.813541,-4.4,-7.621024
2859,-0.1385575,8.791017,-4.4,-7.621024
2860,-0.133829,8.770904,-4.4,-7.621024
2861,-0.1279318,8.753607,-4.4,-7.621024
2862,-0.1222957,8.737572,-4.4,-7.621024
2863,-0.1178012,8.724461,-4.4,-7.621024
2864,-0.1136393,8.711249,-4.4,-7.621024
2865,-0.1080151,8.697299,-4.4,-7.621024
2866,-0.1020634,8.680867,-4.4,-7.621024
2867,-0.1000048,8.663076,-4.4,-7.621024
2868,-0.09820303,8.64906,-4.4,-7.621024
2869,-0.09319885,8.636713,-4.4,-7.621024
2870,-0.08670618,8.62562,-4.4,-7.621024
2871,-0.0794469,8.610199,-4.4,-7.621024
2872,-0.07553402,8.594156,-4.4,-7.621024
2873,-0.07238507,8.58016,-4.4,-7.621024
2874,-0.06821984,8.563522,-4.4,-7.621024
2875,-0.06302846,8.549901,-4.4,-7.621024
2876,-0.0566611,8.535903,-4.4,-7.621024
2877,-0.04762558,8.521465,-4.4,-7.621024
2878,-0.03798778,8.504228,-4.4,-7.621024
2879,-0.03172015,8.489732,-4.4,-7.621024
2880,-0.0247202,8.47672,-4.4,-7.621024
2881,-0.01361768,8.460152,-4.4,-7.621024
2882,-0.004024215,8.443965,-4.4,-7.621024
2883,0.00469445,8.424137,-4.4,-7.621024
2884,0.01079275,8.405849,-4.4,-7.621024
2885,0.01624765,8.386881,-4.4,-7.621024
2886,0.02301436,8.365135,-4.4,-7.621024
2887,0.03014226,8.344101,-4.4,-7.621024
2888,0.03735176,8.324048,-4.4,-7.621024
2889,0.04625752,8.301994,-4.4,-7.621024
2890,0.05572861,8.279337,-4.4,-7.621024
2891,0.06456364,8.257786,-4.4,-7.621024
2892,0.07413207,8.232883,-4.4,-7.621024
2893,0.08289256,8.20966,-4.4,-7.621024
2894,0.09351972,8.188125,-4.4,-7.621024
2895,0.1049863,8.162928,-4.4,-7.621024
2896,0.1116105,8.137672,-4.4,-7.621024
2897,0.1188285,8.113773,-4.4,-7.621024
2898,0.1269122,8.087561,-4.4,-7.621024
2899,0.1343276,8.060622,-4.4,-7.621024
2900,0.1390721,8.036463,-4.4,-7.621024
2901,0.1448708,8.010799,-4.4,-7.621024
2902,0.1494193,7.985692,-4.4,-7.621024
2903,0.1513523,7.961126,-4.4,-7.621024
2904,0.1509727,7.935545,-4.4,-7.621024
2905,0.149044,7.913598,-4.4,-7.621024
2906,0.1463889,7.889189,-4.4,-7.621024
2907,0.1427716,7.861258,-4.4,-7.621024
2908,0.138912,7.832491,-4.4,-7.621024
2909,0.1320479,7.802536,-4.4,-7.621024
2910,0.1249275,7.772697,-4.4,-7.621024
2911,0.1168481,7.742356,-4.4,-7.621024
2912,0.1074171,7.714855,-4.4,-7.621024
2913,0.1002604,7.689888,-4.4,-7.621024
2914,0.09270735,7.659868,-4.4,-7.621024
2915,0.0843692,7.63028,-4.4,-7.621024
2916,0.07640247,7.60249,-4.4,-7.621024
2917,0.06786671,7.573218,-4.4,-7.621024
2918,0.05903924,7.547095,-4.4,-7.621024
2919,0.05057068,7.523221,-4.4,-7.621024
2920,0.04269783,7.502041,-4.4,-7.621024
2921,0.0364197,7.479502,-4.4,-7.621024
2922,0.03206899,7.455558,-4.4,-7.621024
2923,0.02790154,7.43556,-4.4,-7.621024
2924,0.0235683,7.419678,-4.4,-7.621024
2925,0.01873149,7.399166,-4.4,-7.621024
2926,0.01538822,7.380845,-4.4,-7.621024
2927,0.01595009,7.363744,-4.4,-7.621024
2928,0.01647037,7.341818,-4.4,-7.621024
2929,0.01342213,7.318653,-4.4,-7.621024
2930,0.01036359,7.294838,-4.4,-7.621024
2931,0.01027836,7.271557,-4.4,-7.621024
2932,0.009442538,7.245573,-4.4,-7.621024
2933,0.008418922,7.222342,-4.4,-7.621024
2934,0.006740705,7.198087,-4.4,-7.621024
2935,0.005085247,7.17532,-4.4,-7.621024
2936,0.004274582,7.152133,-4.4,-7.621024
2937,0.004052431,7.130414,-4.4,-7.621024
2938,0.001876749,7.112338,-4.4,-7.621024
2939,-0.002116915,7.095092,-4.4,-7.621024
2940,-0.00402648,7.077812,-4.4,-7.621024
2941,-0.004715224,7.058267,-4.4,-7.621024
2942,-0.003809674,7.035811,-4.4,-7.621024
2943,-0.004398038,7.01474,-4.4,-7.621024
2944,-0.003498719,6.992667,-4.4,-7.621024
2945,-0.004206079,6.971442,-4.4,-7.621024
2946,-0.003629819,6.949486,-4.4,-7.621024
2947,-0.00269791,6.925594,-4.4,-7.621024
2948,-0.004770708,6.90569,-4.4,-7.621024
2949,-0.005594152,6.885795,-4.4,-7.621024
2950,-0.004148412,6.865844,-4.4,-7.621024
2951,-0.003973283,6.846888,-4.4,-7.621024
2952,-0.003984783,6.82481,-4.4,-7.621024
2953,-0.004826056,6.808345,-4.4,-7.621024
2954,-0.006403371,6.791826,-4.4,-7.621024
2955,-0.008393039,6.771723,-4.4,-7.621024
2956,-0.01101613,6.748218,-4.4,-7.621024
2957,-0.01560014,6.724559,-4.4,-7.621024
2958,-0.02189052,6.703873,-4.4,-7.621024
2959,-0.02694913,6.682192,-4.4,-7.621024
2960,-0.03486837,6.657487,-4.4,-7.621024
2961,-0.04329172,6.631061,-4.4,-7.621024
2962,-0.05369986,6.603847,-4.4,-7.621024
2963,-0.06548458,6.579103,-4.4,-7.621024
2964,-0.07768933,6.553032,-4.4,-7.621024
2965,-0.08689456,6.528339,-4.4,-7.621024
2966,-0.09940804,6.501066,-4.4,-7.621024
2967,-0.1119977,6.472812,-4.4,-7.621024
2968,-0.1248745,6.443215,-4.4,-7.621024
2969,-0.1391098,6.41216,-4.4,-7.621024
2970,-0.1527583,6.38383,-4.4,-7.621024
2971,-0.1645179,6.35965,-4.4,-7.621024
2972,-0.1741598,6.334292,-4.4,-7.621024
2973,-0.1841198,6.310684,-4.4,-7.621024
2974,-0.1926406,6.292093,-4.4,-7.621024
2975,-0.1992673,6.27082,-4.4,-7.621024
2976,-0.2060417,6.252063,-4.4,-7.621024
2977,-0.2144373,6.229724,-4.4,-7.621024
2978,-0.2195341,6.209128,-4.4,-7.621024
2979,-0.223929,6.187724,-4.4,-7.621024
2980,-0.2282058,6.16754,-4.4,-7.621024
2981,-0.2333829,6.144516,-4.4,-7.621024
2982,-0.238645,6.117678,-4.4,-7.621024
2983,-0.2439915,6.094978,-4.4,-7.621024
2984,-0.2490761,6.074735,-4.4,-7.621024
2985,-0.2526749,6.056591,-4.4,-7.621024
2986,-0.2558798,6.033382,-4.4,-7.621024
2987,-0.2621035,6.010188,-4.4,-7.621024
2988,-0.2671947,5.983728,-4.4,-7.621024
2989,-0.2723336,5.961249,-4.4,-7.621024
2990,-0.277454,5.937529,-4.4,-7.621024
2991,-0.2836809,5.913871,-4.4,-7.621024
2992,-0.2897884,5.890138,-4.4,-7.621024
2993,-0.2945347,5.865932,-4.4,-7.621024
2994,-0.2981623,5.838887,-4.4,-7.621024
2995,-0.3000279,5.810635,-4.4,-7.621024
2996,-0.3033631,5.778737,-4.4,-7.621024
2997,-0.3089522,5.746201,-4.4,-7.621024
2998,-0.3143153,5.713707,-4.4,-7.621024
2999,-0.3175414,5.682207,-4.4,-7.621024
3000,-0.3172571,5.653669,-4.4,-7.621024
3001,-0.3191332,5.626925,-4.4,-7.621024
3002,-0.3197607,5.599526,-4.4,-7.621024
3003,-0.3246051,5.570352,-4.4,-7.621024
3004,-0.3293068,5.540463,-4.4,-7.621024
3005,-0.3337042,5.510119,-4.4,-7.621024
3006,-0.3372264,5.481621,-4.4,-7.621024
3007,-0.3393246,5.455059,-4.4,-7.621024
3008,-0.3425983,5.427467,-4.4,-7.621024
3009,-0.3466762,5.401998,-4.4,-7.621024
3010,-0.3517913,5.374167,-4.4,-7.621024
3011,-0.3595557,5.345817,-4.4,-7.621024
3012,-0.3677648,5.318849,-4.4,-7.621024
3013,-0.3775549,5.292193,-4.4,-7.621024
3014,-0.3886639,5.264589,-4.4,-7.621024
3015,-0.402036,5.237399,-4.4,-7.621024
3016,-0.4161606,5.207001,-4.4,-7.621024
3017,-0.4309594,5.174067,-4.4,-7.621024
3018,-0.4437808,5.146923,-4.4,-7.621024
3019,-0.4564192,5.122716,-4.4,-7.621024
3020,-0.4689972,5.097791,-4.4,-7.621024
3021,-0.4822485,5.070967,-4.4,-7.621024
3022,-0.4962739,5.042169,-4.4,-7.621024
3023,-0.5116439,5.017789,-4.4,-7.621024
3024,-0.5258724,4.995055,-4.4,-7.621024
3025,-0.5387987,4.970842,-4.4,-7.621024
3026,-0.5515069,4.947216,-4.4,-7.621024
3027,-0.5648402,4.921067,-4.4,-7.621024
3028,-0.575268,4.898076,-4.4,-7.621024
3029,-0.586422,4.877671,-4.4,-7.621024
3030,-0.5950162,4.85816,-4.4,-7.621024
3031,-0.6012142,4.837206,-4.4,-7.621024
3032,-0.6058578,4.821106,-4.4,-7.621024
3033,-0.612316,4.801847,-4.4,-7.621024
3034,-0.6177759,4.782153,-4.4,-7.621024
3035,-0.6221213,4.756499,-4.4,-7.621024
3036,-0.6297128,4.73405,-4.4,-7.621024
3037,-0.6353301,4.714455,-4.4,-7.621024
3038,-0.6419316,4.691987,-4.4,-7.621024
3039,-0.6490818,4.669727,-4.4,-7.621024
3040,-0.6541764,4.645825,-4.4,-7.621024
3041,-0.659583,4.622319,-4.4,-7.621024
3042,-0.6663436,4.6009,-4.4,-7.621024
3043,-0.6731872,4.576658,-4.4,-7.621024
3044,-0.6794921,4.552748,-4.4,-7.621024
3045,-0.6847752,4.528825,-4.4,-7.621024
3046,-0.6905195,4.50395,-4.4,-7.621024
3047,-0.6951557,4.480468,-4.4,-7.621024
3048,-0.6998983,4.451255,-4.4,-7.621024
3049,-0.7052326,4.421219,-4.4,-7.621024
3050,-0.709401,4.388345,-4.4,-7.621024
3051,-0.7138609,4.355515,-4.4,-7.621024
3052,-0.7188685,4.325417,-4.4,-7.621024
3053,-0.7231693,4.295589,-4.4,-7.621024
3054,-0.7261333,4.267503,-4.4,-7.621024
3055,-0.7288856,4.239262,-4.4,-7.621024
3056,-0.7318353,4.213048,-4.4,-7.621024
3057,-0.7353637,4.187001,-4.4,-7.621024
3058,-0.7395049,4.159927,-4.4,-7.621024
3059,-0.7420066,4.129514,-4.4,-7.621024
3060,-0.748834,4.098122,-4.4,-7.621024
3061,-0.7565085,4.067414,-4.4,-7.621024
3062,-0.7623575,4.039136,-4.4,-7.621024
3063,-0.7667678,4.010825,-4.4,-7.621024
3064,-0.7735548,3.981488,-4.4,-7.621024
3065,-0.7821257,3.95313,-4.4,-7.621024
3066,-0.7921501,3.924803,-4.4,-7.621024
3067,-0.8006485,3.894539,-4.4,-7.621024
3068,-0.8114631,3.865601,-4.4,-7.621024
3069,-0.8236459,3.836366,-4.4,-7.621024
3070,-0.8366142,3.805234,-4.4,-7.621024
3071,-0.84974,3.775796,-4.4,-7.621024
3072,-0.8618793,3.748865,-4.4,-7.621024
3073,-0.8751348,3.71959,-4.4,-7.621024
3074,-0.8862715,3.691714,-4.4,-7.621024
3075,-0.8964847,3.662639,-4.4,-7.621024
3076,-0.9073846,3.634006,-4.4,-7.621024
3077,-0.9180465,3.606452,-4.4,-7.621024
3078,-0.9301386,3.578278,-4.4,-7.621024
3079,-0.941977,3.54984,-4.4,-7.621024
3080,-0.951767,3.524397,-4.4,-7.621024
3081,-0.9588301,3.498134,-4.4,-7.621024
3082,-0.9655842,3.473172,-4.4,-7.621024
3083,-0.9720286,3.451844,-4.4,-7.621024
3084,-0.9795423,3.428413,-4.4,-7.621024
3085,-0.9868447,3.407545,-4.4,-7.621024
3086,-0.9942131,3.386999,-4.4,-7.621024
3087,-0.9988291,3.364173,-4.4,-7.621024
3088,-1.001389,3.341785,-4.4,-7.621024
3089,-1.004992,3.319071,-4.4,-7.621024
3090,-1.010126,3.293763,-4.4,-7.621024
3091,-1.015414,3.265705,-4.4,-7.621024
3092,-1.018513,3.241677,-4.4,-7.621024
3093,-1.020096,3.221307,-4.4,-7.621024
3094,-1.019189,3.197181,-4.4,-7.621024
3095,-1.019375,3.175375,-4.4,-7.621024
3096,-1.021356,3.152344,-4.4,-7.621024
3097,-1.024134,3.127371,-4.4,-7.621024
3098,-1.028284,3.101159,-4.4,-7.621024
3099,-1.031766,3.074054,-4.4,-7.621024
3100,-1.034822,3.045478,-4.4,-7.621024
3101,-1.037503,3.017415,-4.4,-7.621024
3102,-1.040001,2.986898,-4.4,-7.621024
3103,-1.040846,2.958044,-4.4,-7.621024
3104,-1.041962,2.929406,-4.4,-7.621024
3105,-1.042945,2.901346,-4.4,-7.621024
3106,-1.043809,2.872625,-4.4,-7.621024
3107,-1.043684,2.84513,-4.4,-7.621024
3108,-1.044403,2.817004,-4.4,-7.621024
3109,-1.045949,2.789393,-4.4,-7.621024
3110,-1.04539,2.761833,-4.4,-7.621024
3111,-1.045787,2.732809,-4.4,-7.621024
3112,-1.047023,2.703119,-4.4,-7.621024
3113,-1.049187,2.671819,-4.4,-7.621024
3114,-1.053035,2.642634,-4.4,-7.621024
3115,-1.056042,2.616677,-4.4,-7.621024
3116,-1.059669,2.589354,-4.4,-7.621024
3117,-1.064544,2.563014,-4.4,-7.621024
3118,-1.06889,2.537356,-4.4,-7.621024
3119,-1.074434,2.51094,-4.4,-7.621024
3120,-1.080766,2.484363,-4.4,-7.621024
3121,-1.087741,2.454968,-4.4,-7.621024
3122,-1.096084,2.42622,-4.4,-7.621024
3123,-1.10494,2.396889,-4.4,-7.621024
3124,-1.114729,2.365826,-4.4,-7.621024
3125,-1.127567,2.334704,-4.4,-7.621024
3126,-1.139846,2.305987,-4.4,-7.621024
3127,-1.151063,2.276162,-4.4,-7.621024
3128,-1.163453,2.244952,-4.4,-7.621024
3129,-1.174718,2.216793,-4.4,-7.621024
3130,-1.186669,2.187806,-4.4,-7.621024
3131,-1.19679,2.160141,-4.4,-7.621024
3132,-1.206639,2.131844,-4.4,-7.621024
3133,-1.216401,2.106681,-4.4,-7.621024
3134,-1.227254,2.083043,-4.4,-7.621024
3135,-1.235578,2.061816,-4.4,-7.621024
3136,-1.244033,2.04099,-4.4,-7.621024
3137,-1.250492,2.02224,-4.4,-7.621024
3138,-1.253644,2.005084,-4.4,-7.621024
3139,-1.257607,1.98558,-4.4,-7.621024
3140,-1.261262,1.96317,-4.4,-7.621024
3141,-1.263672,1.943283,-4.4,-7.621024
3142,-1.266528,1.917647,-4.4,-7.621024
3143,-1.270309,1.891461,-4.4,-7.621024
3144,-1.273901,1.868058,-4.4,-7.621024
3145,-1.275944,1.847363,-4.4,-7.621024
3146,-1.278368,1.82625,-4.4,-7.621024
3147,-1.281666,1.800146,-4.4,-7.621024
3148,-1.285031,1.779742,-4.4,-7.621024
3149,-1.289769,1.755599,-4.4,-7.621024
3150,-1.293206,1.730593,-4.4,-7.621024
3151,-1.295956,1.705243,-4.4,-7.621024
3152,-1.297898,1.678277,-4.4,-7.621024
3153,-1.2979,1.653341,-4.4,-7.621024
3154,-1.297212,1.627333,-4.4,-7.621024
3155,-1.298444,1.600218,-4.4,-7.621024
3156,-1.298535,1.568988,-4.4,-7.621024
3157,-1.298727,1.536836,-4.4,-7.621024
3158,-1.298499,1.50329,-4.4,-7.621024
3159,-1.299856,1.473055,-4.4,-7.621024
3160,-1.30047,1.443463,-4.4,-7.621024
3161,-1.300905,1.414615,-4.4,-7.621024
3162,-1.298998,1.387081,-4.4,-7.621024
3163,-1.298777,1.359878,-4.4,-7.621024
3164,-1.297848,1.33452,-4.4,-7.621024
3165,-1.295866,1.310229,-4.4,-7.621024
3166,-1.293198,1.279943,-4.4,-7.621024
3167,-1.291855,1.249341,-4.4,-7.621024
3168,-1.289953,1.221982,-4.4,-7.621024
3169,-1.289953,1.196807,-4.4,-7.621024
3170,-1.289777,1.169648,-4.4,-7.621024
3171,-1.293092,1.140916,-4.4,-7.621024
3172,-1.297055,1.111834,-4.4,-7.621024
3173,-1.301881,1.083878,-4.4,-7.621024
3174,-1.308622,1.055453,-4.4,-7.621024
3175,-1.314519,1.027299,-4.4,-7.621024
3176,-1.320628,0.9974399,-4.4,-7.621024
3177,-1.328471,0.9665293,-4.4,-7.621024
3178,-1.33939,0.9373078,-4.4,-7.621024
3179,-1.35006,0.9066529,-4.4,-7.621024
3180,-1.360057,0.8756465,-4.4,-7.621024
3181,-1.368739,0.8467025,-4.4,-7.621024
3182,-1.378715,0.818787,-4.4,-7.621024
3183,-1.389072,0.7894384,-4.4,-7.621024
3184,-1.399018,0.7615387,-4.4,-7.621024
3185,-1.409227,0.732094,-4.4,-7.621024
3186,-1.421397,0.699192,-4.4,-7.621024
3187,-1.43222,0.6711857,-4.4,-7.621024
3188,-1.441329,0.6459359,-4.4,-7.621024
3189,-1.451579,0.6179259,-4.4,-7.621024
3190,-1.45765,0.5953129,-4.4,-7.621024
3191,-1.464856,0.5761783,-4.4,-7.621024
3192,-1.472535,0.5568798,-4.4,-7.621024
3193,-1.479888,0.5369394,-4.4,-7.621024
3194,-1.484345,0.5145867,-4.4,-7.621024
3195,-1.486406,0.4966895,-4.4,-7.621024
3196,-1.487016,0.4713109,-4.4,-7.621024
3197,-1.487197,0.4479324,-4.4,-7.621024
3198,-1.489359,0.4243785,-4.4,-7.621024
3199,-1.48842,0.4013409,-4.4,-7.621024
3200,-1.489379,0.3786457,-4.4,-7.621024
3201,-1.48854,0.3577458,-4.4,-7.621024
3202,-1.48766,0.3321335,-4.4,-7.621024
3203,-1.489003,0.3099211,-4.4,-7.621024
3204,-1.491031,0.2865514,-4.4,-7.621024
3205,-1.494404,0.263368,-4.4,-7.621024
3206,-1.497761,0.240354,-4.4,-7.621024
3207,-1.500603,0.2169827,-4.4,-7.621024
3208,-1.502532,0.1899861,-4.4,-7.621024
3209,-1.501795,0.1620541,-4.4,-7.621024
3210,-1.500486,0.136225,-4.4,-7.621024
3211,-1.498947,0.1070828,-4.4,-7.621024
3212,-1.499293,0.07555881,-4.4,-7.621024
3213,-1.501617,0.04819834,-4.4,-7.621024
3214,-1.501936,0.02025437,-4.4,-7.621024
3215,-1.501798,-0.006489309,-4.4,-7.621024
3216,-1.500056,-0.03250314,-4.4,-7.621024
3217,-1.499567,-0.05852934,-4.4,-7.621024
3218,-1.495873,-0.08435497,-4.4,-7.621024
3219,-1.494546,-0.112488,-4.4,-7.621024
3220,-1.492728,-0.1397671,-4.4,-7.621024
3221,-1.490595,-0.1685024,-4.4,-7.621024
3222,-1.490046,-0.2004857,-4.4,-7.621024
3223,-1.490246,-0.232996,-4.4,-7.621024
3224,-1.491327,-0.2621504,-4.4,-7.621024
3225,-1.492268,-0.2891227,-4.4,-7.621024
3226,-1.493193,-0.3160219,-4.4,-7.621024
3227,-1.496842,-0.3443758,-4.4,-7.621024
3228,-1.500679,-0.3713865,-4.4,-7.621024
3229,-1.505932,-0.4003318,-4.4,-7.621024
3230,-1.514312,-0.4312817,-4.4,-7.621024
3231,-1.52247,-0.4615736,-4.4,-7.621024
3232,-1.533539,-0.4933795,-4.4,-7.621024
3233,-1.543977,-0.5238018,-4.4,-7.621024
3234,-1.555464,-0.5556292,-4.4,-7.621024
3235,-1.567413,-0.5873811,-4.4,-7.621024
3236,-1.579156,-0.6161249,-4.4,-7.621024
3237,-1.589478,-0.6460853,-4.4,-7.621024
3238,-1.601669,-0.6750216,-4.4,-7.621024
3239,-1.614117,-0.7068665,-4.4,-7.621024
3240,-1.627035,-0.7364297,-4.4,-7.621024
3241,-1.639029,-0.7636732,-4.4,-7.621024
3242,-1.648758,-0.7910526,-4.4,-7.621024
3243,-1.656367,-0.8148297,-4.4,-7.621024
3244,-1.663096,-0.8382332,-4.4,-7.621024
3245,-1.668721,-0.8592824,-4.4,-7.621024
3246,-1.67365,-0.8811033,-4.4,-7.621024
3247,-1.67924,-0.9050359,-4.4,-7.621024
3248,-1.684,-0.9300866,-4.4,-7.621024
3249,-1.687964,-0.9540812,-4.4,-7.621024
3250,-1.693876,-0.9767655,-4.4,-7.621024
3251,-1.697411,-0.996336,-4.4,-7.621024
3252,-1.699106,-1.018463,-4.4,-7.621024
3253,-1.701475,-1.041878,-4.4,-7.621024
3254,-1.701563,-1.063073,-4.4,-7.621024
3255,-1.702578,-1.08677,-4.4,-7.621024
3256,-1.704168,-1.11061,-4.4,-7.621024
3257,-1.705866,-1.135117,-4.4,-7.621024
3258,-1.709114,-1.156643,-4.4,-7.621024
3259,-1.710954,-1.180612,-4.4,-7.621024
3260,-1.713029,-1.206019,-4.4,-7.621024
3261,-1.71524,-1.230618,-4.4,-7.621024
3262,-1.71768,-1.257427,-4.4,-7.621024
3263,-1.719422,-1.286058,-4.4,-7.621024
3264,-1.720336,-1.313312,-4.4,-7.621024
3265,-1.722007,-1.343358,-4.4,-7.621024
3266,-1.723238,-1.375036,-4.4,-7.621024
3267,-1.725504,-1.406145,-4.4,-7.621024
3268,-1.72759,-1.437661,-4.4,-7.621024
3269,-1.728978,-1.469138,-4.4,-7.621024
3270,-1.732149,-1.497113,-4.4,-7.621024
3271,-1.732919,-1.520594,-4.4,-7.621024
3272,-1.733685,-1.544374,-4.4,-7.621024
3273,-1.734239,-1.569928,-4.4,-7.621024
3274,-1.733933,-1.59727,-4.4,-7.621024
3275,-1.733472,-1.624181,-4.4,-7.621024
3276,-1.734322,-1.652745,-4.4,-7.621024
3277,-1.736147,-1.683201,-4.4,-7.621024
3278,-1.738415,-1.711837,-4.4,-7.621024
3279,-1.743204,-1.742294,-4.4,-7.621024
3280,-1.748705,-1.770008,-4.4,-7.621024
3281,-1.757419,-1.796784,-4.4,-7.621024
3282,-1.768116,-1.824189,-4.4,-7.621024
3283,-1.779168,-1.853081,-4.4,-7.621024
3284,-1.791248,-1.882625,-4.4,-7.621024
3285,-1.804668,-1.914911,-4.4,-7.621024
3286,-1.818897,-1.945262,-4.4,-7.621024
3287,-1.831717,-1.970454,-4.4,-7.621024
3288,-1.843117,-1.994897,-4.4,-7.621024
3289,-1.856515,-2.021836,-4.4,-7.621024
3290,-1.87222,-2.047426,-4.4,-7.621024
3291,-1.887851,-2.074059,-4.4,-7.621024
3292,-1.901442,-2.098566,-4.4,-7.621024
3293,-1.914065,-2.122433,-4.4,-7.621024
3294,-1.924383,-2.146086,-4.4,-7.621024
3295,-1.93451,-2.169796,-4.4,-7.621024
3296,-1.943995,-2.189626,-4.4,-7.621024
3297,-1.952915,-2.211627,-4.4,-7.621024
3298,-1.95856,-2.230236,-4.4,-7.621024
3299,-1.964113,-2.251635,-4.4,-7.621024
3300,-1.969757,-2.271922,-4.4,-7.621024
3301,-1.979146,-2.291751,-4.4,-7.621024
3302,-1.987441,-2.313836,-4.4,-7.621024
3303,-1.993334,-2.337928,-4.4,-7.621024
3304,-1.999777,-2.361151,-4.4,-7.621024
3305,-2.006085,-2.385689,-4.4,-7.621024
3306,-2.010903,-2.408426,-4.4,-7.621024
3307,-2.015338,-2.430813,-4.4,-7.621024
3308,-2.018392,-2.45333,-4.4,-7.621024
3309,-2.021716,-2.476982,-4.4,-7.621024
3310,-2.025744,-2.501658,-4.4,-7.621024
3311,-2.030653,-2.525175,-4.4,-7.621024
3312,-2.035827,-2.548988,-4.4,-7.621024
3313,-2.0408,-2.573804,-4.4,-7.621024
3314,-2.045519,-2.598608,-4.4,-7.621024
3315,-2.048574,-2.627644,-4.4,-7.621024
3316,-2.050828,-2.655071,-4.4,-7.621024
3317,-2.052526,-2.683687,-4.4,-7.621024
3318,-2.055113,-2.710694,-4.4,-7.621024
3319,-2.056548,-2.739376,-4.4,-7.621024
3320,-2.05812,-2.769182,-4.4,-7.621024
3321,-2.060587,-2.800568,-4.4,-7.621024
3322,-2.062621,-2.828886,-4.4,-7.621024
3323,-2.064013,-2.858127,-4.4,-7.621024
3324,-2.066155,-2.883882,-4.4,-7.621024
3325,-2.067023,-2.910557,-4.4,-7.621024
3326,-2.068058,-2.938638,-4.4,-7.621024
3327,-2.069075,-2.967449,-4.4,-7.621024
3328,-2.072718,-2.996428,-4.4,-7.621024
3329,-2.076946,-3.025943,-4.4,-7.621024
3330,-2.082043,-3.056343,-4.4,-7.621024
3331,-2.086784,-3.084311,-4.4,-7.621024
3332,-2.092348,-3.112817,-4.4,-7.621024
3333,-2.097632,-3.140453,-4.4,-7.621024
3334,-2.105029,-3.166625,-4.4,-7.621024
3335,-2.113216,-3.191076,-4.4,-7.621024
3336,-2.122187,-3.216813,-4.4,-7.621024
3337,-2.134676,-3.245853,-4.4,-7.621024
3338,-2.146204,-3.27318,-4.4,-7.621024
3339,-2.160132,-3.301068,-4.4,-7.621024
3340,-2.173703,-3.325673,-4.4,-7.621024
3341,-2.188921,-3.351339,-4.4,-7.621024
3342,-2.20429,-3.379472,-4.4,-7.621024
3343,-2.218282,-3.404991,-4.4,-7.621024
3344,-2.233027,-3.432292,-4.4,-7.621024
3345,-2.249216,-3.460391,-4.4,-7.621024
3346,-2.264175,-3.489269,-4.4,-7.621024
3347,-2.279833,-3.515782,-4.4,-7.621024
3348,-2.296086,-3.541824,-4.4,-7.621024
3349,-2.309905,-3.567148,-4.4,-7.621024
3350,-2.322518,-3.593328,-4.4,-7.621024
3351,-2.335572,-3.616983,-4.4,-7.621024
3352,-2.344908,-3.636177,-4.4,-7.621024
3353,-2.353413,-3.656564,-4.4,-7.621024
3354,-2.362109,-3.675234,-4.4,-7.621024
3355,-2.368839,-3.69324,-4.4,-7.621024
3356,-2.377471,-3.71255,-4.4,-7.621024
3357,-2.385797,-3.733323,-4.4,-7.621024
3358,-2.393763,-3.753252,-4.4,-7.621024
3359,-2.401114,-3.774557,-4.4,-7.621024
3360,-2.405904,-3.795237,-4.4,-7.621024
3361,-2.41203,-3.816694,-4.4,-7.621024
3362,-2.419815,-3.837423,-4.4,-7.621024
3363,-2.428317,-3.860075,-4.4,-7.621024
3364,-2.437068,-3.882804,-4.4,-7.621024
3365,-2.444232,-3.903391,-4.4,-7.621024
3366,-2.451819,-3.92681,-4.4,-7.621024
3367,-2.459654,-3.953474,-4.4,-7.621024
3368,-2.467383,-3.978081,-4.4,-7.621024
3369,-2.47456,-4.002883,-4.4,-7.621024
3370,-2.482293,-4.029402,-4.4,-7.621024
3371,-2.491469,-4.058825,-4.4,-7.621024
3372,-2.49738,-4.082945,-4.4,-7.621024
3373,-2.503924,-4.109865,-4.4,-7.621024
3374,-2.511397,-4.138487,-4.4,-7.621024
3375,-2.517179,-4.170215,-4.4,-7.621024
3376,-2.524985,-4.196818,-4.4,-7.621024
3377,-2.530255,-4.223399,-4.4,-7.621024
3378,-2.535794,-4.250343,-4.4,-7.621024
3379,-2.54388,-4.276009,-4.4,-7.621024
3380,-2.547778,-4.29927,-4.4,-7.621024
3381,-2.552371,-4.324785,-4.4,-7.621024
3382,-2.559939,-4.351788,-4.4,-7.621024
3383,-2.568318,-4.38082,-4.4,-7.621024
3384,-2.577245,-4.409384,-4.4,-7.621024
3385,-2.585967,-4.435457,-4.4,-7.621024
3386,-2.595228,-4.462324,-4.4,-7.621024
3387,-2.605611,-4.488813,-4.4,-7.621024
3388,-2.616977,-4.513865,-4.4,-7.621024
3389,-2.631065,-4.536857,-4.4,-7.621024
3390,-2.647019,-4.558726,-4.4,-7.621024
3391,-2.664779,-4.581681,-4.4,-7.621024
3392,-2.682603,-4.605889,-4.4,-7.621024
3393,-2.703116,-4.630716,-4.4,-7.621024
3394,-2.721418,-4.654047,-4.4,-7.621024
3395,-2.739428,-4.675035,-4.4,-7.621024
3396,-2.75898,-4.694979,-4.4,-7.621024
3397,-2.777648,-4.715905,-4.4,-7.621024
3398,-2.797885,-4.735956,-4.4,-7.621024
3399,-2.817623,-4.756597,-4.4,-7.621024
3400,-2.837336,-4.780784,-4.4,-7.621024
3401,-2.855104,-4.801403,-4.4,-7.621024
3402,-2.874741,-4.820949,-4.4,-7.621024
3403,-2.891818,-4.840905,-4.4,-7.621024
3404,-2.906237,-4.858896,-4.4,-7.621024
3405,-2.917852,-4.876759,-4.4,-7.621024
3406,-2.930563,-4.895116,-4.4,-7.621024
3407,-2.945459,-4.916113,-4.4,-7.621024
3408,-2.956578,-4.934096,-4.4,-7.621024
3409,-2.966877,-4.951408,-4.4,-7.621024
3410,-2.974401,-4.96769,-4.4,-7.621024
3411,-2.983957,-4.986571,-4.4,-7.621024
3412,-2.993817,-5.007648,-4.4,-7.621024
3413,-3.003997,-5.027919,-4.4,-7.621024
3414,-3.013786,-5.049524,-4.4,-7.621024
3415,-3.020883,-5.068167,-4.4,-7.621024
3416,-3.029655,-5.088746,-4.4,-7.621024
3417,-3.041391,-5.109945,-4.4,-7.621024
3418,-3.054812,-5.128372,-4.4,-7.621024
3419,-3.066586,-5.149026,-4.4,-7.621024
3420,-3.077701,-5.172628,-4.4,-7.621024
3421,-3.090933,-5.196848,-4.4,-7.621024
3422,-3.102004,-5.221409,-4.4,-7.621024
3423,-3.112693,-5.245441,-4.4,-7.621024
3424,-3.125018,-5.272511,-4.4,-7.621024
3425,-3.137811,-5.303941,-4.4,-7.621024
3426,-3.149521,-5.333821,-4.4,-7.621024
3427,-3.161291,-5.364135,-4.4,-7.621024
3428,-3.171496,-5.390821,-4.4,-7.621024
3429,-3.180776,-5.41777,-4.4,-7.621024
3430,-3.191141,-5.443225,-4.4,-7.621024
3431,-3.201145,-5.46684,-4.4,-7.621024
3432,-3.209406,-5.489961,-4.4,-7.621024
3433,-3.218485,-5.513649,-4.4,-7.621024
3434,-3.226479,-5.542255,-4.4,-7.621024
3435,-3.238333,-5.572422,-4.4,-7.621024
3436,-3.249662,-5.602777,-4.4,-7.621024
3437,-3.259982,-5.632541,-4.4,-7.621024
3438,-3.270075,-5.65898,-4.4,-7.621024
3439,-3.280336,-5.685049,-4.4,-7.621024
3440,-3.291781,-5.71307,-4.4,-7.621024
3441,-3.304736,-5.740179,-4.4,-7.621024
3442,-3.31754,-5.764491,-4.4,-7.621024
3443,-3.332278,-5.789485,-4.4,-7.621024
3444,-3.347923,-5.81471,-4.4,-7.621024
3445,-3.364541,-5.839732,-4.4,-7.621024
3446,-3.381905,-5.866807,-4.4,-7.621024
3447,-3.401295,-5.89476,-4.4,-7.621024
3448,-3.42015,-5.918849,-4.4,-7.621024
3449,-3.439163,-5.944735,-4.4,-7.621024
3450,-3.457302,-5.968351,-4.4,-7.621024
3451,-3.477416,-5.992652,-4.4,-7.621024
3452,-3.496984,-6.01689,-4.4,-7.621024
3453,-3.5166,-6.041279,-4.4,-7.621024
3454,-3.535966,-6.065659,-4.4,-7.621024
3455,-3.552693,-6.088766,-4.4,-7.621024
3456,-3.567421,-6.109389,-4.4,-7.621024
3457,-3.579563,-6.127642,-4.4,-7.621024
3458,-3.592479,-6.147674,-4.4,-7.621024
3459,-3.607344,-6.16958,-4.4,-7.621024
3460,-3.61815,-6.184209,-4.4,-7.621024
3461,-3.629155,-6.200832,-4.4,-7.621024
3462,-3.64026,-6.219368,-4.4,-7.621024
3463,-3.649904,-6.239504,-4.4,-7.621024
3464,-3.656414,-6.259384,-4.4,-7.621024
3465,-3.666199,-6.282586,-4.4,-7.621024
3466,-3.674937,-6.304057,-4.4,-7.621024
3467,-3.682455,-6.323808,-4.4,-7.621024
3468,-3.690469,-6.344145,-4.4,-7.621024
3469,-3.699235,-6.360933,-4.4,-7.621024
3470,-3.708608,-6.379982,-4.4,-7.621024
3471,-3.717682,-6.398957,-4.4,-7.621024
3472,-3.726699,-6.42151,-4.4,-7.621024
3473,-3.734876,-6.444826,-4.4,-7.621024
3474,-3.743202,-6.467102,-4.4,-7.621024
3475,-3.749202,-6.489929,-4.4,-7.621024
3476,-3.757312,-6.515656,-4.4,-7.621024
3477,-3.7655,-6.541716,-4.4,-7.621024
3478,-3.774414,-6.571251,-4.4,-7.621024
3479,-3.78378,-6.600978,-4.4,-7.621024
3480,-3.791757,-6.630121,-4.4,-7.621024
3481,-3.801008,-6.65972,-4.4,-7.621024
3482,-3.812875,-6.68687,-4.4,-7.621024
3483,-3.82319,-6.708445,-4.4,-7.621024
3484,-3.831632,-6.733048,-4.4,-7.621024
3485,-3.838814,-6.75719,-4.4,-7.621024
3486,-3.846057,-6.782886,-4.4,-7.621024
3487,-3.853516,-6.812716,-4.4,-7.621024
3488,-3.858962,-6.839875,-4.4,-7.621024
3489,-3.865945,-6.866793,-4.4,-7.621024
3490,-3.872875,-6.894491,-4.4,-7.621024
3491,-3.881998,-6.921833,-4.4,-7.621024
3492,-3.890405,-6.947562,-4.4,-7.621024
3493,-3.902064,-6.973552,-4.4,-7.621024
3494,-3.913093,-7.000253,-4.4,-7.621024
3495,-3.924183,-7.026168,-4.4,-7.621024
3496,-3.93798,-7.051631,-4.4,-7.621024
3497,-3.954448,-7.079269,-4.4,-7.621024
3498,-3.970024,-7.105039,-4.4,-7.621024
3499,-3.985257,-7.127824,-4.4,-7.621024
3500,-4.001958,-7.151923,-4.4,-7.621024
3501,-4.018631,-7.175504,-4.4,-7.621024
3502,-4.038226,-7.201349,-4.4,-7.621024
3503,-4.057262,-7.224215,-4.4,-7.621024
3504,-4.076219,-7.247895,-4.4,-7.621024
3505,-4.095287,-7.274624,-4.4,-7.621024
3506,-4.115124,-7.302739,-4.4,-7.621024
3507,-4.136779,-7.329457,-4.4,-7.621024
3508,-4.157656,-7.352976,-4.4,-7.621024
3509,-4.177603,-7.374799,-4.4,-7.621024
3510,-4.194194,-7.3959,-4.4,-7.621024
3511,-4.21071,-7.416801,-4.4,-7.621024
3512,-4.22746,-7.436156,-4.4,-7.621024
3513,-4.24073,-7.453277,-4.4,-7.621024
3514,-4.251771,-7.470277,-4.4,-7.621024
3515,-4.26436,-7.490031,-4.4,-7.621024
3516,-4.277051,-7.509601,4.4,7.621024
3517,-4.289043,-7.528764,4.4,7.621024
3518,-4.301839,-7.552318,4.4,7.621024
3519,-4.318828,-7.583867,4.4,7.621024
3520,-4.335513,-7.618913,4.4,7.621024
3521,-4.346752,-7.654628,4.4,7.621024
3522,-4.355221,-7.682701,4.4,7.621024
3523,-4.363802,-7.706059,4.4,7.621024
3524,-4.372509,-7.730429,4.4,7.621024
3525,-4.37881,-7.750603,4.4,7.621024
3526,-4.388294,-7.762136,4.4,7.621024
3527,-4.403213,-7.767224,4.4,7.621024
3528,-4.42051,-7.771577,4.4,7.621024
3529,-4.438513,-7.779787,4.4,7.621024
3530,-4.458306,-7.793146,4.4,7.621024
3531,-4.474392,-7.811481,4.4,7.621024
3532,-4.488722,-7.830939,4.4,7.621024
3533,-4.50001,-7.850276,4.4,7.621024
3534,-4.51134,-7.866709,4.4,7.621024
3535,-4.522041,-7.88198,4.4,7.621024
3536,-4.531027,-7.897502,4.4,7.621024
3537,-4.533607,-7.913708,4.4,7.621024
3538,-4.530306,-7.930217,4.4,7.621024
3539,-4.525272,-7.941885,4.4,7.621024
3540,-4.520394,-7.949879,4.4,7.621024
3541,-4.515224,-7.957936,4.4,7.621024
3542,-4.506632,-7.965468,4.4,7.621024
3543,-4.497395,-7.97311,4.4,7.621024
3544,-4.489684,-7.98272,4.4,7.621024
3545,-4.481483,-7.993008,4.4,7.621024
3546,-4.470362,-7.999772,4.4,7.621024
3547,-4.461479,-8.003984,4.4,7.621024
3548,-4.453698,-8.00757,4.4,7.621024
3549,-4.445537,-8.013579,4.4,7.621024
3550,-4.437285,-8.020891,4.4,7.621024
3551,-4.429888,-8.028787,4.4,7.621024
3552,-4.423779,-8.039224,4.4,7.621024
3553,-4.417933,-8.051011,4.4,7.621024
3554,-4.411141,-8.060363,4.4,7.621024
3555,-4.399195,-8.068855,4.4,7.621024
3556,-4.385972,-8.081794,4.4,7.621024
3557,-4.372197,-8.091475,4.4,7.621024
3558,-4.357567,-8.096132,4.4,7.621024
3559,-4.341497,-8.098232,4.4,7.621024
3560,-4.324734,-8.099477,4.4,7.621024
3561,-4.30685,-8.101301,4.4,7.621024
3562,-4.290289,-8.106405,4.4,7.621024
3563,-4.271162,-8.110751,4.4,7.621024
3564,-4.24997,-8.113299,4.4,7.621024
3565,-4.225043,-8.117453,4.4,7.621024
3566,-4.198825,-8.122369,4.4,7.621024
3567,-4.172887,-8.128165,4.4,7.621024
3568,-4.146924,-8.130907,4.4,7.621024
3569,-4.118588,-8.134859,4.4,7.621024
3570,-4.092078,-8.13905,4.4,7.621024
3571,-4.063166,-8.146363,4.4,7.621024
3572,-4.035105,-8.154918,4.4,7.621024
3573,-4.004801,-8.162733,4.4,7.621024
3574,-3.97962,-8.169086,4.4,7.621024
3575,-3.951838,-8.174264,4.4,7.621024
3576,-3.925614,-8.180167,4.4,7.621024
3577,-3.898348,-8.18432,4.4,7.621024
3578,-3.870375,-8.18718,4.4,7.621024
3579,-3.841648,-8.19224,4.4,7.621024
3580,-3.809446,-8.200998,4.4,7.621024
3581,-3.777749,-8.209177,4.4,7.621024
3582,-3.747634,-8.21956,4.4,7.621024
3583,-3.717477,-8.227815,4.4,7.621024
3584,-3.686838,-8.237718,4.4,7.621024
3585,-3.656953,-8.246537,4.4,7.621024
3586,-3.627735,-8.257168,4.4,7.621024
3587,-3.601393,-8.268145,4.4,7.621024
