Step,Hip_X,Hip_Z,Target_X,Target_Z
0,0,0,8.8,0
1,-0.011261,0.00100485,8.8,0
2,-0.0176719,0.003090734,8.8,0
3,-0.01928203,0.003466911,8.8,0
4,-0.01936612,0.003973783,8.8,0
5,-0.02092998,0.008000078,8.8,0
6,-0.02283426,0.01232619,8.8,0
7,-0.02188504,0.0157003,8.8,0
8,-0.01951238,0.01659623,8.8,0
9,-0.0185297,0.01822737,8.8,0
10,-0.01444513,0.02053822,8.8,0
11,-0.009086797,0.01986531,8.8,0
12,-0.00489743,0.01618022,8.8,0
13,0.004134763,0.01115363,8.8,0
14,0.01217825,0.005501291,8.8,0
15,0.02155455,-0.002124696,8.8,0
16,0.03040426,-0.01171648,8.8,0
17,0.03743546,-0.02131165,8.8,0
18,0.04517194,-0.03173488,8.8,0
19,0.05001942,-0.04177051,8.8,0
20,0.05502411,-0.05164735,8.8,0
21,0.06392176,-0.06022451,8.8,0
22,0.07331476,-0.0680311,8.8,0
23,0.0823131,-0.07692285,8.8,0
24,0.09745548,-0.08494746,8.8,0
25,0.1119626,-0.09224988,8.8,0
26,0.1262016,-0.09877516,8.8,0
27,0.1400962,-0.1044514,8.8,0
28,0.1520747,-0.1103866,8.8,0
29,0.1669447,-0.1148111,8.8,0
30,0.1813445,-0.1201999,8.8,0
31,0.1943352,-0.1259654,8.8,0
32,0.2088801,-0.1316468,8.8,0
33,0.2233187,-0.1390466,8.8,0
34,0.240236,-0.1465864,8.8,0
35,0.2590575,-0.1531368,8.8,0
36,0.2781665,-0.1580124,8.8,0
37,0.2949666,-0.1629631,8.8,0
38,0.3133543,-0.1677016,8.8,0
39,0.3299126,-0.1720466,8.8,0
40,0.35074,-0.1765542,8.8,0
41,0.3737623,-0.1827328,8.8,0
42,0.398925,-0.1873944,8.8,0
43,0.4239778,-0.1906691,8.8,0
44,0.4484389,-0.194712,8.8,0
45,0.4719697,-0.1976635,8.8,0
46,0.4943273,-0.1990872,8.8,0
47,0.5119827,-0.2004656,8.8,0
48,0.5315899,-0.2019699,8.8,0
49,0.5531843,-0.2051671,8.8,0
50,0.5747814,-0.2064106,8.8,0
51,0.599092,-0.209854,8.8,0
52,0.6267983,-0.2134481,8.8,0
53,0.6564566,-0.2185546,8.8,0
54,0.6847451,-0.224725,8.8,0
55,0.7147404,-0.2334699,8.8,0
56,0.7453776,-0.2400978,8.8,0
57,0.7707169,-0.2483164,8.8,0
58,0.7976919,-0.2583206,8.8,0
59,0.8265928,-0.271476,8.8,0
60,0.8555303,-0.2846084,8.8,0
61,0.8814706,-0.2974727,8.8,0
62,0.9059483,-0.3104458,8.8,0
63,0.9292313,-0.3228689,8.8,0
64,0.9527795,-0.3355334,8.8,0
65,0.9760206,-0.3463845,8.8,0
66,0.9984553,-0.3590455,8.8,0
67,1.025033,-0.3744157,8.8,0
68,1.045616,-0.3888429,8.8,0
69,1.068406,-0.4023247,8.8,0
70,1.093003,-0.4145682,8.8,0
71,1.114858,-0.4250978,8.8,0
72,1.139631,-0.4349102,8.8,0
73,1.162304,-0.4433937,8.8,0
74,1.180267,-0.4497372,8.8,0
75,1.199527,-0.4579569,8.8,0
76,1.221046,-0.4658226,8.8,0
77,1.242194,-0.4704874,8.8,0
78,1.267682,-0.4762248,8.8,0
79,1.292363,-0.4817672,8.8,0
80,1.311051,-0.4849854,8.8,0
81,1.329804,-0.4901882,8.8,0
82,1.352332,-0.4957685,8.8,0
83,1.375947,-0.5007166,8.8,0
84,1.400735,-0.5062085,8.8,0
85,1.426434,-0.5135144,8.8,0
86,1.450298,-0.5202918,8.8,0
87,1.471941,-0.5255934,8.8,0
88,1.494006,-0.5324525,8.8,0
89,1.520445,-0.5383675,8.8,0
90,1.54784,-0.5431374,8.8,0
91,1.577024,-0.5472128,8.8,0
92,1.606912,-0.5528506,8.8,0
93,1.637443,-0.5561126,8.8,0
94,1.668588,-0.5582404,8.8,0
95,1.696706,-0.5599374,8.8,0
96,1.724388,-0.5621032,8.8,0
97,1.749605,-0.5637118,8.8,0
98,1.772893,-0.565743,8.8,0
99,1.796263,-0.5694945,8.8,0
100,1.821536,-0.57317,8.8,0
101,1.848924,-0.5769483,8.8,0
102,1.877183,-0.5786116,8.8,0
103,1.907444,-0.578836,8.8,0
104,1.937881,-0.5786333,8.8,0
105,1.966777,-0.5788699,8.8,0
106,1.993939,-0.5791709,8.8,0
107,2.021367,-0.5811625,8.8,0
108,2.046841,-0.583788,8.8,0
109,2.07289,-0.5879242,8.8,0
110,2.100639,-0.5937183,8.8,0
111,2.128893,-0.6006103,8.8,0
112,2.156871,-0.6082761,8.8,0
113,2.18394,-0.6168863,8.8,0
114,2.211949,-0.6262296,8.8,0
115,2.242398,-0.6376761,8.8,0
116,2.271776,-0.6484674,8.8,0
117,2.302382,-0.6601988,8.8,0
118,2.330311,-0.6715119,8.8,0
119,2.354386,-0.6812128,8.8,0
120,2.381511,-0.6918218,8.8,0
121,2.411097,-0.7029594,8.8,0
122,2.439336,-0.7148349,8.8,0
123,2.467582,-0.7243237,8.8,0
124,2.492283,-0.7339203,8.8,0
125,2.513813,-0.7447776,8.8,0
126,2.534979,-0.7532538,8.8,0
127,2.560122,-0.759781,8.8,0
128,2.582613,-0.7669092,8.8,0
129,2.603093,-0.7755372,8.8,0
130,2.624211,-0.7794136,8.8,0
131,2.650582,-0.7828782,8.8,0
132,2.672864,-0.7853502,8.8,0
133,2.694454,-0.789852,8.8,0
134,2.716043,-0.7922025,8.8,0
135,2.737878,-0.7949989,8.8,0
136,2.759133,-0.798484,8.8,0
137,2.782871,-0.8037889,8.8,0
138,2.807989,-0.808441,8.8,0
139,2.832687,-0.8147141,8.8,0
140,2.86038,-0.8195338,8.8,0
141,2.884832,-0.8232261,8.8,0
142,2.912093,-0.8251352,8.8,0
143,2.93807,-0.8287025,8.8,0
144,2.967432,-0.8319802,8.8,0
145,2.995903,-0.8338435,8.8,0
146,3.028388,-0.8335726,8.8,0
147,3.05829,-0.8347356,8.8,0
148,3.091953,-0.8350592,8.8,0
149,3.125508,-0.8332537,8.8,0
150,3.154028,-0.8315359,8.8,0
151,3.181876,-0.8326269,8.8,0
152,3.207134,-0.8330652,8.8,0
153,3.231472,-0.8289865,8.8,0
154,3.258024,-0.826561,8.8,0
155,3.28577,-0.8264728,8.8,0
156,3.314689,-0.8262505,8.8,0
157,3.344444,-0.8252012,8.8,0
158,3.37246,-0.8238543,8.8,0
159,3.402246,-0.8229947,8.8,0
160,3.431966,-0.8213154,8.8,0
161,3.461653,-0.8208626,8.8,0
162,3.489261,-0.8217745,8.8,0
163,3.517593,-0.8229393,8.8,0
164,3.549114,-0.8258812,8.8,0
165,3.581015,-0.8297175,8.8,0
166,3.610494,-0.8331928,8.8,0
167,3.642717,-0.8385097,8.8,0
168,3.67634,-0.8450811,8.8,0
169,3.708718,-0.8508008,8.8,0
170,3.740213,-0.857549,8.8,0
171,3.772588,-0.8645515,8.8,0
172,3.80295,-0.8723902,8.8,0
173,3.834589,-0.8805652,8.8,0
174,3.870199,-0.8891717,8.8,0
175,3.90446,-0.8952783,8.8,0
176,3.933839,-0.9027258,8.8,0
177,3.96094,-0.9095029,8.8,0
178,3.987304,-0.9161442,8.8,0
179,4.012282,-0.9228883,8.8,0
180,4.035436,-0.925913,8.8,0
181,4.058992,-0.9278759,8.8,0
182,4.081273,-0.9310047,8.8,0
183,4.105469,-0.9316847,8.8,0
184,4.129433,-0.9334219,8.8,0
185,4.156976,-0.9340546,8.8,0
186,4.184822,-0.9334133,8.8,0
187,4.20853,-0.9334078,8.8,0
188,4.231799,-0.93369,8.8,0
189,4.255404,-0.9329106,8.8,0
190,4.280761,-0.9288532,8.8,0
191,4.304137,-0.926139,8.8,0
192,4.328568,-0.9256461,8.8,0
193,4.354851,-0.9237847,8.8,0
194,4.378106,-0.9241381,8.8,0
195,4.40315,-0.9240963,8.8,0
196,4.426462,-0.9232623,8.8,0
197,4.450339,-0.9203693,8.8,0
198,4.476728,-0.9167272,8.8,0
199,4.505273,-0.9106311,8.8,0
200,4.531915,-0.9047659,8.8,0
201,4.561687,-0.8984159,8.8,0
202,4.592728,-0.8921151,8.8,0
203,4.623945,-0.8847887,8.8,0
204,4.653228,-0.8809409,8.8,0
205,4.680019,-0.8739989,8.8,0
206,4.707466,-0.8686783,8.8,0
207,4.732686,-0.8644951,8.8,0
208,4.759983,-0.8577836,8.8,0
209,4.785546,-0.8515535,8.8,0
210,4.811891,-0.8460943,8.8,0
211,4.840802,-0.840852,8.8,0
212,4.871084,-0.8355452,8.8,0
213,4.900709,-0.8309059,8.8,0
214,4.931525,-0.8286722,8.8,0
215,4.95951,-0.8248307,8.8,0
216,4.986986,-0.8206411,8.8,0
217,5.015783,-0.8171679,8.8,0
218,5.046073,-0.8151342,8.8,0
219,5.074821,-0.8130995,8.8,0
220,5.106602,-0.8121164,8.8,0
221,5.139631,-0.8124248,8.8,0
222,5.172031,-0.8134447,8.8,0
223,5.20408,-0.8148788,8.8,0
224,5.231264,-0.8155044,8.8,0
225,5.258302,-0.8158469,8.8,0
226,5.287214,-0.8160298,8.8,0
227,5.319237,-0.8173209,8.8,0
228,5.352171,-0.8197175,8.8,0
229,5.382226,-0.8226846,8.8,0
230,5.407029,-0.823243,8.8,0
231,5.433657,-0.824562,8.8,0
232,5.45866,-0.8253716,8.8,0
233,5.480399,-0.825626,8.8,0
234,5.501359,-0.8248709,8.8,0
235,5.51964,-0.8248186,8.8,0
236,5.537171,-0.8233859,8.8,0
237,5.555706,-0.8206232,8.8,0
238,5.578939,-0.8172072,8.8,0
239,5.605428,-0.8135667,8.8,0
240,5.631315,-0.8116707,8.8,0
241,5.656017,-0.8076026,8.8,0
242,5.67745,-0.804509,8.8,0
243,5.697399,-0.8009896,8.8,0
244,5.716973,-0.7970295,8.8,0
245,5.739367,-0.7916419,8.8,0
246,5.762116,-0.7871732,8.8,0
247,5.783173,-0.7831275,8.8,0
248,5.806498,-0.7765628,8.8,0
249,5.831803,-0.768959,8.8,0
250,5.85801,-0.7618364,8.8,0
251,5.882249,-0.7555257,8.8,0
252,5.9106,-0.7473358,8.8,0
253,5.939867,-0.7363712,8.8,0
254,5.971368,-0.7241535,8.8,0
255,6.001443,-0.712041,8.8,0
256,6.029174,-0.7016048,8.8,0
257,6.055966,-0.6914906,8.8,0
258,6.081417,-0.6806895,8.8,0
259,6.106009,-0.6717157,8.8,0
260,6.128598,-0.6618538,8.8,0
261,6.152688,-0.6520297,8.8,0
262,6.179731,-0.6420435,8.8,0
263,6.206527,-0.6308756,8.8,0
264,6.234852,-0.6202589,8.8,0
265,6.262426,-0.6091487,8.8,0
266,6.290475,-0.5987915,8.8,0
267,6.318708,-0.5894195,8.8,0
268,6.350035,-0.5814849,8.8,0
269,6.380183,-0.574285,8.8,0
270,6.4107,-0.5677729,8.8,0
271,6.443113,-0.5628325,8.8,0
272,6.4745,-0.5573067,8.8,0
273,6.505262,-0.5523167,8.8,0
274,6.537212,-0.5478379,8.8,0
275,6.569421,-0.5456213,8.8,0
276,6.599761,-0.5433711,8.8,0
277,6.628692,-0.5414634,8.8,0
278,6.660851,-0.5389917,8.8,0
279,6.692321,-0.5357221,8.8,0
280,6.72575,-0.5340561,8.8,0
281,6.757567,-0.5329397,8.8,0
282,6.787753,-0.529055,8.8,0
283,6.818364,-0.5280808,8.8,0
284,6.843111,-0.5269681,8.8,0
285,6.872088,-0.5240926,8.8,0
286,6.895326,-0.5219042,8.8,0
287,6.917974,-0.5172939,8.8,0
288,6.937785,-0.5134017,8.8,0
289,6.957611,-0.5103959,8.8,0
290,6.979331,-0.5052418,8.8,0
291,6.999915,-0.4987045,8.8,0
292,7.019924,-0.4935794,8.8,0
293,7.043176,-0.4883419,8.8,0
294,7.065095,-0.4833175,8.8,0
295,7.088643,-0.4781209,8.8,0
296,7.109912,-0.47329,8.8,0
297,7.129757,-0.4661509,8.8,0
298,7.151513,-0.457683,8.8,0
299,7.175552,-0.4479837,8.8,0
300,7.201385,-0.4400889,8.8,0
301,7.223238,-0.4313625,8.8,0
302,7.245649,-0.4223488,8.8,0
303,7.268219,-0.4125818,8.8,0
304,7.294312,-0.4020244,8.8,0
305,7.319622,-0.3905556,8.8,0
306,7.346956,-0.378994,8.8,0
307,7.377077,-0.3682076,8.8,0
308,7.405298,-0.35629,8.8,0
309,7.435916,-0.3455191,8.8,0
310,7.460637,-0.3345461,8.8,0
311,7.482118,-0.3250701,8.8,0
312,7.502526,-0.3143948,8.8,0
313,7.525873,-0.3033511,8.8,0
314,7.549875,-0.2927661,8.8,0
315,7.576233,-0.2784337,8.8,0
316,7.604121,-0.2643349,8.8,0
317,7.632492,-0.2517024,8.8,0
318,7.659998,-0.237551,8.8,0
319,7.686859,-0.2225321,8.8,0
320,7.712711,-0.210666,8.8,0
321,7.738556,-0.2000889,8.8,0
322,7.763323,-0.1893944,8.8,0
323,7.790792,-0.179435,8.8,0
324,7.819836,-0.1701108,8.8,0
325,7.849127,-0.1614289,8.8,0
326,7.879091,-0.1543485,8.8,0
327,7.90878,-0.1477444,8.8,0
328,7.940903,-0.1410234,8.8,0
329,7.974288,-0.1354363,8.8,0
330,8.004382,-0.128803,8.8,0
331,8.033094,-0.1233646,8.8,0
332,8.061675,-0.1191646,8.8,0
333,8.091747,-0.1154967,8.8,0
334,8.118901,-0.1127914,8.8,0
335,8.145262,-0.1091132,8.8,0
336,8.175153,-0.1057764,8.8,0
337,8.206273,-0.1027116,8.8,0
338,8.234735,-0.09961645,8.8,0
339,8.259022,-0.09800715,8.8,0
340,8.282384,-0.09702056,8.8,0
341,8.302631,-0.09476005,8.8,0
342,8.321082,-0.09187642,8.8,0
343,8.340302,-0.08540246,8.8,0
344,8.358357,-0.08014111,8.8,0
345,8.37611,-0.0739051,8.8,0
346,8.395458,-0.06633908,8.8,0
347,8.415228,-0.05990886,8.8,0
348,8.435203,-0.0514984,8.8,0
349,8.454672,-0.04037431,8.8,0
350,8.472329,-0.03058069,8.8,0
351,8.492579,-0.02022891,7.621023,-4.4
352,8.509197,-0.01020087,7.621023,-4.4
353,8.525193,1.195539E-05,7.621023,-4.4
354,8.54453,0.01244627,7.621023,-4.4
355,8.564105,0.02696548,7.621023,-4.4
356,8.581596,0.0441759,7.621023,-4.4
357,8.597631,0.06023718,7.621023,-4.4
358,8.612021,0.07653193,7.621023,-4.4
359,8.624217,0.08888233,7.621023,-4.4
360,8.634505,0.09586998,7.621023,-4.4
361,8.64856,0.1029014,7.621023,-4.4
362,8.668384,0.1067542,7.621023,-4.4
363,8.690769,0.1075386,7.621023,-4.4
364,8.715322,0.1084737,7.621023,-4.4
365,8.738893,0.1076055,7.621023,-4.4
366,8.754757,0.1092507,7.621023,-4.4
367,8.770156,0.1089645,7.621023,-4.4
368,8.783268,0.1090393,7.621023,-4.4
369,8.794369,0.1091759,7.621023,-4.4
370,8.805616,0.1061218,7.621023,-4.4
371,8.818422,0.1025301,7.621023,-4.4
372,8.829284,0.09777065,7.621023,-4.4
373,8.837005,0.09450142,7.621023,-4.4
374,8.846794,0.08948203,7.621023,-4.4
375,8.856646,0.08434268,7.621023,-4.4
376,8.864944,0.07977126,7.621023,-4.4
377,8.871046,0.07399585,7.621023,-4.4
378,8.876617,0.06904566,7.621023,-4.4
379,8.884377,0.06138238,7.621023,-4.4
380,8.892597,0.04663735,7.621023,-4.4
381,8.898369,0.02664782,7.621023,-4.4
382,8.901523,0.004775699,7.621023,-4.4
383,8.904006,-0.01591873,7.621023,-4.4
384,8.904112,-0.03378481,7.621023,-4.4
385,8.901138,-0.05167083,7.621023,-4.4
386,8.898065,-0.07333273,7.621023,-4.4
387,8.894387,-0.09641945,7.621023,-4.4
388,8.891803,-0.1207903,7.621023,-4.4
389,8.888887,-0.1478158,7.621023,-4.4
390,8.884582,-0.172883,7.621023,-4.4
391,8.881771,-0.1966485,7.621023,-4.4
392,8.880188,-0.2168411,7.621023,-4.4
393,8.878162,-0.2358126,7.621023,-4.4
394,8.876683,-0.2517833,7.621023,-4.4
395,8.876233,-0.2659612,7.621023,-4.4
396,8.877482,-0.2829624,7.621023,-4.4
397,8.878482,-0.3003418,7.621023,-4.4
398,8.879109,-0.3169229,7.621023,-4.4
399,8.878918,-0.3350582,7.621023,-4.4
400,8.880731,-0.3555212,7.621023,-4.4
401,8.883498,-0.3777311,7.621023,-4.4
402,8.886597,-0.399447,7.621023,-4.4
403,8.889261,-0.4195641,7.621023,-4.4
404,8.892222,-0.4367397,7.621023,-4.4
405,8.893558,-0.4512622,7.621023,-4.4
406,8.895647,-0.4695785,7.621023,-4.4
407,8.898979,-0.4889246,7.621023,-4.4
408,8.900505,-0.5095347,7.621023,-4.4
409,8.903939,-0.5285592,7.621023,-4.4
410,8.907646,-0.5491806,7.621023,-4.4
411,8.909497,-0.5696131,7.621023,-4.4
412,8.909465,-0.5904521,7.621023,-4.4
413,8.909513,-0.6110655,7.621023,-4.4
414,8.911926,-0.6349387,7.621023,-4.4
415,8.915606,-0.6589592,7.621023,-4.4
416,8.916486,-0.683329,7.621023,-4.4
417,8.917011,-0.7102724,7.621023,-4.4
418,8.919139,-0.7371297,7.621023,-4.4
419,8.921023,-0.7625755,7.621023,-4.4
420,8.922759,-0.7869331,7.621023,-4.4
421,8.923198,-0.80829,7.621023,-4.4
422,8.926031,-0.8308787,7.621023,-4.4
423,8.928226,-0.8537431,7.621023,-4.4
424,8.930851,-0.8763614,7.621023,-4.4
425,8.934099,-0.8990114,7.621023,-4.4
426,8.936687,-0.9210494,7.621023,-4.4
427,8.937159,-0.9436218,7.621023,-4.4
428,8.935643,-0.9722601,7.621023,-4.4
429,8.933173,-0.9998427,7.621023,-4.4
430,8.930393,-1.025559,7.621023,-4.4
431,8.924926,-1.052004,7.621023,-4.4
432,8.916379,-1.080003,7.621023,-4.4
433,8.906734,-1.105891,7.621023,-4.4
434,8.8967,-1.131704,7.621023,-4.4
435,8.887217,-1.157671,7.621023,-4.4
436,8.874177,-1.186303,7.621023,-4.4
437,8.860403,-1.213373,7.621023,-4.4
438,8.84965,-1.235245,7.621023,-4.4
439,8.835805,-1.259753,7.621023,-4.4
440,8.82075,-1.28673,7.621023,-4.4
441,8.807363,-1.312437,7.621023,-4.4
442,8.793896,-1.340339,7.621023,-4.4
443,8.779052,-1.366449,7.621023,-4.4
444,8.765252,-1.392861,7.621023,-4.4
445,8.751353,-1.420581,7.621023,-4.4
446,8.738999,-1.443998,7.621023,-4.4
447,8.729578,-1.464223,7.621023,-4.4
448,8.721283,-1.481984,7.621023,-4.4
449,8.714521,-1.499262,7.621023,-4.4
450,8.707105,-1.519929,7.621023,-4.4
451,8.699758,-1.54061,7.621023,-4.4
452,8.695059,-1.561427,7.621023,-4.4
453,8.687654,-1.585293,7.621023,-4.4
454,8.681043,-1.608788,7.621023,-4.4
455,8.673377,-1.631637,7.621023,-4.4
456,8.667179,-1.656981,7.621023,-4.4
457,8.6626,-1.679964,7.621023,-4.4
458,8.660058,-1.702523,7.621023,-4.4
459,8.657671,-1.724539,7.621023,-4.4
460,8.654645,-1.745333,7.621023,-4.4
461,8.649892,-1.766113,7.621023,-4.4
462,8.644574,-1.788853,7.621023,-4.4
463,8.639391,-1.813125,7.621023,-4.4
464,8.634542,-1.836438,7.621023,-4.4
465,8.630099,-1.860301,7.621023,-4.4
466,8.624807,-1.886643,7.621023,-4.4
467,8.620769,-1.911077,7.621023,-4.4
468,8.616491,-1.936851,7.621023,-4.4
469,8.613181,-1.966684,7.621023,-4.4
470,8.611203,-1.99467,7.621023,-4.4
471,8.609934,-2.021346,7.621023,-4.4
472,8.607277,-2.050794,7.621023,-4.4
473,8.602864,-2.080969,7.621023,-4.4
474,8.599463,-2.108092,7.621023,-4.4
475,8.596882,-2.133021,7.621023,-4.4
476,8.595569,-2.158654,7.621023,-4.4
477,8.594978,-2.185786,7.621023,-4.4
478,8.593176,-2.214207,7.621023,-4.4
479,8.593121,-2.246059,7.621023,-4.4
480,8.591766,-2.277774,7.621023,-4.4
481,8.589272,-2.309293,7.621023,-4.4
482,8.584546,-2.340158,7.621023,-4.4
483,8.581152,-2.369618,7.621023,-4.4
484,8.577183,-2.397449,7.621023,-4.4
485,8.571447,-2.426907,7.621023,-4.4
486,8.562373,-2.457006,7.621023,-4.4
487,8.550867,-2.487755,7.621023,-4.4
488,8.538635,-2.518425,7.621023,-4.4
489,8.528337,-2.548121,7.621023,-4.4
490,8.518152,-2.576651,7.621023,-4.4
491,8.505134,-2.606961,7.621023,-4.4
492,8.491106,-2.63672,7.621023,-4.4
493,8.476784,-2.667545,7.621023,-4.4
494,8.461849,-2.698345,7.621023,-4.4
495,8.448345,-2.727928,7.621023,-4.4
496,8.435557,-2.756916,7.621023,-4.4
497,8.421503,-2.784648,7.621023,-4.4
498,8.408981,-2.81109,7.621023,-4.4
499,8.395234,-2.838618,7.621023,-4.4
500,8.382998,-2.863118,7.621023,-4.4
501,8.374718,-2.885657,7.621023,-4.4
502,8.367781,-2.908933,7.621023,-4.4
503,8.360276,-2.931732,7.621023,-4.4
504,8.354307,-2.955393,7.621023,-4.4
505,8.348172,-2.976482,7.621023,-4.4
506,8.341851,-2.996181,7.621023,-4.4
507,8.337677,-3.014715,7.621023,-4.4
508,8.329499,-3.036266,7.621023,-4.4
509,8.322539,-3.060486,7.621023,-4.4
510,8.31716,-3.083143,7.621023,-4.4
511,8.311599,-3.107521,7.621023,-4.4
512,8.308047,-3.132472,7.621023,-4.4
513,8.304471,-3.155001,7.621023,-4.4
514,8.299904,-3.179695,7.621023,-4.4
515,8.294308,-3.202508,7.621023,-4.4
516,8.287025,-3.228165,7.621023,-4.4
517,8.280122,-3.25424,7.621023,-4.4
518,8.275265,-3.280686,7.621023,-4.4
519,8.271447,-3.307909,7.621023,-4.4
520,8.26657,-3.336136,7.621023,-4.4
521,8.262562,-3.364021,7.621023,-4.4
522,8.258698,-3.394276,7.621023,-4.4
523,8.255194,-3.424606,7.621023,-4.4
524,8.249445,-3.453809,7.621023,-4.4
525,8.245987,-3.481697,7.621023,-4.4
526,8.242571,-3.508794,7.621023,-4.4
527,8.237403,-3.536724,7.621023,-4.4
528,8.234511,-3.560703,7.621023,-4.4
529,8.231978,-3.586346,7.621023,-4.4
530,8.228333,-3.613042,7.621023,-4.4
531,8.228096,-3.640888,7.621023,-4.4
532,8.226454,-3.669244,7.621023,-4.4
533,8.222551,-3.697318,7.621023,-4.4
534,8.217672,-3.725386,7.621023,-4.4
535,8.211437,-3.756836,7.621023,-4.4
536,8.203949,-3.785557,7.621023,-4.4
537,8.195157,-3.810259,7.621023,-4.4
538,8.183764,-3.836299,7.621023,-4.4
539,8.170914,-3.859204,7.621023,-4.4
540,8.159067,-3.8814,7.621023,-4.4
541,8.146265,-3.903596,7.621023,-4.4
542,8.131717,-3.926917,7.621023,-4.4
543,8.115323,-3.949164,7.621023,-4.4
544,8.098404,-3.97244,7.621023,-4.4
545,8.08006,-3.997773,7.621023,-4.4
546,8.062214,-4.024406,7.621023,-4.4
547,8.042748,-4.050637,7.621023,-4.4
548,8.025208,-4.075027,7.621023,-4.4
549,8.007506,-4.098327,7.621023,-4.4
550,7.986047,-4.125326,7.621023,-4.4
551,7.964558,-4.153839,7.621023,-4.4
552,7.943857,-4.17865,7.621023,-4.4
553,7.923787,-4.203763,7.621023,-4.4
554,7.903551,-4.226211,7.621023,-4.4
555,7.887406,-4.245089,7.621023,-4.4
556,7.872597,-4.264836,7.621023,-4.4
557,7.859924,-4.284375,7.621023,-4.4
558,7.847438,-4.306904,7.621023,-4.4
559,7.831974,-4.32882,7.621023,-4.4
560,7.818243,-4.349631,7.621023,-4.4
561,7.807244,-4.369137,-7.621023,4.4
562,7.800089,-4.386363,-7.621023,4.4
563,7.790917,-4.407495,-7.621023,4.4
564,7.781232,-4.426823,-7.621023,4.4
565,7.771754,-4.445476,-7.621023,4.4
566,7.762886,-4.464637,-7.621023,4.4
567,7.755751,-4.484447,-7.621023,4.4
568,7.748651,-4.503001,-7.621023,4.4
569,7.743532,-4.51723,-7.621023,4.4
570,7.736044,-4.53329,-7.621023,4.4
571,7.727973,-4.549878,-7.621023,4.4
572,7.720211,-4.568774,-7.621023,4.4
573,7.710983,-4.588727,-7.621023,4.4
574,7.701704,-4.604293,-7.621023,4.4
575,7.691681,-4.619174,-7.621023,4.4
576,7.682042,-4.633263,-7.621023,4.4
577,7.671541,-4.646802,-7.621023,4.4
578,7.661292,-4.659574,-7.621023,4.4
579,7.648241,-4.673073,-7.621023,4.4
580,7.632519,-4.685266,-7.621023,4.4
581,7.618189,-4.699574,-7.621023,4.4
582,7.602664,-4.711586,-7.621023,4.4
583,7.588609,-4.723442,-7.621023,4.4
584,7.573605,-4.734361,-7.621023,4.4
585,7.560563,-4.745879,-7.621023,4.4
586,7.544227,-4.755749,-7.621023,4.4
587,7.527556,-4.763947,-7.621023,4.4
588,7.514382,-4.770452,-7.621023,4.4
589,7.499113,-4.778627,-7.621023,4.4
590,7.482718,-4.785308,-7.621023,4.4
591,7.464736,-4.791423,-7.621023,4.4
592,7.443388,-4.793648,-7.621023,4.4
593,7.420005,-4.792346,-7.621023,4.4
594,7.397468,-4.788651,-7.621023,4.4
595,7.375584,-4.782399,-7.621023,4.4
596,7.351651,-4.77528,-7.621023,4.4
597,7.328694,-4.768937,-7.621023,4.4
598,7.307684,-4.7612,-7.621023,4.4
599,7.286429,-4.752239,-7.621023,4.4
600,7.264956,-4.741572,-7.621023,4.4
601,7.242698,-4.728538,-7.621023,4.4
602,7.22113,-4.715368,-7.621023,4.4
603,7.198697,-4.704321,-7.621023,4.4
604,7.175855,-4.691318,-7.621023,4.4
605,7.153135,-4.679127,-7.621023,4.4
606,7.127972,-4.666928,-7.621023,4.4
607,7.103315,-4.654804,-7.621023,4.4
608,7.082168,-4.644114,-7.621023,4.4
609,7.063032,-4.636151,-7.621023,4.4
610,7.042087,-4.626578,-7.621023,4.4
611,7.024411,-4.620631,-7.621023,4.4
612,7.009097,-4.614983,-7.621023,4.4
613,6.991436,-4.610977,-7.621023,4.4
614,6.975214,-4.60672,-7.621023,4.4
615,6.955239,-4.603631,-7.621023,4.4
616,6.932436,-4.598345,-7.621023,4.4
617,6.910595,-4.590806,-7.621023,4.4
618,6.886013,-4.582086,-7.621023,4.4
619,6.864125,-4.576133,-7.621023,4.4
620,6.842005,-4.569615,-7.621023,4.4
621,6.821499,-4.564479,-7.621023,4.4
622,6.798211,-4.558628,-7.621023,4.4
623,6.775924,-4.551757,-7.621023,4.4
624,6.755627,-4.545806,-7.621023,4.4
625,6.733226,-4.538761,-7.621023,4.4
626,6.709301,-4.532806,-7.621023,4.4
627,6.68338,-4.526914,-7.621023,4.4
628,6.657163,-4.520318,-7.621023,4.4
629,6.627811,-4.513332,-7.621023,4.4
630,6.597701,-4.506899,-7.621023,4.4
631,6.57022,-4.499989,-7.621023,4.4
632,6.542075,-4.492923,-7.621023,4.4
633,6.514307,-4.489557,-7.621023,4.4
634,6.487308,-4.487114,-7.621023,4.4
635,6.460212,-4.481855,-7.621023,4.4
636,6.431389,-4.475087,-7.621023,4.4
637,6.402238,-4.469605,-7.621023,4.4
638,6.373108,-4.466001,-7.621023,4.4
639,6.344994,-4.460884,-7.621023,4.4
640,6.317852,-4.452881,-7.621023,4.4
641,6.286795,-4.444387,-7.621023,4.4
642,6.255908,-4.435666,-7.621023,4.4
643,6.22698,-4.428377,-7.621023,4.4
644,6.201471,-4.419524,-7.621023,4.4
645,6.176032,-4.408461,-7.621023,4.4
646,6.151883,-4.395554,-7.621023,4.4
647,6.127915,-4.380157,-7.621023,4.4
648,6.102533,-4.36463,-7.621023,4.4
649,6.075394,-4.347161,-7.621023,4.4
650,6.04845,-4.328215,-7.621023,4.4
651,6.021078,-4.309487,-7.621023,4.4
652,5.994233,-4.292436,-7.621023,4.4
653,5.966533,-4.272306,-7.621023,4.4
654,5.942355,-4.254481,-7.621023,4.4
655,5.91497,-4.236816,-7.621023,4.4
656,5.887358,-4.218812,-7.621023,4.4
657,5.858665,-4.200937,-7.621023,4.4
658,5.832485,-4.184222,-7.621023,4.4
659,5.806154,-4.168186,-7.621023,4.4
660,5.784892,-4.153198,-7.621023,4.4
661,5.764868,-4.141656,-7.621023,4.4
662,5.744871,-4.129875,-7.621023,4.4
663,5.724518,-4.119598,-7.621023,4.4
664,5.707512,-4.109624,-7.621023,4.4
665,5.689197,-4.099008,-7.621023,4.4
666,5.670721,-4.09042,-7.621023,4.4
667,5.653681,-4.08107,-7.621023,4.4
668,5.635712,-4.069712,-7.621023,4.4
669,5.613796,-4.060863,-7.621023,4.4
670,5.593291,-4.052948,-7.621023,4.4
671,5.568862,-4.043468,-7.621023,4.4
672,5.544667,-4.033324,-7.621023,4.4
673,5.521632,-4.024827,-7.621023,4.4
674,5.500205,-4.017956,-7.621023,4.4
675,5.477323,-4.010761,-7.621023,4.4
676,5.455314,-4.002071,-7.621023,4.4
677,5.432872,-3.993623,-7.621023,4.4
678,5.409435,-3.985333,-7.621023,4.4
679,5.387027,-3.977052,-7.621023,4.4
680,5.360978,-3.967966,-7.621023,4.4
681,5.335013,-3.961332,-7.621023,4.4
682,5.311341,-3.953486,-7.621023,4.4
683,5.287488,-3.945689,-7.621023,4.4
684,5.257696,-3.936853,-7.621023,4.4
685,5.223978,-3.927541,-7.621023,4.4
686,5.191457,-3.91782,-7.621023,4.4
687,5.160163,-3.910306,-7.621023,4.4
688,5.131281,-3.902158,-7.621023,4.4
689,5.104534,-3.897953,-7.621023,4.4
690,5.07796,-3.892456,-7.621023,4.4
691,5.050628,-3.88594,-7.621023,4.4
692,5.023659,-3.877891,-7.621023,4.4
693,4.995774,-3.869241,-7.621023,4.4
694,4.966063,-3.860286,-7.621023,4.4
695,4.939692,-3.85478,-7.621023,4.4
696,4.913201,-3.852713,-7.621023,4.4
697,4.885526,-3.845579,-7.621023,4.4
698,4.858663,-3.835617,-7.621023,4.4
699,4.834578,-3.823954,-7.621023,4.4
700,4.810496,-3.811791,-7.621023,4.4
701,4.786817,-3.7981,-7.621023,4.4
702,4.761828,-3.78055,-7.621023,4.4
703,4.737804,-3.762394,-7.621023,4.4
704,4.713281,-3.744621,-7.621023,4.4
705,4.688516,-3.725768,-7.621023,4.4
706,4.664122,-3.708307,-7.621023,4.4
707,4.639371,-3.688145,-7.621023,4.4
708,4.614898,-3.66767,-7.621023,4.4
709,4.590316,-3.646173,-7.621023,4.4
710,4.565624,-3.625745,-7.621023,4.4
711,4.541181,-3.60586,-7.621023,4.4
712,4.514568,-3.587782,-7.621023,4.4
713,4.487097,-3.568763,-7.621023,4.4
714,4.460545,-3.5505,-7.621023,4.4
715,4.436705,-3.533375,-7.621023,4.4
716,4.414875,-3.518079,-7.621023,4.4
717,4.392673,-3.505786,-7.621023,4.4
718,4.372726,-3.492568,-7.621023,4.4
719,4.35497,-3.483016,-7.621023,4.4
720,4.33715,-3.474958,-7.621023,4.4
721,4.318779,-3.467334,-7.621023,4.4
722,4.295444,-3.460607,-7.621023,4.4
723,4.27176,-3.452562,-7.621023,4.4
724,4.24891,-3.444066,-7.621023,4.4
725,4.228283,-3.437468,-7.621023,4.4
726,4.20552,-3.43484,-7.621023,4.4
727,4.182102,-3.430852,-7.621023,4.4
728,4.158507,-3.424772,-7.621023,4.4
729,4.134695,-3.418644,-7.621023,4.4
730,4.11157,-3.4122,-7.621023,4.4
731,4.085196,-3.404023,-7.621023,4.4
732,4.06265,-3.396366,-7.621023,4.4
733,4.035645,-3.388196,-7.621023,4.4
734,4.007221,-3.380854,-7.621023,4.4
735,3.979811,-3.374788,-7.621023,4.4
736,3.952555,-3.367754,-7.621023,4.4
737,3.922948,-3.361741,-7.621023,4.4
738,3.893852,-3.357006,-7.621023,4.4
739,3.862348,-3.35284,-7.621023,4.4
740,3.832685,-3.347889,-7.621023,4.4
741,3.806815,-3.343022,-7.621023,4.4
742,3.779598,-3.339261,-7.621023,4.4
743,3.750056,-3.336984,-7.621023,4.4
744,3.721836,-3.335859,-7.621023,4.4
745,3.688705,-3.331113,-7.621023,4.4
746,3.656683,-3.328501,-7.621023,4.4
747,3.625066,-3.325442,-7.621023,4.4
748,3.593112,-3.321766,-7.621023,4.4
749,3.563227,-3.31707,-7.621023,4.4
750,3.535015,-3.312073,-7.621023,4.4
751,3.506557,-3.305512,-7.621023,4.4
752,3.47615,-3.297357,-7.621023,4.4
753,3.44813,-3.287998,-7.621023,4.4
754,3.42381,-3.278285,-7.621023,4.4
755,3.398586,-3.266015,-7.621023,4.4
756,3.372055,-3.252617,-7.621023,4.4
757,3.342741,-3.237258,-7.621023,4.4
758,3.313046,-3.221447,-7.621023,4.4
759,3.286956,-3.206217,-7.621023,4.4
760,3.259644,-3.188257,-7.621023,4.4
761,3.232279,-3.171802,-7.621023,4.4
762,3.203819,-3.153697,-7.621023,4.4
763,3.176259,-3.137075,-7.621023,4.4
764,3.147536,-3.120351,-7.621023,4.4
765,3.118742,-3.100224,-7.621023,4.4
766,3.088852,-3.07915,-7.621023,4.4
767,3.059765,-3.05823,-7.621023,4.4
768,3.033559,-3.040404,-7.621023,4.4
769,3.00768,-3.025379,-7.621023,4.4
770,2.98674,-3.013517,-7.621023,4.4
771,2.969153,-3.004625,-7.621023,4.4
772,2.948911,-2.99441,-7.621023,4.4
773,2.925302,-2.983222,-7.621023,4.4
774,2.902134,-2.97414,-7.621023,4.4
775,2.878726,-2.964036,-7.621023,4.4
776,2.855573,-2.956364,-7.621023,4.4
777,2.833703,-2.947564,-7.621023,4.4
778,2.809646,-2.939607,-7.621023,4.4
779,2.783873,-2.930124,-7.621023,4.4
780,2.762548,-2.923726,-7.621023,4.4
781,2.741508,-2.918711,-7.621023,4.4
782,2.717546,-2.911629,-7.621023,4.4
783,2.693292,-2.90372,-7.621023,4.4
784,2.668427,-2.89521,-7.621023,4.4
785,2.644274,-2.889115,-7.621023,4.4
786,2.619367,-2.880622,-7.621023,4.4
787,2.589847,-2.871447,-7.621023,4.4
788,2.560077,-2.862242,-7.621023,4.4
789,2.531049,-2.8531,-7.621023,4.4
790,2.500438,-2.845543,-7.621023,4.4
791,2.466799,-2.837438,-7.621023,4.4
792,2.432944,-2.830382,-7.621023,4.4
793,2.401707,-2.822513,-7.621023,4.4
794,2.369821,-2.813897,-7.621023,4.4
795,2.342722,-2.805983,-7.621023,4.4
796,2.31967,-2.800409,-7.621023,4.4
797,2.296144,-2.795619,-7.621023,4.4
798,2.269451,-2.79018,-7.621023,4.4
799,2.240655,-2.784934,-7.621023,4.4
800,2.208043,-2.778585,-7.621023,4.4
801,2.175925,-2.771919,-7.621023,4.4
802,2.14447,-2.765521,-7.621023,4.4
803,2.114738,-2.756351,-7.621023,4.4
804,2.085458,-2.747398,-7.621023,4.4
805,2.058095,-2.738483,-7.621023,4.4
806,2.030894,-2.72979,-7.621023,4.4
807,2.002716,-2.720103,-7.621023,4.4
808,1.97618,-2.707251,-7.621023,4.4
809,1.949383,-2.691461,-7.621023,4.4
810,1.921544,-2.672943,-7.621023,4.4
811,1.895692,-2.656332,-7.621023,4.4
812,1.869185,-2.63862,-7.621023,4.4
813,1.840545,-2.619056,-7.621023,4.4
814,1.810465,-2.600163,-7.621023,4.4
815,1.782236,-2.582858,-7.621023,4.4
816,1.7537,-2.566358,-7.621023,4.4
817,1.726242,-2.548281,-7.621023,4.4
818,1.698398,-2.529575,-7.621023,4.4
819,1.66979,-2.510257,-7.621023,4.4
820,1.642587,-2.492241,-7.621023,4.4
821,1.617091,-2.476302,-7.621023,4.4
822,1.593003,-2.461556,-7.621023,4.4
823,1.569866,-2.446815,-7.621023,4.4
824,1.549031,-2.434393,-7.621023,4.4
825,1.528616,-2.426883,-7.621023,4.4
826,1.510544,-2.420251,-7.621023,4.4
827,1.490838,-2.413037,-7.621023,4.4
828,1.470548,-2.403416,-7.621023,4.4
829,1.446886,-2.394138,-7.621023,4.4
830,1.424997,-2.386455,-7.621023,4.4
831,1.403274,-2.376603,-7.621023,4.4
832,1.380161,-2.368738,-7.621023,4.4
833,1.354868,-2.360605,-7.621023,4.4
834,1.331708,-2.351146,-7.621023,4.4
835,1.310609,-2.344257,-7.621023,4.4
836,1.285272,-2.337055,-7.621023,4.4
837,1.264208,-2.329875,-7.621023,4.4
838,1.239114,-2.322514,-7.621023,4.4
839,1.213557,-2.314126,-7.621023,4.4
840,1.187533,-2.306074,-7.621023,4.4
841,1.159511,-2.29889,-7.621023,4.4
842,1.129542,-2.292045,-7.621023,4.4
843,1.098353,-2.286634,-7.621023,4.4
844,1.068624,-2.280996,-7.621023,4.4
845,1.039287,-2.275075,-7.621023,4.4
846,1.009325,-2.268401,-7.621023,4.4
847,0.9796623,-2.26443,-7.621023,4.4
848,0.9487112,-2.260888,-7.621023,4.4
849,0.9181567,-2.256271,-7.621023,4.4
850,0.889343,-2.249799,-7.621023,4.4
851,0.8616471,-2.243529,-7.621023,4.4
852,0.8332815,-2.237411,-7.621023,4.4
853,0.804436,-2.229702,-7.621023,4.4
854,0.7731122,-2.220821,-7.621023,4.4
855,0.7394105,-2.213136,-7.621023,4.4
856,0.7083129,-2.204792,-7.621023,4.4
857,0.6819093,-2.196591,-7.621023,4.4
858,0.653958,-2.188476,-7.621023,4.4
859,0.6258476,-2.178996,-7.621023,4.4
860,0.6004644,-2.168027,-7.621023,4.4
861,0.5744337,-2.155912,-7.621023,4.4
862,0.5477515,-2.141255,-7.621023,4.4
863,0.5223841,-2.125953,-7.621023,4.4
864,0.4972925,-2.110587,-7.621023,4.4
865,0.4727843,-2.092196,-7.621023,4.4
866,0.4452428,-2.073898,-7.621023,4.4
867,0.415176,-2.054484,-7.621023,4.4
868,0.3872314,-2.035701,-7.621023,4.4
869,0.3609563,-2.017548,-7.621023,4.4
870,0.335574,-1.998385,-7.621023,4.4
871,0.3100812,-1.979014,-7.621023,4.4
872,0.284444,-1.961711,-7.621023,4.4
873,0.2568957,-1.943528,-7.621023,4.4
874,0.2334476,-1.926338,-7.621023,4.4
875,0.2095139,-1.911899,-7.621023,4.4
876,0.1903851,-1.897532,-7.621023,4.4
877,0.171632,-1.882465,-7.621023,4.4
878,0.1541762,-1.870006,-7.621023,4.4
879,0.1367819,-1.859739,-7.621023,4.4
880,0.1195814,-1.849102,-7.621023,4.4
881,0.1009123,-1.837882,-7.621023,4.4
882,0.08282307,-1.827351,-7.621023,4.4
883,0.06333698,-1.814723,-7.621023,4.4
884,0.04225675,-1.802283,-7.621023,4.4
885,0.02250144,-1.791162,-7.621023,4.4
886,0.002703872,-1.781785,-7.621023,4.4
887,-0.01869728,-1.77326,-7.621023,4.4
888,-0.04025088,-1.764554,-7.621023,4.4
889,-0.06462293,-1.755606,-7.621023,4.4
890,-0.08564964,-1.746256,-7.621023,4.4
891,-0.1067094,-1.73589,-7.621023,4.4
892,-0.1258788,-1.724486,-7.621023,4.4
893,-0.1452786,-1.71395,-7.621023,4.4
894,-0.1654444,-1.704238,-7.621023,4.4
895,-0.1901412,-1.694717,-7.621023,4.4
896,-0.2157428,-1.685553,-7.621023,4.4
897,-0.2426416,-1.674484,-7.621023,4.4
898,-0.2697675,-1.662014,-7.621023,4.4
899,-0.3018897,-1.648409,-7.621023,4.4
900,-0.3319704,-1.635661,-7.621023,4.4
901,-0.3618265,-1.623457,-7.621023,4.4
902,-0.3887075,-1.612546,-7.621023,4.4
903,-0.4160972,-1.602828,-7.621023,4.4
904,-0.4421476,-1.592452,-7.621023,4.4
905,-0.4690349,-1.586099,-7.621023,4.4
906,-0.4959702,-1.577185,-7.621023,4.4
907,-0.5236939,-1.566166,-7.621023,4.4
908,-0.5528598,-1.554853,-7.621023,4.4
909,-0.5815649,-1.544185,-7.621023,4.4
910,-0.6099328,-1.531852,-7.621023,4.4
911,-0.6361485,-1.517568,-7.621023,4.4
912,-0.6610522,-1.502622,-7.621023,4.4
913,-0.6851237,-1.489939,-7.621023,4.4
914,-0.7091717,-1.476441,-7.621023,4.4
915,-0.7332859,-1.45949,-7.621023,4.4
916,-0.758598,-1.443615,-7.621023,4.4
917,-0.7831138,-1.425383,-7.621023,4.4
918,-0.8083343,-1.405612,-7.621023,4.4
919,-0.8339261,-1.383642,-7.621023,4.4
920,-0.8580431,-1.363619,-7.621023,4.4
921,-0.8816512,-1.341656,-7.621023,4.4
922,-0.9045826,-1.319344,-7.621023,4.4
923,-0.9276528,-1.296779,-7.621023,4.4
924,-0.9504478,-1.272299,-7.621023,4.4
925,-0.9729487,-1.249969,-7.621023,4.4
926,-0.9971541,-1.226669,-7.621023,4.4
927,-1.020095,-1.203405,-7.621023,4.4
928,-1.042568,-1.183974,-7.621023,4.4
929,-1.063461,-1.167464,-7.621023,4.4
930,-1.083123,-1.153125,-7.621023,4.4
931,-1.102869,-1.138565,-7.621023,4.4
932,-1.119783,-1.12378,-7.621023,4.4
933,-1.137573,-1.111029,-7.621023,4.4
934,-1.156936,-1.099239,-7.621023,4.4
935,-1.174088,-1.089338,-7.621023,4.4
936,-1.191392,-1.078663,-7.621023,4.4
937,-1.214546,-1.064503,-7.621023,4.4
938,-1.23447,-1.049183,-7.621023,4.4
939,-1.253754,-1.037065,-7.621023,4.4
940,-1.273264,-1.027463,-7.621023,4.4
941,-1.294592,-1.019526,-7.621023,4.4
942,-1.317651,-1.009571,-7.621023,4.4
943,-1.335358,-0.9986994,-7.621023,4.4
944,-1.359493,-0.9860611,-7.621023,4.4
945,-1.382685,-0.9747326,-7.621023,4.4
946,-1.406175,-0.9634762,-7.621023,4.4
947,-1.430016,-0.95196,-7.621023,4.4
948,-1.453903,-0.9412413,-7.621023,4.4
949,-1.477403,-0.930053,-7.621023,4.4
950,-1.503476,-0.9164271,-7.621023,4.4
951,-1.531135,-0.9026635,-7.621023,4.4
952,-1.563301,-0.887192,-7.621023,4.4
953,-1.592243,-0.8740107,-7.621023,4.4
954,-1.620189,-0.8629776,-7.621023,4.4
955,-1.649051,-0.8524159,-7.621023,4.4
956,-1.67668,-0.8433596,-7.621023,4.4
957,-1.699849,-0.8350555,-7.621023,4.4
958,-1.72414,-0.8259875,-7.621023,4.4
959,-1.752543,-0.8134418,-7.621023,4.4
960,-1.782103,-0.8009346,-7.621023,4.4
961,-1.812397,-0.7916395,-7.621023,4.4
962,-1.843569,-0.7802599,-7.621023,4.4
963,-1.874507,-0.7693126,-7.621023,4.4
964,-1.903096,-0.7589243,-7.621023,4.4
965,-1.930568,-0.7492783,-7.621023,4.4
966,-1.956791,-0.7368765,-7.621023,4.4
967,-1.983588,-0.7222871,-7.621023,4.4
968,-2.01121,-0.7060827,-7.621023,4.4
969,-2.035121,-0.6914784,-7.621023,4.4
970,-2.057899,-0.6756285,-7.621023,4.4
971,-2.080698,-0.6597034,-7.621023,4.4
972,-2.102443,-0.6416189,-7.621023,4.4
973,-2.124787,-0.6231765,-7.621023,4.4
974,-2.149165,-0.6043382,-7.621023,4.4
975,-2.175457,-0.5843024,-7.621023,4.4
976,-2.201881,-0.563564,-7.621023,4.4
977,-2.228636,-0.5433995,-7.621023,4.4
978,-2.253751,-0.5253664,-7.621023,4.4
979,-2.278955,-0.5063164,-7.621023,4.4
980,-2.304416,-0.4872665,-7.621023,4.4
981,-2.331506,-0.4682902,-7.621023,4.4
982,-2.35694,-0.4455335,-7.621023,4.4
983,-2.381204,-0.4264623,-7.621023,4.4
984,-2.405271,-0.4068427,-7.621023,4.4
985,-2.426607,-0.3875439,-7.621023,4.4
986,-2.445924,-0.3708601,-7.621023,4.4
987,-2.46599,-0.3556907,-7.621023,4.4
988,-2.485442,-0.3446178,-7.621023,4.4
989,-2.506542,-0.3355445,-7.621023,4.4
990,-2.527686,-0.3247404,-7.621023,4.4
991,-2.54857,-0.3110009,-7.621023,4.4
992,-2.571133,-0.2985219,-7.621023,4.4
993,-2.593446,-0.2877267,-7.621023,4.4
994,-2.614409,-0.2782127,-7.621023,4.4
995,-2.63232,-0.270184,-7.621023,4.4
996,-2.652153,-0.2636507,-7.621023,4.4
997,-2.674736,-0.254506,-7.621023,4.4
998,-2.695708,-0.246077,-7.621023,4.4
999,-2.715923,-0.2380577,-7.621023,4.4
1000,-2.740464,-0.2289773,-7.621023,4.4
1001,-2.767028,-0.2187815,-7.621023,4.4
1002,-2.792107,-0.2084215,-7.621023,4.4
1003,-2.819728,-0.1961173,-7.621023,4.4
1004,-2.847975,-0.1847093,-7.621023,4.4
1005,-2.87561,-0.1763083,-7.621023,4.4
1006,-2.904986,-0.1666569,-7.621023,4.4
1007,-2.935511,-0.1570697,-7.621023,4.4
1008,-2.965632,-0.1465448,-7.621023,4.4
1009,-2.993261,-0.1351955,-7.621023,4.4
1010,-3.020856,-0.1244931,-7.621023,4.4
1011,-3.04758,-0.1160362,-7.621023,4.4
1012,-3.074819,-0.1091754,-7.621023,4.4
1013,-3.103883,-0.1015607,-7.621023,4.4
1014,-3.132665,-0.09149156,-7.621023,4.4
1015,-3.163283,-0.08054718,-7.621023,4.4
1016,-3.193914,-0.07046612,-7.621023,4.4
1017,-3.223701,-0.06004998,-7.621023,4.4
1018,-3.253537,-0.05032505,-7.621023,4.4
1019,-3.282414,-0.03882945,-7.621023,4.4
1020,-3.311083,-0.02657824,-7.621023,4.4
1021,-3.341358,-0.01192151,-7.621023,4.4
1022,-3.372499,0.004824747,-7.621023,4.4
1023,-3.398526,0.02175872,-7.621023,4.4
1024,-3.422526,0.03776208,-7.621023,4.4
1025,-3.447983,0.05634511,-7.621023,4.4
1026,-3.473719,0.07579395,-7.621023,4.4
1027,-3.499099,0.09654945,-7.621023,4.4
1028,-3.523221,0.1167372,-7.621023,4.4
1029,-3.545889,0.1367911,-7.621023,4.4
1030,-3.569289,0.1580553,-7.621023,4.4
1031,-3.592983,0.1788207,-7.621023,4.4
1032,-3.618164,0.2009032,-7.621023,4.4
1033,-3.644339,0.2254757,-7.621023,4.4
1034,-3.669964,0.249646,-7.621023,4.4
1035,-3.693043,0.2717833,-7.621023,4.4
1036,-3.715993,0.2945931,-7.621023,4.4
1037,-3.738104,0.3141725,-7.621023,4.4
1038,-3.757339,0.3311133,-7.621023,4.4
1039,-3.775902,0.3486347,-7.621023,4.4
1040,-3.793202,0.3628474,-7.621023,4.4
1041,-3.809947,0.3737539,-7.621023,4.4
1042,-3.827707,0.386238,-7.621023,4.4
1043,-3.845036,0.3994261,-7.621023,4.4
1044,-3.862659,0.4141718,-7.621023,4.4
1045,-3.883739,0.4282764,-7.621023,4.4
1046,-3.905203,0.4421466,-7.621023,4.4
1047,-3.928095,0.4555066,-7.621023,4.4
1048,-3.946166,0.4687232,-7.621023,4.4
1049,-3.966142,0.4820057,-7.621023,4.4
1050,-3.987743,0.4936373,-7.621023,4.4
1051,-4.010054,0.504329,-7.621023,4.4
1052,-4.032041,0.517423,-7.621023,4.4
1053,-4.052858,0.5305689,-7.621023,4.4
1054,-4.075709,0.5429767,-7.621023,4.4
1055,-4.0994,0.5572706,-7.621023,4.4
1056,-4.124212,0.5723981,-7.621023,4.4
1057,-4.150554,0.5867745,-7.621023,4.4
1058,-4.177974,0.6003751,-7.621023,4.4
1059,-4.203314,0.6156732,-7.621023,4.4
1060,-4.229908,0.6299208,-7.621023,4.4
1061,-4.254217,0.6437324,-7.621023,4.4
1062,-4.279107,0.658278,-7.621023,4.4
1063,-4.305209,0.6711234,-7.621023,4.4
1064,-4.33022,0.6842951,-7.621023,4.4
1065,-4.352746,0.6945605,-7.621023,4.4
1066,-4.376614,0.705252,-7.621023,4.4
1067,-4.404542,0.7185305,-7.621023,4.4
1068,-4.428817,0.7332419,-7.621023,4.4
1069,-4.452528,0.7481139,-7.621023,4.4
1070,-4.47883,0.7641849,-7.621023,4.4
1071,-4.504692,0.7810231,-7.621023,4.4
1072,-4.530332,0.7986849,-7.621023,4.4
1073,-4.555729,0.8155089,-7.621023,4.4
1074,-4.578269,0.8331187,-7.621023,4.4
1075,-4.598953,0.8505445,-7.621023,4.4
1076,-4.620944,0.8689205,-7.621023,4.4
1077,-4.641747,0.8873283,-7.621023,4.4
1078,-4.661909,0.9076688,-7.621023,4.4
1079,-4.682495,0.9305288,-7.621023,4.4
1080,-4.704091,0.9535598,-7.621023,4.4
1081,-4.723574,0.9754176,-7.621023,4.4
1082,-4.743665,1.001006,-7.621023,4.4
1083,-4.76303,1.027922,-7.621023,4.4
1084,-4.781609,1.052215,-7.621023,4.4
1085,-4.799761,1.077484,-7.621023,4.4
1086,-4.819513,1.104018,-7.621023,4.4
1087,-4.839164,1.130506,-7.621023,4.4
1088,-4.858756,1.155918,-7.621023,4.4
1089,-4.878199,1.179905,-7.621023,4.4
1090,-4.898227,1.204486,-7.621023,4.4
1091,-4.916809,1.227256,-7.621023,4.4
1092,-4.935193,1.246761,-7.621023,4.4
1093,-4.950451,1.261297,-7.621023,4.4
1094,-4.962972,1.275115,-7.621023,4.4
1095,-4.976129,1.28913,-7.621023,4.4
1096,-4.99066,1.302537,-7.621023,4.4
1097,-5.005599,1.318141,-7.621023,4.4
1098,-5.024342,1.333504,-7.621023,4.4
1099,-5.042746,1.347986,-7.621023,4.4
1100,-5.060205,1.363389,-7.621023,4.4
1101,-5.077633,1.378671,-7.621023,4.4
1102,-5.097646,1.389986,-7.621023,4.4
1103,-5.117794,1.40378,-7.621023,4.4
1104,-5.136697,1.416465,-7.621023,4.4
1105,-5.157489,1.429541,-7.621023,4.4
1106,-5.177022,1.441541,-7.621023,4.4
1107,-5.195632,1.453604,-7.621023,4.4
1108,-5.216272,1.46765,-7.621023,4.4
1109,-5.235308,1.482227,-7.621023,4.4
1110,-5.256019,1.497933,-7.621023,4.4
1111,-5.277663,1.513006,-7.621023,4.4
1112,-5.297458,1.526392,-7.621023,4.4
1113,-5.319754,1.540247,-7.621023,4.4
1114,-5.343049,1.555491,-7.621023,4.4
1115,-5.367451,1.570766,-7.621023,4.4
1116,-5.392694,1.587654,-7.621023,4.4
1117,-5.414918,1.604518,-7.621023,4.4
1118,-5.436797,1.618475,-7.621023,4.4
1119,-5.459651,1.631402,-7.621023,4.4
1120,-5.481616,1.642835,-7.621023,4.4
1121,-5.505472,1.656168,-7.621023,4.4
1122,-5.530683,1.669977,-7.621023,4.4
1123,-5.555434,1.680451,-7.621023,4.4
1124,-5.579063,1.69376,-7.621023,4.4
1125,-5.603702,1.707449,-7.621023,4.4
1126,-5.628907,1.722183,-7.621023,4.4
1127,-5.651841,1.738859,-7.621023,4.4
1128,-5.676749,1.75646,-7.621023,4.4
1129,-5.701818,1.776125,-7.621023,4.4
1130,-5.724607,1.79421,-7.621023,4.4
1131,-5.74648,1.814612,-7.621023,4.4
1132,-5.769336,1.838835,-7.621023,4.4
1133,-5.794415,1.867002,-7.621023,4.4
1134,-5.818319,1.892227,-7.621023,4.4
1135,-5.839508,1.914031,-7.621023,4.4
1136,-5.859559,1.939361,-7.621023,4.4
1137,-5.881013,1.965798,-7.621023,4.4
1138,-5.903591,1.99333,-7.621023,4.4
1139,-5.923879,2.021674,-7.621023,4.4
1140,-5.943292,2.051142,-7.621023,4.4
1141,-5.960886,2.079081,-7.621023,4.4
1142,-5.977261,2.105236,-7.621023,4.4
1143,-5.993716,2.128758,-7.621023,4.4
1144,-6.0106,2.149873,-7.621023,4.4
1145,-6.029103,2.172025,-7.621023,4.4
1146,-6.043967,2.189245,-7.621023,4.4
1147,-6.057813,2.202931,-7.621023,4.4
1148,-6.070497,2.215885,-7.621023,4.4
1149,-6.084584,2.230588,-7.621023,4.4
1150,-6.100836,2.246414,-7.621023,4.4
1151,-6.115949,2.263369,-7.621023,4.4
1152,-6.133178,2.280936,-7.621023,4.4
1153,-6.151518,2.298123,-7.621023,4.4
1154,-6.169517,2.31385,-7.621023,4.4
1155,-6.186158,2.331122,-7.621023,4.4
1156,-6.201643,2.348154,-7.621023,4.4
1157,-6.219878,2.363715,-7.621023,4.4
1158,-6.236912,2.379149,-7.621023,4.4
1159,-6.25572,2.395012,-7.621023,4.4
1160,-6.273111,2.410344,-7.621023,4.4
1161,-6.29337,2.426538,-7.621023,4.4
1162,-6.314251,2.443851,-7.621023,4.4
1163,-6.334951,2.460007,-7.621023,4.4
1164,-6.355977,2.476831,-7.621023,4.4
1165,-6.379058,2.493128,-7.621023,4.4
1166,-6.401144,2.510283,-7.621023,4.4
1167,-6.426555,2.52926,-7.621023,4.4
1168,-6.451261,2.546831,-7.621023,4.4
1169,-6.475662,2.565325,-7.621023,4.4
1170,-6.502133,2.58366,-7.621023,4.4
1171,-6.525612,2.601785,-7.621023,4.4
1172,-6.547982,2.618724,-7.621023,4.4
1173,-6.569166,2.633223,-7.621023,4.4
1174,-6.591643,2.650303,-7.621023,4.4
1175,-6.615166,2.666022,-7.621023,4.4
1176,-6.639354,2.682152,-7.621023,4.4
1177,-6.665144,2.699505,-7.621023,4.4
1178,-6.688266,2.716306,-7.621023,4.4
1179,-6.712582,2.733835,-7.621023,4.4
1180,-6.736218,2.752836,-7.621023,4.4
1181,-6.757234,2.770986,-7.621023,4.4
1182,-6.775949,2.789576,-7.621023,4.4
1183,-6.793971,2.808935,-7.621023,4.4
1184,-6.812043,2.83097,-7.621023,4.4
1185,-6.831886,2.85383,-7.621023,4.4
1186,-6.850896,2.876885,-7.621023,4.4
1187,-6.868472,2.900911,-7.621023,4.4
1188,-6.885074,2.925862,-7.621023,4.4
1189,-6.901886,2.949924,-7.621023,4.4
1190,-6.918608,2.972824,-7.621023,4.4
1191,-6.933901,2.996038,-7.621023,4.4
1192,-6.949569,3.022101,-7.621023,4.4
1193,-6.96416,3.049499,-7.621023,4.4
1194,-6.978254,3.075668,-7.621023,4.4
1195,-6.991744,3.102867,-7.621023,4.4
1196,-7.005984,3.130911,-7.621023,4.4
1197,-7.021389,3.16079,-7.621023,4.4
1198,-7.033004,3.186241,-7.621023,4.4
1199,-7.045119,3.208694,-7.621023,4.4
1200,-7.055767,3.22904,-7.621023,4.4
1201,-7.065218,3.248792,-7.621023,4.4
1202,-7.077386,3.265102,-7.621023,4.4
1203,-7.092181,3.284401,-7.621023,4.4
1204,-7.105512,3.301864,-7.621023,4.4
1205,-7.117877,3.317634,-7.621023,4.4
1206,-7.13091,3.333723,-7.621023,4.4
1207,-7.144952,3.352244,-7.621023,4.4
1208,-7.159922,3.37032,-7.621023,4.4
1209,-7.175142,3.388942,-7.621023,4.4
1210,-7.190693,3.406199,-7.621023,4.4
1211,-7.20654,3.424947,-7.621023,4.4
1212,-7.22035,3.442508,-7.621023,4.4
1213,-7.235418,3.45991,-7.621023,4.4
1214,-7.252634,3.478331,-7.621023,4.4
1215,-7.271857,3.49738,-7.621023,4.4
1216,-7.291452,3.51605,-7.621023,4.4
1217,-7.314358,3.536435,-7.621023,4.4
1218,-7.335542,3.556454,-7.621023,4.4
1219,-7.356122,3.57629,-7.621023,4.4
1220,-7.377345,3.595426,-7.621023,4.4
1221,-7.39647,3.616528,-7.621023,4.4
1222,-7.416779,3.637293,-7.621023,4.4
1223,-7.434632,3.656121,-7.621023,4.4
1224,-7.451954,3.673809,-7.621023,4.4
1225,-7.471005,3.691571,-7.621023,4.4
1226,-7.491881,3.709701,-7.621023,4.4
1227,-7.513772,3.727835,-7.621023,4.4
1228,-7.535638,3.74552,-7.621023,4.4
1229,-7.555173,3.761619,-7.621023,4.4
1230,-7.576694,3.778474,-7.621023,4.4
1231,-7.596867,3.795535,-7.621023,4.4
1232,-7.617824,3.817199,-7.621023,4.4
1233,-7.637395,3.838362,-7.621023,4.4
1234,-7.656778,3.857758,-7.621023,4.4
1235,-7.673742,3.877928,-7.621023,4.4
1236,-7.687953,3.898811,-7.621023,4.4
1237,-7.701339,3.920671,-7.621023,4.4
1238,-7.713696,3.944274,-7.621023,4.4
1239,-7.725033,3.96867,-7.621023,4.4
1240,-7.733681,3.99418,-7.621023,4.4
1241,-7.741352,4.018732,-7.621023,4.4
1242,-7.748409,4.044154,-7.621023,4.4
1243,-7.754613,4.070769,-7.621023,4.4
1244,-7.763107,4.100236,-7.621023,4.4
1245,-7.771717,4.130077,-7.621023,4.4
1246,-7.779672,4.160655,-7.621023,4.4
1247,-7.788291,4.190001,-7.621023,4.4
1248,-7.798203,4.22049,-7.621023,4.4
1249,-7.806648,4.249779,-7.621023,4.4
1250,-7.815788,4.278978,-7.621023,4.4
1251,-7.825879,4.31342,-7.621023,4.4
1252,-7.834217,4.348104,-7.621023,4.4
1253,-7.840752,4.377524,4.4,-7.621024
1254,-7.84752,4.406891,4.4,-7.621024
1255,-7.851448,4.433472,4.4,-7.621024
1256,-7.854496,4.460526,4.4,-7.621024
1257,-7.856806,4.483024,4.4,-7.621024
1258,-7.860253,4.506478,4.4,-7.621024
1259,-7.86651,4.529511,4.4,-7.621024
1260,-7.873428,4.552561,4.4,-7.621024
1261,-7.879761,4.574899,4.4,-7.621024
1262,-7.887477,4.594163,4.4,-7.621024
1263,-7.894939,4.609369,4.4,-7.621024
1264,-7.904316,4.624443,4.4,-7.621024
1265,-7.918303,4.638536,4.4,-7.621024
1266,-7.934909,4.654004,4.4,-7.621024
1267,-7.950479,4.671618,4.4,-7.621024
1268,-7.96392,4.689307,4.4,-7.621024
1269,-7.977257,4.707174,4.4,-7.621024
1270,-7.989756,4.725778,4.4,-7.621024
1271,-7.998357,4.743511,4.4,-7.621024
1272,-8.004573,4.758883,4.4,-7.621024
1273,-8.011212,4.774086,4.4,-7.621024
1274,-8.016793,4.792376,4.4,-7.621024
1275,-8.018106,4.810838,4.4,-7.621024
1276,-8.01596,4.830875,4.4,-7.621024
1277,-8.009877,4.850834,4.4,-7.621024
1278,-8.001634,4.86961,4.4,-7.621024
1279,-7.993518,4.885245,4.4,-7.621024
1280,-7.98413,4.900365,4.4,-7.621024
1281,-7.97644,4.914301,4.4,-7.621024
1282,-7.96947,4.924788,4.4,-7.621024
1283,-7.961061,4.932703,4.4,-7.621024
1284,-7.95348,4.94131,4.4,-7.621024
1285,-7.945949,4.948302,4.4,-7.621024
1286,-7.939407,4.955127,4.4,-7.621024
1287,-7.930211,4.961444,4.4,-7.621024
1288,-7.918898,4.966634,4.4,-7.621024
1289,-7.904296,4.969045,4.4,-7.621024
1290,-7.890324,4.966678,4.4,-7.621024
1291,-7.880116,4.961717,4.4,-7.621024
1292,-7.871138,4.955303,4.4,-7.621024
1293,-7.86125,4.950033,4.4,-7.621024
1294,-7.847285,4.943037,4.4,-7.621024
1295,-7.833962,4.934226,4.4,-7.621024
1296,-7.819928,4.924034,4.4,-7.621024
1297,-7.804792,4.912886,4.4,-7.621024
1298,-7.788147,4.899515,4.4,-7.621024
1299,-7.773212,4.885614,4.4,-7.621024
1300,-7.756694,4.870779,4.4,-7.621024
1301,-7.738145,4.855264,4.4,-7.621024
1302,-7.718348,4.838416,4.4,-7.621024
1303,-7.700787,4.82477,4.4,-7.621024
1304,-7.685798,4.812471,4.4,-7.621024
1305,-7.67121,4.80349,4.4,-7.621024
1306,-7.651258,4.789271,4.4,-7.621024
1307,-7.635401,4.777997,4.4,-7.621024
1308,-7.622483,4.767887,4.4,-7.621024
1309,-7.607729,4.757579,4.4,-7.621024
1310,-7.593402,4.749649,4.4,-7.621024
1311,-7.575888,4.739195,4.4,-7.621024
1312,-7.560237,4.73057,4.4,-7.621024
1313,-7.542224,4.721556,4.4,-7.621024
1314,-7.522799,4.710007,4.4,-7.621024
1315,-7.50286,4.69801,4.4,-7.621024
1316,-7.482675,4.686551,4.4,-7.621024
1317,-7.46407,4.67435,4.4,-7.621024
1318,-7.445196,4.663031,4.4,-7.621024
1319,-7.428142,4.654837,4.4,-7.621024
1320,-7.41081,4.645448,4.4,-7.621024
1321,-7.395594,4.636454,4.4,-7.621024
1322,-7.377619,4.625688,4.4,-7.621024
1323,-7.35691,4.616464,4.4,-7.621024
1324,-7.339313,4.606221,4.4,-7.621024
1325,-7.323249,4.593673,4.4,-7.621024
1326,-7.309501,4.580811,4.4,-7.621024
1327,-7.293258,4.568026,4.4,-7.621024
1328,-7.275252,4.557036,4.4,-7.621024
1329,-7.25242,4.544787,4.4,-7.621024
1330,-7.229445,4.531495,4.4,-7.621024
1331,-7.209483,4.521054,4.4,-7.621024
1332,-7.193528,4.512527,4.4,-7.621024
1333,-7.176484,4.505198,4.4,-7.621024
1334,-7.15463,4.494967,4.4,-7.621024
1335,-7.132469,4.483096,4.4,-7.621024
1336,-7.110056,4.470397,4.4,-7.621024
1337,-7.088117,4.457272,4.4,-7.621024
1338,-7.064825,4.442511,4.4,-7.621024
1339,-7.042665,4.429427,4.4,-7.621024
1340,-7.02132,4.414175,4.4,-7.621024
1341,-7.000927,4.400989,4.4,-7.621024
1342,-6.984199,4.38871,4.4,-7.621024
1343,-6.970439,4.376957,4.4,-7.621024
1344,-6.954933,4.36165,4.4,-7.621024
1345,-6.937469,4.341219,4.4,-7.621024
1346,-6.920073,4.320888,4.4,-7.621024
1347,-6.904358,4.298495,4.4,-7.621024
1348,-6.888309,4.274774,4.4,-7.621024
1349,-6.873988,4.249728,4.4,-7.621024
1350,-6.859504,4.224058,4.4,-7.621024
1351,-6.848958,4.199899,4.4,-7.621024
1352,-6.83911,4.178168,4.4,-7.621024
1353,-6.825228,4.153719,4.4,-7.621024
1354,-6.81144,4.128263,4.4,-7.621024
1355,-6.795738,4.10104,4.4,-7.621024
1356,-6.781446,4.073551,4.4,-7.621024
1357,-6.769995,4.046365,4.4,-7.621024
1358,-6.75787,4.020281,4.4,-7.621024
1359,-6.744042,3.997543,4.4,-7.621024
1360,-6.731261,3.978009,4.4,-7.621024
1361,-6.714487,3.955312,4.4,-7.621024
1362,-6.698223,3.934016,4.4,-7.621024
1363,-6.685973,3.915195,4.4,-7.621024
1364,-6.673867,3.898248,4.4,-7.621024
1365,-6.662629,3.883741,4.4,-7.621024
1366,-6.650348,3.866599,4.4,-7.621024
1367,-6.63556,3.850862,4.4,-7.621024
1368,-6.621123,3.83239,4.4,-7.621024
1369,-6.602004,3.814553,4.4,-7.621024
1370,-6.587735,3.798984,4.4,-7.621024
1371,-6.570584,3.781267,4.4,-7.621024
1372,-6.555029,3.76632,4.4,-7.621024
1373,-6.537988,3.749802,4.4,-7.621024
1374,-6.518458,3.730042,4.4,-7.621024
1375,-6.49898,3.710595,4.4,-7.621024
1376,-6.479586,3.690676,4.4,-7.621024
1377,-6.463968,3.673529,4.4,-7.621024
1378,-6.447149,3.65455,4.4,-7.621024
1379,-6.427533,3.636045,4.4,-7.621024
1380,-6.405687,3.615857,4.4,-7.621024
1381,-6.383453,3.593917,4.4,-7.621024
1382,-6.36091,3.570422,4.4,-7.621024
1383,-6.335686,3.548313,4.4,-7.621024
1384,-6.309892,3.524704,4.4,-7.621024
1385,-6.284821,3.502734,4.4,-7.621024
1386,-6.264637,3.484773,4.4,-7.621024
1387,-6.244344,3.46964,4.4,-7.621024
1388,-6.224708,3.45315,4.4,-7.621024
1389,-6.204759,3.434671,4.4,-7.621024
1390,-6.181574,3.413385,4.4,-7.621024
1391,-6.158683,3.394871,4.4,-7.621024
1392,-6.136364,3.376437,4.4,-7.621024
1393,-6.115158,3.355301,4.4,-7.621024
1394,-6.094845,3.335238,4.4,-7.621024
1395,-6.075458,3.311359,4.4,-7.621024
1396,-6.057299,3.288003,4.4,-7.621024
1397,-6.039927,3.263843,4.4,-7.621024
1398,-6.022949,3.239969,4.4,-7.621024
1399,-6.005889,3.216943,4.4,-7.621024
1400,-5.988483,3.194128,4.4,-7.621024
1401,-5.970626,3.16886,4.4,-7.621024
1402,-5.955397,3.140811,4.4,-7.621024
1403,-5.939736,3.111853,4.4,-7.621024
1404,-5.923887,3.083636,4.4,-7.621024
1405,-5.909989,3.058009,4.4,-7.621024
1406,-5.89633,3.032737,4.4,-7.621024
1407,-5.883827,3.005309,4.4,-7.621024
1408,-5.870546,2.977696,4.4,-7.621024
1409,-5.855677,2.949641,4.4,-7.621024
1410,-5.839986,2.921904,4.4,-7.621024
1411,-5.826072,2.89615,4.4,-7.621024
1412,-5.813815,2.87113,4.4,-7.621024
1413,-5.802088,2.848832,4.4,-7.621024
1414,-5.789737,2.829178,4.4,-7.621024
1415,-5.781646,2.807908,4.4,-7.621024
1416,-5.772489,2.790039,4.4,-7.621024
1417,-5.762676,2.773585,4.4,-7.621024
1418,-5.751687,2.756521,4.4,-7.621024
1419,-5.740241,2.739735,4.4,-7.621024
1420,-5.725016,2.719256,4.4,-7.621024
1421,-5.709167,2.698606,4.4,-7.621024
1422,-5.693593,2.682316,4.4,-7.621024
1423,-5.679934,2.664675,4.4,-7.621024
1424,-5.665112,2.646569,4.4,-7.621024
1425,-5.649508,2.627888,4.4,-7.621024
1426,-5.63431,2.609073,4.4,-7.621024
1427,-5.620921,2.590512,4.4,-7.621024
1428,-5.60611,2.571327,4.4,-7.621024
1429,-5.59159,2.552138,4.4,-7.621024
1430,-5.574671,2.531573,4.4,-7.621024
1431,-5.556961,2.5117,4.4,-7.621024
1432,-5.540008,2.492623,4.4,-7.621024
1433,-5.521665,2.475731,4.4,-7.621024
1434,-5.500906,2.457265,4.4,-7.621024
1435,-5.479642,2.435939,4.4,-7.621024
1436,-5.456895,2.412429,4.4,-7.621024
1437,-5.433257,2.388146,4.4,-7.621024
1438,-5.412066,2.365377,4.4,-7.621024
1439,-5.39332,2.343101,4.4,-7.621024
1440,-5.374127,2.324613,4.4,-7.621024
1441,-5.354803,2.305742,4.4,-7.621024
1442,-5.335523,2.28618,4.4,-7.621024
1443,-5.314664,2.265994,4.4,-7.621024
1444,-5.295849,2.245532,4.4,-7.621024
1445,-5.274943,2.22433,4.4,-7.621024
1446,-5.256766,2.202811,4.4,-7.621024
1447,-5.238333,2.18217,4.4,-7.621024
1448,-5.220719,2.162014,4.4,-7.621024
1449,-5.204221,2.143341,4.4,-7.621024
1450,-5.186515,2.121855,4.4,-7.621024
1451,-5.168459,2.097987,4.4,-7.621024
1452,-5.151359,2.072291,4.4,-7.621024
1453,-5.136629,2.049132,4.4,-7.621024
1454,-5.121251,2.026469,4.4,-7.621024
1455,-5.105921,1.997362,4.4,-7.621024
1456,-5.089738,1.966569,4.4,-7.621024
1457,-5.074893,1.939782,4.4,-7.621024
1458,-5.058413,1.912098,4.4,-7.621024
1459,-5.044277,1.884418,4.4,-7.621024
1460,-5.031411,1.859411,4.4,-7.621024
1461,-5.020289,1.833613,4.4,-7.621024
1462,-5.00842,1.806694,4.4,-7.621024
1463,-4.996873,1.780669,4.4,-7.621024
1464,-4.984926,1.756752,4.4,-7.621024
1465,-4.970057,1.730978,4.4,-7.621024
1466,-4.956505,1.705644,4.4,-7.621024
1467,-4.942649,1.684661,4.4,-7.621024
1468,-4.93154,1.667272,4.4,-7.621024
1469,-4.921279,1.64667,4.4,-7.621024
1470,-4.910693,1.629964,4.4,-7.621024
1471,-4.898859,1.613654,4.4,-7.621024
1472,-4.887584,1.595968,4.4,-7.621024
1473,-4.874805,1.579457,4.4,-7.621024
1474,-4.859514,1.561651,4.4,-7.621024
1475,-4.843454,1.540209,4.4,-7.621024
1476,-4.827714,1.51927,4.4,-7.621024
1477,-4.816412,1.503311,4.4,-7.621024
1478,-4.801782,1.48837,4.4,-7.621024
1479,-4.788075,1.473044,4.4,-7.621024
1480,-4.772118,1.456806,4.4,-7.621024
1481,-4.757609,1.440023,4.4,-7.621024
1482,-4.741553,1.423178,4.4,-7.621024
1483,-4.724873,1.406175,4.4,-7.621024
1484,-4.708797,1.387913,4.4,-7.621024
1485,-4.691921,1.369789,4.4,-7.621024
1486,-4.672811,1.352792,4.4,-7.621024
1487,-4.652349,1.334995,4.4,-7.621024
1488,-4.63072,1.317517,4.4,-7.621024
1489,-4.606246,1.300354,4.4,-7.621024
1490,-4.582037,1.283532,4.4,-7.621024
1491,-4.555451,1.26404,4.4,-7.621024
1492,-4.529686,1.243616,4.4,-7.621024
1493,-4.506296,1.22612,4.4,-7.621024
1494,-4.483301,1.208261,4.4,-7.621024
1495,-4.463573,1.192319,4.4,-7.621024
1496,-4.442834,1.179189,4.4,-7.621024
1497,-4.418694,1.165071,4.4,-7.621024
1498,-4.395659,1.147981,4.4,-7.621024
1499,-4.372849,1.130012,4.4,-7.621024
1500,-4.350569,1.112159,4.4,-7.621024
1501,-4.326755,1.094212,4.4,-7.621024
1502,-4.302166,1.073357,4.4,-7.621024
1503,-4.279825,1.054105,4.4,-7.621024
1504,-4.2581,1.035836,4.4,-7.621024
1505,-4.237511,1.016768,4.4,-7.621024
1506,-4.217959,0.9956015,4.4,-7.621024
1507,-4.19903,0.9739436,4.4,-7.621024
1508,-4.179892,0.9513619,4.4,-7.621024
1509,-4.159292,0.9268182,4.4,-7.621024
1510,-4.139277,0.8996307,4.4,-7.621024
1511,-4.12119,0.8736365,4.4,-7.621024
1512,-4.103907,0.8493423,4.4,-7.621024
1513,-4.086941,0.8241572,4.4,-7.621024
1514,-4.069297,0.7986215,4.4,-7.621024
1515,-4.051655,0.7727193,4.4,-7.621024
1516,-4.032005,0.7471151,4.4,-7.621024
1517,-4.014141,0.7211423,4.4,-7.621024
1518,-3.998132,0.6950958,4.4,-7.621024
1519,-3.982357,0.6736826,4.4,-7.621024
1520,-3.96669,0.6516038,4.4,-7.621024
1521,-3.953336,0.6314559,4.4,-7.621024
1522,-3.94067,0.6132866,4.4,-7.621024
1523,-3.925371,0.5929148,4.4,-7.621024
1524,-3.910416,0.574656,4.4,-7.621024
1525,-3.897622,0.5587688,4.4,-7.621024
1526,-3.880915,0.542901,4.4,-7.621024
1527,-3.862624,0.5234976,4.4,-7.621024
1528,-3.845059,0.504254,4.4,-7.621024
1529,-3.825982,0.4852344,4.4,-7.621024
1530,-3.807337,0.4674168,4.4,-7.621024
1531,-3.789681,0.4518423,4.4,-7.621024
1532,-3.773027,0.4361274,4.4,-7.621024
1533,-3.757148,0.4225764,4.4,-7.621024
1534,-3.742425,0.407744,4.4,-7.621024
1535,-3.722035,0.3906616,4.4,-7.621024
1536,-3.704137,0.3733042,4.4,-7.621024
1537,-3.687801,0.3566807,4.4,-7.621024
1538,-3.670423,0.3400888,4.4,-7.621024
1539,-3.649545,0.3208557,4.4,-7.621024
1540,-3.6268,0.3020642,4.4,-7.621024
1541,-3.601232,0.2825719,4.4,-7.621024
1542,-3.57551,0.2644953,4.4,-7.621024
1543,-3.546595,0.2450907,4.4,-7.621024
1544,-3.518351,0.2239684,4.4,-7.621024
1545,-3.492411,0.2048082,4.4,-7.621024
1546,-3.46738,0.1851199,4.4,-7.621024
1547,-3.445684,0.1689111,4.4,-7.621024
1548,-3.425718,0.1551666,4.4,-7.621024
1549,-3.403854,0.1381167,4.4,-7.621024
1550,-3.38178,0.1205734,4.4,-7.621024
1551,-3.35733,0.1051571,4.4,-7.621024
1552,-3.332309,0.08827225,4.4,-7.621024
1553,-3.307275,0.07168329,4.4,-7.621024
1554,-3.282834,0.05628553,4.4,-7.621024
1555,-3.259371,0.04066062,4.4,-7.621024
1556,-3.237504,0.01985606,4.4,-7.621024
1557,-3.216437,-0.001479004,4.4,-7.621024
1558,-3.195895,-0.02081063,4.4,-7.621024
1559,-3.172652,-0.04182744,4.4,-7.621024
1560,-3.150414,-0.06637071,4.4,-7.621024
1561,-3.128716,-0.0903593,4.4,-7.621024
1562,-3.106928,-0.1165044,4.4,-7.621024
1563,-3.084898,-0.1422678,4.4,-7.621024
1564,-3.065178,-0.1655567,4.4,-7.621024
1565,-3.046989,-0.190215,4.4,-7.621024
1566,-3.030381,-0.2158486,4.4,-7.621024
1567,-3.016717,-0.2418284,4.4,-7.621024
1568,-2.999683,-0.2684906,4.4,-7.621024
1569,-2.980953,-0.2936646,4.4,-7.621024
1570,-2.961183,-0.3193908,4.4,-7.621024
1571,-2.94218,-0.3440079,4.4,-7.621024
1572,-2.923764,-0.3700867,4.4,-7.621024
1573,-2.906463,-0.3920933,4.4,-7.621024
1574,-2.890299,-0.4116023,4.4,-7.621024
1575,-2.875653,-0.4305513,4.4,-7.621024
1576,-2.861334,-0.4472199,4.4,-7.621024
1577,-2.845999,-0.4652129,4.4,-7.621024
1578,-2.830918,-0.4821311,4.4,-7.621024
1579,-2.817234,-0.4977181,4.4,-7.621024
1580,-2.802484,-0.5128559,4.4,-7.621024
1581,-2.782426,-0.5291711,4.4,-7.621024
1582,-2.764135,-0.5451528,4.4,-7.621024
1583,-2.746754,-0.5642295,4.4,-7.621024
1584,-2.729414,-0.5831073,4.4,-7.621024
1585,-2.711706,-0.6010292,4.4,-7.621024
1586,-2.694572,-0.6186775,4.4,-7.621024
1587,-2.67673,-0.6345046,4.4,-7.621024
1588,-2.661303,-0.6497576,4.4,-7.621024
1589,-2.643865,-0.6665411,4.4,-7.621024
1590,-2.624671,-0.6844967,4.4,-7.621024
1591,-2.604935,-0.7022604,4.4,-7.621024
1592,-2.587135,-0.71859,4.4,-7.621024
1593,-2.566898,-0.7349194,4.4,-7.621024
1594,-2.54443,-0.7520776,4.4,-7.621024
1595,-2.520539,-0.7703716,4.4,-7.621024
1596,-2.494277,-0.7899573,4.4,-7.621024
1597,-2.469324,-0.8107734,4.4,-7.621024
1598,-2.444098,-0.8323375,4.4,-7.621024
1599,-2.419992,-0.8522728,4.4,-7.621024
1600,-2.397005,-0.869593,4.4,-7.621024
1601,-2.377071,-0.8878576,4.4,-7.621024
1602,-2.354947,-0.9043851,4.4,-7.621024
1603,-2.333792,-0.9189798,4.4,-7.621024
1604,-2.310657,-0.9369442,4.4,-7.621024
1605,-2.286633,-0.9582209,4.4,-7.621024
1606,-2.26236,-0.9745566,4.4,-7.621024
1607,-2.238577,-0.9909855,4.4,-7.621024
1608,-2.217596,-1.010907,4.4,-7.621024
1609,-2.19529,-1.032622,4.4,-7.621024
1610,-2.173101,-1.053416,4.4,-7.621024
1611,-2.153006,-1.073433,4.4,-7.621024
1612,-2.134467,-1.094726,4.4,-7.621024
1613,-2.116634,-1.116724,4.4,-7.621024
1614,-2.097716,-1.139981,4.4,-7.621024
1615,-2.080235,-1.164289,4.4,-7.621024
1616,-2.061886,-1.190234,4.4,-7.621024
1617,-2.043857,-1.216808,4.4,-7.621024
1618,-2.02653,-1.244873,4.4,-7.621024
1619,-2.009492,-1.273481,4.4,-7.621024
1620,-1.994189,-1.300187,4.4,-7.621024
1621,-1.977538,-1.327706,4.4,-7.621024
1622,-1.959174,-1.35517,4.4,-7.621024
1623,-1.940341,-1.38493,4.4,-7.621024
1624,-1.924421,-1.410382,4.4,-7.621024
1625,-1.907045,-1.435896,4.4,-7.621024
1626,-1.891134,-1.460857,4.4,-7.621024
1627,-1.877494,-1.481329,4.4,-7.621024
1628,-1.865217,-1.500999,4.4,-7.621024
1629,-1.851503,-1.523385,4.4,-7.621024
1630,-1.840374,-1.540688,4.4,-7.621024
1631,-1.826429,-1.559345,4.4,-7.621024
1632,-1.812538,-1.576857,4.4,-7.621024
1633,-1.796757,-1.593831,4.4,-7.621024
1634,-1.782011,-1.60608,4.4,-7.621024
1635,-1.764282,-1.623503,4.4,-7.621024
1636,-1.746903,-1.642777,4.4,-7.621024
1637,-1.732059,-1.660142,4.4,-7.621024
1638,-1.715819,-1.678041,4.4,-7.621024
1639,-1.699798,-1.69528,4.4,-7.621024
1640,-1.680708,-1.711478,4.4,-7.621024
1641,-1.660192,-1.730521,4.4,-7.621024
1642,-1.641317,-1.74865,4.4,-7.621024
1643,-1.622412,-1.768135,4.4,-7.621024
1644,-1.603073,-1.78635,4.4,-7.621024
1645,-1.583091,-1.806799,4.4,-7.621024
1646,-1.562107,-1.826683,4.4,-7.621024
1647,-1.540927,-1.846588,4.4,-7.621024
1648,-1.516052,-1.866513,4.4,-7.621024
1649,-1.489819,-1.885067,4.4,-7.621024
1650,-1.46559,-1.905011,4.4,-7.621024
1651,-1.438181,-1.925798,4.4,-7.621024
1652,-1.413199,-1.944973,4.4,-7.621024
1653,-1.391627,-1.961775,4.4,-7.621024
1654,-1.369324,-1.976248,4.4,-7.621024
1655,-1.35084,-1.989863,4.4,-7.621024
1656,-1.332265,-2.002449,4.4,-7.621024
1657,-1.312302,-2.017495,4.4,-7.621024
1658,-1.289289,-2.033919,4.4,-7.621024
1659,-1.265111,-2.051858,4.4,-7.621024
1660,-1.239885,-2.069533,4.4,-7.621024
1661,-1.213965,-2.087566,4.4,-7.621024
1662,-1.188333,-2.108323,4.4,-7.621024
1663,-1.164756,-2.12667,4.4,-7.621024
1664,-1.142534,-2.147308,4.4,-7.621024
1665,-1.121174,-2.16564,4.4,-7.621024
1666,-1.100641,-2.184907,4.4,-7.621024
1667,-1.080056,-2.206241,4.4,-7.621024
1668,-1.059704,-2.22787,4.4,-7.621024
1669,-1.040296,-2.248708,4.4,-7.621024
1670,-1.019594,-2.26975,4.4,-7.621024
1671,-0.9982362,-2.29433,4.4,-7.621024
1672,-0.9772354,-2.318476,4.4,-7.621024
1673,-0.9572415,-2.342126,4.4,-7.621024
1674,-0.9372954,-2.36613,4.4,-7.621024
1675,-0.9173397,-2.392658,4.4,-7.621024
1676,-0.8965799,-2.419268,4.4,-7.621024
1677,-0.8746381,-2.445747,4.4,-7.621024
1678,-0.8541545,-2.470358,4.4,-7.621024
1679,-0.8330182,-2.496283,4.4,-7.621024
1680,-0.812977,-2.520104,4.4,-7.621024
1681,-0.7966799,-2.54194,4.4,-7.621024
1682,-0.7807456,-2.560174,4.4,-7.621024
1683,-0.7656151,-2.577393,4.4,-7.621024
1684,-0.7502947,-2.594441,4.4,-7.621024
1685,-0.7352312,-2.611566,4.4,-7.621024
1686,-0.7203915,-2.624327,4.4,-7.621024
1687,-0.7025414,-2.637322,4.4,-7.621024
1688,-0.6835993,-2.651689,4.4,-7.621024
1689,-0.6625172,-2.668072,4.4,-7.621024
1690,-0.6431289,-2.681081,4.4,-7.621024
1691,-0.6253192,-2.692087,4.4,-7.621024
1692,-0.607766,-2.703194,4.4,-7.621024
1693,-0.5907377,-2.714786,4.4,-7.621024
1694,-0.5734547,-2.727892,4.4,-7.621024
1695,-0.5542348,-2.744095,4.4,-7.621024
1696,-0.5341629,-2.758632,4.4,-7.621024
1697,-0.5141691,-2.772704,4.4,-7.621024
1698,-0.4931439,-2.78935,4.4,-7.621024
1699,-0.4717845,-2.805514,4.4,-7.621024
1700,-0.4489156,-2.81957,4.4,-7.621024
1701,-0.4237568,-2.835719,4.4,-7.621024
1702,-0.3979113,-2.850371,4.4,-7.621024
1703,-0.3682259,-2.865241,4.4,-7.621024
1704,-0.3395745,-2.879371,4.4,-7.621024
1705,-0.3139616,-2.893931,4.4,-7.621024
1706,-0.2908368,-2.907609,4.4,-7.621024
1707,-0.2670224,-2.921003,4.4,-7.621024
1708,-0.2415026,-2.9331,4.4,-7.621024
1709,-0.2185354,-2.943812,4.4,-7.621024
1710,-0.1959011,-2.953932,4.4,-7.621024
1711,-0.1688962,-2.964895,4.4,-7.621024
1712,-0.1417367,-2.977926,4.4,-7.621024
1713,-0.1151503,-2.990323,4.4,-7.621024
1714,-0.08950628,-3.005451,4.4,-7.621024
1715,-0.0644498,-3.019402,4.4,-7.621024
1716,-0.03996076,-3.032743,4.4,-7.621024
1717,-0.01489059,-3.045643,4.4,-7.621024
1718,0.009473158,-3.059794,4.4,-7.621024
1719,0.03312747,-3.07647,4.4,-7.621024
1720,0.05513263,-3.095446,4.4,-7.621024
1721,0.076296,-3.113373,4.4,-7.621024
1722,0.09845354,-3.133385,4.4,-7.621024
1723,0.1206792,-3.157322,4.4,-7.621024
1724,0.1434115,-3.182544,4.4,-7.621024
1725,0.164966,-3.206573,4.4,-7.621024
1726,0.185398,-3.23013,4.4,-7.621024
1727,0.2064998,-3.253766,4.4,-7.621024
1728,0.2258978,-3.277555,4.4,-7.621024
1729,0.2445258,-3.298445,4.4,-7.621024
1730,0.2633912,-3.319209,4.4,-7.621024
1731,0.2828418,-3.341727,4.4,-7.621024
1732,0.3028755,-3.366861,4.4,-7.621024
1733,0.3231413,-3.391606,4.4,-7.621024
1734,0.3430203,-3.414472,4.4,-7.621024
1735,0.3606895,-3.434542,4.4,-7.621024
1736,0.3762753,-3.452003,4.4,-7.621024
1737,0.3931486,-3.467628,4.4,-7.621024
1738,0.4066653,-3.479247,4.4,-7.621024
1739,0.4207344,-3.49156,4.4,-7.621024
1740,0.4351027,-3.501266,4.4,-7.621024
1741,0.4508561,-3.512709,4.4,-7.621024
1742,0.4661575,-3.522545,4.4,-7.621024
1743,0.4835741,-3.535875,4.4,-7.621024
1744,0.5024753,-3.548443,4.4,-7.621024
1745,0.5235015,-3.566266,4.4,-7.621024
1746,0.5418544,-3.581591,4.4,-7.621024
1747,0.5616504,-3.595862,4.4,-7.621024
1748,0.5799076,-3.609082,4.4,-7.621024
1749,0.599015,-3.622102,4.4,-7.621024
1750,0.6191439,-3.634218,4.4,-7.621024
1751,0.6372926,-3.647006,4.4,-7.621024
1752,0.6557345,-3.660431,4.4,-7.621024
1753,0.6761002,-3.672808,4.4,-7.621024
1754,0.6965783,-3.685115,4.4,-7.621024
1755,0.718513,-3.698535,4.4,-7.621024
1756,0.742548,-3.711744,4.4,-7.621024
1757,0.7684357,-3.725059,4.4,-7.621024
1758,0.7981405,-3.738514,4.4,-7.621024
1759,0.8260313,-3.754259,4.4,-7.621024
1760,0.8544748,-3.771367,4.4,-7.621024
1761,0.8799533,-3.784966,4.4,-7.621024
1762,0.9026325,-3.796318,4.4,-7.621024
1763,0.9267105,-3.808186,4.4,-7.621024
1764,0.9511708,-3.819707,4.4,-7.621024
1765,0.9784631,-3.832967,4.4,-7.621024
1766,1.004052,-3.846225,4.4,-7.621024
1767,1.031332,-3.861325,4.4,-7.621024
1768,1.059827,-3.878521,4.4,-7.621024
1769,1.08546,-3.891442,4.4,-7.621024
1770,1.110414,-3.904712,4.4,-7.621024
1771,1.135745,-3.917735,4.4,-7.621024
1772,1.159056,-3.931858,4.4,-7.621024
1773,1.182077,-3.946181,4.4,-7.621024
1774,1.20479,-3.964582,4.4,-7.621024
1775,1.228655,-3.985697,4.4,-7.621024
1776,1.253583,-4.008519,4.4,-7.621024
1777,1.27856,-4.032091,4.4,-7.621024
1778,1.302399,-4.053886,4.4,-7.621024
1779,1.324694,-4.076436,4.4,-7.621024
1780,1.348117,-4.100767,4.4,-7.621024
1781,1.371353,-4.122623,4.4,-7.621024
1782,1.394214,-4.146987,4.4,-7.621024
1783,1.41583,-4.17205,4.4,-7.621024
1784,1.434762,-4.196258,4.4,-7.621024
1785,1.45645,-4.220687,4.4,-7.621024
1786,1.477352,-4.245709,4.4,-7.621024
1787,1.498375,-4.267075,4.4,-7.621024
1788,1.519423,-4.289022,4.4,-7.621024
1789,1.535895,-4.308053,4.4,-7.621024
1790,1.550388,-4.324463,4.4,-7.621024
1791,1.565782,-4.340055,4.4,-7.621024
1792,1.580004,-4.352601,4.4,-7.621024
1793,1.595827,-4.365909,4.4,-7.621024
1794,1.614271,-4.37947,4.4,-7.621024
1795,1.634142,-4.393205,4.4,-7.621024
1796,1.657368,-4.409084,4.4,-7.621024
1797,1.678053,-4.424583,4.4,-7.621024
1798,1.699253,-4.437514,4.4,-7.621024
1799,1.72155,-4.451005,4.4,-7.621024
1800,1.740507,-4.46348,4.4,-7.621024
1801,1.760098,-4.474343,4.4,-7.621024
1802,1.780714,-4.488143,4.4,-7.621024
1803,1.802759,-4.501071,4.4,-7.621024
1804,1.823634,-4.514066,4.4,-7.621024
1805,1.844092,-4.525743,4.4,-7.621024
1806,1.86614,-4.539041,4.4,-7.621024
1807,1.886656,-4.552352,4.4,-7.621024
1808,1.907412,-4.564717,4.4,-7.621024
1809,1.931026,-4.578897,4.4,-7.621024
1810,1.956183,-4.593785,4.4,-7.621024
1811,1.983447,-4.607872,4.4,-7.621024
1812,2.013113,-4.621635,4.4,-7.621024
1813,2.041241,-4.636014,4.4,-7.621024
1814,2.068221,-4.650902,4.4,-7.621024
1815,2.094629,-4.666453,4.4,-7.621024
1816,2.122659,-4.681157,4.4,-7.621024
1817,2.150469,-4.694702,4.4,-7.621024
1818,2.17629,-4.707734,4.4,-7.621024
1819,2.202989,-4.719774,4.4,-7.621024
1820,2.228693,-4.733046,4.4,-7.621024
1821,2.256685,-4.745519,4.4,-7.621024
1822,2.283259,-4.760859,4.4,-7.621024
1823,2.307742,-4.775732,4.4,-7.621024
1824,2.330203,-4.789323,4.4,-7.621024
1825,2.351895,-4.805282,4.4,-7.621024
1826,2.371766,-4.820601,4.4,-7.621024
1827,2.3922,-4.837437,4.4,-7.621024
1828,2.414818,-4.855829,4.4,-7.621024
1829,2.438326,-4.878326,4.4,-7.621024
1830,2.4614,-4.902172,4.4,-7.621024
1831,2.482819,-4.92375,4.4,-7.621024
1832,2.50461,-4.947532,4.4,-7.621024
1833,2.527936,-4.972292,4.4,-7.621024
1834,2.551076,-4.998485,4.4,-7.621024
1835,2.571328,-5.023897,4.4,-7.621024
1836,2.591901,-5.047956,4.4,-7.621024
1837,2.612597,-5.07144,4.4,-7.621024
1838,2.63674,-5.098687,4.4,-7.621024
1839,2.658624,-5.125654,4.4,-7.621024
1840,2.680926,-5.151935,4.4,-7.621024
1841,2.698327,-5.173566,4.4,-7.621024
1842,2.713264,-5.194368,4.4,-7.621024
1843,2.728716,-5.213216,4.4,-7.621024
1844,2.745106,-5.231623,4.4,-7.621024
1845,2.758926,-5.246181,4.4,-7.621024
1846,2.775757,-5.260758,4.4,-7.621024
1847,2.794054,-5.276196,4.4,-7.621024
1848,2.811119,-5.289218,4.4,-7.621024
1849,2.827425,-5.303308,4.4,-7.621024
1850,2.846931,-5.31926,4.4,-7.621024
1851,2.866538,-5.338719,4.4,-7.621024
1852,2.885143,-5.355224,4.4,-7.621024
1853,2.904045,-5.368763,4.4,-7.621024
1854,2.922392,-5.381505,4.4,-7.621024
1855,2.938087,-5.395624,4.4,-7.621024
1856,2.955918,-5.411287,4.4,-7.621024
1857,2.973502,-5.426069,4.4,-7.621024
1858,2.992186,-5.442314,4.4,-7.621024
1859,3.011847,-5.457255,4.4,-7.621024
1860,3.031401,-5.473203,4.4,-7.621024
1861,3.054004,-5.490047,4.4,-7.621024
1862,3.079103,-5.506714,4.4,-7.621024
1863,3.105149,-5.523826,4.4,-7.621024
1864,3.13175,-5.54284,4.4,-7.621024
1865,3.15856,-5.562511,4.4,-7.621024
1866,3.185219,-5.583629,4.4,-7.621024
1867,3.208118,-5.601552,4.4,-7.621024
1868,3.229579,-5.617606,4.4,-7.621024
1869,3.253017,-5.63396,4.4,-7.621024
1870,3.274122,-5.646874,4.4,-7.621024
1871,3.297903,-5.658447,4.4,-7.621024
1872,3.320191,-5.670215,4.4,-7.621024
1873,3.344256,-5.682745,4.4,-7.621024
1874,3.367164,-5.695364,4.4,-7.621024
1875,3.39208,-5.708144,4.4,-7.621024
1876,3.41874,-5.725231,4.4,-7.621024
1877,3.442171,-5.742219,4.4,-7.621024
1878,3.463555,-5.759577,4.4,-7.621024
1879,3.484954,-5.777692,4.4,-7.621024
1880,3.504198,-5.794918,4.4,-7.621024
1881,3.521723,-5.811972,4.4,-7.621024
1882,3.539606,-5.833359,4.4,-7.621024
1883,3.557178,-5.854532,4.4,-7.621024
1884,3.573467,-5.877209,4.4,-7.621024
1885,3.592255,-5.900813,4.4,-7.621024
1886,3.609236,-5.922465,4.4,-7.621024
1887,3.626455,-5.944805,4.4,-7.621024
1888,3.645145,-5.969379,4.4,-7.621024
1889,3.662977,-5.994696,4.4,-7.621024
1890,3.68231,-6.021253,4.4,-7.621024
1891,3.703144,-6.050423,4.4,-7.621024
1892,3.720705,-6.078988,4.4,-7.621024
1893,3.737691,-6.104841,4.4,-7.621024
1894,3.756973,-6.130887,4.4,-7.621024
1895,3.772664,-6.158315,4.4,-7.621024
1896,3.786229,-6.184033,4.4,-7.621024
1897,3.799282,-6.204203,4.4,-7.621024
1898,3.81308,-6.226508,4.4,-7.621024
1899,3.826442,-6.245118,4.4,-7.621024
1900,3.840841,-6.261211,4.4,-7.621024
1901,3.857985,-6.278754,4.4,-7.621024
1902,3.874766,-6.294241,4.4,-7.621024
1903,3.889699,-6.314195,4.4,-7.621024
1904,3.905909,-6.334096,4.4,-7.621024
1905,3.920194,-6.350496,4.4,-7.621024
1906,3.934917,-6.364446,4.4,-7.621024
1907,3.951859,-6.380301,4.4,-7.621024
1908,3.969465,-6.398758,4.4,-7.621024
1909,3.987165,-6.417497,4.4,-7.621024
1910,4.001703,-6.435437,4.4,-7.621024
1911,4.0185,-6.452816,4.4,-7.621024
1912,4.036214,-6.470877,4.4,-7.621024
1913,4.053787,-6.489051,4.4,-7.621024
1914,4.070086,-6.507312,4.4,-7.621024
1915,4.087535,-6.523822,4.4,-7.621024
1916,4.107799,-6.542304,4.4,-7.621024
1917,4.129259,-6.561099,4.4,-7.621024
1918,4.150256,-6.579611,4.4,-7.621024
1919,4.171292,-6.599871,4.4,-7.621024
1920,4.190166,-6.618074,4.4,-7.621024
1921,4.20834,-6.637161,4.4,-7.621024
1922,4.226642,-6.654083,4.4,-7.621024
1923,4.24371,-6.670846,4.4,-7.621024
1924,4.259171,-6.685698,4.4,-7.621024
1925,4.278023,-6.702682,4.4,-7.621024
1926,4.298563,-6.722232,4.4,-7.621024
1927,4.321622,-6.743239,4.4,-7.621024
1928,4.341874,-6.761252,4.4,-7.621024
1929,4.360324,-6.779398,4.4,-7.621024
1930,4.378376,-6.797731,4.4,-7.621024
1931,4.394287,-6.81605,4.4,-7.621024
1932,4.407932,-6.834232,4.4,-7.621024
1933,4.421844,-6.851482,4.4,-7.621024
1934,4.436615,-6.8724,4.4,-7.621024
1935,4.449603,-6.893996,4.4,-7.621024
1936,4.460816,-6.916833,4.4,-7.621024
1937,4.470864,-6.94183,4.4,-7.621024
1938,4.479195,-6.967752,4.4,-7.621024
1939,4.485926,-6.994696,4.4,-7.621024
1940,4.492019,-7.022223,4.4,-7.621024
1941,4.498115,-7.051787,4.4,-7.621024
1942,4.501442,-7.079334,4.4,-7.621024
1943,4.504237,-7.102238,4.4,-7.621024
1944,4.506799,-7.125885,4.4,-7.621024
1945,4.511925,-7.152627,4.4,-7.621024
1946,4.51589,-7.182719,4.4,-7.621024
1947,4.518934,-7.216497,4.4,-7.621024
1948,4.51867,-7.250247,4.4,-7.621024
1949,4.519099,-7.281918,4.4,-7.621024
1950,4.518986,-7.310725,4.4,-7.621024
1951,4.517571,-7.336187,4.4,-7.621024
1952,4.518317,-7.357065,4.4,-7.621024
1953,4.521034,-7.380167,4.4,-7.621024
1954,4.522991,-7.401902,4.4,-7.621024
1955,4.525095,-7.421062,4.4,-7.621024
1956,4.527744,-7.441815,4.4,-7.621024
1957,4.530103,-7.465161,4.4,-7.621024
1958,4.533128,-7.486932,-4.4,7.621024
1959,4.537583,-7.506919,-4.4,7.621024
1960,4.542005,-7.525217,-4.4,7.621024
1961,4.547225,-7.543439,-4.4,7.621024
1962,4.554135,-7.561167,-4.4,7.621024
1963,4.562653,-7.579103,-4.4,7.621024
1964,4.574311,-7.596652,-4.4,7.621024
1965,4.588292,-7.615961,-4.4,7.621024
1966,4.602818,-7.636529,-4.4,7.621024
1967,4.615881,-7.656151,-4.4,7.621024
1968,4.629906,-7.674683,-4.4,7.621024
1969,4.64204,-7.693545,-4.4,7.621024
1970,4.652311,-7.713232,-4.4,7.621024
1971,4.657351,-7.734865,-4.4,7.621024
1972,4.659124,-7.757474,-4.4,7.621024
1973,4.654989,-7.77897,-4.4,7.621024
1974,4.645773,-7.797148,-4.4,7.621024
1975,4.636954,-7.809475,-4.4,7.621024
1976,4.631042,-7.822213,-4.4,7.621024
1977,4.627682,-7.83316,-4.4,7.621024
1978,4.624531,-7.841562,-4.4,7.621024
1979,4.621866,-7.848524,-4.4,7.621024
1980,4.616726,-7.856452,-4.4,7.621024
1981,4.60802,-7.863466,-4.4,7.621024
1982,4.596451,-7.869485,-4.4,7.621024
1983,4.583778,-7.8736,-4.4,7.621024
1984,4.570278,-7.874376,-4.4,7.621024
1985,4.558966,-7.871422,-4.4,7.621024
1986,4.547441,-7.867907,-4.4,7.621024
1987,4.534987,-7.862093,-4.4,7.621024
1988,4.523829,-7.856011,-4.4,7.621024
1989,4.517222,-7.852643,-4.4,7.621024
1990,4.508925,-7.849325,-4.4,7.621024
1991,4.49805,-7.846008,-4.4,7.621024
1992,4.483107,-7.839052,-4.4,7.621024
1993,4.469433,-7.829325,-4.4,7.621024
1994,4.457781,-7.817809,-4.4,7.621024
1995,4.445322,-7.80641,-4.4,7.621024
1996,4.434604,-7.794068,-4.4,7.621024
1997,4.421758,-7.77998,-4.4,7.621024
1998,4.409246,-7.764129,-4.4,7.621024
1999,4.39376,-7.748767,-4.4,7.621024
2000,4.378843,-7.733077,-4.4,7.621024
2001,4.367765,-7.71748,-4.4,7.621024
2002,4.356939,-7.704067,-4.4,7.621024
2003,4.342777,-7.691223,-4.4,7.621024
2004,4.328337,-7.676493,-4.4,7.621024
2005,4.318115,-7.663343,-4.4,7.621024
2006,4.308876,-7.653847,-4.4,7.621024
2007,4.300684,-7.64416,-4.4,7.621024
2008,4.290247,-7.635623,-4.4,7.621024
2009,4.277134,-7.625519,-4.4,7.621024
2010,4.264427,-7.614084,-4.4,7.621024
2011,4.250161,-7.600997,-4.4,7.621024
2012,4.237118,-7.586479,-4.4,7.621024
2013,4.225983,-7.571387,-4.4,7.621024
2014,4.21337,-7.555183,-4.4,7.621024
2015,4.200917,-7.541273,-4.4,7.621024
2016,4.189112,-7.528775,-4.4,7.621024
2017,4.175645,-7.515881,-4.4,7.621024
2018,4.163441,-7.50382,-4.4,7.621024
2019,4.150639,-7.491372,-4.4,7.621024
2020,4.13659,-7.476959,-4.4,7.621024
2021,4.123445,-7.461062,-4.4,7.621024
2022,4.109719,-7.446715,-4.4,7.621024
2023,4.094516,-7.431374,-4.4,7.621024
2024,4.08049,-7.415059,-4.4,7.621024
2025,4.06403,-7.396088,-4.4,7.621024
2026,4.045218,-7.374968,-4.4,7.621024
2027,4.025487,-7.349837,-4.4,7.621024
2028,4.00492,-7.325546,-4.4,7.621024
2029,3.985898,-7.303611,-4.4,7.621024
2030,3.970556,-7.281683,-4.4,7.621024
2031,3.95696,-7.26603,-4.4,7.621024
2032,3.943949,-7.250097,-4.4,7.621024
2033,3.931705,-7.233784,-4.4,7.621024
2034,3.916877,-7.214514,-4.4,7.621024
2035,3.902186,-7.194455,-4.4,7.621024
2036,3.887567,-7.173,-4.4,7.621024
2037,3.873465,-7.152448,-4.4,7.621024
2038,3.859938,-7.131516,-4.4,7.621024
2039,3.84828,-7.110387,-4.4,7.621024
2040,3.837652,-7.085896,-4.4,7.621024
2041,3.82689,-7.064549,-4.4,7.621024
2042,3.818867,-7.041375,-4.4,7.621024
2043,3.811737,-7.015542,-4.4,7.621024
2044,3.805535,-6.991864,-4.4,7.621024
2045,3.799365,-6.965162,-4.4,7.621024
2046,3.794883,-6.93571,-4.4,7.621024
2047,3.789211,-6.90748,-4.4,7.621024
2048,3.78379,-6.877685,-4.4,7.621024
2049,3.778535,-6.852102,-4.4,7.621024
2050,3.773655,-6.827742,-4.4,7.621024
2051,3.769474,-6.803302,-4.4,7.621024
2052,3.766536,-6.777448,-4.4,7.621024
2053,3.763718,-6.749215,-4.4,7.621024
2054,3.759747,-6.722383,-4.4,7.621024
2055,3.755543,-6.694571,-4.4,7.621024
2056,3.750266,-6.665937,-4.4,7.621024
2057,3.746966,-6.639648,-4.4,7.621024
2058,3.742954,-6.616821,-4.4,7.621024
2059,3.737741,-6.595815,-4.4,7.621024
2060,3.733143,-6.576602,-4.4,7.621024
2061,3.725977,-6.557465,-4.4,7.621024
2062,3.718785,-6.539783,-4.4,7.621024
2063,3.71379,-6.523714,-4.4,7.621024
2064,3.709063,-6.504771,-4.4,7.621024
2065,3.703164,-6.485241,-4.4,7.621024
2066,3.696453,-6.463441,-4.4,7.621024
2067,3.687833,-6.438991,-4.4,7.621024
2068,3.67824,-6.416037,-4.4,7.621024
2069,3.667709,-6.393811,-4.4,7.621024
2070,3.65831,-6.372127,-4.4,7.621024
2071,3.651263,-6.352444,-4.4,7.621024
2072,3.642788,-6.331477,-4.4,7.621024
2073,3.633636,-6.311191,-4.4,7.621024
2074,3.623879,-6.290047,-4.4,7.621024
2075,3.613248,-6.2643,-4.4,7.621024
2076,3.604048,-6.241813,-4.4,7.621024
2077,3.592461,-6.216034,-4.4,7.621024
2078,3.581943,-6.193727,-4.4,7.621024
2079,3.569456,-6.168828,-4.4,7.621024
2080,3.556121,-6.141341,-4.4,7.621024
2081,3.541087,-6.112027,-4.4,7.621024
2082,3.526114,-6.083879,-4.4,7.621024
2083,3.513058,-6.056919,-4.4,7.621024
2084,3.498893,-6.035117,-4.4,7.621024
2085,3.48604,-6.014304,-4.4,7.621024
2086,3.471691,-5.99094,-4.4,7.621024
2087,3.457525,-5.968836,-4.4,7.621024
2088,3.442586,-5.945392,-4.4,7.621024
2089,3.430263,-5.921814,-4.4,7.621024
2090,3.416291,-5.89807,-4.4,7.621024
2091,3.400271,-5.873578,-4.4,7.621024
2092,3.386668,-5.851299,-4.4,7.621024
2093,3.374976,-5.826428,-4.4,7.621024
2094,3.363512,-5.799623,-4.4,7.621024
2095,3.353351,-5.771243,-4.4,7.621024
2096,3.345049,-5.743373,-4.4,7.621024
2097,3.335174,-5.716455,-4.4,7.621024
2098,3.326664,-5.689748,-4.4,7.621024
2099,3.317269,-5.661228,-4.4,7.621024
2100,3.307329,-5.63107,-4.4,7.621024
2101,3.29819,-5.603097,-4.4,7.621024
2102,3.289254,-5.575531,-4.4,7.621024
2103,3.282655,-5.546272,-4.4,7.621024
2104,3.277064,-5.518915,-4.4,7.621024
2105,3.270974,-5.48887,-4.4,7.621024
2106,3.263084,-5.456036,-4.4,7.621024
2107,3.254464,-5.423043,-4.4,7.621024
2108,3.246634,-5.391304,-4.4,7.621024
2109,3.240598,-5.362707,-4.4,7.621024
2110,3.235718,-5.333339,-4.4,7.621024
2111,3.229325,-5.305186,-4.4,7.621024
2112,3.224731,-5.280151,-4.4,7.621024
2113,3.220792,-5.261701,-4.4,7.621024
2114,3.212753,-5.240003,-4.4,7.621024
2115,3.204753,-5.217887,-4.4,7.621024
2116,3.198754,-5.196406,-4.4,7.621024
2117,3.190712,-5.175525,-4.4,7.621024
2118,3.181232,-5.158394,-4.4,7.621024
2119,3.170537,-5.13646,-4.4,7.621024
2120,3.159103,-5.11591,-4.4,7.621024
2121,3.148199,-5.096704,-4.4,7.621024
2122,3.138989,-5.077547,-4.4,7.621024
2123,3.128987,-5.056115,-4.4,7.621024
2124,3.118421,-5.035912,-4.4,7.621024
2125,3.108099,-5.014772,-4.4,7.621024
2126,3.096886,-4.991525,-4.4,7.621024
2127,3.085199,-4.969916,-4.4,7.621024
2128,3.073958,-4.947873,-4.4,7.621024
2129,3.061115,-4.922917,-4.4,7.621024
2130,3.049572,-4.899082,-4.4,7.621024
2131,3.037326,-4.87589,-4.4,7.621024
2132,3.023571,-4.852811,-4.4,7.621024
2133,3.007077,-4.825768,-4.4,7.621024
2134,2.989976,-4.796763,-4.4,7.621024
2135,2.972351,-4.769272,-4.4,7.621024
2136,2.954634,-4.743625,-4.4,7.621024
2137,2.93654,-4.71998,-4.4,7.621024
2138,2.919537,-4.698189,-4.4,7.621024
2139,2.903425,-4.677138,-4.4,7.621024
2140,2.88665,-4.657647,-4.4,7.621024
2141,2.871094,-4.637258,-4.4,7.621024
2142,2.855951,-4.612184,-4.4,7.621024
2143,2.83902,-4.58896,-4.4,7.621024
2144,2.821752,-4.565438,-4.4,7.621024
2145,2.805873,-4.541955,-4.4,7.621024
2146,2.789614,-4.519166,-4.4,7.621024
2147,2.775215,-4.495498,-4.4,7.621024
2148,2.760636,-4.471917,-4.4,7.621024
2149,2.745682,-4.449416,-4.4,7.621024
2150,2.730042,-4.425615,-4.4,7.621024
2151,2.715471,-4.398495,-4.4,7.621024
2152,2.701543,-4.372625,-4.4,7.621024
2153,2.687265,-4.346075,-4.4,7.621024
2154,2.674402,-4.315593,-4.4,7.621024
2155,2.662529,-4.285267,-4.4,7.621024
2156,2.650486,-4.254974,-4.4,7.621024
2157,2.638184,-4.225437,-4.4,7.621024
2158,2.626231,-4.195117,-4.4,7.621024
2159,2.613434,-4.162422,-4.4,7.621024
2160,2.600771,-4.132095,-4.4,7.621024
2161,2.587582,-4.103986,-4.4,7.621024
2162,2.574143,-4.071886,-4.4,7.621024
2163,2.56375,-4.040306,-4.4,7.621024
2164,2.553782,-4.012343,-4.4,7.621024
2165,2.544054,-3.98642,-4.4,7.621024
2166,2.535142,-3.966883,-4.4,7.621024
2167,2.523004,-3.944847,-4.4,7.621024
2168,2.512639,-3.922458,-4.4,7.621024
2169,2.502643,-3.903653,-4.4,7.621024
2170,2.493134,-3.88556,-4.4,7.621024
2171,2.482217,-3.867819,-4.4,7.621024
2172,2.468699,-3.849941,-4.4,7.621024
2173,2.453344,-3.827074,-4.4,7.621024
2174,2.437933,-3.805967,-4.4,7.621024
2175,2.423725,-3.787689,-4.4,7.621024
2176,2.409043,-3.768712,-4.4,7.621024
2177,2.394965,-3.751879,-4.4,7.621024
2178,2.382027,-3.735655,-4.4,7.621024
2179,2.368078,-3.717842,-4.4,7.621024
2180,2.352212,-3.697708,-4.4,7.621024
2181,2.336276,-3.67746,-4.4,7.621024
2182,2.318733,-3.658494,-4.4,7.621024
2183,2.298371,-3.638382,-4.4,7.621024
2184,2.277445,-3.616447,-4.4,7.621024
2185,2.254245,-3.591494,-4.4,7.621024
2186,2.230152,-3.568825,-4.4,7.621024
2187,2.205252,-3.545915,-4.4,7.621024
2188,2.182392,-3.524506,-4.4,7.621024
2189,2.161598,-3.50388,-4.4,7.621024
2190,2.139962,-3.483271,-4.4,7.621024
2191,2.119546,-3.463677,-4.4,7.621024
2192,2.100583,-3.447075,-4.4,7.621024
2193,2.080565,-3.429293,-4.4,7.621024
2194,2.06065,-3.412973,-4.4,7.621024
2195,2.041708,-3.395284,-4.4,7.621024
2196,2.020369,-3.377481,-4.4,7.621024
2197,1.999335,-3.358581,-4.4,7.621024
2198,1.977458,-3.337403,-4.4,7.621024
2199,1.958565,-3.317288,-4.4,7.621024
2200,1.93979,-3.297561,-4.4,7.621024
2201,1.920882,-3.277301,-4.4,7.621024
2202,1.902871,-3.259665,-4.4,7.621024
2203,1.885491,-3.243064,-4.4,7.621024
2204,1.868983,-3.224584,-4.4,7.621024
2205,1.85341,-3.202085,-4.4,7.621024
2206,1.837148,-3.177648,-4.4,7.621024
2207,1.820818,-3.152934,-4.4,7.621024
2208,1.804192,-3.128257,-4.4,7.621024
2209,1.790058,-3.102557,-4.4,7.621024
2210,1.775887,-3.073133,-4.4,7.621024
2211,1.758747,-3.045214,-4.4,7.621024
2212,1.742454,-3.018163,-4.4,7.621024
2213,1.728151,-2.991335,-4.4,7.621024
2214,1.712204,-2.962551,-4.4,7.621024
2215,1.693181,-2.931215,-4.4,7.621024
2216,1.67659,-2.901976,-4.4,7.621024
2217,1.662411,-2.875175,-4.4,7.621024
2218,1.649107,-2.848875,-4.4,7.621024
2219,1.635883,-2.824174,-4.4,7.621024
2220,1.624004,-2.802787,-4.4,7.621024
2221,1.611956,-2.783576,-4.4,7.621024
2222,1.601843,-2.765513,-4.4,7.621024
2223,1.588071,-2.743302,-4.4,7.621024
2224,1.575895,-2.726078,-4.4,7.621024
2225,1.560498,-2.707709,-4.4,7.621024
2226,1.541388,-2.687885,-4.4,7.621024
2227,1.524845,-2.672156,-4.4,7.621024
2228,1.507243,-2.656824,-4.4,7.621024
2229,1.490458,-2.639431,-4.4,7.621024
2230,1.475409,-2.620821,-4.4,7.621024
2231,1.46112,-2.604806,-4.4,7.621024
2232,1.446067,-2.58787,-4.4,7.621024
2233,1.426781,-2.568004,-4.4,7.621024
2234,1.408916,-2.548943,-4.4,7.621024
2235,1.39098,-2.529664,-4.4,7.621024
2236,1.371701,-2.511315,-4.4,7.621024
2237,1.352651,-2.49317,-4.4,7.621024
2238,1.331439,-2.473049,-4.4,7.621024
2239,1.311404,-2.454092,-4.4,7.621024
2240,1.290709,-2.437658,-4.4,7.621024
2241,1.26778,-2.419127,-4.4,7.621024
2242,1.241483,-2.397185,-4.4,7.621024
2243,1.216771,-2.375284,-4.4,7.621024
2244,1.192994,-2.354868,-4.4,7.621024
2245,1.170525,-2.334894,-4.4,7.621024
2246,1.148658,-2.316291,-4.4,7.621024
2247,1.129744,-2.299152,-4.4,7.621024
2248,1.108192,-2.282608,-4.4,7.621024
2249,1.089803,-2.266846,-4.4,7.621024
2250,1.071411,-2.250179,-4.4,7.621024
2251,1.049238,-2.233451,-4.4,7.621024
2252,1.026273,-2.214126,-4.4,7.621024
2253,1.004695,-2.194876,-4.4,7.621024
2254,0.9845141,-2.1754,-4.4,7.621024
2255,0.9663252,-2.154317,-4.4,7.621024
2256,0.9486541,-2.132827,-4.4,7.621024
2257,0.9315162,-2.110527,-4.4,7.621024
2258,0.9158778,-2.08856,-4.4,7.621024
2259,0.900913,-2.064802,-4.4,7.621024
2260,0.884864,-2.036577,-4.4,7.621024
2261,0.8703444,-2.008549,-4.4,7.621024
2262,0.8575751,-1.978459,-4.4,7.621024
2263,0.8453373,-1.949577,-4.4,7.621024
2264,0.8330673,-1.922049,-4.4,7.621024
2265,0.8194093,-1.894749,-4.4,7.621024
2266,0.8050332,-1.867225,-4.4,7.621024
2267,0.7894241,-1.837072,-4.4,7.621024
2268,0.7737006,-1.805533,-4.4,7.621024
2269,0.7590508,-1.776342,-4.4,7.621024
2270,0.7455788,-1.744565,-4.4,7.621024
2271,0.7325757,-1.716016,-4.4,7.621024
2272,0.7187862,-1.69029,-4.4,7.621024
2273,0.7074971,-1.671106,-4.4,7.621024
2274,0.6947319,-1.652276,-4.4,7.621024
2275,0.6834542,-1.631763,-4.4,7.621024
2276,0.673391,-1.616078,-4.4,7.621024
2277,0.6630236,-1.600679,-4.4,7.621024
2278,0.6493932,-1.584273,-4.4,7.621024
2279,0.6354095,-1.567376,-4.4,7.621024
2280,0.6189411,-1.54739,-4.4,7.621024
2281,0.6009073,-1.525539,-4.4,7.621024
2282,0.585154,-1.503851,-4.4,7.621024
2283,0.5708178,-1.484488,-4.4,7.621024
2284,0.5583795,-1.465375,-4.4,7.621024
2285,0.5441829,-1.44689,-4.4,7.621024
2286,0.5298554,-1.427659,-4.4,7.621024
2287,0.5157692,-1.40906,-4.4,7.621024
2288,0.4999517,-1.389374,-4.4,7.621024
2289,0.4819575,-1.369411,-4.4,7.621024
2290,0.4671252,-1.350114,-4.4,7.621024
2291,0.4520611,-1.331579,-4.4,7.621024
2292,0.4324835,-1.311022,-4.4,7.621024
2293,0.4110161,-1.289959,-4.4,7.621024
2294,0.392314,-1.270217,-4.4,7.621024
2295,0.3710425,-1.247906,-4.4,7.621024
2296,0.3513111,-1.227603,-4.4,7.621024
2297,0.3272848,-1.205655,-4.4,7.621024
2298,0.3050092,-1.18521,-4.4,7.621024
2299,0.2815704,-1.163682,-4.4,7.621024
2300,0.2605006,-1.143104,-4.4,7.621024
2301,0.2378338,-1.120782,-4.4,7.621024
2302,0.2166376,-1.099058,-4.4,7.621024
2303,0.1947343,-1.076018,-4.4,7.621024
2304,0.172986,-1.053562,-4.4,7.621024
2305,0.1508453,-1.031835,-4.4,7.621024
2306,0.130611,-1.010219,-4.4,7.621024
2307,0.1087138,-0.9893198,-4.4,7.621024
2308,0.0891284,-0.9692554,-4.4,7.621024
2309,0.0701458,-0.9479007,-4.4,7.621024
2310,0.05212389,-0.9251143,-4.4,7.621024
2311,0.0358291,-0.9020103,-4.4,7.621024
2312,0.01829168,-0.8763353,-4.4,7.621024
2313,0.0006323606,-0.8489096,-4.4,7.621024
2314,-0.01566168,-0.8190699,-4.4,7.621024
2315,-0.03070799,-0.7885857,-4.4,7.621024
2316,-0.04346066,-0.7601193,-4.4,7.621024
2317,-0.05678486,-0.7297022,-4.4,7.621024
2318,-0.07151112,-0.7000558,-4.4,7.621024
2319,-0.08640548,-0.6696986,-4.4,7.621024
2320,-0.100094,-0.6394905,-4.4,7.621024
2321,-0.1122783,-0.6102757,-4.4,7.621024
2322,-0.1252767,-0.5799578,-4.4,7.621024
2323,-0.1378206,-0.5497769,-4.4,7.621024
2324,-0.1502289,-0.5210824,-4.4,7.621024
2325,-0.1595779,-0.5000874,-4.4,7.621024
2326,-0.1687613,-0.4817642,-4.4,7.621024
2327,-0.1807974,-0.459996,-4.4,7.621024
2328,-0.1909519,-0.4404576,-4.4,7.621024
2329,-0.1990795,-0.4240334,-4.4,7.621024
2330,-0.210844,-0.4073373,-4.4,7.621024
2331,-0.2226368,-0.3879445,-4.4,7.621024
2332,-0.2338354,-0.3700607,-4.4,7.621024
2333,-0.246537,-0.349826,-4.4,7.621024
2334,-0.2614137,-0.327828,-4.4,7.621024
2335,-0.2757689,-0.3062614,-4.4,7.621024
2336,-0.2904368,-0.2846142,-4.4,7.621024
2337,-0.3032966,-0.2657143,-4.4,7.621024
2338,-0.3165751,-0.2496304,-4.4,7.621024
2339,-0.3288707,-0.2344142,-4.4,7.621024
2340,-0.3416272,-0.2165613,-4.4,7.621024
2341,-0.3552509,-0.1970889,-4.4,7.621024
2342,-0.3702092,-0.1753697,-4.4,7.621024
2343,-0.3849745,-0.1529544,-4.4,7.621024
2344,-0.4004065,-0.1303076,-4.4,7.621024
2345,-0.4148773,-0.1085871,-4.4,7.621024
2346,-0.4305617,-0.08461629,-4.4,7.621024
2347,-0.4484984,-0.05977217,-4.4,7.621024
2348,-0.468069,-0.0345396,-4.4,7.621024
2349,-0.4871596,-0.008726818,-4.4,7.621024
2350,-0.5055436,0.01906496,-4.4,7.621024
2351,-0.5242826,0.04450452,-4.4,7.621024
2352,-0.542749,0.06589362,-4.4,7.621024
2353,-0.5590114,0.08541687,-4.4,7.621024
2354,-0.5764387,0.1068069,-4.4,7.621024
2355,-0.594087,0.1305103,-4.4,7.621024
2356,-0.6129427,0.1553074,-4.4,7.621024
2357,-0.6311822,0.1774665,-4.4,7.621024
2358,-0.6484624,0.1993031,-4.4,7.621024
2359,-0.6673014,0.2219974,-4.4,7.621024
2360,-0.685007,0.2469066,-4.4,7.621024
2361,-0.7027966,0.2719945,-4.4,7.621024
2362,-0.7187229,0.2963195,-4.4,7.621024
2363,-0.7324249,0.3209082,-4.4,7.621024
2364,-0.744701,0.3438335,-4.4,7.621024
2365,-0.7586927,0.3681514,-4.4,7.621024
2366,-0.7718934,0.3950895,-4.4,7.621024
2367,-0.7844411,0.4234285,-4.4,7.621024
2368,-0.7974061,0.4533423,-4.4,7.621024
2369,-0.8087141,0.4838144,-4.4,7.621024
2370,-0.8208702,0.5169955,-4.4,7.621024
2371,-0.8326315,0.5472355,-4.4,7.621024
2372,-0.8420779,0.5779817,-4.4,7.621024
2373,-0.8504943,0.6071973,-4.4,7.621024
2374,-0.8621403,0.6373643,-4.4,7.621024
2375,-0.8740449,0.6682964,-4.4,7.621024
2376,-0.8839157,0.6981408,-4.4,7.621024
2377,-0.8909084,0.7251037,-4.4,7.621024
2378,-0.8987349,0.751019,-4.4,7.621024
2379,-0.9091406,0.7784556,-4.4,7.621024
2380,-0.9169853,0.7989801,-4.4,7.621024
2381,-0.9268314,0.8214922,-4.4,7.621024
2382,-0.9343076,0.8407947,-4.4,7.621024
2383,-0.9435617,0.8590459,-4.4,7.621024
2384,-0.9564059,0.881552,-4.4,7.621024
2385,-0.9652712,0.903393,-4.4,7.621024
2386,-0.9748614,0.9228756,-4.4,7.621024
2387,-0.9879307,0.9438906,-4.4,7.621024
2388,-1.001608,0.9642327,-4.4,7.621024
2389,-1.014901,0.9833522,-4.4,7.621024
2390,-1.027017,0.9996454,-4.4,7.621024
2391,-1.038846,1.016582,-4.4,7.621024
2392,-1.052462,1.035111,-4.4,7.621024
2393,-1.066427,1.056062,-4.4,7.621024
2394,-1.0783,1.075357,-4.4,7.621024
2395,-1.090439,1.096512,-4.4,7.621024
2396,-1.101274,1.116398,-4.4,7.621024
2397,-1.114525,1.138454,-4.4,7.621024
2398,-1.128732,1.161458,-4.4,7.621024
2399,-1.142542,1.182994,-4.4,7.621024
2400,-1.158182,1.204157,-4.4,7.621024
2401,-1.176603,1.228562,-4.4,7.621024
2402,-1.197116,1.254159,-4.4,7.621024
2403,-1.216927,1.278487,-4.4,7.621024
2404,-1.235109,1.302235,-4.4,7.621024
2405,-1.254061,1.32428,-4.4,7.621024
2406,-1.271384,1.346287,-4.4,7.621024
2407,-1.28698,1.367499,-4.4,7.621024
2408,-1.302582,1.387819,-4.4,7.621024
2409,-1.31658,1.405877,-4.4,7.621024
2410,-1.334625,1.428638,-4.4,7.621024
2411,-1.351777,1.454602,-4.4,7.621024
2412,-1.37105,1.480206,-4.4,7.621024
2413,-1.390442,1.50503,-4.4,7.621024
2414,-1.409997,1.528336,-4.4,7.621024
2415,-1.424989,1.550704,-4.4,7.621024
2416,-1.438388,1.572663,-4.4,7.621024
2417,-1.4523,1.59608,-4.4,7.621024
2418,-1.465306,1.620216,-4.4,7.621024
2419,-1.476841,1.645149,-4.4,7.621024
2420,-1.487007,1.671942,-4.4,7.621024
2421,-1.496919,1.698704,-4.4,7.621024
2422,-1.50877,1.726077,-4.4,7.621024
2423,-1.519838,1.756849,-4.4,7.621024
2424,-1.529951,1.787287,-4.4,7.621024
2425,-1.537253,1.816728,-4.4,7.621024
2426,-1.543892,1.845281,-4.4,7.621024
2427,-1.553538,1.875757,-4.4,7.621024
2428,-1.563208,1.907383,-4.4,7.621024
2429,-1.570681,1.937712,-4.4,7.621024
2430,-1.578396,1.967487,-4.4,7.621024
2431,-1.588081,2.000325,-4.4,7.621024
2432,-1.596661,2.027945,-4.4,7.621024
2433,-1.601589,2.051358,-4.4,7.621024
2434,-1.607113,2.071071,-4.4,7.621024
2435,-1.613888,2.090104,-4.4,7.621024
2436,-1.621902,2.112743,-4.4,7.621024
2437,-1.62991,2.13391,-4.4,7.621024
2438,-1.637788,2.153023,-4.4,7.621024
2439,-1.646693,2.173155,-4.4,7.621024
2440,-1.653605,2.189,-4.4,7.621024
2441,-1.66295,2.208194,-4.4,7.621024
2442,-1.673909,2.228756,-4.4,7.621024
2443,-1.686038,2.251916,-4.4,7.621024
2444,-1.695891,2.273609,-4.4,7.621024
2445,-1.706372,2.29387,-4.4,7.621024
2446,-1.718442,2.314538,-4.4,7.621024
2447,-1.729621,2.334466,-4.4,7.621024
2448,-1.742131,2.353559,-4.4,7.621024
2449,-1.753959,2.372758,-4.4,7.621024
2450,-1.766684,2.394706,-4.4,7.621024
2451,-1.781656,2.416093,-4.4,7.621024
2452,-1.797273,2.437155,-4.4,7.621024
2453,-1.814992,2.460006,-4.4,7.621024
2454,-1.83193,2.482587,-4.4,7.621024
2455,-1.849388,2.506536,-4.4,7.621024
2456,-1.86764,2.532477,-4.4,7.621024
2457,-1.885129,2.560813,-4.4,7.621024
2458,-1.902311,2.587215,-4.4,7.621024
2459,-1.916959,2.610223,-4.4,7.621024
2460,-1.93177,2.633804,-4.4,7.621024
2461,-1.946012,2.652869,-4.4,7.621024
2462,-1.960942,2.672531,-4.4,7.621024
2463,-1.977135,2.690838,-4.4,7.621024
2464,-1.994665,2.710081,-4.4,7.621024
2465,-2.010491,2.732513,-4.4,7.621024
2466,-2.024698,2.75394,-4.4,7.621024
2467,-2.036768,2.775836,-4.4,7.621024
2468,-2.049024,2.796304,-4.4,7.621024
2469,-2.062989,2.819772,-4.4,7.621024
2470,-2.076844,2.843798,-4.4,7.621024
2471,-2.086858,2.865784,-4.4,7.621024
2472,-2.096225,2.88998,-4.4,7.621024
2473,-2.106484,2.911445,-4.4,7.621024
2474,-2.117263,2.935001,-4.4,7.621024
2475,-2.128095,2.961855,-4.4,7.621024
2476,-2.138179,2.992541,-4.4,7.621024
2477,-2.147475,3.020416,-4.4,7.621024
2478,-2.158278,3.049265,-4.4,7.621024
2479,-2.169145,3.081052,-4.4,7.621024
2480,-2.177979,3.11238,-4.4,7.621024
2481,-2.185974,3.143441,-4.4,7.621024
2482,-2.1937,3.173608,-4.4,7.621024
2483,-2.200628,3.203934,-4.4,7.621024
2484,-2.208616,3.232525,-4.4,7.621024
2485,-2.2171,3.265188,-4.4,7.621024
2486,-2.225354,3.296474,-4.4,7.621024
2487,-2.232867,3.323344,-4.4,7.621024
2488,-2.240758,3.348779,-4.4,7.621024
2489,-2.247749,3.372175,-4.4,7.621024
2490,-2.254396,3.392254,-4.4,7.621024
2491,-2.262683,3.415792,-4.4,7.621024
2492,-2.270558,3.435897,-4.4,7.621024
2493,-2.279525,3.452725,-4.4,7.621024
2494,-2.292331,3.474448,-4.4,7.621024
2495,-2.30471,3.495065,-4.4,7.621024
2496,-2.316166,3.516205,-4.4,7.621024
2497,-2.328403,3.535999,-4.4,7.621024
2498,-2.342214,3.556134,-4.4,7.621024
2499,-2.356565,3.577666,-4.4,7.621024
2500,-2.368772,3.597399,-4.4,7.621024
2501,-2.381155,3.619362,-4.4,7.621024
2502,-2.393065,3.64067,-4.4,7.621024
2503,-2.40657,3.662762,-4.4,7.621024
2504,-2.419847,3.684588,-4.4,7.621024
2505,-2.434087,3.70529,-4.4,7.621024
2506,-2.450335,3.728853,-4.4,7.621024
2507,-2.466624,3.752224,-4.4,7.621024
2508,-2.485519,3.778094,-4.4,7.621024
2509,-2.505744,3.802361,-4.4,7.621024
2510,-2.525911,3.827059,-4.4,7.621024
2511,-2.545993,3.853019,-4.4,7.621024
2512,-2.565044,3.879178,-4.4,7.621024
2513,-2.583037,3.899573,-4.4,7.621024
2514,-2.59892,3.919692,-4.4,7.621024
2515,-2.615716,3.937889,-4.4,7.621024
2516,-2.633701,3.958526,-4.4,7.621024
2517,-2.651636,3.979947,-4.4,7.621024
2518,-2.670312,4.00341,-4.4,7.621024
2519,-2.688942,4.024723,-4.4,7.621024
2520,-2.707501,4.047309,-4.4,7.621024
2521,-2.726089,4.070923,-4.4,7.621024
2522,-2.744897,4.096659,-4.4,7.621024
2523,-2.761208,4.120537,-4.4,7.621024
2524,-2.776588,4.14461,-4.4,7.621024
2525,-2.792421,4.170742,-4.4,7.621024
2526,-2.80824,4.198455,-4.4,7.621024
2527,-2.823033,4.223571,-4.4,7.621024
2528,-2.835356,4.246621,-4.4,7.621024
2529,-2.848708,4.273514,-4.4,7.621024
2530,-2.863402,4.304619,-4.4,7.621024
2531,-2.879097,4.336156,-4.4,7.621024
2532,-2.892246,4.367015,-4.4,7.621024
2533,-2.903726,4.394526,-4.4,7.621024
2534,-2.917235,4.425849,-4.4,7.621024
2535,-2.930073,4.457508,-4.4,7.621024
2536,-2.943624,4.487606,-4.4,7.621024
2537,-2.955326,4.52129,-4.4,7.621024
2538,-2.96566,4.552822,-4.4,7.621024
2539,-2.974387,4.581997,-4.4,7.621024
2540,-2.985265,4.61036,-4.4,7.621024
2541,-2.994951,4.635126,-4.4,7.621024
2542,-3.003681,4.656065,-4.4,7.621024
2543,-3.017177,4.678784,-4.4,7.621024
2544,-3.027733,4.699719,-4.4,7.621024
2545,-3.040884,4.722273,-4.4,7.621024
2546,-3.052285,4.74029,-4.4,7.621024
2547,-3.063884,4.759999,-4.4,7.621024
2548,-3.077442,4.779445,-4.4,7.621024
2549,-3.087843,4.797612,-4.4,7.621024
2550,-3.101261,4.818264,-4.4,7.621024
2551,-3.115179,4.838018,-4.4,7.621024
2552,-3.129619,4.859077,-4.4,7.621024
2553,-3.14278,4.879855,-4.4,7.621024
2554,-3.157674,4.902102,-4.4,7.621024
2555,-3.172672,4.922933,-4.4,7.621024
2556,-3.188728,4.946254,-4.4,7.621024
2557,-3.203791,4.965929,-4.4,7.621024
2558,-3.218795,4.984976,-4.4,7.621024
2559,-3.237842,5.00627,-4.4,7.621024
2560,-3.256427,5.028634,-4.4,7.621024
2561,-3.276658,5.052402,-4.4,7.621024
2562,-3.298485,5.076281,-4.4,7.621024
2563,-3.319254,5.100671,-4.4,7.621024
2564,-3.338644,5.124194,-4.4,7.621024
2565,-3.360164,5.146003,-4.4,7.621024
2566,-3.379504,5.166357,-4.4,7.621024
2567,-3.400381,5.185055,-4.4,7.621024
2568,-3.417411,5.20434,-4.4,7.621024
2569,-3.435958,5.22489,-4.4,7.621024
2570,-3.45692,5.245434,-4.4,7.621024
2571,-3.47744,5.266825,-4.4,7.621024
2572,-3.496656,5.291353,-4.4,7.621024
2573,-3.516686,5.313357,-4.4,7.621024
2574,-3.535248,5.336319,-4.4,7.621024
2575,-3.553065,5.355914,-4.4,7.621024
2576,-3.571437,5.376867,-4.4,7.621024
2577,-3.588496,5.400053,-4.4,7.621024
2578,-3.601275,5.422945,-4.4,7.621024
2579,-3.611841,5.445837,-4.4,7.621024
2580,-3.62206,5.470565,-4.4,7.621024
2581,-3.632852,5.499436,-4.4,7.621024
2582,-3.644629,5.525922,-4.4,7.621024
2583,-3.656387,5.553492,-4.4,7.621024
2584,-3.666405,5.580497,-4.4,7.621024
2585,-3.676983,5.610767,-4.4,7.621024
2586,-3.688464,5.637143,-4.4,7.621024
2587,-3.699551,5.663417,-4.4,7.621024
2588,-3.709818,5.690939,-4.4,7.621024
2589,-3.718678,5.717893,-4.4,7.621024
2590,-3.726347,5.746408,-4.4,7.621024
2591,-3.734656,5.776209,-4.4,7.621024
2592,-3.74304,5.807889,-4.4,7.621024
2593,-3.751827,5.83753,-4.4,7.621024
2594,-3.760364,5.863136,-4.4,7.621024
2595,-3.769902,5.884783,-4.4,7.621024
2596,-3.780609,5.905347,-4.4,7.621024
2597,-3.789017,5.92175,-4.4,7.621024
2598,-3.798042,5.938894,-4.4,7.621024
2599,-3.809375,5.95758,-4.4,7.621024
2600,-3.821413,5.975553,-4.4,7.621024
2601,-3.832564,5.992898,-4.4,7.621024
2602,-3.845802,6.012378,-4.4,7.621024
2603,-3.858224,6.030079,-4.4,7.621024
2604,-3.87122,6.052737,-4.4,7.621024
2605,-3.883439,6.075975,-4.4,7.621024
2606,-3.897681,6.096587,-4.4,7.621024
2607,-3.909518,6.11771,-4.4,7.621024
2608,-3.92013,6.13694,-4.4,7.621024
2609,-3.932725,6.155245,-4.4,7.621024
2610,-3.946316,6.171693,-4.4,7.621024
2611,-3.957485,6.188392,-4.4,7.621024
2612,-3.97188,6.20871,-4.4,7.621024
2613,-3.986253,6.227677,-4.4,7.621024
2614,-4.001298,6.245701,-4.4,7.621024
2615,-4.016658,6.263425,-4.4,7.621024
2616,-4.031053,6.28088,-4.4,7.621024
2617,-4.043108,6.297656,-4.4,7.621024
2618,-4.055021,6.314611,-4.4,7.621024
2619,-4.069527,6.333594,-4.4,7.621024
2620,-4.0823,6.350545,-4.4,7.621024
2621,-4.091142,6.364357,-4.4,7.621024
2622,-4.102252,6.377813,-4.4,7.621024
2623,-4.115078,6.391179,-4.4,7.621024
2624,-4.128712,6.408057,-4.4,7.621024
2625,-4.143133,6.425631,-4.4,7.621024
2626,-4.157806,6.442681,-4.4,7.621024
2627,-4.171796,6.457825,-4.4,7.621024
2628,-4.185654,6.474958,-4.4,7.621024
2629,-4.19748,6.489202,-4.4,7.621024
2630,-4.210065,6.503305,-4.4,7.621024
2631,-4.221911,6.517054,-4.4,7.621024
2632,-4.23334,6.533,-4.4,7.621024
2633,-4.244385,6.552395,-4.4,7.621024
2634,-4.254319,6.571246,-4.4,7.621024
2635,-4.264839,6.592432,-4.4,7.621024
2636,-4.274076,6.613806,-4.4,7.621024
2637,-4.284312,6.638233,-4.4,7.621024
2638,-4.29514,6.663119,-4.4,7.621024
2639,-4.304523,6.688733,-4.4,7.621024
2640,-4.311059,6.712641,-4.4,7.621024
2641,-4.317739,6.739157,-4.4,7.621024
2642,-4.32796,6.769821,-4.4,7.621024
2643,-4.337521,6.795699,-4.4,7.621024
2644,-4.348119,6.823821,-4.4,7.621024
2645,-4.356272,6.854342,-4.4,7.621024
2646,-4.365359,6.884115,-4.4,7.621024
2647,-4.37649,6.914644,-4.4,7.621024
2648,-4.387155,6.943468,-4.4,7.621024
2649,-4.396733,6.967166,-4.4,7.621024
2650,-4.40651,6.991451,-4.4,7.621024
2651,-4.415662,7.011172,-4.4,7.621024
2652,-4.427334,7.030828,-4.4,7.621024
2653,-4.441135,7.052073,-4.4,7.621024
2654,-4.455486,7.072783,-4.4,7.621024
2655,-4.471388,7.093862,-4.4,7.621024
2656,-4.488058,7.115331,-4.4,7.621024
2657,-4.504134,7.135785,-4.4,7.621024
2658,-4.519405,7.155943,-4.4,7.621024
2659,-4.531435,7.173198,-4.4,7.621024
2660,-4.543369,7.190814,-4.4,7.621024
2661,-4.554513,7.207091,-4.4,7.621024
2662,-4.568347,7.22079,-4.4,7.621024
2663,-4.583202,7.233454,-4.4,7.621024
2664,-4.600551,7.247598,-4.4,7.621024
2665,-4.616328,7.261024,-4.4,7.621024
2666,-4.632108,7.273575,-4.4,7.621024
2667,-4.64693,7.288042,0,-8.8
2668,-4.657368,7.304576,0,-8.8
2669,-4.662522,7.31738,0,-8.8
2670,-4.665203,7.329483,0,-8.8
2671,-4.666584,7.341231,0,-8.8
2672,-4.665164,7.354104,0,-8.8
2673,-4.666029,7.367249,0,-8.8
2674,-4.672099,7.384146,0,-8.8
2675,-4.680543,7.40518,0,-8.8
2676,-4.690001,7.42575,0,-8.8
2677,-4.69864,7.446672,0,-8.8
2678,-4.707846,7.466649,0,-8.8
2679,-4.720128,7.488435,0,-8.8
2680,-4.73405,7.511643,0,-8.8
2681,-4.749564,7.533912,0,-8.8
2682,-4.76638,7.552953,0,-8.8
2683,-4.783984,7.569392,0,-8.8
2684,-4.795551,7.579227,0,-8.8
2685,-4.800529,7.584886,0,-8.8
2686,-4.805073,7.590166,0,-8.8
2687,-4.806894,7.595881,0,-8.8
2688,-4.809534,7.60538,0,-8.8
2689,-4.810066,7.618891,0,-8.8
2690,-4.811236,7.634035,0,-8.8
2691,-4.811857,7.649366,0,-8.8
2692,-4.814375,7.66292,0,-8.8
2693,-4.818367,7.67316,0,-8.8
2694,-4.827904,7.680918,0,-8.8
2695,-4.840129,7.686923,0,-8.8
2696,-4.851334,7.69276,0,-8.8
2697,-4.861534,7.695919,0,-8.8
2698,-4.868791,7.696088,0,-8.8
2699,-4.872319,7.698497,0,-8.8
2700,-4.874429,7.704718,0,-8.8
2701,-4.878574,7.708698,0,-8.8
2702,-4.884413,7.711565,0,-8.8
2703,-4.887385,7.71208,0,-8.8
2704,-4.889483,7.714741,0,-8.8
2705,-4.894297,7.714237,0,-8.8
2706,-4.901238,7.711495,0,-8.8
2707,-4.908649,7.70898,0,-8.8
2708,-4.914361,7.700998,0,-8.8
2709,-4.919691,7.687799,0,-8.8
2710,-4.9223,7.674132,0,-8.8
2711,-4.922003,7.665219,0,-8.8
2712,-4.923347,7.658107,0,-8.8
2713,-4.924438,7.647792,0,-8.8
2714,-4.922763,7.636577,0,-8.8
2715,-4.922808,7.629602,0,-8.8
2716,-4.922371,7.618659,0,-8.8
2717,-4.922985,7.610024,0,-8.8
2718,-4.92358,7.598515,0,-8.8
2719,-4.92432,7.584908,0,-8.8
2720,-4.923645,7.567405,0,-8.8
2721,-4.921276,7.553854,0,-8.8
2722,-4.918357,7.538177,0,-8.8
2723,-4.915452,7.521645,0,-8.8
2724,-4.910887,7.500939,0,-8.8
2725,-4.906252,7.47695,0,-8.8
2726,-4.901565,7.452947,0,-8.8
2727,-4.89645,7.428115,0,-8.8
2728,-4.891293,7.405468,0,-8.8
2729,-4.886353,7.387368,0,-8.8
2730,-4.88202,7.364439,0,-8.8
2731,-4.877246,7.341471,0,-8.8
2732,-4.871818,7.316624,0,-8.8
2733,-4.865,7.290109,0,-8.8
2734,-4.855985,7.265337,0,-8.8
2735,-4.850285,7.240381,0,-8.8
2736,-4.843977,7.214331,0,-8.8
2737,-4.838757,7.189163,0,-8.8
2738,-4.83381,7.165939,0,-8.8
2739,-4.829669,7.137716,0,-8.8
2740,-4.824541,7.111717,0,-8.8
2741,-4.821801,7.085348,0,-8.8
2742,-4.820603,7.059219,0,-8.8
2743,-4.819245,7.032456,0,-8.8
2744,-4.817521,7.004414,0,-8.8
2745,-4.817595,6.976004,0,-8.8
2746,-4.817274,6.950011,0,-8.8
2747,-4.819309,6.921197,0,-8.8
2748,-4.820501,6.892927,0,-8.8
2749,-4.824385,6.861174,0,-8.8
2750,-4.827688,6.829829,0,-8.8
2751,-4.830575,6.798925,0,-8.8
2752,-4.832746,6.767217,0,-8.8
2753,-4.835467,6.737568,0,-8.8
2754,-4.836133,6.707727,0,-8.8
2755,-4.836127,6.677352,0,-8.8
2756,-4.839865,6.648561,0,-8.8
2757,-4.844093,6.621334,0,-8.8
2758,-4.848143,6.598473,0,-8.8
2759,-4.848798,6.573782,0,-8.8
2760,-4.850914,6.550447,0,-8.8
2761,-4.848817,6.527314,0,-8.8
2762,-4.845406,6.503548,0,-8.8
2763,-4.841232,6.478237,0,-8.8
2764,-4.838099,6.452146,0,-8.8
2765,-4.832423,6.428253,0,-8.8
2766,-4.827317,6.403986,0,-8.8
2767,-4.820899,6.37981,0,-8.8
2768,-4.818498,6.356939,0,-8.8
2769,-4.814707,6.334893,0,-8.8
2770,-4.8117,6.31402,0,-8.8
2771,-4.806846,6.290189,0,-8.8
2772,-4.801389,6.26455,0,-8.8
2773,-4.796044,6.239137,0,-8.8
2774,-4.793085,6.217177,0,-8.8
2775,-4.78691,6.193148,0,-8.8
2776,-4.778324,6.165824,0,-8.8
2777,-4.767356,6.137669,0,-8.8
2778,-4.75571,6.107791,0,-8.8
2779,-4.741781,6.079026,0,-8.8
2780,-4.729923,6.048758,0,-8.8
2781,-4.720152,6.017829,0,-8.8
2782,-4.710269,5.991914,0,-8.8
2783,-4.701537,5.96653,0,-8.8
2784,-4.69047,5.940927,0,-8.8
2785,-4.677605,5.913986,0,-8.8
2786,-4.666346,5.884259,0,-8.8
2787,-4.65679,5.857754,0,-8.8
2788,-4.648106,5.831956,0,-8.8
2789,-4.636073,5.805081,0,-8.8
2790,-4.624989,5.779978,0,-8.8
2791,-4.616082,5.756247,0,-8.8
2792,-4.608067,5.730151,0,-8.8
2793,-4.601429,5.70404,0,-8.8
2794,-4.592859,5.677878,0,-8.8
2795,-4.586221,5.653349,0,-8.8
2796,-4.581826,5.625927,0,-8.8
2797,-4.576789,5.594136,0,-8.8
2798,-4.574568,5.563177,0,-8.8
2799,-4.57357,5.532257,0,-8.8
2800,-4.571228,5.500486,0,-8.8
2801,-4.567898,5.468635,0,-8.8
2802,-4.566065,5.435363,0,-8.8
2803,-4.564265,5.407602,0,-8.8
2804,-4.562013,5.38011,0,-8.8
2805,-4.558825,5.34645,0,-8.8
2806,-4.555629,5.311983,0,-8.8
2807,-4.552518,5.278391,0,-8.8
2808,-4.551879,5.249415,0,-8.8
2809,-4.549158,5.223435,0,-8.8
2810,-4.543961,5.198468,0,-8.8
2811,-4.540379,5.174343,0,-8.8
2812,-4.536967,5.155747,0,-8.8
2813,-4.535858,5.137293,0,-8.8
2814,-4.533502,5.118331,0,-8.8
2815,-4.531054,5.097894,0,-8.8
2816,-4.524854,5.075292,0,-8.8
2817,-4.514837,5.045863,0,-8.8
2818,-4.505851,5.017202,0,-8.8
2819,-4.499819,4.992646,0,-8.8
2820,-4.495191,4.969737,0,-8.8
2821,-4.489532,4.948421,0,-8.8
2822,-4.48191,4.926097,0,-8.8
2823,-4.475385,4.900836,0,-8.8
2824,-4.469858,4.876148,0,-8.8
2825,-4.464334,4.852764,0,-8.8
2826,-4.458776,4.829385,0,-8.8
2827,-4.452962,4.805438,0,-8.8
2828,-4.446078,4.782501,0,-8.8
2829,-4.438263,4.758888,0,-8.8
2830,-4.428559,4.732858,0,-8.8
2831,-4.417795,4.704537,0,-8.8
2832,-4.404282,4.674595,0,-8.8
2833,-4.390413,4.640468,0,-8.8
2834,-4.375337,4.60463,0,-8.8
2835,-4.361377,4.575208,0,-8.8
2836,-4.348178,4.547428,0,-8.8
2837,-4.337714,4.518806,0,-8.8
2838,-4.325514,4.496131,0,-8.8
2839,-4.315516,4.47313,0,-8.8
2840,-4.304389,4.445729,0,-8.8
2841,-4.294797,4.417615,0,-8.8
2842,-4.283945,4.388977,0,-8.8
2843,-4.273173,4.3568,0,-8.8
2844,-4.263846,4.32701,0,-8.8
2845,-4.254885,4.295143,0,-8.8
2846,-4.246428,4.26483,0,-8.8
2847,-4.23838,4.234462,0,-8.8
2848,-4.232102,4.204176,0,-8.8
2849,-4.227104,4.171197,0,-8.8
2850,-4.222057,4.13848,0,-8.8
2851,-4.218977,4.105404,0,-8.8
2852,-4.216261,4.073893,0,-8.8
2853,-4.213845,4.042859,0,-8.8
2854,-4.211156,4.014183,0,-8.8
2855,-4.209201,3.984836,0,-8.8
2856,-4.208155,3.956455,0,-8.8
2857,-4.206626,3.927979,0,-8.8
2858,-4.205427,3.897787,0,-8.8
2859,-4.201961,3.871043,0,-8.8
2860,-4.196696,3.847487,0,-8.8
2861,-4.192066,3.820657,0,-8.8
2862,-4.187662,3.796362,0,-8.8
2863,-4.18417,3.770884,0,-8.8
2864,-4.180808,3.748451,0,-8.8
2865,-4.18108,3.725389,0,-8.8
2866,-4.176355,3.702587,0,-8.8
2867,-4.169315,3.681456,0,-8.8
2868,-4.162286,3.66114,0,-8.8
2869,-4.15687,3.644001,0,-8.8
2870,-4.152129,3.626177,0,-8.8
2871,-4.146713,3.604682,0,-8.8
2872,-4.140316,3.583691,0,-8.8
2873,-4.135646,3.564766,0,-8.8
2874,-4.128388,3.545105,0,-8.8
2875,-4.11922,3.525131,0,-8.8
2876,-4.108153,3.502268,0,-8.8
2877,-4.099474,3.479928,0,-8.8
2878,-4.091378,3.457391,0,-8.8
2879,-4.084662,3.435941,0,-8.8
2880,-4.075791,3.412341,0,-8.8
2881,-4.066791,3.38696,0,-8.8
2882,-4.057061,3.360285,0,-8.8
2883,-4.045963,3.332482,0,-8.8
2884,-4.03375,3.300844,0,-8.8
2885,-4.018859,3.268345,0,-8.8
2886,-4.004611,3.238864,0,-8.8
2887,-3.991822,3.211298,0,-8.8
2888,-3.981109,3.186091,0,-8.8
2889,-3.971373,3.160714,0,-8.8
2890,-3.962282,3.137642,0,-8.8
2891,-3.950022,3.115121,0,-8.8
2892,-3.938244,3.088816,0,-8.8
2893,-3.926765,3.063501,0,-8.8
2894,-3.918576,3.039067,0,-8.8
2895,-3.90907,3.013604,0,-8.8
2896,-3.898733,2.987432,0,-8.8
2897,-3.887855,2.959249,0,-8.8
2898,-3.879578,2.931188,0,-8.8
2899,-3.874059,2.904484,0,-8.8
2900,-3.867338,2.879103,0,-8.8
2901,-3.860548,2.853291,0,-8.8
2902,-3.856042,2.82738,0,-8.8
2903,-3.85147,2.80178,0,-8.8
2904,-3.847769,2.774159,0,-8.8
2905,-3.845001,2.744857,0,-8.8
2906,-3.842333,2.714982,0,-8.8
2907,-3.840321,2.683288,0,-8.8
2908,-3.837989,2.6508,0,-8.8
2909,-3.837389,2.618434,0,-8.8
2910,-3.836814,2.587099,0,-8.8
2911,-3.835264,2.554496,0,-8.8
2912,-3.833082,2.521372,0,-8.8
2913,-3.830633,2.490066,0,-8.8
2914,-3.828046,2.459695,0,-8.8
2915,-3.825629,2.429582,0,-8.8
2916,-3.822977,2.402333,0,-8.8
2917,-3.817881,2.376807,0,-8.8
2918,-3.815285,2.354032,0,-8.8
2919,-3.812385,2.331466,0,-8.8
2920,-3.809227,2.311349,0,-8.8
2921,-3.806167,2.294258,0,-8.8
2922,-3.801659,2.276994,0,-8.8
2923,-3.79861,2.258139,0,-8.8
2924,-3.794457,2.237317,0,-8.8
2925,-3.786253,2.211279,0,-8.8
2926,-3.777966,2.187761,0,-8.8
2927,-3.772279,2.167464,0,-8.8
2928,-3.766496,2.145257,0,-8.8
2929,-3.757882,2.122298,0,-8.8
2930,-3.751311,2.099094,0,-8.8
2931,-3.743674,2.07522,0,-8.8
2932,-3.736482,2.052899,0,-8.8
2933,-3.728753,2.028309,0,-8.8
2934,-3.722662,2.004611,0,-8.8
2935,-3.714299,1.98086,0,-8.8
2936,-3.706477,1.960532,0,-8.8
2937,-3.69553,1.935836,0,-8.8
2938,-3.686325,1.912967,0,-8.8
2939,-3.675541,1.887013,0,-8.8
2940,-3.659622,1.858278,0,-8.8
2941,-3.64317,1.829478,0,-8.8
2942,-3.628706,1.79996,0,-8.8
2943,-3.614456,1.772227,0,-8.8
2944,-3.601947,1.75007,0,-8.8
2945,-3.589163,1.726221,0,-8.8
2946,-3.578429,1.700083,0,-8.8
2947,-3.563812,1.679583,0,-8.8
2948,-3.548022,1.655503,0,-8.8
2949,-3.533938,1.626538,0,-8.8
2950,-3.520871,1.596477,0,-8.8
2951,-3.510075,1.568104,0,-8.8
2952,-3.499871,1.540011,0,-8.8
2953,-3.488279,1.509651,0,-8.8
2954,-3.477484,1.482568,0,-8.8
2955,-3.467475,1.457248,0,-8.8
2956,-3.460523,1.430113,0,-8.8
2957,-3.453218,1.399698,0,-8.8
2958,-3.44609,1.367146,0,-8.8
2959,-3.441125,1.334736,0,-8.8
2960,-3.435807,1.304776,0,-8.8
2961,-3.429502,1.272875,0,-8.8
2962,-3.423312,1.241724,0,-8.8
2963,-3.418867,1.210746,0,-8.8
2964,-3.416854,1.179931,0,-8.8
2965,-3.415933,1.148991,0,-8.8
2966,-3.412421,1.117467,0,-8.8
2967,-3.408675,1.088403,0,-8.8
2968,-3.407061,1.059669,0,-8.8
2969,-3.404508,1.031797,0,-8.8
2970,-3.401586,1.003748,0,-8.8
2971,-3.398933,0.9784826,0,-8.8
2972,-3.398196,0.9546586,0,-8.8
2973,-3.394676,0.9333749,0,-8.8
2974,-3.391609,0.915742,0,-8.8
2975,-3.386935,0.8966751,0,-8.8
2976,-3.381863,0.8758531,0,-8.8
2977,-3.376242,0.8550996,0,-8.8
2978,-3.368882,0.8323688,0,-8.8
2979,-3.363173,0.8081828,0,-8.8
2980,-3.355187,0.7855875,0,-8.8
2981,-3.346851,0.7613011,0,-8.8
2982,-3.339842,0.7377679,0,-8.8
2983,-3.331561,0.7163475,0,-8.8
2984,-3.323573,0.6920876,0,-8.8
2985,-3.314532,0.6657941,0,-8.8
2986,-3.30651,0.6448196,0,-8.8
2987,-3.29844,0.6216381,0,-8.8
2988,-3.289305,0.599404,0,-8.8
2989,-3.277923,0.5747405,0,-8.8
2990,-3.265987,0.5502278,0,-8.8
2991,-3.254919,0.5228987,0,-8.8
2992,-3.242965,0.4944788,0,-8.8
2993,-3.228219,0.4650102,0,-8.8
2994,-3.214344,0.4352931,0,-8.8
2995,-3.203259,0.4067489,0,-8.8
2996,-3.191111,0.3796488,0,-8.8
2997,-3.181081,0.3536424,0,-8.8
2998,-3.168082,0.3271891,0,-8.8
2999,-3.153109,0.3039432,0,-8.8
3000,-3.140521,0.2772624,0,-8.8
3001,-3.127819,0.2521425,0,-8.8
3002,-3.115076,0.2269803,0,-8.8
3003,-3.103102,0.2013265,0,-8.8
3004,-3.091427,0.1728593,0,-8.8
3005,-3.079718,0.1444384,0,-8.8
3006,-3.069943,0.1188936,0,-8.8
3007,-3.059468,0.09213208,0,-8.8
3008,-3.050493,0.06543244,0,-8.8
3009,-3.04124,0.03771595,0,-8.8
3010,-3.032564,0.006345086,0,-8.8
3011,-3.023106,-0.02560497,0,-8.8
3012,-3.013623,-0.05900535,0,-8.8
3013,-3.006093,-0.09210794,0,-8.8
3014,-2.999707,-0.1249001,0,-8.8
3015,-2.992721,-0.1583357,0,-8.8
3016,-2.986964,-0.1932659,0,-8.8
3017,-2.984144,-0.2237859,0,-8.8
3018,-2.979844,-0.2524813,0,-8.8
3019,-2.973389,-0.2835799,0,-8.8
3020,-2.967913,-0.3169471,0,-8.8
3021,-2.964428,-0.348172,0,-8.8
3022,-2.959904,-0.3752582,0,-8.8
3023,-2.956535,-0.4006116,0,-8.8
3024,-2.952269,-0.4258675,0,-8.8
3025,-2.948371,-0.449456,0,-8.8
3026,-2.944619,-0.4691904,0,-8.8
3027,-2.939353,-0.4928275,0,-8.8
3028,-2.935571,-0.5132954,0,-8.8
3029,-2.929146,-0.533083,0,-8.8
3030,-2.922676,-0.5507948,0,-8.8
3031,-2.912985,-0.574971,0,-8.8
3032,-2.902915,-0.5985241,0,-8.8
3033,-2.89431,-0.6212828,0,-8.8
3034,-2.886981,-0.6433924,0,-8.8
3035,-2.878533,-0.6661162,0,-8.8
3036,-2.870431,-0.6858253,0,-8.8
3037,-2.862098,-0.7067596,0,-8.8
3038,-2.852657,-0.7271901,0,-8.8
3039,-2.842549,-0.7496006,0,-8.8
3040,-2.83253,-0.7725253,0,-8.8
3041,-2.823215,-0.7964927,0,-8.8
3042,-2.810885,-0.822112,0,-8.8
3043,-2.797446,-0.847234,0,-8.8
3044,-2.784439,-0.8709023,0,-8.8
3045,-2.773057,-0.8951339,0,-8.8
3046,-2.759916,-0.9214686,0,-8.8
3047,-2.744809,-0.9468545,0,-8.8
3048,-2.728971,-0.9732836,0,-8.8
3049,-2.714159,-1.00211,0,-8.8
3050,-2.700836,-1.028386,0,-8.8
3051,-2.68647,-1.052122,0,-8.8
3052,-2.674156,-1.075196,0,-8.8
3053,-2.660089,-1.100081,0,-8.8
3054,-2.646909,-1.123348,0,-8.8
3055,-2.633429,-1.147172,0,-8.8
3056,-2.617658,-1.173533,0,-8.8
3057,-2.604234,-1.198782,0,-8.8
3058,-2.591123,-1.224839,0,-8.8
3059,-2.577028,-1.250701,0,-8.8
3060,-2.563197,-1.280572,0,-8.8
3061,-2.551111,-1.309014,0,-8.8
3062,-2.538729,-1.337664,0,-8.8
3063,-2.525882,-1.367428,0,-8.8
3064,-2.514915,-1.397938,0,-8.8
3065,-2.505317,-1.430845,0,-8.8
3066,-2.497039,-1.463253,0,-8.8
3067,-2.488107,-1.495772,0,-8.8
3068,-2.480198,-1.528948,0,-8.8
3069,-2.4723,-1.561061,0,-8.8
3070,-2.465712,-1.590497,0,-8.8
3071,-2.459572,-1.620273,0,-8.8
3072,-2.45198,-1.65245,0,-8.8
3073,-2.446309,-1.6836,0,-8.8
3074,-2.441133,-1.713716,0,-8.8
3075,-2.436399,-1.741112,0,-8.8
3076,-2.431155,-1.771773,0,-8.8
3077,-2.426096,-1.801324,0,-8.8
3078,-2.421154,-1.829274,0,-8.8
3079,-2.415452,-1.854142,0,-8.8
3080,-2.41032,-1.87345,0,-8.8
3081,-2.405641,-1.892517,0,-8.8
3082,-2.400846,-1.91135,0,-8.8
3083,-2.39403,-1.933133,0,-8.8
3084,-2.384485,-1.95386,0,-8.8
3085,-2.376694,-1.973521,0,-8.8
3086,-2.366649,-1.993743,0,-8.8
3087,-2.35797,-2.012981,0,-8.8
3088,-2.347157,-2.033826,0,-8.8
3089,-2.335456,-2.055207,0,-8.8
3090,-2.324219,-2.076505,0,-8.8
3091,-2.314553,-2.099709,0,-8.8
3092,-2.304768,-2.12187,0,-8.8
3093,-2.295655,-2.143659,0,-8.8
3094,-2.287101,-2.165198,0,-8.8
3095,-2.277433,-2.188649,0,-8.8
3096,-2.266253,-2.214391,0,-8.8
3097,-2.251857,-2.23979,0,-8.8
3098,-2.237829,-2.265695,0,-8.8
3099,-2.223405,-2.291334,0,-8.8
3100,-2.208323,-2.317612,0,-8.8
3101,-2.192216,-2.344852,0,-8.8
3102,-2.175735,-2.372669,0,-8.8
3103,-2.162708,-2.395297,0,-8.8
3104,-2.1492,-2.416233,0,-8.8
3105,-2.134603,-2.437343,0,-8.8
3106,-2.121523,-2.457292,0,-8.8
3107,-2.104965,-2.479519,0,-8.8
3108,-2.088133,-2.501871,0,-8.8
3109,-2.071781,-2.525372,0,-8.8
3110,-2.056895,-2.551864,0,-8.8
3111,-2.041626,-2.577596,0,-8.8
3112,-2.027365,-2.604836,0,-8.8
3113,-2.013587,-2.631594,0,-8.8
3114,-2.000026,-2.656912,0,-8.8
3115,-1.988286,-2.680627,0,-8.8
3116,-1.977027,-2.705688,0,-8.8
3117,-1.965918,-2.730662,0,-8.8
3118,-1.954963,-2.759579,0,-8.8
3119,-1.945123,-2.789313,0,-8.8
3120,-1.937673,-2.81788,0,-8.8
3121,-1.929548,-2.846452,0,-8.8
3122,-1.92149,-2.877701,0,-8.8
3123,-1.913117,-2.910385,0,-8.8
3124,-1.903818,-2.940769,0,-8.8
3125,-1.895314,-2.971761,0,-8.8
3126,-1.887758,-3.003626,0,-8.8
3127,-1.878753,-3.036412,0,-8.8
3128,-1.871099,-3.070823,0,-8.8
3129,-1.864105,-3.099986,0,-8.8
3130,-1.855936,-3.127884,0,-8.8
3131,-1.850861,-3.154105,0,-8.8
3132,-1.844139,-3.178895,0,-8.8
3133,-1.834071,-3.203085,0,-8.8
3134,-1.824273,-3.228796,0,-8.8
3135,-1.814737,-3.249984,0,-8.8
3136,-1.80653,-3.270066,0,-8.8
3137,-1.79813,-3.290321,0,-8.8
3138,-1.786749,-3.310352,0,-8.8
3139,-1.775138,-3.333382,0,-8.8
3140,-1.765079,-3.353199,0,-8.8
3141,-1.753816,-3.373533,0,-8.8
3142,-1.740337,-3.395398,0,-8.8
3143,-1.728645,-3.417632,0,-8.8
3144,-1.71912,-3.437788,0,-8.8
3145,-1.707626,-3.458739,0,-8.8
3146,-1.695981,-3.48054,0,-8.8
3147,-1.684967,-3.501172,0,-8.8
3148,-1.673066,-3.521848,0,-8.8
3149,-1.660186,-3.544827,0,-8.8
3150,-1.647203,-3.566119,0,-8.8
3151,-1.630929,-3.590102,0,-8.8
3152,-1.6148,-3.614821,0,-8.8
3153,-1.597327,-3.638867,0,-8.8
3154,-1.57991,-3.662272,0,-8.8
3155,-1.561599,-3.687117,0,-8.8
3156,-1.542875,-3.709336,0,-8.8
3157,-1.520457,-3.732658,0,-8.8
3158,-1.501834,-3.754892,0,-8.8
3159,-1.483887,-3.776206,0,-8.8
3160,-1.467733,-3.795428,0,-8.8
3161,-1.447282,-3.814597,0,-8.8
3162,-1.42516,-3.837291,0,-8.8
3163,-1.403855,-3.85946,0,-8.8
3164,-1.378646,-3.884993,0,-8.8
3165,-1.358046,-3.910171,0,-8.8
3166,-1.33988,-3.935013,0,-8.8
3167,-1.322556,-3.959835,0,-8.8
3168,-1.307789,-3.983372,0,-8.8
3169,-1.295362,-4.007911,0,-8.8
3170,-1.282876,-4.03504,0,-8.8
3171,-1.271015,-4.06069,0,-8.8
3172,-1.259683,-4.087244,0,-8.8
3173,-1.249177,-4.11506,0,-8.8
3174,-1.238487,-4.14156,0,-8.8
3175,-1.227576,-4.166964,0,-8.8
3176,-1.218223,-4.193433,0,-8.8
3177,-1.208539,-4.221164,0,-8.8
3178,-1.197464,-4.252098,0,-8.8
3179,-1.188681,-4.284222,0,-8.8
3180,-1.17937,-4.31656,0,-8.8
3181,-1.169793,-4.347807,0,-8.8
3182,-1.159179,-4.380747,0,-8.8
3183,-1.148997,-4.41219,0,-8.8
3184,-1.139149,-4.440612,0,-8.8
3185,-1.131733,-4.469881,0,-8.8
3186,-1.125658,-4.493204,0,-8.8
3187,-1.11499,-4.515939,0,-8.8
3188,-1.105393,-4.537266,0,-8.8
3189,-1.098134,-4.558111,0,-8.8
3190,-1.091287,-4.577376,0,-8.8
3191,-1.079283,-4.598266,0,-8.8
3192,-1.065945,-4.620152,0,-8.8
3193,-1.051384,-4.642392,0,-8.8
3194,-1.039566,-4.661802,0,-8.8
3195,-1.024367,-4.683011,0,-8.8
3196,-1.010373,-4.705266,0,-8.8
3197,-1.000163,-4.725035,0,-8.8
3198,-0.9896696,-4.746828,0,-8.8
3199,-0.9772947,-4.769319,0,-8.8
3200,-0.9644651,-4.793631,0,-8.8
3201,-0.9512041,-4.818565,0,-8.8
3202,-0.9369129,-4.843682,0,-8.8
3203,-0.923126,-4.869496,0,-8.8
3204,-0.9074635,-4.895807,0,-8.8
3205,-0.8914084,-4.918621,0,-8.8
3206,-0.8746848,-4.944504,0,-8.8
3207,-0.8585849,-4.967525,0,-8.8
3208,-0.8414419,-4.990251,0,-8.8
3209,-0.8244129,-5.01367,0,-8.8
3210,-0.8056076,-5.036911,0,-8.8
3211,-0.7873319,-5.060472,0,-8.8
3212,-0.7693432,-5.084276,0,-8.8
3213,-0.7528161,-5.108456,0,-8.8
3214,-0.7346382,-5.135023,0,-8.8
3215,-0.7147576,-5.158648,0,-8.8
3216,-0.697889,-5.182058,0,-8.8
3217,-0.6795528,-5.208429,0,-8.8
3218,-0.663078,-5.234449,0,-8.8
3219,-0.6463393,-5.259943,0,-8.8
3220,-0.6297188,-5.283755,0,-8.8
3221,-0.615049,-5.307582,0,-8.8
3222,-0.6009064,-5.33223,0,-8.8
3223,-0.5862551,-5.356395,0,-8.8
3224,-0.5730956,-5.382088,0,-8.8
3225,-0.5611482,-5.408011,0,-8.8
3226,-0.5502889,-5.435013,0,-8.8
3227,-0.5398461,-5.464996,0,-8.8
3228,-0.5293173,-5.496439,0,-8.8
3229,-0.5225213,-5.525756,0,-8.8
3230,-0.5153056,-5.555139,0,-8.8
3231,-0.5068807,-5.587664,0,-8.8
3232,-0.4997475,-5.618441,0,-8.8
3233,-0.4928806,-5.651123,0,-8.8
3234,-0.4878022,-5.68236,0,-8.8
3235,-0.4818836,-5.716044,0,-8.8
3236,-0.4759671,-5.748086,0,-8.8
3237,-0.4691034,-5.780027,0,-8.8
3238,-0.4622805,-5.81115,0,-8.8
3239,-0.4575597,-5.83593,0,-8.8
3240,-0.4537028,-5.859498,0,-8.8
3241,-0.4488086,-5.882086,0,-8.8
3242,-0.4423766,-5.904321,0,-8.8
3243,-0.4361801,-5.92494,0,-8.8
3244,-0.4286941,-5.944163,0,-8.8
3245,-0.4220867,-5.961697,0,-8.8
3246,-0.4151113,-5.979173,0,-8.8
3247,-0.4065861,-5.997691,0,-8.8
3248,-0.3969344,-6.018504,0,-8.8
3249,-0.3876799,-6.04036,0,-8.8
3250,-0.3805912,-6.061495,0,-8.8
3251,-0.3726139,-6.082111,0,-8.8
3252,-0.3663975,-6.101541,0,-8.8
3253,-0.3565165,-6.125766,0,-8.8
3254,-0.3471244,-6.151129,0,-8.8
3255,-0.3358899,-6.173344,0,-8.8
3256,-0.3233036,-6.195518,0,-8.8
3257,-0.3122732,-6.218959,0,-8.8
3258,-0.3019783,-6.241364,0,-8.8
3259,-0.2911713,-6.262448,0,-8.8
3260,-0.2785633,-6.283912,0,-8.8
3261,-0.2648528,-6.30617,0,-8.8
3262,-0.2494706,-6.331081,0,-8.8
3263,-0.2347401,-6.357273,0,-8.8
3264,-0.2213753,-6.382305,0,-8.8
3265,-0.2096084,-6.40937,0,-8.8
3266,-0.1978944,-6.434975,0,-8.8
3267,-0.1872157,-6.45976,0,-8.8
3268,-0.177826,-6.48363,0,-8.8
3269,-0.1681584,-6.506437,0,-8.8
3270,-0.1595989,-6.527525,0,-8.8
3271,-0.1470572,-6.549852,0,-8.8
3272,-0.1349347,-6.573814,0,-8.8
3273,-0.1233975,-6.600094,0,-8.8
3274,-0.1131759,-6.626688,0,-8.8
3275,-0.1030548,-6.651322,0,-8.8
3276,-0.09375709,-6.675031,0,-8.8
3277,-0.08598346,-6.700378,0,-8.8
3278,-0.07867954,-6.727293,0,-8.8
3279,-0.07334195,-6.756319,0,-8.8
3280,-0.07025293,-6.78653,0,-8.8
3281,-0.06712299,-6.813299,0,-8.8
3282,-0.06484764,-6.842875,0,-8.8
3283,-0.06321276,-6.871415,0,-8.8
3284,-0.06299713,-6.900662,0,-8.8
3285,-0.06415938,-6.930763,0,-8.8
3286,-0.06468064,-6.95926,0,-8.8
3287,-0.06514737,-6.989551,0,-8.8
3288,-0.06433012,-7.022004,0,-8.8
3289,-0.06500988,-7.05647,0,-8.8
3290,-0.06610835,-7.086168,0,-8.8
3291,-0.06586976,-7.116264,0,-8.8
3292,-0.06597523,-7.143898,0,-8.8
3293,-0.06653173,-7.169104,0,-8.8
3294,-0.06451355,-7.19206,0,-8.8
3295,-0.06263793,-7.215666,0,-8.8
3296,-0.060998,-7.237041,0,-8.8
3297,-0.05816741,-7.256169,0,-8.8
3298,-0.05414426,-7.275729,0,-8.8
3299,-0.04990478,-7.295295,0,-8.8
3300,-0.04579679,-7.3188,0,-8.8
3301,-0.04173394,-7.341775,0,-8.8
3302,-0.03707774,-7.36787,0,-8.8
3303,-0.03043162,-7.390512,0,-8.8
3304,-0.02241793,-7.411877,0,-8.8
3305,-0.01649155,-7.431574,0,-8.8
3306,-0.01108336,-7.452592,0,-8.8
3307,-0.004949598,-7.472034,0,-8.8
3308,0.003282439,-7.495059,0,-8.8
3309,0.01196194,-7.518895,0,-8.8
3310,0.01990949,-7.541784,0,-8.8
3311,0.0278003,-7.56531,0,-8.8
3312,0.03432592,-7.589138,0,-8.8
3313,0.04292744,-7.613207,0,-8.8
3314,0.05245204,-7.639432,0,-8.8
3315,0.06068852,-7.662508,0,-8.8
3316,0.07043257,-7.686772,0,-8.8
3317,0.08023475,-7.711282,0,-8.8
3318,0.0909032,-7.737932,0,-8.8
3319,0.09989793,-7.763381,0,-8.8
3320,0.10844,-7.786224,0,-8.8
3321,0.1193087,-7.809939,0,-8.8
3322,0.1279789,-7.834545,0,-8.8
3323,0.1380786,-7.860312,0,-8.8
3324,0.1489447,-7.886535,0,-8.8
3325,0.1575856,-7.911908,0,-8.8
3326,0.1651493,-7.93578,0,-8.8
3327,0.1749429,-7.962345,0,-8.8
3328,0.183847,-7.989041,0,-8.8
3329,0.1909378,-8.01556,0,-8.8
3330,0.1962182,-8.043429,0,-8.8
3331,0.2009903,-8.071604,0,-8.8
3332,0.2054144,-8.097912,0,-8.8
3333,0.2080423,-8.127001,0,-8.8
3334,0.208245,-8.157032,0,-8.8
3335,0.2079982,-8.185299,0,-8.8
3336,0.2061307,-8.212094,0,-8.8
3337,0.2023966,-8.238807,0,-8.8
3338,0.1983442,-8.265052,0,-8.8
3339,0.1937644,-8.292992,0,-8.8
3340,0.1906399,-8.322068,0,-8.8
3341,0.1878292,-8.355364,0,-8.8
3342,0.1846697,-8.38833,0,-8.8
3343,0.1819421,-8.424678,0,-8.8
3344,0.1748375,-8.458298,0,-8.8
3345,0.1693864,-8.489599,0,-8.8
3346,0.1651743,-8.515931,0,-8.8
3347,0.1599758,-8.539606,0,-8.8
3348,0.1549496,-8.562314,0,-8.8
3349,0.1523226,-8.581321,0,-8.8
3350,0.1526352,-8.601496,0,-8.8
3351,0.1523069,-8.622458,0,-8.8
3352,0.1520038,-8.64292,0,-8.8
3353,0.1528803,-8.661977,0,-8.8
3354,0.1542129,-8.688327,0,-8.8
3355,0.1544429,-8.714701,-4.4,-7.621024
3356,0.1565258,-8.731222,-4.4,-7.621024
3357,0.1601608,-8.748282,-4.4,-7.621024
3358,0.1628559,-8.765676,-4.4,-7.621024
3359,0.1654243,-8.782823,-4.4,-7.621024
3360,0.1711449,-8.799605,-4.4,-7.621024
3361,0.1776031,-8.818061,-4.4,-7.621024
3362,0.1826805,-8.838445,-4.4,-7.621024
3363,0.1874855,-8.859118,-4.4,-7.621024
3364,0.1928743,-8.878711,-4.4,-7.621024
3365,0.1958275,-8.894362,-4.4,-7.621024
3366,0.1956835,-8.909224,-4.4,-7.621024
3367,0.1916942,-8.922901,-4.4,-7.621024
3368,0.1867949,-8.93646,-4.4,-7.621024
3369,0.1818388,-8.951352,-4.4,-7.621024
3370,0.1751462,-8.964436,-4.4,-7.621024
3371,0.1695555,-8.978332,-4.4,-7.621024
3372,0.1641643,-8.992212,-4.4,-7.621024
3373,0.1598205,-9.008684,-4.4,-7.621024
3374,0.1517333,-9.023229,-4.4,-7.621024
3375,0.141563,-9.034027,-4.4,-7.621024
3376,0.1313661,-9.045933,-4.4,-7.621024
3377,0.122057,-9.056583,-4.4,-7.621024
3378,0.1121061,-9.065662,-4.4,-7.621024
3379,0.1048665,-9.0749,-4.4,-7.621024
3380,0.09622224,-9.085534,-4.4,-7.621024
3381,0.08732939,-9.094963,-4.4,-7.621024
3382,0.07868695,-9.102576,-4.4,-7.621024
3383,0.06755584,-9.109587,-4.4,-7.621024
3384,0.05541265,-9.114575,-4.4,-7.621024
3385,0.04201677,-9.11755,-4.4,-7.621024
3386,0.02352354,-9.121039,-4.4,-7.621024
3387,-0.0002878886,-9.123271,-4.4,-7.621024
3388,-0.02555794,-9.124207,-4.4,-7.621024
3389,-0.05254681,-9.122078,-4.4,-7.621024
3390,-0.07728431,-9.117706,-4.4,-7.621024
3391,-0.09862065,-9.113379,-4.4,-7.621024
3392,-0.1200046,-9.109123,-4.4,-7.621024
3393,-0.1413347,-9.104541,-4.4,-7.621024
3394,-0.1660659,-9.100037,-4.4,-7.621024
3395,-0.1932417,-9.096226,-4.4,-7.621024
3396,-0.2209486,-9.090896,-4.4,-7.621024
3397,-0.2477968,-9.084907,-4.4,-7.621024
3398,-0.2715821,-9.081044,-4.4,-7.621024
3399,-0.2973097,-9.07795,-4.4,-7.621024
3400,-0.3191251,-9.074131,-4.4,-7.621024
3401,-0.3405048,-9.070904,-4.4,-7.621024
3402,-0.3629059,-9.06699,-4.4,-7.621024
3403,-0.3842448,-9.06247,-4.4,-7.621024
3404,-0.4013881,-9.058988,-4.4,-7.621024
3405,-0.4192631,-9.057696,-4.4,-7.621024
3406,-0.438717,-9.055778,-4.4,-7.621024
3407,-0.4598873,-9.054277,-4.4,-7.621024
3408,-0.4836644,-9.051494,-4.4,-7.621024
3409,-0.5059455,-9.049212,-4.4,-7.621024
3410,-0.5284814,-9.047646,-4.4,-7.621024
3411,-0.5487155,-9.04842,-4.4,-7.621024
3412,-0.5697062,-9.048815,-4.4,-7.621024
3413,-0.5902255,-9.050464,-4.4,-7.621024
3414,-0.6119807,-9.049972,-4.4,-7.621024
3415,-0.6390959,-9.048942,-4.4,-7.621024
3416,-0.6656035,-9.047561,-4.4,-7.621024
3417,-0.6912568,-9.045485,-4.4,-7.621024
3418,-0.7138288,-9.044877,-4.4,-7.621024
3419,-0.7392282,-9.043239,-4.4,-7.621024
3420,-0.7641426,-9.04095,-4.4,-7.621024
3421,-0.7873977,-9.038011,-4.4,-7.621024
3422,-0.8140658,-9.034816,-4.4,-7.621024
3423,-0.840676,-9.032161,-4.4,-7.621024
3424,-0.8692015,-9.027972,-4.4,-7.621024
3425,-0.9018747,-9.024455,-4.4,-7.621024
3426,-0.93251,-9.024204,-4.4,-7.621024
3427,-0.959874,-9.024013,-4.4,-7.621024
3428,-0.9843581,-9.022026,-4.4,-7.621024
3429,-1.009773,-9.021795,-4.4,-7.621024
3430,-1.034994,-9.020971,-4.4,-7.621024
3431,-1.060213,-9.017937,-4.4,-7.621024
3432,-1.088411,-9.015155,-4.4,-7.621024
3433,-1.115009,-9.011543,-4.4,-7.621024
3434,-1.142161,-9.007408,-4.4,-7.621024
3435,-1.171898,-9.001701,-4.4,-7.621024
3436,-1.201304,-8.994943,-4.4,-7.621024
3437,-1.227783,-8.988487,-4.4,-7.621024
3438,-1.253059,-8.981525,-4.4,-7.621024
3439,-1.278531,-8.973809,-4.4,-7.621024
3440,-1.305627,-8.964461,-4.4,-7.621024
3441,-1.335261,-8.949461,-4.4,-7.621024
3442,-1.364884,-8.932816,-4.4,-7.621024
3443,-1.391576,-8.917708,-4.4,-7.621024
3444,-1.416346,-8.902861,-4.4,-7.621024
3445,-1.43977,-8.888404,-4.4,-7.621024
3446,-1.463782,-8.873542,-4.4,-7.621024
3447,-1.486828,-8.85978,-4.4,-7.621024
3448,-1.508849,-8.844051,-4.4,-7.621024
3449,-1.532161,-8.830016,-4.4,-7.621024
3450,-1.556756,-8.816419,-4.4,-7.621024
3451,-1.579539,-8.801794,-4.4,-7.621024
3452,-1.601686,-8.790605,-4.4,-7.621024
3453,-1.624982,-8.779135,-4.4,-7.621024
3454,-1.643629,-8.767956,-4.4,-7.621024
3455,-1.662937,-8.759777,-4.4,-7.621024
3456,-1.681613,-8.751987,-4.4,-7.621024
3457,-1.696884,-8.746082,-4.4,-7.621024
3458,-1.712505,-8.738904,-4.4,-7.621024
3459,-1.730653,-8.731669,-4.4,-7.621024
3460,-1.746599,-8.725079,-4.4,-7.621024
3461,-1.76581,-8.717779,-4.4,-7.621024
3462,-1.787359,-8.708968,-4.4,-7.621024
3463,-1.80827,-8.700076,-4.4,-7.621024
3464,-1.830434,-8.692596,-4.4,-7.621024
3465,-1.854087,-8.68678,-4.4,-7.621024
3466,-1.873501,-8.680564,-4.4,-7.621024
3467,-1.893723,-8.673068,-4.4,-7.621024
3468,-1.91366,-8.668436,-4.4,-7.621024
3469,-1.93669,-8.662518,-4.4,-7.621024
3470,-1.95959,-8.656739,-4.4,-7.621024
3471,-1.983043,-8.651403,-4.4,-7.621024
3472,-2.008941,-8.643746,-4.4,-7.621024
3473,-2.034205,-8.637514,-4.4,-7.621024
3474,-2.062067,-8.630788,-4.4,-7.621024
3475,-2.091137,-8.624458,-4.4,-7.621024
3476,-2.122844,-8.618966,-4.4,-7.621024
3477,-2.154071,-8.611766,-4.4,-7.621024
3478,-2.183655,-8.60525,-4.4,-7.621024
3479,-2.209117,-8.600043,-4.4,-7.621024
3480,-2.233195,-8.595407,-4.4,-7.621024
3481,-2.257379,-8.591673,-4.4,-7.621024
3482,-2.281862,-8.58786,-4.4,-7.621024
3483,-2.302279,-8.583206,-4.4,-7.621024
3484,-2.326393,-8.579941,-4.4,-7.621024
3485,-2.351847,-8.577097,-4.4,-7.621024
3486,-2.378466,-8.57403,-4.4,-7.621024
3487,-2.404153,-8.568584,-4.4,-7.621024
3488,-2.430205,-8.562944,-4.4,-7.621024
3489,-2.456359,-8.556141,-4.4,-7.621024
3490,-2.482529,-8.55049,-4.4,-7.621024
3491,-2.510577,-8.543986,-4.4,-7.621024
3492,-2.535602,-8.536291,-4.4,-7.621024
3493,-2.560505,-8.527457,-4.4,-7.621024
3494,-2.587349,-8.515243,-4.4,-7.621024
3495,-2.61398,-8.50473,-4.4,-7.621024
3496,-2.643037,-8.492086,-4.4,-7.621024
3497,-2.671608,-8.479456,-4.4,-7.621024
3498,-2.699834,-8.4665,-4.4,-7.621024
3499,-2.727809,-8.452638,-4.4,-7.621024
3500,-2.75539,-8.439163,-4.4,-7.621024
3501,-2.780033,-8.425581,-4.4,-7.621024
3502,-2.805304,-8.411114,-4.4,-7.621024
3503,-2.829046,-8.398274,-4.4,-7.621024
3504,-2.85352,-8.386207,-4.4,-7.621024
3505,-2.87905,-8.370932,-4.4,-7.621024
3506,-2.905143,-8.35569,-4.4,-7.621024
3507,-2.929042,-8.341826,-4.4,-7.621024
3508,-2.950969,-8.329082,-4.4,-7.621024
3509,-2.972579,-8.316126,-4.4,-7.621024
3510,-2.990566,-8.306898,-4.4,-7.621024
3511,-3.008397,-8.298172,-4.4,-7.621024
3512,-3.024668,-8.291811,-4.4,-7.621024
3513,-3.042499,-8.285901,-4.4,-7.621024
3514,-3.056008,-8.280623,-4.4,-7.621024
3515,-3.077676,-8.273458,-4.4,-7.621024
3516,-3.100051,-8.264303,-4.4,-7.621024
3517,-3.121439,-8.256074,-4.4,-7.621024
3518,-3.141819,-8.250238,-4.4,-7.621024
3519,-3.163351,-8.244069,-4.4,-7.621024
3520,-3.184869,-8.236938,-4.4,-7.621024
3521,-3.205925,-8.229041,-4.4,-7.621024
3522,-3.225243,-8.222054,-4.4,-7.621024
3523,-3.246529,-8.215636,-4.4,-7.621024
3524,-3.267191,-8.208684,-4.4,-7.621024
3525,-3.286243,-8.203886,-4.4,-7.621024
3526,-3.307412,-8.197076,-4.4,-7.621024
3527,-3.33221,-8.189474,-4.4,-7.621024
3528,-3.360543,-8.18132,-4.4,-7.621024
3529,-3.38935,-8.175103,-4.4,-7.621024
3530,-3.4214,-8.167718,-4.4,-7.621024
3531,-3.451687,-8.160965,-4.4,-7.621024
3532,-3.478924,-8.153504,-4.4,-7.621024
3533,-3.505135,-8.147627,-4.4,-7.621024
3534,-3.528707,-8.14047,-4.4,-7.621024
3535,-3.548254,-8.136266,-4.4,-7.621024
3536,-3.568902,-8.131781,-4.4,-7.621024
3537,-3.5932,-8.126186,-4.4,-7.621024
3538,-3.614309,-8.119788,-4.4,-7.621024
3539,-3.637836,-8.111959,-4.4,-7.621024
3540,-3.664349,-8.105508,-4.4,-7.621024
3541,-3.692095,-8.096552,-4.4,-7.621024
3542,-3.720095,-8.085819,-4.4,-7.621024
3543,-3.74539,-8.074968,-4.4,-7.621024
3544,-3.773255,-8.064301,-4.4,-7.621024
3545,-3.80021,-8.051414,-4.4,-7.621024
3546,-3.82587,-8.039149,-4.4,-7.621024
3547,-3.846715,-8.026666,-4.4,-7.621024
3548,-3.869006,-8.009809,-4.4,-7.621024
3549,-3.892997,-7.990605,-4.4,-7.621024
3550,-3.917013,-7.970651,-4.4,-7.621024
3551,-3.939365,-7.951631,-4.4,-7.621024
3552,-3.961107,-7.932439,-4.4,-7.621024
3553,-3.983042,-7.911794,-4.4,-7.621024
3554,-4.003254,-7.889457,-4.4,-7.621024
3555,-4.024836,-7.868802,-4.4,-7.621024
3556,-4.046831,-7.848264,-4.4,-7.621024
3557,-4.068021,-7.826283,4.4,7.621024
3558,-4.085101,-7.806569,4.4,7.621024
3559,-4.104538,-7.790349,4.4,7.621024
3560,-4.123515,-7.776305,4.4,7.621024
3561,-4.143097,-7.761203,4.4,7.621024
3562,-4.162523,-7.744728,4.4,7.621024
3563,-4.178451,-7.7318,4.4,7.621024
3564,-4.192898,-7.717619,4.4,7.621024
3565,-4.208396,-7.705958,4.4,7.621024
3566,-4.225808,-7.693506,4.4,7.621024
3567,-4.242804,-7.679934,4.4,7.621024
3568,-4.262386,-7.664564,4.4,7.621024
3569,-4.283878,-7.647159,4.4,7.621024
3570,-4.299677,-7.632155,4.4,7.621024
3571,-4.315474,-7.619883,4.4,7.621024
3572,-4.332431,-7.61002,4.4,7.621024
3573,-4.350715,-7.600487,4.4,7.621024
3574,-4.366791,-7.590251,4.4,7.621024
3575,-4.382358,-7.581654,4.4,7.621024
3576,-4.398936,-7.57283,4.4,7.621024
3577,-4.420027,-7.563271,4.4,7.621024
3578,-4.438,-7.553096,4.4,7.621024
3579,-4.456148,-7.541022,4.4,7.621024
3580,-4.472335,-7.531981,4.4,7.621024
3581,-4.485828,-7.522293,4.4,7.621024
3582,-4.499434,-7.513695,4.4,7.621024
3583,-4.512839,-7.502515,4.4,7.621024
3584,-4.524752,-7.490658,4.4,7.621024
3585,-4.537718,-7.477783,4.4,7.621024
3586,-4.549662,-7.462499,4.4,7.621024
3587,-4.560596,-7.446397,4.4,7.621024
3588,-4.570606,-7.428594,4.4,7.621024
3589,-4.581391,-7.411775,4.4,7.621024
3590,-4.592935,-7.39779,4.4,7.621024
3591,-4.604375,-7.383047,4.4,7.621024
3592,-4.613883,-7.365001,4.4,7.621024
3593,-4.62195,-7.346232,4.4,7.621024
3594,-4.629472,-7.328094,4.4,7.621024
3595,-4.63596,-7.312837,4.4,7.621024
3596,-4.641346,-7.296611,4.4,7.621024
3597,-4.646365,-7.27873,4.4,7.621024
3598,-4.650432,-7.260776,4.4,7.621024
3599,-4.652272,-7.243329,4.4,7.621024
3600,-4.651546,-7.222683,4.4,7.621024
3601,-4.647751,-7.199456,4.4,7.621024
3602,-4.641032,-7.173979,4.4,7.621024
3603,-4.632719,-7.149025,4.4,7.621024
3604,-4.62351,-7.123302,4.4,7.621024
3605,-4.611407,-7.098884,4.4,7.621024
3606,-4.598106,-7.081295,4.4,7.621024
3607,-4.587129,-7.06181,4.4,7.621024
3608,-4.575346,-7.038225,4.4,7.621024
3609,-4.561841,-7.012752,4.4,7.621024
3610,-4.547283,-6.987695,4.4,7.621024
3611,-4.533239,-6.960227,4.4,7.621024
3612,-4.518762,-6.933634,4.4,7.621024
3613,-4.5064,-6.908279,4.4,7.621024
3614,-4.491508,-6.885303,4.4,7.621024
3615,-4.47723,-6.862184,4.4,7.621024
3616,-4.467779,-6.845942,4.4,7.621024
3617,-4.458872,-6.828422,4.4,7.621024
3618,-4.452818,-6.812355,4.4,7.621024
3619,-4.445475,-6.794704,4.4,7.621024
3620,-4.438486,-6.776251,4.4,7.621024
3621,-4.431026,-6.758272,4.4,7.621024
3622,-4.425117,-6.738059,4.4,7.621024
3623,-4.418086,-6.720688,4.4,7.621024
3624,-4.410728,-6.700887,4.4,7.621024
3625,-4.40622,-6.678359,4.4,7.621024
3626,-4.398543,-6.656738,4.4,7.621024
3627,-4.389718,-6.630452,4.4,7.621024
3628,-4.381761,-6.607999,4.4,7.621024
3629,-4.373023,-6.584593,4.4,7.621024
3630,-4.364597,-6.563228,4.4,7.621024
3631,-4.357093,-6.542709,4.4,7.621024
3632,-4.350264,-6.519692,4.4,7.621024
3633,-4.341619,-6.498796,4.4,7.621024
3634,-4.331573,-6.476448,4.4,7.621024
3635,-4.323037,-6.45345,4.4,7.621024
3636,-4.315804,-6.433811,4.4,7.621024
3637,-4.309274,-6.4148,4.4,7.621024
3638,-4.304504,-6.391776,4.4,7.621024
3639,-4.29625,-6.364209,4.4,7.621024
3640,-4.287838,-6.336013,4.4,7.621024
3641,-4.281305,-6.310154,4.4,7.621024
3642,-4.27459,-6.281788,4.4,7.621024
3643,-4.265839,-6.258729,4.4,7.621024
3644,-4.256136,-6.235221,4.4,7.621024
3645,-4.251069,-6.212801,4.4,7.621024
3646,-4.246216,-6.192055,4.4,7.621024
3647,-4.238823,-6.169719,4.4,7.621024
3648,-4.228042,-6.144121,4.4,7.621024
3649,-4.21766,-6.117342,4.4,7.621024
3650,-4.207123,-6.089971,4.4,7.621024
3651,-4.194248,-6.062318,4.4,7.621024
3652,-4.182,-6.036557,4.4,7.621024
3653,-4.167386,-6.013663,4.4,7.621024
3654,-4.152753,-5.991852,4.4,7.621024
3655,-4.13581,-5.972609,4.4,7.621024
3656,-4.118659,-5.953354,4.4,7.621024
3657,-4.099294,-5.933123,4.4,7.621024
3658,-4.078959,-5.913338,4.4,7.621024
3659,-4.059727,-5.894877,4.4,7.621024
3660,-4.03957,-5.87609,4.4,7.621024
3661,-4.019001,-5.856623,4.4,7.621024
3662,-3.994806,-5.835898,4.4,7.621024
3663,-3.972099,-5.815538,4.4,7.621024
3664,-3.949993,-5.794432,4.4,7.621024
3665,-3.926486,-5.773726,4.4,7.621024
3666,-3.905345,-5.756238,4.4,7.621024
3667,-3.88427,-5.737125,4.4,7.621024
3668,-3.860496,-5.718265,4.4,7.621024
3669,-3.839271,-5.698932,4.4,7.621024
3670,-3.823767,-5.681221,4.4,7.621024
3671,-3.811794,-5.666866,4.4,7.621024
3672,-3.79893,-5.652476,4.4,7.621024
3673,-3.783271,-5.637255,4.4,7.621024
3674,-3.771297,-5.620728,4.4,7.621024
3675,-3.760088,-5.604986,4.4,7.621024
3676,-3.744691,-5.586451,4.4,7.621024
3677,-3.729477,-5.565885,4.4,7.621024
3678,-3.71489,-5.547604,4.4,7.621024
3679,-3.700685,-5.529073,4.4,7.621024
3680,-3.686515,-5.512727,4.4,7.621024
3681,-3.672496,-5.493921,4.4,7.621024
3682,-3.656962,-5.473513,4.4,7.621024
3683,-3.641963,-5.455191,4.4,7.621024
3684,-3.627837,-5.4334,4.4,7.621024
3685,-3.613242,-5.414094,4.4,7.621024
3686,-3.599297,-5.394184,4.4,7.621024
3687,-3.584623,-5.370584,4.4,7.621024
3688,-3.568659,-5.347621,4.4,7.621024
3689,-3.555475,-5.325133,4.4,7.621024
3690,-3.540595,-5.299809,4.4,7.621024
3691,-3.525491,-5.27328,4.4,7.621024
3692,-3.509912,-5.243362,4.4,7.621024
3693,-3.495261,-5.214427,4.4,7.621024
3694,-3.481045,-5.186504,4.4,7.621024
3695,-3.466877,-5.159453,4.4,7.621024
3696,-3.456606,-5.133189,4.4,7.621024
3697,-3.441477,-5.106476,4.4,7.621024
3698,-3.429769,-5.082592,4.4,7.621024
3699,-3.417548,-5.057536,4.4,7.621024
3700,-3.403826,-5.031932,4.4,7.621024
3701,-3.389247,-5.007216,4.4,7.621024
3702,-3.37323,-4.981626,4.4,7.621024
3703,-3.360037,-4.955564,4.4,7.621024
3704,-3.346827,-4.931897,4.4,7.621024
3705,-3.330728,-4.909051,4.4,7.621024
3706,-3.312954,-4.885402,4.4,7.621024
3707,-3.294483,-4.863332,4.4,7.621024
3708,-3.275783,-4.840141,4.4,7.621024
3709,-3.257011,-4.81736,4.4,7.621024
3710,-3.238512,-4.794521,4.4,7.621024
3711,-3.217401,-4.770738,4.4,7.621024
3712,-3.19546,-4.745957,4.4,7.621024
3713,-3.17176,-4.722062,4.4,7.621024
3714,-3.148146,-4.699261,4.4,7.621024
3715,-3.125296,-4.677331,4.4,7.621024
3716,-3.102766,-4.655867,4.4,7.621024
3717,-3.078951,-4.635154,4.4,7.621024
3718,-3.05488,-4.61401,4.4,7.621024
3719,-3.031158,-4.595973,4.4,7.621024
3720,-3.008599,-4.577961,4.4,7.621024
3721,-2.986514,-4.559631,4.4,7.621024
3722,-2.967999,-4.541558,4.4,7.621024
3723,-2.949758,-4.522616,4.4,7.621024
3724,-2.933419,-4.50518,4.4,7.621024
3725,-2.920574,-4.48865,4.4,7.621024
3726,-2.905465,-4.471966,4.4,7.621024
3727,-2.892344,-4.458521,4.4,7.621024
3728,-2.877523,-4.442876,4.4,7.621024
3729,-2.861477,-4.427365,4.4,7.621024
3730,-2.847062,-4.40961,4.4,7.621024
3731,-2.830967,-4.391565,4.4,7.621024
3732,-2.817191,-4.374056,4.4,7.621024
3733,-2.806038,-4.358538,4.4,7.621024
3734,-2.792507,-4.339077,4.4,7.621024
3735,-2.778904,-4.31881,4.4,7.621024
3736,-2.765271,-4.300616,4.4,7.621024
3737,-2.750283,-4.281502,4.4,7.621024
3738,-2.734445,-4.261882,4.4,7.621024
3739,-2.722009,-4.243239,4.4,7.621024
3740,-2.708577,-4.222707,4.4,7.621024
3741,-2.697192,-4.204451,4.4,7.621024
3742,-2.685518,-4.183326,4.4,7.621024
3743,-2.674178,-4.16082,4.4,7.621024
3744,-2.660055,-4.13542,4.4,7.621024
3745,-2.645482,-4.108547,4.4,7.621024
3746,-2.628426,-4.08021,4.4,7.621024
3747,-2.612435,-4.053076,4.4,7.621024
3748,-2.596209,-4.025886,4.4,7.621024
3749,-2.581567,-4.00202,4.4,7.621024
3750,-2.570004,-3.978034,4.4,7.621024
3751,-2.557709,-3.954187,4.4,7.621024
3752,-2.545264,-3.928152,4.4,7.621024
3753,-2.532672,-3.904932,4.4,7.621024
3754,-2.517802,-3.879918,4.4,7.621024
3755,-2.50161,-3.854604,4.4,7.621024
3756,-2.487346,-3.826704,4.4,7.621024
3757,-2.472522,-3.802222,4.4,7.621024
3758,-2.455925,-3.777906,4.4,7.621024
3759,-2.441323,-3.756135,4.4,7.621024
3760,-2.425343,-3.736752,4.4,7.621024
3761,-2.407951,-3.717607,4.4,7.621024
3762,-2.392092,-3.697632,4.4,7.621024
3763,-2.372975,-3.675032,4.4,7.621024
3764,-2.351859,-3.652785,4.4,7.621024
3765,-2.331466,-3.631856,4.4,7.621024
3766,-2.310338,-3.610328,4.4,7.621024
3767,-2.290315,-3.589305,4.4,7.621024
3768,-2.268932,-3.567743,4.4,7.621024
3769,-2.249129,-3.550723,4.4,7.621024
3770,-2.226943,-3.531459,4.4,7.621024
3771,-2.205102,-3.51125,4.4,7.621024
3772,-2.18413,-3.491095,4.4,7.621024
3773,-2.162987,-3.469794,4.4,7.621024
3774,-2.141415,-3.450149,4.4,7.621024
3775,-2.121229,-3.431341,4.4,7.621024
3776,-2.101958,-3.413381,4.4,7.621024
3777,-2.085764,-3.396566,4.4,7.621024
3778,-2.070966,-3.381462,4.4,7.621024
3779,-2.057614,-3.36754,4.4,7.621024
3780,-2.043846,-3.353076,4.4,7.621024
3781,-2.031492,-3.337873,4.4,7.621024
3782,-2.018175,-3.321091,4.4,7.621024
3783,-2.003184,-3.301195,4.4,7.621024
3784,-1.987109,-3.280764,4.4,7.621024
3785,-1.972804,-3.262188,4.4,7.621024
3786,-1.959547,-3.244975,4.4,7.621024
3787,-1.945858,-3.225996,4.4,7.621024
3788,-1.931514,-3.205095,4.4,7.621024
3789,-1.918583,-3.182941,4.4,7.621024
3790,-1.903396,-3.162476,4.4,7.621024
3791,-1.889396,-3.142889,4.4,7.621024
3792,-1.87517,-3.122484,4.4,7.621024
3793,-1.860006,-3.101876,4.4,7.621024
3794,-1.846143,-3.081326,4.4,7.621024
3795,-1.831244,-3.059098,4.4,7.621024
3796,-1.819786,-3.037025,4.4,7.621024
3797,-1.807777,-3.0158,4.4,7.621024
3798,-1.79334,-2.989025,4.4,7.621024
3799,-1.778901,-2.958716,4.4,7.621024
3800,-1.765145,-2.932225,4.4,7.621024
3801,-1.751169,-2.905911,4.4,7.621024
3802,-1.73957,-2.880159,4.4,7.621024
3803,-1.726464,-2.856977,4.4,7.621024
3804,-1.714293,-2.836506,4.4,7.621024
3805,-1.703123,-2.817042,4.4,7.621024
3806,-1.69255,-2.794762,4.4,7.621024
3807,-1.680039,-2.770148,4.4,7.621024
3808,-1.669205,-2.743612,4.4,7.621024
3809,-1.658372,-2.716051,4.4,7.621024
3810,-1.645991,-2.688498,4.4,7.621024
3811,-1.633113,-2.665555,4.4,7.621024
3812,-1.619124,-2.641844,4.4,7.621024
3813,-1.603467,-2.616767,4.4,7.621024
3814,-1.588456,-2.591694,4.4,7.621024
3815,-1.574451,-2.568769,4.4,7.621024
3816,-1.557334,-2.545966,4.4,7.621024
3817,-1.535268,-2.520646,4.4,7.621024
3818,-1.513154,-2.496913,4.4,7.621024
3819,-1.490907,-2.473375,4.4,7.621024
3820,-1.47033,-2.449401,4.4,7.621024
3821,-1.447569,-2.425144,4.4,7.621024
3822,-1.424166,-2.401636,4.4,7.621024
3823,-1.40146,-2.378412,4.4,7.621024
3824,-1.378011,-2.356074,4.4,7.621024
3825,-1.352648,-2.333151,4.4,7.621024
3826,-1.328719,-2.310144,4.4,7.621024
3827,-1.307221,-2.287861,4.4,7.621024
3828,-1.285935,-2.268231,4.4,7.621024
3829,-1.266704,-2.250197,4.4,7.621024
3830,-1.247117,-2.228841,4.4,7.621024
3831,-1.228647,-2.209595,4.4,7.621024
3832,-1.212563,-2.191265,4.4,7.621024
3833,-1.198045,-2.174067,4.4,7.621024
3834,-1.183694,-2.155731,4.4,7.621024
3835,-1.170977,-2.139089,4.4,7.621024
3836,-1.156009,-2.122929,4.4,7.621024
3837,-1.141442,-2.10061,4.4,7.621024
3838,-1.12691,-2.079229,4.4,7.621024
3839,-1.113932,-2.057393,4.4,7.621024
3840,-1.102184,-2.037109,4.4,7.621024
3841,-1.090885,-2.014822,4.4,7.621024
3842,-1.079143,-1.993057,4.4,7.621024
3843,-1.066616,-1.970453,4.4,7.621024
3844,-1.052152,-1.945739,4.4,7.621024
3845,-1.036815,-1.923674,4.4,7.621024
3846,-1.022603,-1.901309,4.4,7.621024
3847,-1.008762,-1.878292,4.4,7.621024
3848,-0.9970881,-1.855679,4.4,7.621024
3849,-0.9826564,-1.832173,4.4,7.621024
3850,-0.9675064,-1.802975,4.4,7.621024
3851,-0.9545615,-1.776107,4.4,7.621024
3852,-0.9404015,-1.746822,4.4,7.621024
3853,-0.9268811,-1.719894,4.4,7.621024
3854,-0.9147182,-1.694754,4.4,7.621024
3855,-0.9000008,-1.666654,4.4,7.621024
3856,-0.8874195,-1.641694,4.4,7.621024
3857,-0.8771259,-1.619424,4.4,7.621024
3858,-0.8665789,-1.599301,4.4,7.621024
3859,-0.8581176,-1.579298,4.4,7.621024
3860,-0.8446009,-1.557978,4.4,7.621024
3861,-0.8286433,-1.535522,4.4,7.621024
3862,-0.8139855,-1.510519,4.4,7.621024
3863,-0.799258,-1.48459,4.4,7.621024
3864,-0.7836208,-1.457669,4.4,7.621024
3865,-0.7669402,-1.432631,4.4,7.621024
3866,-0.7530039,-1.409126,4.4,7.621024
3867,-0.7389312,-1.388401,4.4,7.621024
3868,-0.7243062,-1.366465,4.4,7.621024
3869,-0.7065306,-1.342005,4.4,7.621024
3870,-0.686339,-1.319196,4.4,7.621024
3871,-0.6670011,-1.297409,4.4,7.621024
3872,-0.6454931,-1.27653,4.4,7.621024
3873,-0.6243976,-1.256289,4.4,7.621024
3874,-0.6007919,-1.234616,4.4,7.621024
3875,-0.579828,-1.212978,4.4,7.621024
3876,-0.5565153,-1.193614,4.4,7.621024
3877,-0.5326378,-1.176299,4.4,7.621024
3878,-0.5102848,-1.15704,4.4,7.621024
3879,-0.4865732,-1.135911,4.4,7.621024
3880,-0.4642845,-1.116458,4.4,7.621024
3881,-0.4447434,-1.097966,4.4,7.621024
3882,-0.4259968,-1.07985,4.4,7.621024
3883,-0.4089536,-1.063932,4.4,7.621024
3884,-0.3947028,-1.04684,4.4,7.621024
3885,-0.383081,-1.032516,4.4,7.621024
3886,-0.3728465,-1.021163,4.4,7.621024
3887,-0.3611703,-1.007816,4.4,7.621024
3888,-0.3507952,-0.9917071,4.4,7.621024
3889,-0.3415051,-0.9778144,4.4,7.621024
3890,-0.3300036,-0.9621674,4.4,7.621024
3891,-0.3178115,-0.9428507,4.4,7.621024
3892,-0.3028728,-0.9212854,4.4,7.621024
3893,-0.2894767,-0.8998082,4.4,7.621024
3894,-0.2779812,-0.8790249,4.4,7.621024
3895,-0.2678888,-0.8592555,4.4,7.621024
3896,-0.2568474,-0.8426211,4.4,7.621024
3897,-0.2450359,-0.8220393,4.4,7.621024
3898,-0.2308015,-0.8000417,4.4,7.621024
3899,-0.2179291,-0.7822429,4.4,7.621024
3900,-0.2047397,-0.7612844,4.4,7.621024
3901,-0.1911032,-0.7396026,4.4,7.621024
3902,-0.1796291,-0.7193404,4.4,7.621024
3903,-0.1681468,-0.6964784,4.4,7.621024
3904,-0.1569408,-0.6694067,4.4,7.621024
3905,-0.1453746,-0.6398308,4.4,7.621024
3906,-0.1328669,-0.6100004,4.4,7.621024
3907,-0.121915,-0.5813742,4.4,7.621024
3908,-0.1117646,-0.5545387,4.4,7.621024
3909,-0.1022715,-0.5308672,4.4,7.621024
3910,-0.0941914,-0.5066724,4.4,7.621024
3911,-0.08612249,-0.4799472,4.4,7.621024
3912,-0.07715776,-0.4519893,4.4,7.621024
3913,-0.0673676,-0.4229273,4.4,7.621024
3914,-0.05912931,-0.3971148,4.4,7.621024
3915,-0.05158828,-0.368604,4.4,7.621024
3916,-0.04024723,-0.3396828,4.4,7.621024
3917,-0.03011431,-0.311964,4.4,7.621024
3918,-0.01927044,-0.2870586,4.4,7.621024
3919,-0.008115081,-0.2597328,4.4,7.621024
3920,0.002045877,-0.235222,4.4,7.621024
3921,0.01362485,-0.2126715,4.4,7.621024
3922,0.02685173,-0.1889442,4.4,7.621024
3923,0.04100011,-0.163408,4.4,7.621024
3924,0.05633939,-0.1379513,4.4,7.621024
3925,0.07160236,-0.1119802,4.4,7.621024
3926,0.08655849,-0.08302688,4.4,7.621024
3927,0.1027007,-0.05468583,4.4,7.621024
3928,0.1185275,-0.02786803,4.4,7.621024
3929,0.1364636,-0.000892723,4.4,7.621024
3930,0.1537521,0.02450027,4.4,7.621024
3931,0.1717383,0.05164656,4.4,7.621024
3932,0.1897677,0.07720353,4.4,7.621024
3933,0.2076266,0.1038545,4.4,7.621024
3934,0.226445,0.1301168,4.4,7.621024
3935,0.2452231,0.1537153,4.4,7.621024
3936,0.2642155,0.1787174,4.4,7.621024
3937,0.2817115,0.2032441,4.4,7.621024
3938,0.295328,0.2236212,4.4,7.621024
3939,0.3082872,0.2415214,4.4,7.621024
3940,0.3193102,0.2644131,4.4,7.621024
3941,0.3316931,0.2873293,4.4,7.621024
3942,0.3412294,0.3076316,4.4,7.621024
3943,0.3482975,0.326535,4.4,7.621024
3944,0.3570733,0.3491974,4.4,7.621024
3945,0.3686365,0.3729355,4.4,7.621024
3946,0.3794258,0.3940733,4.4,7.621024
3947,0.3888981,0.4150291,4.4,7.621024
3948,0.3975351,0.4387747,4.4,7.621024
3949,0.404577,0.4630162,4.4,7.621024
3950,0.410497,0.4865919,4.4,7.621024
3951,0.4170244,0.5078964,4.4,7.621024
3952,0.4248785,0.5311503,4.4,7.621024
3953,0.4338645,0.5527067,4.4,7.621024
3954,0.442151,0.575526,4.4,7.621024
3955,0.4497703,0.6011809,4.4,7.621024
3956,0.4573001,0.6276533,4.4,7.621024
3957,0.4665405,0.6554915,4.4,7.621024
3958,0.4748383,0.6853658,4.4,7.621024
3959,0.4826258,0.7187873,4.4,7.621024
3960,0.489333,0.7521992,4.4,7.621024
3961,0.4947352,0.7808868,4.4,7.621024
3962,0.5042019,0.8087695,4.4,7.621024
3963,0.5120664,0.8354573,4.4,7.621024
3964,0.5181743,0.8611875,4.4,7.621024
3965,0.5222046,0.8860133,4.4,7.621024
3966,0.528514,0.9141685,4.4,7.621024
3967,0.536279,0.9400144,4.4,7.621024
3968,0.5431347,0.9689147,4.4,7.621024
3969,0.5515602,0.9994495,4.4,7.621024
3970,0.5599844,1.025476,4.4,7.621024
3971,0.5689628,1.05167,4.4,7.621024
3972,0.5786575,1.079781,4.4,7.621024
3973,0.5883812,1.10737,4.4,7.621024
3974,0.5985675,1.132503,4.4,7.621024
3975,0.6081043,1.155908,4.4,7.621024
3976,0.6206772,1.180506,4.4,7.621024
3977,0.6358082,1.208696,4.4,7.621024
3978,0.6523342,1.239545,4.4,7.621024
3979,0.6701885,1.268441,4.4,7.621024
3980,0.6861994,1.295494,4.4,7.621024
3981,0.7044527,1.321312,4.4,7.621024
3982,0.7232941,1.34642,4.4,7.621024
3983,0.7434009,1.373436,4.4,7.621024
3984,0.7633548,1.400767,4.4,7.621024
3985,0.7830943,1.426062,4.4,7.621024
3986,0.8012557,1.45095,4.4,7.621024
3987,0.8230109,1.479353,4.4,7.621024
3988,0.8433728,1.505175,4.4,7.621024
3989,0.8597883,1.526605,4.4,7.621024
3990,0.8726177,1.545645,4.4,7.621024
3991,0.8858512,1.565598,4.4,7.621024
3992,0.8986111,1.59152,4.4,7.621024
3993,0.9122533,1.615389,4.4,7.621024
3994,0.9207542,1.634633,4.4,7.621024
3995,0.9266147,1.653746,4.4,7.621024
3996,0.9355195,1.673667,4.4,7.621024
3997,0.9426576,1.69135,4.4,7.621024
3998,0.9504914,1.712517,4.4,7.621024
3999,0.9612713,1.732795,4.4,7.621024
4000,0.9692917,1.753828,4.4,7.621024
4001,0.9766431,1.776258,4.4,7.621024
4002,0.9853739,1.801988,4.4,7.621024
4003,0.9950285,1.827953,4.4,7.621024
4004,1.005356,1.849056,4.4,7.621024
4005,1.014307,1.87415,4.4,7.621024
4006,1.022826,1.899933,4.4,7.621024
4007,1.031518,1.92492,4.4,7.621024
4008,1.040061,1.948203,4.4,7.621024
4009,1.048902,1.974054,4.4,7.621024
4010,1.058226,2.001116,4.4,7.621024
4011,1.067183,2.027189,4.4,7.621024
4012,1.073698,2.055417,4.4,7.621024
4013,1.080237,2.084929,4.4,7.621024
4014,1.087934,2.113726,4.4,7.621024
4015,1.096516,2.142113,4.4,7.621024
4016,1.104135,2.168655,4.4,7.621024
4017,1.112634,2.194801,4.4,7.621024
4018,1.119151,2.220518,4.4,7.621024
4019,1.123469,2.24938,4.4,7.621024
4020,1.129518,2.278832,4.4,7.621024
4021,1.132599,2.305708,4.4,7.621024
4022,1.140323,2.337845,4.4,7.621024
4023,1.148937,2.369701,4.4,7.621024
4024,1.156754,2.40056,4.4,7.621024
4025,1.165302,2.430208,4.4,7.621024
4026,1.173979,2.45869,4.4,7.621024
4027,1.183793,2.484327,4.4,7.621024
4028,1.194564,2.512058,4.4,7.621024
4029,1.208533,2.53998,4.4,7.621024
4030,1.222954,2.566871,4.4,7.621024
4031,1.238899,2.593336,4.4,7.621024
4032,1.25523,2.622852,4.4,7.621024
4033,1.272588,2.651757,4.4,7.621024
4034,1.289114,2.676455,4.4,7.621024
4035,1.307759,2.703103,4.4,7.621024
4036,1.324368,2.728524,4.4,7.621024
4037,1.341003,2.752638,4.4,7.621024
4038,1.35941,2.778551,4.4,7.621024
4039,1.377383,2.806537,4.4,7.621024
4040,1.395382,2.834584,4.4,7.621024
4041,1.412333,2.861269,4.4,7.621024
4042,1.428287,2.884905,4.4,7.621024
4043,1.445407,2.908613,4.4,7.621024
4044,1.463892,2.933175,4.4,7.621024
4045,1.477022,2.950522,4.4,7.621024
4046,1.488037,2.967454,4.4,7.621024
4047,1.498944,2.98562,4.4,7.621024
4048,1.508927,3.002056,4.4,7.621024
4049,1.518629,3.021105,4.4,7.621024
4050,1.52449,3.038215,4.4,7.621024
4051,1.530288,3.057534,4.4,7.621024
4052,1.5396,3.081566,4.4,7.621024
4053,1.551919,3.107138,4.4,7.621024
4054,1.565539,3.132035,4.4,7.621024
4055,1.575172,3.151538,4.4,7.621024
4056,1.584373,3.171476,4.4,7.621024
4057,1.592008,3.192743,4.4,7.621024
4058,1.60063,3.214097,4.4,7.621024
4059,1.60842,3.233458,4.4,7.621024
4060,1.618222,3.252932,4.4,7.621024
4061,1.627404,3.273621,4.4,7.621024
4062,1.637862,3.296092,4.4,7.621024
4063,1.647597,3.317809,4.4,7.621024
4064,1.657241,3.341976,4.4,7.621024
4065,1.665803,3.36803,4.4,7.621024
4066,1.675707,3.395054,4.4,7.621024
4067,1.686115,3.424129,4.4,7.621024
4068,1.694065,3.450546,4.4,7.621024
4069,1.703732,3.476613,4.4,7.621024
4070,1.712847,3.501729,4.4,7.621024
4071,1.722155,3.528314,4.4,7.621024
4072,1.730155,3.55685,4.4,7.621024
4073,1.738092,3.58309,4.4,7.621024
4074,1.742904,3.608607,4.4,7.621024
4075,1.750989,3.635795,4.4,7.621024
4076,1.760029,3.664484,4.4,7.621024
4077,1.769068,3.692142,4.4,7.621024
4078,1.777815,3.71959,4.4,7.621024
4079,1.789413,3.749427,4.4,7.621024
4080,1.802962,3.778222,4.4,7.621024
4081,1.815467,3.804108,4.4,7.621024
4082,1.829707,3.831736,4.4,7.621024
4083,1.844043,3.856286,4.4,7.621024
4084,1.857251,3.879648,4.4,7.621024
4085,1.873766,3.90396,4.4,7.621024
4086,1.891636,3.930925,4.4,7.621024
4087,1.910972,3.95823,4.4,7.621024
4088,1.931729,3.984431,4.4,7.621024
4089,1.951254,4.009912,4.4,7.621024
4090,1.97164,4.036291,4.4,7.621024
4091,1.991659,4.060918,4.4,7.621024
4092,2.012991,4.085462,4.4,7.621024
4093,2.033807,4.108396,4.4,7.621024
4094,2.053438,4.129941,4.4,7.621024
4095,2.073918,4.153783,4.4,7.621024
4096,2.094768,4.177128,4.4,7.621024
4097,2.11281,4.200255,4.4,7.621024
4098,2.131153,4.223889,4.4,7.621024
4099,2.143314,4.24316,4.4,7.621024
4100,2.153683,4.261592,4.4,7.621024
4101,2.168642,4.283006,4.4,7.621024
4102,2.180637,4.302453,4.4,7.621024
4103,2.190999,4.318979,4.4,7.621024
4104,2.204127,4.338764,4.4,7.621024
4105,2.217247,4.358082,4.4,7.621024
4106,2.230159,4.379538,4.4,7.621024
4107,2.241234,4.39973,4.4,7.621024
4108,2.24914,4.418054,4.4,7.621024
4109,2.258418,4.437212,4.4,7.621024
4110,2.269078,4.458283,4.4,7.621024
4111,2.279251,4.478074,4.4,7.621024
4112,2.290371,4.497231,4.4,7.621024
4113,2.30237,4.519186,4.4,7.621024
4114,2.315666,4.542528,4.4,7.621024
4115,2.32854,4.565745,4.4,7.621024
4116,2.337602,4.588478,4.4,7.621024
4117,2.347772,4.611936,4.4,7.621024
4118,2.35902,4.635911,4.4,7.621024
4119,2.368863,4.660838,4.4,7.621024
4120,2.379621,4.686436,4.4,7.621024
4121,2.390649,4.717949,4.4,7.621024
4122,2.401457,4.750296,4.4,7.621024
4123,2.412969,4.778457,4.4,7.621024
4124,2.423815,4.801535,4.4,7.621024
4125,2.434613,4.82626,4.4,7.621024
4126,2.442683,4.850364,4.4,7.621024
4127,2.452328,4.874775,4.4,7.621024
4128,2.460173,4.898028,4.4,7.621024
4129,2.469209,4.925639,4.4,7.621024
4130,2.479706,4.952491,4.4,7.621024
4131,2.49316,4.977959,4.4,7.621024
4132,2.50591,5.003963,4.4,7.621024
4133,2.518923,5.028407,4.4,7.621024
4134,2.529994,5.051567,4.4,7.621024
4135,2.541837,5.074813,4.4,7.621024
4136,2.553862,5.098226,4.4,7.621024
4137,2.567457,5.122975,4.4,7.621024
4138,2.583354,5.148578,4.4,7.621024
4139,2.602376,5.173985,4.4,7.621024
4140,2.619499,5.198152,4.4,7.621024
4141,2.638541,5.222805,4.4,7.621024
4142,2.65822,5.246122,4.4,7.621024
4143,2.677173,5.268918,4.4,7.621024
4144,2.694952,5.291698,4.4,7.621024
4145,2.715144,5.316176,4.4,7.621024
4146,2.735414,5.338029,4.4,7.621024
4147,2.758014,5.363127,4.4,7.621024
4148,2.78222,5.38887,4.4,7.621024
4149,2.804635,5.415143,4.4,7.621024
4150,2.824965,5.437257,4.4,7.621024
4151,2.841878,5.456715,4.4,7.621024
4152,2.857154,5.475368,4.4,7.621024
4153,2.871367,5.493067,4.4,7.621024
4154,2.886875,5.512972,4.4,7.621024
4155,2.900482,5.531235,4.4,7.621024
4156,2.910086,5.547751,4.4,7.621024
4157,2.919892,5.564676,4.4,7.621024
4158,2.931628,5.582797,4.4,7.621024
4159,2.942231,5.602017,4.4,7.621024
4160,2.951555,5.622839,4.4,7.621024
4161,2.963557,5.64684,4.4,7.621024
4162,2.975678,5.667206,4.4,7.621024
4163,2.98572,5.687018,4.4,7.621024
4164,2.996041,5.707681,4.4,7.621024
4165,3.005663,5.728247,4.4,7.621024
4166,3.016555,5.747936,4.4,7.621024
4167,3.027609,5.76964,4.4,7.621024
4168,3.039513,5.793927,4.4,7.621024
4169,3.051394,5.818312,4.4,7.621024
4170,3.061879,5.839675,4.4,7.621024
4171,3.071278,5.863702,4.4,7.621024
4172,3.082452,5.890239,4.4,7.621024
4173,3.091906,5.919301,4.4,7.621024
4174,3.100704,5.951514,4.4,7.621024
4175,3.109649,5.982224,4.4,7.621024
4176,3.121587,6.012867,4.4,7.621024
4177,3.133585,6.039641,4.4,7.621024
4178,3.142734,6.065512,4.4,7.621024
4179,3.151544,6.091208,4.4,7.621024
4180,3.159967,6.114674,4.4,7.621024
4181,3.166111,6.137641,4.4,7.621024
4182,3.173166,6.157923,4.4,7.621024
4183,3.182284,6.183562,4.4,7.621024
4184,3.189456,6.211278,4.4,7.621024
4185,3.196481,6.238615,4.4,7.621024
4186,3.205497,6.264724,4.4,7.621024
4187,3.216418,6.29182,4.4,7.621024
4188,3.227542,6.315644,4.4,7.621024
4189,3.238974,6.339115,4.4,7.621024
4190,3.251777,6.363535,4.4,7.621024
4191,3.266547,6.390375,4.4,7.621024
4192,3.282677,6.416875,4.4,7.621024
4193,3.297092,6.442386,4.4,7.621024
4194,3.311671,6.467416,4.4,7.621024
4195,3.32899,6.493425,4.4,7.621024
4196,3.347927,6.517118,4.4,7.621024
4197,3.36649,6.538682,4.4,7.621024
4198,3.386016,6.560737,4.4,7.621024
4199,3.403309,6.582034,4.4,7.621024
4200,3.421941,6.60506,4.4,7.621024
4201,3.443326,6.631234,4.4,7.621024
4202,3.466362,6.656295,4.4,7.621024
4203,3.488065,6.679411,4.4,7.621024
4204,3.509163,6.701783,4.4,7.621024
4205,3.529267,6.722377,4.4,7.621024
4206,3.546153,6.740802,4.4,7.621024
4207,3.561635,6.757728,4.4,7.621024
4208,3.574995,6.774113,4.4,7.621024
4209,3.584082,6.789989,4.4,7.621024
4210,3.596811,6.809391,4.4,7.621024
4211,3.608979,6.831185,4.4,7.621024
4212,3.621029,6.853989,4.4,7.621024
4213,3.635251,6.879906,4.4,7.621024
4214,3.651284,6.902765,4.4,7.621024
4215,3.664516,6.923225,4.4,7.621024
4216,3.675673,6.942045,4.4,7.621024
4217,3.686203,6.960517,4.4,7.621024
4218,3.695899,6.979988,4.4,7.621024
4219,3.704923,7.000315,4.4,7.621024
4220,3.714561,7.020944,4.4,7.621024
4221,3.724963,7.039532,4.4,7.621024
4222,3.735166,7.059384,4.4,7.621024
4223,3.744553,7.076828,4.4,7.621024
4224,3.753469,7.098102,4.4,7.621024
4225,3.762302,7.120412,4.4,7.621024
4226,3.772347,7.141643,4.4,7.621024
4227,3.782685,7.162422,4.4,7.621024
4228,3.792585,7.187766,4.4,7.621024
4229,3.803122,7.215705,4.4,7.621024
4230,3.816261,7.244073,4.4,7.621024
4231,3.829277,7.270072,4.4,7.621024
4232,3.841593,7.294453,4.4,7.621024
4233,3.852841,7.316681,4.4,7.621024
4234,3.863726,7.338397,4.4,7.621024
4235,3.873476,7.360985,4.4,7.621024
4236,3.882165,7.38446,4.4,7.621024
4237,3.890661,7.404675,4.4,7.621024
4238,3.898598,7.426314,4.4,7.621024
4239,3.909311,7.447944,4.4,7.621024
4240,3.921347,7.469477,4.4,7.621024
4241,3.935509,7.491983,4.4,7.621024
4242,3.949485,7.513131,4.4,7.621024
4243,3.965057,7.53541,4.4,7.621024
4244,3.981371,7.55553,4.4,7.621024
4245,3.996563,7.573289,4.4,7.621024
4246,4.013411,7.590247,4.4,7.621024
4247,4.032622,7.606488,4.4,7.621024
4248,4.054697,7.623618,4.4,7.621024
4249,4.077346,7.640674,4.4,7.621024
4250,4.100951,7.656573,4.4,7.621024
4251,4.126156,7.672723,4.4,7.621024
4252,4.152095,7.686936,4.4,7.621024
4253,4.177522,7.700131,4.4,7.621024
4254,4.205185,7.713028,4.4,7.621024
4255,4.233358,7.725482,4.4,7.621024
4256,4.262666,7.738576,-7.621024,-4.4
4257,4.290648,7.751753,-7.621024,-4.4
4258,4.317821,7.765913,-7.621024,-4.4
4259,4.350055,7.784645,-7.621024,-4.4
4260,4.379935,7.802728,-7.621024,-4.4
4261,4.41054,7.821458,-7.621024,-4.4
4262,4.438915,7.841237,-7.621024,-4.4
4263,4.464969,7.862291,-7.621024,-4.4
4264,4.489047,7.882371,-7.621024,-4.4
4265,4.510316,7.902685,-7.621024,-4.4
4266,4.527959,7.919511,-7.621024,-4.4
4267,4.543386,7.932099,-7.621024,-4.4
4268,4.557236,7.937576,-7.621024,-4.4
4269,4.571082,7.940725,-7.621024,-4.4
4270,4.586395,7.94445,-7.621024,-4.4
4271,4.604757,7.94588,-7.621024,-4.4
4272,4.626974,7.94843,-7.621024,-4.4
4273,4.650611,7.950977,-7.621024,-4.4
4274,4.67835,7.954467,-7.621024,-4.4
4275,4.706347,7.958327,-7.621024,-4.4
4276,4.733469,7.959104,-7.621024,-4.4
4277,4.760446,7.957514,-7.621024,-4.4
4278,4.789791,7.95722,-7.621024,-4.4
4279,4.815958,7.959067,-7.621024,-4.4
4280,4.836442,7.962081,-7.621024,-4.4
4281,4.84899,7.969495,-7.621024,-4.4
4282,4.851723,7.981796,-7.621024,-4.4
4283,4.848151,7.993345,-7.621024,-4.4
4284,4.840941,8.004441,-7.621024,-4.4
4285,4.832409,8.014734,-7.621024,-4.4
4286,4.821813,8.024716,-7.621024,-4.4
4287,4.810031,8.031934,-7.621024,-4.4
4288,4.799287,8.036943,-7.621024,-4.4
4289,4.787494,8.040913,-7.621024,-4.4
4290,4.772362,8.044933,-7.621024,-4.4
4291,4.761186,8.047941,-7.621024,-4.4
4292,4.753761,8.05249,-7.621024,-4.4
4293,4.743953,8.056695,-7.621024,-4.4
4294,4.732542,8.059481,-7.621024,-4.4
4295,4.720008,8.060619,-7.621024,-4.4
4296,4.704079,8.061623,-7.621024,-4.4
4297,4.684357,8.061905,-7.621024,-4.4
4298,4.663819,8.06359,-7.621024,-4.4
4299,4.643075,8.064198,-7.621024,-4.4
4300,4.621649,8.067199,-7.621024,-4.4
4301,4.601563,8.071074,-7.621024,-4.4
4302,4.580204,8.074616,-7.621024,-4.4
4303,4.56154,8.077795,-7.621024,-4.4
4304,4.547866,8.079367,-7.621024,-4.4
4305,4.532472,8.079864,-7.621024,-4.4
4306,4.518717,8.080779,-7.621024,-4.4
4307,4.505335,8.083053,-7.621024,-4.4
4308,4.48996,8.086365,-7.621024,-4.4
4309,4.471335,8.08959,-7.621024,-4.4
4310,4.453756,8.090327,-7.621024,-4.4
4311,4.439598,8.091236,-7.621024,-4.4
4312,4.423993,8.092328,-7.621024,-4.4
4313,4.409141,8.09378,-7.621024,-4.4
4314,4.391474,8.09604,-7.621024,-4.4
4315,4.374568,8.097635,-7.621024,-4.4
4316,4.358557,8.09782,-7.621024,-4.4
4317,4.340623,8.098395,-7.621024,-4.4
4318,4.326241,8.097936,-7.621024,-4.4
4319,4.312756,8.097218,-7.621024,-4.4
4320,4.294028,8.095988,-7.621024,-4.4
4321,4.278066,8.09265,-7.621024,-4.4
4322,4.261347,8.089355,-7.621024,-4.4
4323,4.2464,8.083766,-7.621024,-4.4
4324,4.235824,8.080069,-7.621024,-4.4
4325,4.224903,8.07674,-7.621024,-4.4
4326,4.207989,8.072769,-7.621024,-4.4
4327,4.190825,8.069627,-7.621024,-4.4
4328,4.174065,8.064419,-7.621024,-4.4
4329,4.157156,8.058895,-7.621024,-4.4
4330,4.137284,8.05258,-7.621024,-4.4
4331,4.113388,8.046248,-7.621024,-4.4
4332,4.09135,8.040455,-7.621024,-4.4
4333,4.068444,8.035213,-7.621024,-4.4
4334,4.043013,8.028524,-7.621024,-4.4
4335,4.018657,8.02052,-7.621024,-4.4
4336,3.992059,8.012189,-7.621024,-4.4
4337,3.966222,8.004156,-7.621024,-4.4
4338,3.941781,7.995771,-7.621024,-4.4
4339,3.918039,7.984634,-7.621024,-4.4
4340,3.893818,7.976005,-7.621024,-4.4
4341,3.871293,7.966045,-7.621024,-4.4
4342,3.848906,7.957413,-7.621024,-4.4
4343,3.827332,7.948353,-7.621024,-4.4
4344,3.80591,7.94043,-7.621024,-4.4
4345,3.786089,7.932027,-7.621024,-4.4
4346,3.765831,7.921341,-7.621024,-4.4
4347,3.741592,7.910926,-7.621024,-4.4
4348,3.718159,7.901721,-7.621024,-4.4
4349,3.695062,7.894867,-7.621024,-4.4
4350,3.671154,7.887748,-7.621024,-4.4
4351,3.644562,7.881401,-7.621024,-4.4
4352,3.618659,7.874088,-7.621024,-4.4
4353,3.593234,7.865476,-7.621024,-4.4
4354,3.564557,7.858339,-7.621024,-4.4
4355,3.532682,7.850895,-7.621024,-4.4
4356,3.501903,7.845057,-7.621024,-4.4
4357,3.472577,7.840827,-7.621024,-4.4
4358,3.447154,7.837017,-7.621024,-4.4
4359,3.421343,7.833035,-7.621024,-4.4
4360,3.393611,7.828996,-7.621024,-4.4
4361,3.36948,7.824164,-7.621024,-4.4
4362,3.345439,7.818762,-7.621024,-4.4
4363,3.321728,7.814176,-7.621024,-4.4
4364,3.297964,7.810659,-7.621024,-4.4
4365,3.275754,7.807167,-7.621024,-4.4
4366,3.250414,7.801365,-7.621024,-4.4
4367,3.225717,7.795487,-7.621024,-4.4
4368,3.203812,7.787475,-7.621024,-4.4
4369,3.181378,7.780715,-7.621024,-4.4
4370,3.164779,7.775707,-7.621024,-4.4
4371,3.149079,7.770716,-7.621024,-4.4
4372,3.133775,7.765998,-7.621024,-4.4
4373,3.11686,7.759718,-7.621024,-4.4
4374,3.095473,7.751446,-7.621024,-4.4
4375,3.07108,7.742437,-7.621024,-4.4
4376,3.050879,7.732647,-7.621024,-4.4
4377,3.033598,7.721811,-7.621024,-4.4
4378,3.017336,7.714645,-7.621024,-4.4
4379,2.998545,7.70434,-7.621024,-4.4
4380,2.97753,7.694649,-7.621024,-4.4
4381,2.95628,7.684872,-7.621024,-4.4
4382,2.934876,7.676306,-7.621024,-4.4
4383,2.914563,7.666191,-7.621024,-4.4
4384,2.891599,7.654206,-7.621024,-4.4
4385,2.868632,7.640986,-7.621024,-4.4
4386,2.848134,7.627484,-7.621024,-4.4
4387,2.82535,7.61579,-7.621024,-4.4
4388,2.804095,7.603234,-7.621024,-4.4
4389,2.779829,7.586698,-7.621024,-4.4
4390,2.752993,7.567999,-7.621024,-4.4
4391,2.726634,7.550432,-7.621024,-4.4
4392,2.699124,7.531491,-7.621024,-4.4
4393,2.674159,7.515043,-7.621024,-4.4
4394,2.652158,7.500566,-7.621024,-4.4
4395,2.63306,7.485538,-7.621024,-4.4
4396,2.613708,7.469373,-7.621024,-4.4
4397,2.591938,7.455335,-7.621024,-4.4
4398,2.568973,7.440766,-7.621024,-4.4
4399,2.543628,7.424425,-7.621024,-4.4
4400,2.519459,7.40693,-7.621024,-4.4
4401,2.496405,7.390782,-7.621024,-4.4
4402,2.475074,7.373688,-7.621024,-4.4
4403,2.455696,7.357114,-7.621024,-4.4
4404,2.432312,7.34359,-7.621024,-4.4
4405,2.406068,7.329484,-7.621024,-4.4
4406,2.380925,7.316874,-7.621024,-4.4
4407,2.356714,7.304996,-7.621024,-4.4
4408,2.332344,7.294647,-7.621024,-4.4
4409,2.30695,7.285941,-7.621024,-4.4
4410,2.279982,7.2781,-7.621024,-4.4
4411,2.250993,7.270358,-7.621024,-4.4
4412,2.220869,7.260653,-7.621024,-4.4
4413,2.190673,7.251063,-7.621024,-4.4
4414,2.159834,7.240681,-7.621024,-4.4
4415,2.130517,7.229524,-7.621024,-4.4
4416,2.099562,7.217948,-7.621024,-4.4
4417,2.069095,7.205334,-7.621024,-4.4
4418,2.038044,7.193642,-7.621024,-4.4
4419,2.008677,7.181774,-7.621024,-4.4
4420,1.981872,7.170598,-7.621024,-4.4
4421,1.956565,7.160419,-7.621024,-4.4
4422,1.935707,7.151979,-7.621024,-4.4
4423,1.912074,7.143426,-7.621024,-4.4
4424,1.890973,7.131451,-7.621024,-4.4
4425,1.87245,7.11988,-7.621024,-4.4
4426,1.855584,7.109871,-7.621024,-4.4
4427,1.836555,7.100726,-7.621024,-4.4
4428,1.813359,7.088336,-7.621024,-4.4
4429,1.792197,7.075209,-7.621024,-4.4
4430,1.769299,7.057447,-7.621024,-4.4
4431,1.747851,7.039766,-7.621024,-4.4
4432,1.726035,7.023529,-7.621024,-4.4
4433,1.704854,7.00787,-7.621024,-4.4
4434,1.684647,6.993518,-7.621024,-4.4
4435,1.66649,6.980248,-7.621024,-4.4
4436,1.647985,6.966436,-7.621024,-4.4
4437,1.627749,6.952842,-7.621024,-4.4
4438,1.60822,6.940159,-7.621024,-4.4
4439,1.586239,6.923709,-7.621024,-4.4
4440,1.561377,6.906277,-7.621024,-4.4
4441,1.538217,6.888254,-7.621024,-4.4
4442,1.514867,6.867835,-7.621024,-4.4
4443,1.491592,6.844469,-7.621024,-4.4
4444,1.465558,6.819492,-7.621024,-4.4
4445,1.440569,6.796504,-7.621024,-4.4
4446,1.416513,6.777514,-7.621024,-4.4
4447,1.393898,6.760426,-7.621024,-4.4
4448,1.374861,6.742947,-7.621024,-4.4
4449,1.355803,6.725473,-7.621024,-4.4
4450,1.33657,6.706136,-7.621024,-4.4
4451,1.316813,6.688533,-7.621024,-4.4
4452,1.297264,6.667669,-7.621024,-4.4
4453,1.27704,6.645183,-7.621024,-4.4
4454,1.257929,6.622519,-7.621024,-4.4
4455,1.239119,6.600942,-7.621024,-4.4
4456,1.218368,6.579868,-7.621024,-4.4
4457,1.198036,6.560103,-7.621024,-4.4
4458,1.177013,6.541084,-7.621024,-4.4
4459,1.15494,6.520523,-7.621024,-4.4
4460,1.132112,6.502205,-7.621024,-4.4
4461,1.109467,6.485809,-7.621024,-4.4
4462,1.086085,6.470157,-7.621024,-4.4
4463,1.060439,6.454449,-7.621024,-4.4
4464,1.034224,6.437889,-7.621024,-4.4
4465,1.005557,6.419845,-7.621024,-4.4
4466,0.9737202,6.401749,-7.621024,-4.4
4467,0.9443459,6.385692,-7.621024,-4.4
4468,0.9169851,6.370995,-7.621024,-4.4
4469,0.8870237,6.353911,-7.621024,-4.4
4470,0.8585024,6.337884,-7.621024,-4.4
4471,0.8311484,6.32233,-7.621024,-4.4
4472,0.8052146,6.308903,-7.621024,-4.4
4473,0.7790503,6.294032,-7.621024,-4.4
4474,0.7557002,6.27988,-7.621024,-4.4
4475,0.7311415,6.264511,-7.621024,-4.4
4476,0.7119306,6.250987,-7.621024,-4.4
4477,0.6918097,6.236382,-7.621024,-4.4
4478,0.6719503,6.220204,-7.621024,-4.4
4479,0.6550198,6.20716,-7.621024,-4.4
4480,0.6371465,6.195095,-7.621024,-4.4
4481,0.6171408,6.179001,-7.621024,-4.4
4482,0.5972944,6.163559,-7.621024,-4.4
4483,0.5772638,6.146651,-7.621024,-4.4
4484,0.558631,6.130532,-7.621024,-4.4
4485,0.5402428,6.112923,-7.621024,-4.4
4486,0.5221568,6.094955,-7.621024,-4.4
4487,0.5039732,6.079474,-7.621024,-4.4
4488,0.4852131,6.064388,-7.621024,-4.4
4489,0.4645257,6.047122,-7.621024,-4.4
4490,0.4442447,6.02934,-7.621024,-4.4
4491,0.425982,6.009851,-7.621024,-4.4
4492,0.4068444,5.99019,-7.621024,-4.4
4493,0.3861264,5.968576,-7.621024,-4.4
4494,0.3657376,5.946835,-7.621024,-4.4
4495,0.3451742,5.923965,-7.621024,-4.4
4496,0.3234037,5.896872,-7.621024,-4.4
4497,0.3028501,5.869822,-7.621024,-4.4
4498,0.2829326,5.844345,-7.621024,-4.4
4499,0.2597652,5.821172,-7.621024,-4.4
4500,0.2398366,5.800298,-7.621024,-4.4
4501,0.2217544,5.77829,-7.621024,-4.4
4502,0.2069036,5.758656,-7.621024,-4.4
4503,0.1913643,5.742238,-7.621024,-4.4
4504,0.1736737,5.722227,-7.621024,-4.4
4505,0.1562694,5.701295,-7.621024,-4.4
4506,0.1374957,5.679277,-7.621024,-4.4
4507,0.1186315,5.657054,-7.621024,-4.4
4508,0.101067,5.635042,-7.621024,-4.4
4509,0.08170839,5.612363,-7.621024,-4.4
4510,0.06032405,5.590505,-7.621024,-4.4
4511,0.04224535,5.570427,-7.621024,-4.4
4512,0.02472595,5.55151,-7.621024,-4.4
4513,0.00214453,5.532001,-7.621024,-4.4
4514,-0.02220047,5.511969,-7.621024,-4.4
4515,-0.04529103,5.4916,-7.621024,-4.4
4516,-0.06864725,5.473349,-7.621024,-4.4
4517,-0.09298933,5.456626,-7.621024,-4.4
4518,-0.1176111,5.440065,-7.621024,-4.4
4519,-0.1438903,5.422604,-7.621024,-4.4
4520,-0.1709522,5.406114,-7.621024,-4.4
4521,-0.1964679,5.390174,-7.621024,-4.4
4522,-0.2228156,5.372971,-7.621024,-4.4
4523,-0.2492845,5.35475,-7.621024,-4.4
4524,-0.2755182,5.339491,-7.621024,-4.4
4525,-0.3013602,5.323223,-7.621024,-4.4
4526,-0.3246864,5.308095,-7.621024,-4.4
4527,-0.3490969,5.294127,-7.621024,-4.4
4528,-0.3699999,5.280705,-7.621024,-4.4
4529,-0.3869804,5.267746,-7.621024,-4.4
4530,-0.403289,5.254554,-7.621024,-4.4
4531,-0.4210344,5.242545,-7.621024,-4.4
4532,-0.434677,5.232313,-7.621024,-4.4
4533,-0.4493323,5.218547,-7.621024,-4.4
4534,-0.4658294,5.201502,-7.621024,-4.4
4535,-0.4856232,5.185613,-7.621024,-4.4
4536,-0.5005831,5.16915,-7.621024,-4.4
4537,-0.5155628,5.151819,-7.621024,-4.4
4538,-0.53079,5.136203,-7.621024,-4.4
4539,-0.5477849,5.119265,-7.621024,-4.4
4540,-0.5639066,5.102063,-7.621024,-4.4
4541,-0.5809849,5.085944,-7.621024,-4.4
4542,-0.5998139,5.068774,-7.621024,-4.4
4543,-0.6177095,5.052466,-7.621024,-4.4
4544,-0.6360415,5.035021,-7.621024,-4.4
4545,-0.6554701,5.018307,-7.621024,-4.4
4546,-0.6721094,5.00079,-7.621024,-4.4
4547,-0.6891647,4.980219,-7.621024,-4.4
4548,-0.7071422,4.956476,-7.621024,-4.4
4549,-0.7255248,4.930852,-7.621024,-4.4
4550,-0.7450697,4.904518,-7.621024,-4.4
4551,-0.7660868,4.876383,-7.621024,-4.4
4552,-0.7875636,4.850477,-7.621024,-4.4
4553,-0.8074427,4.826708,-7.621024,-4.4
4554,-0.8247898,4.805669,-7.621024,-4.4
4555,-0.8408097,4.785462,-7.621024,-4.4
4556,-0.857493,4.764357,-7.621024,-4.4
4557,-0.8761812,4.741592,-7.621024,-4.4
4558,-0.8934734,4.717209,-7.621024,-4.4
4559,-0.9131752,4.694015,-7.621024,-4.4
4560,-0.9301639,4.671132,-7.621024,-4.4
4561,-0.9463798,4.652071,-7.621024,-4.4
4562,-0.9646128,4.630915,-7.621024,-4.4
4563,-0.9834315,4.610636,-7.621024,-4.4
4564,-1.001647,4.590939,-7.621024,-4.4
4565,-1.018209,4.570618,-7.621024,-4.4
4566,-1.035379,4.553741,-7.621024,-4.4
4567,-1.054424,4.53589,-7.621024,-4.4
4568,-1.076989,4.518438,-7.621024,-4.4
4569,-1.101047,4.501454,-7.621024,-4.4
4570,-1.127917,4.483324,-7.621024,-4.4
4571,-1.15438,4.46567,-7.621024,-4.4
4572,-1.179528,4.448603,-7.621024,-4.4
4573,-1.205662,4.431012,-7.621024,-4.4
4574,-1.230557,4.413509,-7.621024,-4.4
4575,-1.256501,4.394875,-7.621024,-4.4
4576,-1.281631,4.378843,-7.621024,-4.4
4577,-1.306429,4.363082,-7.621024,-4.4
4578,-1.331219,4.346913,-7.621024,-4.4
4579,-1.356328,4.329969,-7.621024,-4.4
4580,-1.379518,4.316606,-7.621024,-4.4
4581,-1.400791,4.303836,-7.621024,-4.4
4582,-1.420416,4.290274,-7.621024,-4.4
4583,-1.437975,4.278063,-7.621024,-4.4
4584,-1.455252,4.266633,-7.621024,-4.4
4585,-1.4693,4.253741,-7.621024,-4.4
4586,-1.486011,4.240681,-7.621024,-4.4
4587,-1.502013,4.226678,-7.621024,-4.4
4588,-1.517704,4.208776,-7.621024,-4.4
4589,-1.535079,4.189989,-7.621024,-4.4
4590,-1.554177,4.173212,-7.621024,-4.4
4591,-1.571168,4.155332,-7.621024,-4.4
4592,-1.587922,4.140069,-7.621024,-4.4
4593,-1.604575,4.122423,-7.621024,-4.4
4594,-1.621081,4.104967,-7.621024,-4.4
4595,-1.638456,4.088491,-7.621024,-4.4
4596,-1.655258,4.072333,-7.621024,-4.4
4597,-1.671176,4.05442,-7.621024,-4.4
4598,-1.688038,4.035109,-7.621024,-4.4
4599,-1.705407,4.017814,-7.621024,-4.4
4600,-1.722138,3.99795,-7.621024,-4.4
4601,-1.738257,3.979327,-7.621024,-4.4
4602,-1.754988,3.957198,-7.621024,-4.4
4603,-1.773507,3.929899,-7.621024,-4.4
4604,-1.791356,3.902537,-7.621024,-4.4
4605,-1.809027,3.875485,-7.621024,-4.4
4606,-1.82682,3.847988,-7.621024,-4.4
4607,-1.842913,3.823446,-7.621024,-4.4
4608,-1.856782,3.800943,-7.621024,-4.4
4609,-1.87256,3.779166,-7.621024,-4.4
4610,-1.888669,3.757016,-7.621024,-4.4
4611,-1.904963,3.732516,-7.621024,-4.4
4612,-1.919142,3.709245,-7.621024,-4.4
4613,-1.933327,3.686246,-7.621024,-4.4
4614,-1.946934,3.660802,-7.621024,-4.4
4615,-1.962915,3.637942,-7.621024,-4.4
4616,-1.979305,3.615458,-7.621024,-4.4
4617,-1.996294,3.593341,-7.621024,-4.4
4618,-2.013525,3.571219,-7.621024,-4.4
4619,-2.029222,3.550275,-7.621024,-4.4
4620,-2.045851,3.528605,-7.621024,-4.4
4621,-2.062923,3.507732,-7.621024,-4.4
4622,-2.081188,3.487482,-7.621024,-4.4
4623,-2.101793,3.466749,-7.621024,-4.4
4624,-2.124714,3.445644,-7.621024,-4.4
4625,-2.149869,3.42516,-7.621024,-4.4
4626,-2.176383,3.406727,-7.621024,-4.4
4627,-2.202198,3.388375,-7.621024,-4.4
4628,-2.227615,3.371807,-7.621024,-4.4
4629,-2.254427,3.355824,-7.621024,-4.4
4630,-2.280236,3.337484,-7.621024,-4.4
4631,-2.304874,3.318503,-7.621024,-4.4
4632,-2.331075,3.297331,-7.621024,-4.4
4633,-2.356706,3.277903,-7.621024,-4.4
4634,-2.382113,3.261259,-7.621024,-4.4
4635,-2.404096,3.243689,-7.621024,-4.4
4636,-2.424862,3.226403,-7.621024,-4.4
4637,-2.44188,3.20973,-7.621024,-4.4
4638,-2.461193,3.191261,-7.621024,-4.4
4639,-2.477628,3.175842,-7.621024,-4.4
4640,-2.494965,3.159832,-7.621024,-4.4
4641,-2.509706,3.146636,-7.621024,-4.4
4642,-2.524207,3.132562,-7.621024,-4.4
4643,-2.541887,3.114409,-7.621024,-4.4
4644,-2.559873,3.095635,-7.621024,-4.4
4645,-2.574155,3.079315,-7.621024,-4.4
4646,-2.589431,3.060574,-7.621024,-4.4
4647,-2.603699,3.041968,-7.621024,-4.4
4648,-2.618981,3.024634,-7.621024,-4.4
4649,-2.635049,3.003793,-7.621024,-4.4
4650,-2.650709,2.982984,-7.621024,-4.4
4651,-2.665235,2.962168,-7.621024,-4.4
4652,-2.679697,2.940267,-7.621024,-4.4
4653,-2.695554,2.918163,-7.621024,-4.4
4654,-2.711923,2.896512,-7.621024,-4.4
4655,-2.727732,2.875691,-7.621024,-4.4
4656,-2.744292,2.853137,-7.621024,-4.4
4657,-2.761177,2.827339,-7.621024,-4.4
4658,-2.777294,2.797601,-7.621024,-4.4
4659,-2.792803,2.765392,-7.621024,-4.4
4660,-2.808712,2.736926,-7.621024,-4.4
4661,-2.82461,2.708388,-7.621024,-4.4
4662,-2.841642,2.681157,-7.621024,-4.4
4663,-2.854697,2.656515,-7.621024,-4.4
4664,-2.865211,2.63435,-7.621024,-4.4
4665,-2.876647,2.611726,-7.621024,-4.4
4666,-2.892185,2.586636,-7.621024,-4.4
4667,-2.907657,2.563531,-7.621024,-4.4
4668,-2.924412,2.540277,-7.621024,-4.4
4669,-2.942286,2.514571,-7.621024,-4.4
4670,-2.958211,2.488804,-7.621024,-4.4
4671,-2.972294,2.465329,-7.621024,-4.4
4672,-2.988969,2.442044,-7.621024,-4.4
4673,-3.004497,2.41906,-7.621024,-4.4
4674,-3.022803,2.395622,-7.621024,-4.4
4675,-3.044102,2.371997,-7.621024,-4.4
4676,-3.065081,2.35042,-7.621024,-4.4
4677,-3.085796,2.32873,-7.621024,-4.4
4678,-3.108813,2.306198,-7.621024,-4.4
4679,-3.133535,2.283079,-7.621024,-4.4
4680,-3.157324,2.261755,-7.621024,-4.4
4681,-3.178328,2.242682,-7.621024,-4.4
4682,-3.19707,2.223114,-7.621024,-4.4
4683,-3.218717,2.199725,-7.621024,-4.4
4684,-3.242679,2.175534,-7.621024,-4.4
4685,-3.267262,2.152744,-7.621024,-4.4
4686,-3.290475,2.13167,-7.621024,-4.4
4687,-3.312614,2.112428,-7.621024,-4.4
4688,-3.334591,2.092909,-7.621024,-4.4
4689,-3.352072,2.075895,-7.621024,-4.4
4690,-3.370733,2.058096,-7.621024,-4.4
4691,-3.385645,2.042706,-7.621024,-4.4
4692,-3.3994,2.026352,-7.621024,-4.4
4693,-3.413011,2.009212,-7.621024,-4.4
4694,-3.42667,1.992235,-7.621024,-4.4
4695,-3.441318,1.974504,-7.621024,-4.4
4696,-3.453974,1.955986,-7.621024,-4.4
4697,-3.470384,1.939668,-7.621024,-4.4
4698,-3.484074,1.920365,-7.621024,-4.4
4699,-3.495993,1.901477,-7.621024,-4.4
4700,-3.507989,1.882714,-7.621024,-4.4
4701,-3.519,1.862735,-7.621024,-4.4
4702,-3.527339,1.844507,-7.621024,-4.4
4703,-3.538884,1.826783,-7.621024,-4.4
4704,-3.551085,1.808906,-7.621024,-4.4
4705,-3.564771,1.792261,-7.621024,-4.4
4706,-3.579331,1.770377,-7.621024,-4.4
4707,-3.594047,1.750226,-7.621024,-4.4
4708,-3.6087,1.729901,-7.621024,-4.4
4709,-3.622302,1.707553,-7.621024,-4.4
4710,-3.634374,1.685814,-7.621024,-4.4
4711,-3.645601,1.66362,-7.621024,-4.4
4712,-3.657276,1.637032,-7.621024,-4.4
4713,-3.671443,1.610305,-7.621024,-4.4
4714,-3.685156,1.582364,-7.621024,-4.4
4715,-3.6958,1.554207,-7.621024,-4.4
4716,-3.707365,1.528073,-7.621024,-4.4
4717,-3.7195,1.503756,-7.621024,-4.4
4718,-3.730706,1.48235,-7.621024,-4.4
4719,-3.74092,1.462351,-7.621024,-4.4
4720,-3.752607,1.440038,-7.621024,-4.4
4721,-3.765214,1.415156,-7.621024,-4.4
4722,-3.778821,1.3914,-7.621024,-4.4
4723,-3.792851,1.364137,-7.621024,-4.4
4724,-3.805584,1.339543,-7.621024,-4.4
4725,-3.822604,1.316501,-7.621024,-4.4
4726,-3.837738,1.295035,-7.621024,-4.4
4727,-3.852567,1.274221,-7.621024,-4.4
4728,-3.869061,1.253678,-7.621024,-4.4
4729,-3.884925,1.233165,-7.621024,-4.4
4730,-3.902594,1.212371,-7.621024,-4.4
4731,-3.925613,1.190672,-7.621024,-4.4
4732,-3.947431,1.1699,-7.621024,-4.4
4733,-3.970613,1.147428,-7.621024,-4.4
4734,-3.993848,1.124859,-7.621024,-4.4
4735,-4.016475,1.105716,-7.621024,-4.4
4736,-4.04096,1.085808,-7.621024,-4.4
4737,-4.062094,1.06732,-7.621024,-4.4
4738,-4.084731,1.048412,-7.621024,-4.4
4739,-4.106777,1.029025,-7.621024,-4.4
4740,-4.12906,1.010962,-7.621024,-4.4
4741,-4.150463,0.9929582,-7.621024,-4.4
4742,-4.170899,0.976346,-7.621024,-4.4
4743,-4.190363,0.9583791,-7.621024,-4.4
4744,-4.205494,0.9436427,-7.621024,-4.4
4745,-4.218764,0.9263426,-7.621024,-4.4
4746,-4.231653,0.9100878,-7.621024,-4.4
4747,-4.24158,0.8962634,-7.621024,-4.4
4748,-4.252637,0.8801169,-7.621024,-4.4
4749,-4.261486,0.8647901,-7.621024,-4.4
4750,-4.27257,0.8454489,-7.621024,-4.4
4751,-4.285836,0.8270707,-7.621024,-4.4
4752,-4.298226,0.8074316,-7.621024,-4.4
4753,-4.313312,0.788371,-7.621024,-4.4
4754,-4.327604,0.7685637,-7.621024,-4.4
4755,-4.340979,0.7471616,-7.621024,-4.4
4756,-4.354055,0.7284776,-7.621024,-4.4
4757,-4.367561,0.7119628,-7.621024,-4.4
4758,-4.381553,0.6916287,-7.621024,-4.4
4759,-4.394895,0.6723526,-7.621024,-4.4
4760,-4.406641,0.6536976,-7.621024,-4.4
4761,-4.417403,0.6354266,-7.621024,-4.4
4762,-4.430727,0.6122547,-7.621024,-4.4
4763,-4.444376,0.5881466,-7.621024,-4.4
4764,-4.456808,0.5652181,-7.621024,-4.4
4765,-4.471738,0.5374166,-7.621024,-4.4
4766,-4.486337,0.5103685,-7.621024,-4.4
4767,-4.499329,0.4843083,-7.621024,-4.4
4768,-4.511139,0.4589116,-7.621024,-4.4
4769,-4.521578,0.4352458,-7.621024,-4.4
4770,-4.531508,0.4123117,-7.621024,-4.4
4771,-4.542098,0.38862,-7.621024,-4.4
4772,-4.55312,0.3640953,-7.621024,-4.4
4773,-4.563957,0.3408538,-7.621024,-4.4
4774,-4.574017,0.3151212,-7.621024,-4.4
4775,-4.587592,0.2883725,-7.621024,-4.4
4776,-4.600418,0.2601545,-7.621024,-4.4
4777,-4.612824,0.2337158,-7.621024,-4.4
4778,-4.628314,0.2078374,-7.621024,-4.4
4779,-4.645717,0.1843376,-7.621024,-4.4
4780,-4.660327,0.1632191,-7.621024,-4.4
4781,-4.673092,0.1416654,-7.621024,-4.4
4782,-4.689137,0.1180416,-7.621024,-4.4
4783,-4.706184,0.09183458,-7.621024,-4.4
4784,-4.726393,0.06667955,-7.621024,-4.4
4785,-4.746241,0.04322121,-7.621024,-4.4
4786,-4.768139,0.01929249,-7.621024,-4.4
4787,-4.790799,-0.001967413,-7.621024,-4.4
4788,-4.812673,-0.02234427,-7.621024,-4.4
4789,-4.833505,-0.04444085,-7.621024,-4.4
4790,-4.855494,-0.0680108,-7.621024,-4.4
4791,-4.876602,-0.09105072,-7.621024,-4.4
4792,-4.896869,-0.1158145,-7.621024,-4.4
4793,-4.919098,-0.1393853,-7.621024,-4.4
4794,-4.940541,-0.1618503,-7.621024,-4.4
4795,-4.961421,-0.1836334,-7.621024,-4.4
4796,-4.981726,-0.2052536,-7.621024,-4.4
4797,-5.000568,-0.2250401,-7.621024,-4.4
4798,-5.015424,-0.2447543,-7.621024,-4.4
4799,-5.03036,-0.265146,-7.621024,-4.4
4800,-5.045322,-0.2834355,-7.621024,-4.4
4801,-5.056933,-0.2981494,-7.621024,-4.4
4802,-5.069513,-0.3156329,-7.621024,-4.4
4803,-5.082798,-0.3355723,-7.621024,-4.4
4804,-5.095656,-0.3566887,-7.621024,-4.4
4805,-5.108956,-0.376464,-7.621024,-4.4
4806,-5.120862,-0.3952206,-7.621024,-4.4
4807,-5.132183,-0.4161462,-7.621024,-4.4
4808,-5.144447,-0.4378089,-7.621024,-4.4
4809,-5.155627,-0.4593911,-7.621024,-4.4
4810,-5.167423,-0.480544,-7.621024,-4.4
4811,-5.179982,-0.5006883,-7.621024,-4.4
4812,-5.192902,-0.521484,-7.621024,-4.4
4813,-5.20542,-0.5416427,-7.621024,-4.4
4814,-5.217955,-0.5626816,-7.621024,-4.4
4815,-5.232302,-0.5873784,-7.621024,-4.4
4816,-5.244912,-0.6133456,-7.621024,-4.4
4817,-5.256391,-0.6421051,-7.621024,-4.4
4818,-5.267982,-0.671019,-7.621024,-4.4
4819,-5.283035,-0.7008922,-7.621024,-4.4
4820,-5.29513,-0.7264336,-7.621024,-4.4
4821,-5.308351,-0.7540938,-7.621024,-4.4
4822,-5.31963,-0.7813336,-7.621024,-4.4
4823,-5.329228,-0.8060715,-7.621024,-4.4
4824,-5.338402,-0.8300322,-7.621024,-4.4
4825,-5.351032,-0.8553478,-7.621024,-4.4
4826,-5.36165,-0.8820793,-7.621024,-4.4
4827,-5.371787,-0.9103118,-7.621024,-4.4
4828,-5.383912,-0.9367802,-7.621024,-4.4
4829,-5.394849,-0.9649573,-7.621024,-4.4
4830,-5.408659,-0.9922025,-7.621024,-4.4
4831,-5.422421,-1.019584,-7.621024,-4.4
4832,-5.433748,-1.046286,-7.621024,-4.4
4833,-5.445007,-1.0733,-7.621024,-4.4
4834,-5.459985,-1.099748,-7.621024,-4.4
4835,-5.474133,-1.126183,-7.621024,-4.4
4836,-5.490911,-1.15424,-7.621024,-4.4
4837,-5.508802,-1.180642,-7.621024,-4.4
4838,-5.528027,-1.207569,-7.621024,-4.4
4839,-5.548634,-1.235129,-7.621024,-4.4
4840,-5.569853,-1.262568,-7.621024,-4.4
4841,-5.590793,-1.289648,-7.621024,-4.4
4842,-5.610713,-1.315073,-7.621024,-4.4
4843,-5.631681,-1.339512,-7.621024,-4.4
4844,-5.653174,-1.364617,-7.621024,-4.4
4845,-5.674915,-1.390272,-7.621024,-4.4
4846,-5.695952,-1.414851,-7.621024,-4.4
4847,-5.718433,-1.439926,-7.621024,-4.4
4848,-5.738012,-1.463066,-7.621024,-4.4
4849,-5.755042,-1.482714,-7.621024,-4.4
4850,-5.770971,-1.501605,-7.621024,-4.4
4851,-5.788139,-1.520905,-7.621024,-4.4
4852,-5.803566,-1.538694,-7.621024,-4.4
4853,-5.818804,-1.554855,-7.621024,-4.4
4854,-5.832282,-1.571333,-7.621024,-4.4
4855,-5.842987,-1.589546,-7.621024,-4.4
4856,-5.853183,-1.607857,-7.621024,-4.4
4857,-5.866149,-1.628696,-7.621024,-4.4
4858,-5.876302,-1.649487,-7.621024,-4.4
4859,-5.888977,-1.673798,-7.621024,-4.4
4860,-5.90154,-1.695184,-7.621024,-4.4
4861,-5.912875,-1.717098,-7.621024,-4.4
4862,-5.924144,-1.736957,-7.621024,-4.4
4863,-5.934696,-1.755589,-7.621024,-4.4
4864,-5.945591,-1.77696,-7.621024,-4.4
4865,-5.957082,-1.800527,-7.621024,-4.4
4866,-5.970378,-1.82332,-7.621024,-4.4
4867,-5.984307,-1.84678,-7.621024,-4.4
4868,-5.995879,-1.872495,-7.621024,-4.4
4869,-6.007445,-1.898764,-7.621024,-4.4
4870,-6.019497,-1.926506,-7.621024,-4.4
4871,-6.033604,-1.958472,-7.621024,-4.4
4872,-6.048558,-1.990841,-7.621024,-4.4
4873,-6.063055,-2.020831,-7.621024,-4.4
4874,-6.074911,-2.049988,-7.621024,-4.4
4875,-6.086241,-2.076694,-7.621024,-4.4
4876,-6.095883,-2.102998,-7.621024,-4.4
4877,-6.104752,-2.12888,-7.621024,-4.4
4878,-6.111391,-2.151114,-7.621024,-4.4
4879,-6.120516,-2.178073,-7.621024,-4.4
4880,-6.128897,-2.204654,-7.621024,-4.4
4881,-6.136713,-2.23346,-7.621024,-4.4
4882,-6.146956,-2.260553,-7.621024,-4.4
4883,-6.156793,-2.288484,-7.621024,-4.4
4884,-6.170591,-2.318169,-7.621024,-4.4
4885,-6.184559,-2.347136,-7.621024,-4.4
4886,-6.196304,-2.37272,-7.621024,-4.4
4887,-6.209488,-2.396253,-7.621024,-4.4
4888,-6.225503,-2.421344,-7.621024,-4.4
4889,-6.241796,-2.447066,-7.621024,-4.4
4890,-6.259363,-2.472354,-7.621024,-4.4
4891,-6.279552,-2.498043,-7.621024,-4.4
4892,-6.298305,-2.522719,-7.621024,-4.4
4893,-6.318181,-2.547616,-7.621024,-4.4
4894,-6.338804,-2.574152,-7.621024,-4.4
4895,-6.360356,-2.600282,-7.621024,-4.4
4896,-6.380323,-2.627085,-7.621024,-4.4
4897,-6.401095,-2.655782,-7.621024,-4.4
4898,-6.420094,-2.681687,-7.621024,-4.4
4899,-6.442284,-2.707325,-7.621024,-4.4
4900,-6.463224,-2.729232,-7.621024,-4.4
4901,-6.481911,-2.751562,-7.621024,-4.4
4902,-6.501478,-2.775972,-7.621024,-4.4
4903,-6.517809,-2.798732,-7.621024,-4.4
4904,-6.534488,-2.823046,-7.621024,-4.4
4905,-6.547496,-2.843721,-7.621024,-4.4
4906,-6.559225,-2.862911,-7.621024,-4.4
4907,-6.570224,-2.881253,-7.621024,-4.4
4908,-6.580176,-2.900089,-7.621024,-4.4
4909,-6.589374,-2.920181,-7.621024,-4.4
4910,-6.598895,-2.936747,-7.621024,-4.4
4911,-6.606341,-2.954479,-7.621024,-4.4
4912,-6.616014,-2.974172,-7.621024,-4.4
4913,-6.624462,-2.996516,-7.621024,-4.4
4914,-6.636032,-3.016965,-7.621024,-4.4
4915,-6.646772,-3.038105,-7.621024,-4.4
4916,-6.656266,-3.055349,-7.621024,-4.4
4917,-6.665599,-3.074376,-7.621024,-4.4
4918,-6.674435,-3.098526,-7.621024,-4.4
4919,-6.68211,-3.122945,-7.621024,-4.4
4920,-6.690971,-3.147059,-7.621024,-4.4
4921,-6.700113,-3.168418,-7.621024,-4.4
4922,-6.710016,-3.190981,-7.621024,-4.4
4923,-6.719417,-3.214115,-7.621024,-4.4
4924,-6.727651,-3.238419,-7.621024,-4.4
4925,-6.737015,-3.264357,-7.621024,-4.4
4926,-6.745682,-3.291705,-7.621024,-4.4
4927,-6.754398,-3.320084,-7.621024,-4.4
4928,-6.762512,-3.348572,-7.621024,-4.4
4929,-6.772668,-3.3764,-7.621024,-4.4
4930,-6.781368,-3.404098,-7.621024,-4.4
4931,-6.787349,-3.430813,-7.621024,-4.4
4932,-6.794042,-3.458198,-7.621024,-4.4
4933,-6.800435,-3.482053,-7.621024,-4.4
4934,-6.805938,-3.506447,-7.621024,-4.4
4935,-6.815355,-3.533081,-7.621024,-4.4
4936,-6.824754,-3.560612,-7.621024,-4.4
4937,-6.833952,-3.588828,-7.621024,-4.4
4938,-6.843529,-3.615456,-7.621024,-4.4
4939,-6.852826,-3.642025,-7.621024,-4.4
4940,-6.863355,-3.668105,-7.621024,-4.4
4941,-6.873471,-3.693618,-7.621024,-4.4
4942,-6.886052,-3.72104,-7.621024,-4.4
4943,-6.900331,-3.74639,-7.621024,-4.4
4944,-6.91737,-3.771924,-7.621024,-4.4
4945,-6.935899,-3.795735,-7.621024,-4.4
4946,-6.955775,-3.820345,-7.621024,-4.4
4947,-6.976949,-3.847087,-7.621024,-4.4
4948,-6.997872,-3.873366,-7.621024,-4.4
4949,-7.018394,-3.897676,-7.621024,-4.4
4950,-7.040264,-3.92214,-7.621024,-4.4
4951,-7.061857,-3.945214,-7.621024,-4.4
4952,-7.083441,-3.968224,-7.621024,-4.4
4953,-7.105938,-3.990854,-7.621024,-4.4
4954,-7.127875,-4.013453,-7.621024,-4.4
4955,-7.150369,-4.036157,-7.621024,-4.4
4956,-7.170216,-4.058355,-7.621024,-4.4
4957,-7.187809,-4.077079,-7.621024,-4.4
4958,-7.201519,-4.094653,-7.621024,-4.4
4959,-7.212316,-4.10961,-7.621024,-4.4
4960,-7.222654,-4.125132,-7.621024,-4.4
4961,-7.233355,-4.145264,-7.621024,-4.4
4962,-7.245777,-4.165984,-7.621024,-4.4
4963,-7.256312,-4.182698,-7.621024,-4.4
4964,-7.266749,-4.200111,-7.621024,-4.4
4965,-7.281125,-4.218902,-7.621024,-4.4
4966,-7.294686,-4.238708,-7.621024,-4.4
4967,-7.307004,-4.258759,-7.621024,-4.4
4968,-7.31762,-4.277074,-7.621024,-4.4
4969,-7.328399,-4.295813,-8.8,0
4970,-7.337449,-4.312336,-8.8,0
4971,-7.344252,-4.326583,-8.8,0
4972,-7.350321,-4.341428,-8.8,0
4973,-7.352468,-4.360148,-8.8,0
4974,-7.353899,-4.379416,-8.8,0
4975,-7.356725,-4.398431,-8.8,0
4976,-7.361516,-4.416449,-8.8,0
4977,-7.365685,-4.431776,-8.8,0
4978,-7.372628,-4.445963,-8.8,0
4979,-7.383791,-4.458744,-8.8,0
4980,-7.400301,-4.472267,-8.8,0
4981,-7.418366,-4.485217,-8.8,0
4982,-7.436907,-4.498945,-8.8,0
4983,-7.454129,-4.511944,-8.8,0
4984,-7.466545,-4.525491,-8.8,0
4985,-7.480712,-4.53725,-8.8,0
4986,-7.494185,-4.544062,-8.8,0
4987,-7.507076,-4.547639,-8.8,0
4988,-7.52035,-4.548556,-8.8,0
4989,-7.532037,-4.551091,-8.8,0
4990,-7.544175,-4.555538,-8.8,0
4991,-7.554529,-4.558601,-8.8,0
4992,-7.562469,-4.561269,-8.8,0
4993,-7.570972,-4.560537,-8.8,0
4994,-7.580557,-4.558187,-8.8,0
4995,-7.587245,-4.556059,-8.8,0
4996,-7.595376,-4.55519,-8.8,0
4997,-7.603743,-4.554382,-8.8,0
4998,-7.612986,-4.553433,-8.8,0
4999,-7.625209,-4.546813,-8.8,0
5000,-7.636347,-4.537134,-8.8,0
5001,-7.646149,-4.525344,-8.8,0
5002,-7.655694,-4.510561,-8.8,0
5003,-7.665025,-4.492039,-8.8,0
5004,-7.672298,-4.472018,-8.8,0
5005,-7.68056,-4.451365,-8.8,0
5006,-7.690248,-4.429077,-8.8,0
5007,-7.700772,-4.406117,-8.8,0
5008,-7.710121,-4.382875,-8.8,0
5009,-7.719237,-4.358356,-8.8,0
5010,-7.729473,-4.333825,-8.8,0
5011,-7.739559,-4.312472,-8.8,0
5012,-7.747262,-4.293427,-8.8,0
5013,-7.757343,-4.275808,-8.8,0
5014,-7.767487,-4.258908,-8.8,0
5015,-7.775676,-4.241411,-8.8,0
5016,-7.782352,-4.225009,-8.8,0
5017,-7.79034,-4.2126,-8.8,0
5018,-7.79855,-4.202437,-8.8,0
5019,-7.808617,-4.189682,-8.8,0
5020,-7.82268,-4.174777,-8.8,0
5021,-7.838388,-4.157104,-8.8,0
5022,-7.850104,-4.142717,-8.8,0
5023,-7.860711,-4.129333,-8.8,0
5024,-7.87268,-4.11561,-8.8,0
5025,-7.887062,-4.100989,-8.8,0
5026,-7.900995,-4.085411,-8.8,0
5027,-7.912617,-4.072272,-8.8,0
5028,-7.926211,-4.057185,-8.8,0
5029,-7.939775,-4.043002,-8.8,0
5030,-7.954292,-4.026127,-8.8,0
5031,-7.969198,-4.006346,-8.8,0
5032,-7.982582,-3.988045,-8.8,0
5033,-7.998848,-3.969154,-8.8,0
5034,-8.01526,-3.951369,-8.8,0
5035,-8.033534,-3.930506,-8.8,0
5036,-8.049009,-3.90898,-8.8,0
5037,-8.064361,-3.891673,-8.8,0
5038,-8.080605,-3.873409,-8.8,0
5039,-8.097561,-3.854838,-8.8,0
5040,-8.112613,-3.837254,-8.8,0
5041,-8.127707,-3.819277,-8.8,0
5042,-8.143557,-3.799948,-8.8,0
5043,-8.157651,-3.783725,-8.8,0
5044,-8.174068,-3.767035,-8.8,0
5045,-8.190795,-3.746514,-8.8,0
5046,-8.206608,-3.726931,-8.8,0
5047,-8.222967,-3.705046,-8.8,0
5048,-8.2383,-3.681813,-8.8,0
5049,-8.251857,-3.658516,-8.8,0
5050,-8.262397,-3.635525,-8.8,0
5051,-8.272108,-3.612922,-8.8,0
5052,-8.282379,-3.587698,-8.8,0
5053,-8.290246,-3.561795,-8.8,0
5054,-8.29748,-3.532907,-8.8,0
5055,-8.304466,-3.501019,-8.8,0
5056,-8.311131,-3.469131,-8.8,0
5057,-8.316797,-3.443891,-8.8,0
5058,-8.321939,-3.415901,-8.8,0
5059,-8.325397,-3.385327,-8.8,0
5060,-8.329465,-3.353868,-8.8,0
5061,-8.332882,-3.32215,-8.8,0
5062,-8.336637,-3.291546,-8.8,0
5063,-8.340711,-3.259393,-8.8,0
5064,-8.344277,-3.229863,-8.8,0
5065,-8.346372,-3.205203,-8.8,0
5066,-8.349162,-3.183378,-8.8,0
5067,-8.352698,-3.162278,-8.8,0
5068,-8.35465,-3.143419,-8.8,0
5069,-8.357383,-3.124647,-8.8,0
5070,-8.360581,-3.10673,-8.8,0
5071,-8.364718,-3.087915,-8.8,0
5072,-8.372531,-3.065467,-8.8,0
5073,-8.37834,-3.042207,-8.8,0
5074,-8.383888,-3.021173,-8.8,0
5075,-8.391602,-3.000494,-8.8,0
5076,-8.401471,-2.97824,-8.8,0
5077,-8.411058,-2.956311,-8.8,0
5078,-8.418883,-2.935946,-8.8,0
5079,-8.430866,-2.913121,-8.8,0
5080,-8.440606,-2.889709,-8.8,0
5081,-8.447335,-2.869243,-8.8,0
5082,-8.454523,-2.847718,-8.8,0
5083,-8.463161,-2.825903,-8.8,0
5084,-8.470402,-2.803639,-8.8,0
5085,-8.478248,-2.782057,-8.8,0
5086,-8.487911,-2.760489,-8.8,0
5087,-8.49958,-2.737196,-8.8,0
5088,-8.512886,-2.710536,-8.8,0
5089,-8.524677,-2.68452,-8.8,0
5090,-8.535607,-2.658158,-8.8,0
5091,-8.544817,-2.635959,-8.8,0
5092,-8.553154,-2.614725,-8.8,0
5093,-8.56269,-2.592924,-8.8,0
5094,-8.573115,-2.572234,-8.8,0
5095,-8.582692,-2.550087,-8.8,0
5096,-8.592914,-2.525565,-8.8,0
5097,-8.603023,-2.500665,-8.8,0
5098,-8.614737,-2.474271,-8.8,0
5099,-8.627074,-2.44906,-8.8,0
5100,-8.637721,-2.42584,-8.8,0
5101,-8.646917,-2.400337,-8.8,0
5102,-8.655673,-2.376683,-8.8,0
5103,-8.663754,-2.351115,-8.8,0
5104,-8.67057,-2.325404,-8.8,0
5105,-8.677004,-2.298883,-8.8,0
5106,-8.682915,-2.269221,-8.8,0
5107,-8.686657,-2.240839,-8.8,0
5108,-8.689879,-2.209318,-8.8,0
5109,-8.690634,-2.177977,-8.8,0
5110,-8.690356,-2.147037,-8.8,0
5111,-8.690825,-2.117082,-8.8,0
5112,-8.691033,-2.087698,-8.8,0
5113,-8.691134,-2.056614,-8.8,0
5114,-8.692447,-2.02615,-8.8,0
5115,-8.691544,-1.996444,-8.8,0
5116,-8.690786,-1.966443,-8.8,0
5117,-8.691391,-1.93714,-8.8,0
5118,-8.690604,-1.909182,-8.8,0
5119,-8.690623,-1.884464,-8.8,0
5120,-8.692084,-1.860007,-8.8,0
5121,-8.694373,-1.840224,-8.8,0
5122,-8.695848,-1.821384,-8.8,0
5123,-8.697975,-1.801315,-8.8,0
5124,-8.700926,-1.782126,-8.8,0
5125,-8.702919,-1.763277,-8.8,0
5126,-8.707811,-1.74159,-8.8,0
5127,-8.712124,-1.716479,-8.8,0
5128,-8.715742,-1.696332,-8.8,0
5129,-8.720955,-1.673254,-8.8,0
5130,-8.72813,-1.647431,-8.8,0
5131,-8.735644,-1.62426,-8.8,0
5132,-8.742443,-1.601597,-8.8,0
5133,-8.747035,-1.579788,-8.8,0
5134,-8.752094,-1.557267,-8.8,0
5135,-8.759068,-1.531153,-8.8,0
5136,-8.765251,-1.507569,-8.8,0
5137,-8.772375,-1.483063,-8.8,0
5138,-8.778387,-1.459334,-8.8,0
5139,-8.786221,-1.435855,-8.8,0
5140,-8.797125,-1.408277,-8.8,0
5141,-8.807771,-1.381704,-8.8,0
5142,-8.819173,-1.352246,-8.8,0
5143,-8.829025,-1.322923,-8.8,0
5144,-8.838114,-1.296623,-8.8,0
5145,-8.846155,-1.271699,-8.8,0
5146,-8.854994,-1.246837,-8.8,0
5147,-8.866266,-1.223486,-8.8,0
5148,-8.876304,-1.20068,-8.8,0
5149,-8.885697,-1.177302,-8.8,0
5150,-8.89366,-1.153285,-8.8,0
5151,-8.905465,-1.1284,-8.8,0
5152,-8.919405,-1.100999,-8.8,0
5153,-8.930373,-1.073933,-8.8,0
5154,-8.940397,-1.046277,-8.8,0
5155,-8.947588,-1.017972,-8.8,0
5156,-8.951622,-0.9895866,-8.8,0
5157,-8.954888,-0.9589051,-8.8,0
5158,-8.956343,-0.9306291,-8.8,0
5159,-8.95663,-0.9032826,-8.8,0
5160,-8.957499,-0.8776284,-8.8,0
5161,-8.958441,-0.8513587,-8.8,0
5162,-8.958446,-0.8238016,-8.8,0
5163,-8.957979,-0.7935101,-8.8,0
5164,-8.957756,-0.7683861,-8.8,0
5165,-8.958016,-0.7403736,-8.8,0
5166,-8.957344,-0.7105159,-8.8,0
5167,-8.956477,-0.6806718,-8.8,0
5168,-8.954372,-0.6471806,-8.8,0
5169,-8.951878,-0.6141589,-8.8,0
5170,-8.950896,-0.5842773,-8.8,0
5171,-8.949616,-0.5537436,-8.8,0
5172,-8.947026,-0.522476,-8.8,0
5173,-8.94301,-0.4928648,-8.8,0
5174,-8.939549,-0.4650028,-8.8,0
5175,-8.936943,-0.4384794,-8.8,0
5176,-8.935119,-0.4165465,-8.8,0
5177,-8.935042,-0.3969872,-8.8,0
5178,-8.935013,-0.3741214,-8.8,0
5179,-8.934587,-0.3528739,-8.8,0
5180,-8.933988,-0.3321685,-8.8,0
5181,-8.93356,-0.3080416,-8.8,0
5182,-8.936054,-0.2849675,-8.8,0
5183,-8.938948,-0.2628826,8.8,0
5184,-8.943923,-0.2456942,8.8,0
5185,-8.947561,-0.2275855,8.8,0
5186,-8.951028,-0.2092413,8.8,0
5187,-8.956004,-0.1896318,8.8,0
5188,-8.960073,-0.1711496,8.8,0
5189,-8.96501,-0.1520304,8.8,0
5190,-8.973413,-0.1325288,8.8,0
5191,-8.982498,-0.1149696,8.8,0
5192,-8.992064,-0.09374315,8.8,0
5193,-8.995566,-0.07458467,8.8,0
5194,-8.997883,-0.05854307,8.8,0
5195,-8.999454,-0.04537668,8.8,0
5196,-8.998855,-0.03046259,8.8,0
5197,-8.994735,-0.01175047,8.8,0
5198,-8.989465,0.009804418,8.8,0
5199,-8.981964,0.03335183,8.8,0
5200,-8.973153,0.05711802,8.8,0
5201,-8.968484,0.07726357,8.8,0
5202,-8.96438,0.09364083,8.8,0
5203,-8.960097,0.1123446,8.8,0
5204,-8.954179,0.1313789,8.8,0
5205,-8.947662,0.1461033,8.8,0
5206,-8.940038,0.1617806,8.8,0
5207,-8.929834,0.1756555,8.8,0
5208,-8.917622,0.1859198,8.8,0
5209,-8.905099,0.1941168,8.8,0
5210,-8.891403,0.2018663,8.8,0
5211,-8.873727,0.2082738,8.8,0
5212,-8.853488,0.2133212,8.8,0
5213,-8.832088,0.217398,8.8,0
5214,-8.810873,0.2201407,8.8,0
5215,-8.791562,0.2213069,8.8,0
5216,-8.775534,0.221696,8.8,0
5217,-8.756784,0.2229917,8.8,0
5218,-8.735047,0.2239741,8.8,0
5219,-8.711345,0.2247802,8.8,0
5220,-8.685958,0.2258427,8.8,0
5221,-8.662236,0.2269484,8.8,0
5222,-8.637876,0.229375,8.8,0
5223,-8.610527,0.2293007,8.8,0
5224,-8.582292,0.2290383,8.8,0
5225,-8.559644,0.2310817,8.8,0
5226,-8.539802,0.2347231,8.8,0
5227,-8.522672,0.237576,8.8,0
5228,-8.501669,0.2396132,8.8,0
5229,-8.486044,0.2395197,8.8,0
5230,-8.469589,0.2427208,8.8,0
5231,-8.451865,0.2469784,8.8,0
5232,-8.432199,0.2522587,8.8,0
5233,-8.410301,0.2573671,8.8,0
5234,-8.388337,0.2624085,8.8,0
5235,-8.364959,0.2652319,8.8,0
5236,-8.341212,0.267892,8.8,0
5237,-8.318081,0.2718584,8.8,0
5238,-8.296493,0.2769528,8.8,0
5239,-8.275177,0.2828536,8.8,0
5240,-8.252984,0.2867114,8.8,0
5241,-8.231316,0.2911832,8.8,0
5242,-8.208512,0.2965423,8.8,0
5243,-8.18284,0.3011641,8.8,0
5244,-8.16045,0.3058143,8.8,0
5245,-8.137528,0.3115181,8.8,0
5246,-8.112206,0.3171394,8.8,0
5247,-8.086669,0.3237078,8.8,0
5248,-8.056971,0.3327025,8.8,0
5249,-8.027704,0.3407426,8.8,0
5250,-8.000979,0.3477348,8.8,0
5251,-7.973323,0.355386,8.8,0
5252,-7.946617,0.366602,8.8,0
5253,-7.91998,0.3740415,8.8,0
5254,-7.895452,0.383259,8.8,0
5255,-7.869168,0.3926779,8.8,0
5256,-7.843089,0.3996257,8.8,0
5257,-7.816738,0.407331,8.8,0
5258,-7.789489,0.414328,8.8,0
5259,-7.762334,0.4223562,8.8,0
5260,-7.73842,0.4307224,8.8,0
5261,-7.712359,0.4387087,8.8,0
5262,-7.685538,0.4453292,8.8,0
5263,-7.658667,0.4507372,8.8,0
5264,-7.635107,0.4543225,8.8,0
5265,-7.607228,0.4569688,8.8,0
5266,-7.577524,0.4567237,8.8,0
5267,-7.546946,0.4543821,8.8,0
5268,-7.518079,0.4521431,8.8,0
5269,-7.489567,0.4491765,8.8,0
5270,-7.460748,0.446447,8.8,0
5271,-7.430211,0.4443322,8.8,0
5272,-7.39887,0.4418465,8.8,0
5273,-7.371469,0.4403436,8.8,0
5274,-7.338758,0.4396134,8.8,0
5275,-7.30821,0.4372013,8.8,0
5276,-7.277964,0.4337507,8.8,0
5277,-7.247534,0.4304802,8.8,0
5278,-7.215801,0.4264293,8.8,0
5279,-7.188128,0.4238749,8.8,0
5280,-7.160593,0.4219121,8.8,0
5281,-7.139307,0.420967,8.8,0
5282,-7.120658,0.4214229,8.8,0
5283,-7.103891,0.4224021,8.8,0
5284,-7.085083,0.4237096,8.8,0
5285,-7.065827,0.4261916,8.8,0
5286,-7.043625,0.4299659,8.8,0
5287,-7.019372,0.4358325,8.8,0
5288,-6.994677,0.4407332,8.8,0
5289,-6.969796,0.4444323,8.8,0
5290,-6.946058,0.4471036,8.8,0
5291,-6.921787,0.4526244,8.8,0
5292,-6.897278,0.4584365,8.8,0
5293,-6.876447,0.4629288,8.8,0
5294,-6.854773,0.4674683,8.8,0
5295,-6.833828,0.4727172,8.8,0
5296,-6.809553,0.4786248,8.8,0
5297,-6.78588,0.4832902,8.8,0
5298,-6.760909,0.4906086,8.8,0
5299,-6.737077,0.4984099,8.8,0
5300,-6.710478,0.5081396,8.8,0
5301,-6.682636,0.5181965,8.8,0
5302,-6.655367,0.5275268,8.8,0
5303,-6.623426,0.5380355,8.8,0
5304,-6.593881,0.5454518,8.8,0
5305,-6.565676,0.5531035,8.8,0
5306,-6.539197,0.5620531,8.8,0
5307,-6.516127,0.5720128,8.8,0
5308,-6.491841,0.5794144,8.8,0
5309,-6.466728,0.5896752,8.8,0
5310,-6.439725,0.6021941,8.8,0
5311,-6.413839,0.6153075,8.8,0
5312,-6.384703,0.6274945,8.8,0
5313,-6.357315,0.6376808,8.8,0
5314,-6.33036,0.6482868,8.8,0
5315,-6.30252,0.658434,8.8,0
5316,-6.273687,0.6672221,8.8,0
5317,-6.245298,0.6734355,8.8,0
5318,-6.215611,0.6786252,8.8,0
5319,-6.185603,0.6839426,8.8,0
5320,-6.155176,0.6888254,8.8,0
5321,-6.122362,0.6928191,8.8,0
5322,-6.090939,0.6953413,8.8,0
5323,-6.059318,0.6958786,8.8,0
5324,-6.028613,0.6970274,8.8,0
5325,-5.99791,0.6972914,8.8,0
5326,-5.966633,0.6974929,8.8,0
5327,-5.934332,0.6967171,8.8,0
5328,-5.901496,0.6956281,8.8,0
5329,-5.86762,0.6940775,8.8,0
5330,-5.830417,0.6944383,8.8,0
5331,-5.793977,0.6935948,8.8,0
5332,-5.76155,0.6914825,8.8,0
5333,-5.734531,0.6898937,8.8,0
5334,-5.710816,0.6876646,8.8,0
5335,-5.689109,0.6861736,8.8,0
5336,-5.668365,0.6879186,8.8,0
5337,-5.646278,0.6905963,8.8,0
5338,-5.622856,0.6928375,8.8,0
5339,-5.602596,0.6963239,8.8,0
5340,-5.58085,0.6997472,8.8,0
5341,-5.554162,0.7034999,8.8,0
5342,-5.531706,0.7073262,8.8,0
5343,-5.507106,0.7125947,8.8,0
5344,-5.482659,0.7183309,8.8,0
5345,-5.460011,0.7241648,8.8,0
5346,-5.437626,0.7301033,8.8,0
5347,-5.414023,0.7358078,8.8,0
5348,-5.391695,0.7393852,8.8,0
5349,-5.365966,0.7461568,8.8,0
5350,-5.34048,0.7523716,8.8,0
5351,-5.3162,0.7578172,8.8,0
5352,-5.289847,0.7652664,8.8,0
5353,-5.262808,0.7735859,8.8,0
5354,-5.237507,0.782607,8.8,0
5355,-5.208905,0.7924776,8.8,0
5356,-5.178141,0.8041083,8.8,0
5357,-5.146556,0.8142804,8.8,0
5358,-5.11585,0.8216578,8.8,0
5359,-5.088161,0.8258124,8.8,0
5360,-5.06099,0.8339488,8.8,0
5361,-5.03497,0.8431659,8.8,0
5362,-5.010976,0.8531371,8.8,0
5363,-4.986509,0.8635302,8.8,0
5364,-4.96236,0.8754872,8.8,0
5365,-4.93603,0.8876031,8.8,0
5366,-4.907167,0.8972556,8.8,0
5367,-4.880734,0.9074189,8.8,0
5368,-4.851096,0.9167599,8.8,0
5369,-4.820982,0.9232706,8.8,0
5370,-4.792928,0.9304726,8.8,0
5371,-4.764941,0.9363291,8.8,0
5372,-4.738428,0.9402149,8.8,0
5373,-4.709837,0.9419838,8.8,0
5374,-4.680479,0.9443706,8.8,0
5375,-4.648982,0.9457057,8.8,0
5376,-4.615739,0.9474799,8.8,0
5377,-4.581115,0.9472106,8.8,0
5378,-4.549537,0.947562,8.8,0
5379,-4.517565,0.9462827,8.8,0
5380,-4.488484,0.9464772,8.8,0
5381,-4.456915,0.9465745,8.8,0
5382,-4.426245,0.9448279,8.8,0
5383,-4.397843,0.943503,8.8,0
5384,-4.368672,0.9429455,8.8,0
5385,-4.338445,0.9425321,8.8,0
5386,-4.310863,0.9421228,8.8,0
5387,-4.285448,0.9421674,8.8,0
5388,-4.262337,0.941534,8.8,0
5389,-4.238371,0.9409265,8.8,0
5390,-4.215369,0.9422624,8.8,0
5391,-4.193619,0.9446241,8.8,0
5392,-4.173065,0.9458969,8.8,0
5393,-4.152788,0.9498461,8.8,0
5394,-4.126629,0.9533297,8.8,0
5395,-4.099931,0.9562423,8.8,0
5396,-4.075221,0.9586815,8.8,0
5397,-4.053683,0.9617986,8.8,0
5398,-4.03248,0.9672182,8.8,0
5399,-4.011639,0.9724466,8.8,0
5400,-3.989516,0.9789007,8.8,0
5401,-3.968606,0.9817635,8.8,0
5402,-3.946374,0.9849839,8.8,0
5403,-3.920276,0.9897624,8.8,0
5404,-3.893778,0.9956369,8.8,0
5405,-3.866657,1.002176,8.8,0
5406,-3.838128,1.009063,8.8,0
5407,-3.806961,1.017518,8.8,0
5408,-3.77771,1.025379,8.8,0
5409,-3.748068,1.032868,8.8,0
5410,-3.717119,1.042722,8.8,0
5411,-3.687826,1.051158,8.8,0
5412,-3.659172,1.059305,8.8,0
5413,-3.63398,1.067343,8.8,0
5414,-3.610051,1.074944,8.8,0
5415,-3.586733,1.084487,8.8,0
5416,-3.563429,1.094152,8.8,0
5417,-3.53651,1.102555,8.8,0
5418,-3.509487,1.110661,8.8,0
5419,-3.48427,1.118743,8.8,0
5420,-3.456381,1.12596,8.8,0
5421,-3.428326,1.131218,8.8,0
5422,-3.400682,1.135711,8.8,0
5423,-3.372822,1.139387,8.8,0
5424,-3.346125,1.142122,8.8,0
5425,-3.320716,1.143212,8.8,0
5426,-3.294597,1.145784,8.8,0
5427,-3.265699,1.146216,8.8,0
5428,-3.236228,1.14777,8.8,0
5429,-3.205125,1.148446,8.8,0
5430,-3.173632,1.146622,8.8,0
5431,-3.141932,1.144757,8.8,0
5432,-3.109934,1.143074,8.8,0
5433,-3.078748,1.141269,8.8,0
5434,-3.048047,1.138512,8.8,0
5435,-3.016853,1.137917,8.8,0
5436,-2.982731,1.136034,8.8,0
5437,-2.948596,1.13341,8.8,0
5438,-2.91254,1.131892,8.8,0
5439,-2.879104,1.12779,8.8,0
5440,-2.849696,1.12517,8.8,0
5441,-2.824618,1.122678,8.8,0
5442,-2.800941,1.121754,8.8,0
5443,-2.778023,1.120637,8.8,0
5444,-2.751613,1.121521,8.8,0
5445,-2.730189,1.121638,8.8,0
5446,-2.710616,1.124386,8.8,0
5447,-2.690464,1.128436,8.8,0
5448,-2.668045,1.133628,8.8,0
5449,-2.645618,1.137094,8.8,0
5450,-2.619993,1.139166,8.8,0
5451,-2.593554,1.143399,8.8,0
5452,-2.569634,1.150132,8.8,0
5453,-2.546179,1.154884,8.8,0
5454,-2.523197,1.158491,8.8,0
5455,-2.501842,1.161654,8.8,0
5456,-2.479083,1.164827,8.8,0
5457,-2.453958,1.168852,8.8,0
5458,-2.428147,1.172016,8.8,0
5459,-2.402023,1.176248,8.8,0
5460,-2.373684,1.181747,8.8,0
5461,-2.341961,1.188182,8.8,0
5462,-2.311384,1.195086,8.8,0
5463,-2.280348,1.201869,8.8,0
5464,-2.25071,1.20866,8.8,0
5465,-2.220621,1.216065,8.8,0
5466,-2.191989,1.221361,8.8,0
5467,-2.162861,1.227836,8.8,0
5468,-2.134359,1.23497,8.8,0
5469,-2.107181,1.241434,8.8,0
5470,-2.080978,1.24966,8.8,0
5471,-2.050995,1.259158,8.8,0
5472,-2.020812,1.266452,8.8,0
5473,-1.993066,1.27513,8.8,0
5474,-1.962343,1.284727,8.8,0
5475,-1.933187,1.290904,8.8,0
5476,-1.906555,1.294707,8.8,0
5477,-1.878756,1.298977,8.8,0
5478,-1.853688,1.301577,8.8,0
5479,-1.828401,1.30206,8.8,0
5480,-1.799965,1.30337,8.8,0
5481,-1.76761,1.303165,8.8,0
5482,-1.734549,1.301366,8.8,0
5483,-1.70301,1.300253,8.8,0
5484,-1.6727,1.29858,8.8,0
5485,-1.642559,1.295618,8.8,0
5486,-1.607983,1.291928,8.8,0
5487,-1.573703,1.288182,8.8,0
5488,-1.542629,1.285875,8.8,0
5489,-1.510669,1.284037,8.8,0
5490,-1.474527,1.280013,8.8,0
5491,-1.438681,1.274943,8.8,0
5492,-1.405558,1.269638,8.8,0
5493,-1.379126,1.266233,8.8,0
5494,-1.352851,1.264514,8.8,0
5495,-1.326687,1.261064,8.8,0
5496,-1.305298,1.258992,8.8,0
5497,-1.282575,1.259858,8.8,0
5498,-1.261436,1.261748,8.8,0
5499,-1.239051,1.264075,8.8,0
5500,-1.220604,1.264425,8.8,0
5501,-1.203143,1.2663,8.8,0
5502,-1.180788,1.269212,8.8,0
5503,-1.155758,1.27248,8.8,0
5504,-1.127056,1.276918,8.8,0
5505,-1.10216,1.281557,8.8,0
5506,-1.079065,1.285173,8.8,0
5507,-1.053528,1.289571,8.8,0
5508,-1.032385,1.291942,8.8,0
5509,-1.011671,1.294743,8.8,0
5510,-0.9903467,1.297952,8.8,0
5511,-0.9668436,1.300305,8.8,0
5512,-0.9403393,1.302137,8.8,0
5513,-0.9179409,1.303243,8.8,0
5514,-0.8903268,1.307354,8.8,0
5515,-0.8606929,1.311329,8.8,0
5516,-0.8323423,1.315915,8.8,0
5517,-0.8006018,1.322537,8.8,0
5518,-0.7684554,1.330262,8.8,0
5519,-0.7352602,1.336661,8.8,0
5520,-0.7042975,1.342154,8.8,0
5521,-0.6748567,1.347726,8.8,0
5522,-0.648759,1.35488,8.8,0
5523,-0.6234121,1.363,8.8,0
5524,-0.598757,1.371283,8.8,0
5525,-0.5742871,1.380226,8.8,0
5526,-0.5464385,1.389376,8.8,0
5527,-0.5148573,1.396157,8.8,0
5528,-0.4836496,1.402862,8.8,0
5529,-0.4544705,1.409594,8.8,0
5530,-0.4260214,1.415346,8.8,0
5531,-0.3957515,1.420284,8.8,0
5532,-0.3635763,1.423851,8.8,0
5533,-0.3333821,1.424482,8.8,0
5534,-0.3043627,1.425218,8.8,0
5535,-0.2739691,1.426248,8.8,0
5536,-0.2399962,1.424656,8.8,0
5537,-0.2041929,1.420517,8.8,0
5538,-0.17029,1.416275,8.8,0
5539,-0.1380154,1.412779,8.8,0
5540,-0.1068606,1.407441,8.8,0
5541,-0.07459596,1.403738,8.8,0
5542,-0.03703417,1.399403,8.8,0
5543,-0.004233059,1.39311,8.8,0
5544,0.02800778,1.386201,8.8,0
5545,0.05612151,1.381356,8.8,0
5546,0.08277309,1.376562,8.8,0
5547,0.108811,1.373965,8.8,0
5548,0.1342474,1.372127,8.8,0
5549,0.1591876,1.368845,8.8,0
5550,0.1794853,1.365463,8.8,0
5551,0.2031873,1.362283,8.8,0
5552,0.2263978,1.360754,8.8,0
5553,0.2471275,1.3622,8.8,0
5554,0.2677422,1.364467,8.8,0
5555,0.2867857,1.364036,8.8,0
5556,0.3090902,1.364609,8.8,0
5557,0.3323263,1.364326,8.8,0
5558,0.3587595,1.364097,8.8,0
5559,0.3833424,1.364023,8.8,0
5560,0.4062807,1.366901,8.8,0
5561,0.4295425,1.369881,8.8,0
5562,0.4520861,1.373166,8.8,0
5563,0.4751117,1.375647,8.8,0
5564,0.4984956,1.376922,8.8,0
5565,0.5225825,1.378836,8.8,0
5566,0.5498221,1.381125,8.8,0
5567,0.5795636,1.38463,8.8,0
5568,0.6098142,1.38774,8.8,0
5569,0.6407449,1.393121,8.8,0
5570,0.6706336,1.398816,8.8,0
5571,0.7006831,1.40361,8.8,0
5572,0.731539,1.406458,8.8,0
5573,0.7631284,1.411942,8.8,0
5574,0.7927662,1.418026,8.8,0
5575,0.8217504,1.423259,8.8,0
5576,0.8506855,1.427979,8.8,0
5577,0.8787038,1.431446,8.8,0
5578,0.9081656,1.435897,8.8,0
5579,0.9357408,1.441533,8.8,0
5580,0.9622753,1.446402,8.8,0
5581,0.9894644,1.453002,8.8,0
5582,1.015479,1.458112,8.8,0
5583,1.040913,1.463652,8.8,0
5584,1.068061,1.469233,8.8,0
5585,1.094727,1.473053,8.8,0
5586,1.119502,1.476089,8.8,0
5587,1.147357,1.479058,8.8,0
5588,1.174761,1.478312,8.8,0
5589,1.202061,1.475366,8.8,0
5590,1.23149,1.472499,8.8,0
5591,1.263679,1.468135,8.8,0
5592,1.29602,1.463127,8.8,0
5593,1.326061,1.458849,8.8,0
5594,1.355669,1.451977,8.8,0
5595,1.386801,1.445763,8.8,0
5596,1.41733,1.440504,8.8,0
5597,1.449149,1.436158,8.8,0
5598,1.483324,1.431758,8.8,0
5599,1.518146,1.425507,8.8,0
5600,1.551351,1.420727,8.8,0
5601,1.580823,1.415632,8.8,0
5602,1.607285,1.410113,8.8,0
5603,1.632856,1.405981,8.8,0
5604,1.658477,1.4028,8.8,0
5605,1.680678,1.400333,8.8,0
5606,1.701726,1.39884,8.8,0
5607,1.722596,1.399442,8.8,0
5608,1.747889,1.398936,8.8,0
5609,1.773898,1.39812,8.8,0
5610,1.796509,1.396701,8.8,0
5611,1.821878,1.398649,8.8,0
5612,1.847847,1.401476,8.8,0
5613,1.873519,1.403622,8.8,0
5614,1.897611,1.40608,8.8,0
5615,1.922371,1.409897,8.8,0
5616,1.945897,1.413293,8.8,0
5617,1.971149,1.4158,8.8,0
5618,1.995697,1.417736,8.8,0
5619,2.020772,1.420379,8.8,0
5620,2.048867,1.424146,8.8,0
5621,2.078679,1.428996,8.8,0
5622,2.109704,1.433959,8.8,0
5623,2.1406,1.439413,8.8,0
5624,2.169044,1.445484,8.8,0
5625,2.198088,1.45187,8.8,0
5626,2.227773,1.4574,8.8,0
5627,2.256938,1.462402,8.8,0
5628,2.284987,1.467168,8.8,0
5629,2.316049,1.47241,8.8,0
5630,2.343356,1.47928,8.8,0
5631,2.370434,1.484298,8.8,0
5632,2.400184,1.489967,8.8,0
5633,2.427957,1.495504,8.8,0
5634,2.456638,1.500955,8.8,0
5635,2.484811,1.508006,8.8,0
5636,2.515116,1.512291,8.8,0
5637,2.543725,1.516526,8.8,0
5638,2.570958,1.521509,8.8,0
5639,2.60065,1.52526,8.8,0
5640,2.631063,1.525611,8.8,0
5641,2.659554,1.526202,8.8,0
5642,2.690865,1.524065,8.8,0
5643,2.722234,1.522527,8.8,0
5644,2.755028,1.518603,8.8,0
5645,2.786031,1.516236,8.8,0
5646,2.81708,1.513536,8.8,0
5647,2.851536,1.510966,8.8,0
5648,2.885828,1.506807,8.8,0
5649,2.92223,1.501279,8.8,0
5650,2.958412,1.495074,8.8,0
5651,2.993175,1.489417,8.8,0
5652,3.027097,1.483481,8.8,0
5653,3.059189,1.477016,8.8,0
5654,3.089372,1.471321,8.8,0
5655,3.115022,1.466896,8.8,0
5656,3.140043,1.464726,8.8,0
5657,3.163582,1.461212,8.8,0
5658,3.18562,1.459188,8.8,0
5659,3.209082,1.457404,8.8,0
5660,3.232324,1.456499,8.8,0
5661,3.255376,1.456969,8.8,0
5662,3.27923,1.457631,8.8,0
5663,3.305547,1.460815,8.8,0
5664,3.333834,1.463044,8.8,0
5665,3.361986,1.464435,8.8,0
5666,3.387125,1.467238,8.8,0
5667,3.410391,1.467865,8.8,0
5668,3.433749,1.468145,8.8,0
5669,3.457951,1.46979,8.8,0
5670,3.482684,1.473112,8.8,0
5671,3.507385,1.475518,8.8,0
5672,3.534068,1.477472,8.8,0
5673,3.561555,1.479545,8.8,0
5674,3.590004,1.483374,8.8,0
5675,3.617359,1.487515,8.8,0
5676,3.64843,1.492966,8.8,0
5677,3.677167,1.49885,8.8,0
5678,3.708115,1.50498,8.8,0
5679,3.740857,1.509934,8.8,0
5680,3.771309,1.514646,8.8,0
5681,3.799074,1.5179,8.8,0
5682,3.828797,1.523351,8.8,0
5683,3.856958,1.529446,8.8,0
5684,3.884886,1.534255,8.8,0
5685,3.913345,1.537346,8.8,0
5686,3.939976,1.540305,8.8,0
5687,3.968164,1.542182,8.8,0
5688,3.994598,1.547612,8.8,0
5689,4.022433,1.551537,8.8,0
5690,4.051783,1.555343,8.8,0
5691,4.081518,1.558984,8.8,0
5692,4.11025,1.56278,8.8,0
5693,4.140547,1.561448,8.8,0
5694,4.169084,1.560942,8.8,0
5695,4.195669,1.559332,8.8,0
5696,4.221854,1.556171,8.8,0
5697,4.251543,1.552124,8.8,0
5698,4.28401,1.544824,8.8,0
5699,4.31788,1.538385,8.8,0
5700,4.350312,1.530853,8.8,0
5701,4.380367,1.521932,8.8,0
5702,4.409314,1.512316,8.8,0
5703,4.437602,1.502435,8.8,0
5704,4.467744,1.493273,8.8,0
5705,4.496978,1.48398,8.8,0
5706,4.527187,1.475027,8.8,0
5707,4.557824,1.465313,8.8,0
5708,4.584526,1.457797,8.8,0
5709,4.612422,1.451005,8.8,0
5710,4.636788,1.444185,8.8,0
5711,4.657166,1.438928,8.8,0
5712,4.676016,1.434604,8.8,0
5713,4.695353,1.429937,8.8,0
5714,4.714612,1.426356,8.8,0
5715,4.73534,1.425499,8.8,0
5716,4.758395,1.42162,8.8,0
5717,4.780606,1.417658,8.8,0
5718,4.801804,1.415971,8.8,0
5719,4.823452,1.414951,8.8,0
5720,4.846719,1.415903,8.8,0
5721,4.869393,1.418159,8.8,0
5722,4.894974,1.421393,8.8,0
5723,4.917493,1.422408,8.8,0
5724,4.939756,1.421799,8.8,0
5725,4.961689,1.418702,8.8,0
5726,4.982241,1.414948,8.8,0
5727,5.00552,1.41199,8.8,0
5728,5.030246,1.410815,8.8,0
5729,5.057808,1.410034,8.8,0
5730,5.082604,1.40917,8.8,0
5731,5.107519,1.409778,8.8,0
5732,5.134421,1.4109,8.8,0
5733,5.162454,1.411877,8.8,0
5734,5.1896,1.413224,8.8,0
5735,5.21964,1.416295,8.8,0
5736,5.247777,1.417742,8.8,0
5737,5.276136,1.418839,8.8,0
5738,5.305452,1.420119,8.8,0
5739,5.332114,1.424215,8.8,0
5740,5.358108,1.424508,8.8,0
5741,5.386445,1.427569,8.8,0
5742,5.415647,1.43212,8.8,0
5743,5.446467,1.433893,8.8,0
5744,5.478354,1.434208,8.8,0
5745,5.506096,1.437481,8.8,0
5746,5.530815,1.438382,8.8,0
5747,5.559248,1.436348,8.8,0
5748,5.589551,1.433463,8.8,0
5749,5.617465,1.429624,8.8,0
5750,5.645064,1.422997,8.8,0
5751,5.670452,1.416258,8.8,0
5752,5.699458,1.407343,8.8,0
5753,5.726883,1.400644,8.8,0
5754,5.754777,1.392313,8.8,0
5755,5.781199,1.385035,8.8,0
5756,5.808871,1.376389,8.8,0
5757,5.835957,1.365883,8.8,0
5758,5.863199,1.355734,8.8,0
5759,5.894167,1.341627,8.8,0
5760,5.926638,1.3274,8.8,0
5761,5.958663,1.314683,8.8,0
5762,5.984973,1.303953,8.8,0
5763,6.011126,1.295253,8.8,0
5764,6.034173,1.286833,8.8,0
5765,6.055036,1.280545,8.8,0
5766,6.076942,1.275016,8.8,0
5767,6.098774,1.270551,8.8,0
5768,6.121796,1.26547,8.8,0
5769,6.143021,1.260907,8.8,0
5770,6.166705,1.256549,8.8,0
5771,6.187465,1.253492,8.8,0
5772,6.209571,1.251398,8.8,0
5773,6.234565,1.248976,8.8,0
5774,6.255497,1.248533,8.8,0
5775,6.278839,1.247748,8.8,0
5776,6.300801,1.24535,8.8,0
5777,6.324718,1.242911,8.8,0
5778,6.351568,1.239771,8.8,0
5779,6.376773,1.236374,8.8,0
5780,6.402042,1.23473,8.8,0
5781,6.428776,1.234572,8.8,0
5782,6.458127,1.234424,8.8,0
5783,6.48824,1.234131,8.8,0
5784,6.517238,1.23397,8.8,0
5785,6.548261,1.233017,8.8,0
5786,6.578398,1.231085,8.8,0
5787,6.605872,1.229499,8.8,0
5788,6.633226,1.228358,8.8,0
5789,6.659529,1.227919,8.8,0
5790,6.684258,1.22695,8.8,0
5791,6.708344,1.226057,8.8,0
5792,6.732569,1.226483,8.8,0
5793,6.75844,1.226965,8.8,0
5794,6.782722,1.227083,8.8,0
5795,6.808914,1.228559,8.8,0
5796,6.836997,1.228597,8.8,0
5797,6.86215,1.228211,8.8,0
5798,6.887655,1.227109,8.8,0
5799,6.915421,1.224684,8.8,0
5800,6.943202,1.220964,8.8,0
5801,6.968574,1.216044,8.8,0
5802,6.993568,1.211181,8.8,0
5803,7.019485,1.202817,8.8,0
5804,7.045618,1.192369,8.8,0
5805,7.071128,1.18139,8.8,0
5806,7.098141,1.168254,8.8,0
5807,7.123441,1.158187,8.8,0
5808,7.147065,1.146808,8.8,0
5809,7.169349,1.134665,8.8,0
5810,7.193919,1.12161,8.8,0
5811,7.221828,1.10814,8.8,0
5812,7.251751,1.093895,8.8,0
5813,7.281174,1.079645,8.8,0
5814,7.31054,1.065914,8.8,0
5815,7.339217,1.049417,8.8,0
5816,7.367972,1.034762,8.8,0
5817,7.394901,1.021314,8.8,0
5818,7.419692,1.009055,8.8,0
5819,7.443301,0.9987355,8.8,0
5820,7.461498,0.9888074,8.8,0
5821,7.479361,0.9791834,8.8,0
5822,7.49934,0.9702755,8.8,0
5823,7.520697,0.9623906,8.8,0
5824,7.543882,0.9548922,8.8,0
5825,7.566842,0.9465283,8.8,0
5826,7.589731,0.9374574,8.8,0
5827,7.613274,0.9303908,8.8,0
5828,7.636363,0.9236352,8.8,0
5829,7.659533,0.9169746,8.8,0
5830,7.682962,0.9119816,8.8,0
5831,7.708122,0.9071543,8.8,0
5832,7.730571,0.9011096,8.8,0
5833,7.75369,0.8956846,8.8,0
5834,7.777862,0.889368,8.8,0
5835,7.801808,0.8836378,8.8,0
5836,7.826136,0.8784704,8.8,0
5837,7.852821,0.8742001,8.8,0
5838,7.881779,0.8706315,8.8,0
5839,7.910035,0.8665224,8.8,0
5840,7.936891,0.8617564,8.8,0
5841,7.962746,0.8540177,8.8,0
5842,7.990623,0.8450532,8.8,0
5843,8.017252,0.8389785,8.8,0
5844,8.043815,0.8339422,8.8,0
5845,8.069174,0.8310838,8.8,0
5846,8.095686,0.8235089,8.8,0
5847,8.122891,0.8156142,8.8,0
5848,8.148448,0.8098933,8.8,0
5849,8.173319,0.8033747,8.8,0
5850,8.197121,0.7986128,8.8,0
5851,8.218987,0.7927416,8.8,0
5852,8.241897,0.7864147,8.8,0
5853,8.265086,0.7775986,8.8,0
5854,8.285313,0.7688063,8.8,0
5855,8.304285,0.7585376,8.8,0
5856,8.32328,0.746711,8.8,0
5857,8.341366,0.7306225,8.8,0
5858,8.361225,0.7145867,8.8,0
5859,8.383417,0.69596,8.8,0
5860,8.406498,0.6754995,8.8,0
5861,8.428755,0.6547437,8.8,0
5862,8.447626,0.6334276,8.8,0
5863,8.464618,0.6119735,8.8,0
5864,8.480808,0.5913088,8.8,0
5865,8.50042,0.5668963,8.8,0
5866,8.519269,0.5417923,8.8,0
5867,8.542204,0.5165821,8.8,0
5868,8.565454,0.4866388,8.8,0
5869,8.584808,0.4616327,8.8,0
5870,8.604736,0.4402376,8.8,0
5871,8.622633,0.4180044,8.8,0
5872,8.639477,0.3970368,8.8,0
5873,8.65291,0.3821334,8.8,0
5874,8.669208,0.3676597,8.8,0
5875,8.68216,0.3536347,8.8,0
5876,8.696059,0.341177,8.8,0
5877,8.713156,0.327515,8.8,0
5878,8.732187,0.313402,8.8,0
5879,8.750305,0.2981679,8.8,0
5880,8.768003,0.2823966,-7.621023,4.4
5881,8.782905,0.2700341,-7.621023,4.4
5882,8.798224,0.2590273,-7.621023,4.4
5883,8.812346,0.2507221,-7.621023,4.4
5884,8.826969,0.2446908,-7.621023,4.4
5885,8.844379,0.2386063,-7.621023,4.4
5886,8.863525,0.2291423,-7.621023,4.4
5887,8.883642,0.21996,-7.621023,4.4
5888,8.905505,0.2101301,-7.621023,4.4
5889,8.924653,0.1996106,-7.621023,4.4
5890,8.938782,0.1897772,-7.621023,4.4
5891,8.951319,0.1785267,-7.621023,4.4
5892,8.96137,0.1626432,-7.621023,4.4
5893,8.96745,0.1428341,-7.621023,4.4
5894,8.973019,0.122376,-7.621023,4.4
5895,8.97558,0.1038227,-7.621023,4.4
5896,8.975904,0.08556096,-7.621023,4.4
5897,8.977637,0.07217211,-7.621023,4.4
5898,8.98212,0.06288724,-7.621023,4.4
5899,8.98644,0.05322954,-7.621023,4.4
5900,8.987314,0.04113654,-7.621023,4.4
5901,8.986549,0.02765816,-7.621023,4.4
5902,8.986453,0.01359346,-7.621023,4.4
5903,8.98356,0.002447818,-7.621023,4.4
5904,8.978555,-0.005565538,-7.621023,4.4
5905,8.972296,-0.01340803,-7.621023,4.4
5906,8.964781,-0.02303172,-7.621023,4.4
5907,8.954336,-0.03474728,-7.621023,4.4
5908,8.942725,-0.04420496,-7.621023,4.4
5909,8.928624,-0.05460936,-7.621023,4.4
5910,8.912371,-0.06172162,-7.621023,4.4
5911,8.896275,-0.06649381,-7.621023,4.4
5912,8.876215,-0.0722219,-7.621023,4.4
5913,8.855122,-0.07695852,-7.621023,4.4
5914,8.836651,-0.07996563,-7.621023,4.4
5915,8.817714,-0.08230349,-7.621023,4.4
5916,8.794899,-0.08461335,-7.621023,4.4
5917,8.768391,-0.08859536,-7.621023,4.4
5918,8.743164,-0.09007956,-7.621023,4.4
5919,8.715297,-0.09057322,-7.621023,4.4
5920,8.690964,-0.0910226,-7.621023,4.4
5921,8.669063,-0.09194701,-7.621023,4.4
5922,8.651141,-0.0941529,-7.621023,4.4
5923,8.63305,-0.09584679,-7.621023,4.4
5924,8.616016,-0.09696028,-7.621023,4.4
5925,8.599126,-0.09766186,-7.621023,4.4
5926,8.581177,-0.1001453,-7.621023,4.4
5927,8.563265,-0.1048515,-7.621023,4.4
5928,8.542814,-0.1086995,-7.621023,4.4
5929,8.522071,-0.110723,-7.621023,4.4
5930,8.503932,-0.1111005,-7.621023,4.4
5931,8.483173,-0.1139091,-7.621023,4.4
5932,8.462447,-0.11833,-7.621023,4.4
5933,8.442547,-0.121556,-7.621023,4.4
5934,8.424044,-0.1252287,-7.621023,4.4
5935,8.404633,-0.1306211,-7.621023,4.4
5936,8.388975,-0.134513,-7.621023,4.4
5937,8.370695,-0.1398711,-7.621023,4.4
5938,8.354081,-0.1443013,-7.621023,4.4
5939,8.338042,-0.1479831,-7.621023,4.4
5940,8.31768,-0.1526247,-7.621023,4.4
5941,8.295065,-0.1578242,-7.621023,4.4
5942,8.272963,-0.1625651,-7.621023,4.4
5943,8.248424,-0.1669008,-7.621023,4.4
5944,8.226297,-0.1708122,-7.621023,4.4
5945,8.199655,-0.1753774,-7.621023,4.4
5946,8.173926,-0.1787745,-7.621023,4.4
5947,8.146163,-0.1833676,-7.621023,4.4
5948,8.116983,-0.1877184,-7.621023,4.4
5949,8.09057,-0.1915336,-7.621023,4.4
5950,8.0651,-0.1968747,-7.621023,4.4
5951,8.042076,-0.2043886,-7.621023,4.4
5952,8.019411,-0.210519,-7.621023,4.4
5953,7.996482,-0.2162244,-7.621023,4.4
5954,7.96969,-0.2213547,-7.621023,4.4
5955,7.94281,-0.2249375,-7.621023,4.4
5956,7.914865,-0.2300695,-7.621023,4.4
5957,7.888035,-0.2331977,-7.621023,4.4
5958,7.861786,-0.2362659,-7.621023,4.4
5959,7.835359,-0.2384109,-7.621023,4.4
5960,7.810758,-0.2395242,-7.621023,4.4
5961,7.783701,-0.2387552,-7.621023,4.4
5962,7.755385,-0.2337388,-7.621023,4.4
5963,7.730287,-0.2296658,-7.621023,4.4
5964,7.704089,-0.2239683,-7.621023,4.4
5965,7.678336,-0.2191359,-7.621023,4.4
5966,7.652803,-0.2120062,-7.621023,4.4
5967,7.627671,-0.2021071,-7.621023,4.4
5968,7.600578,-0.1909537,-7.621023,4.4
5969,7.574706,-0.1815586,-7.621023,4.4
5970,7.547301,-0.1709628,-7.621023,4.4
5971,7.522039,-0.1607926,-7.621023,4.4
5972,7.494015,-0.1506532,-7.621023,4.4
5973,7.464554,-0.1402424,-7.621023,4.4
5974,7.436737,-0.1300929,-7.621023,4.4
5975,7.409654,-0.1183323,-7.621023,4.4
5976,7.384327,-0.1078687,-7.621023,4.4
5977,7.360332,-0.09885431,-7.621023,4.4
5978,7.334662,-0.09054717,-7.621023,4.4
5979,7.311679,-0.08367395,-7.621023,4.4
5980,7.293261,-0.07876744,-7.621023,4.4
5981,7.274025,-0.0739039,-7.621023,4.4
5982,7.253803,-0.0680526,-7.621023,4.4
5983,7.231547,-0.0629666,-7.621023,4.4
5984,7.209083,-0.05960963,-7.621023,4.4
5985,7.185561,-0.05528333,-7.621023,4.4
5986,7.161356,-0.05111642,-7.621023,4.4
5987,7.137283,-0.04700416,-7.621023,4.4
5988,7.115043,-0.04407584,-7.621023,4.4
5989,7.091881,-0.04162364,-7.621023,4.4
5990,7.065345,-0.04002421,-7.621023,4.4
5991,7.039866,-0.03695839,-7.621023,4.4
5992,7.016297,-0.03301536,-7.621023,4.4
5993,6.992715,-0.02992868,-7.621023,4.4
5994,6.967996,-0.02720691,-7.621023,4.4
5995,6.942872,-0.02318111,-7.621023,4.4
5996,6.918172,-0.01960339,-7.621023,4.4
5997,6.891844,-0.01673867,-7.621023,4.4
5998,6.865815,-0.01419183,-7.621023,4.4
5999,6.837787,-0.01236456,-7.621023,4.4
6000,6.806293,-0.0101939,-7.621023,4.4
6001,6.775746,-0.008442063,-7.621023,4.4
6002,6.744095,-0.006138689,-7.621023,4.4
6003,6.713171,-0.003749383,-7.621023,4.4
6004,6.681715,-0.001871689,-7.621023,4.4
6005,6.653253,-0.002192094,-7.621023,4.4
6006,6.626202,-0.003817097,-7.621023,4.4
6007,6.597001,-0.003336663,-7.621023,4.4
6008,6.567208,-0.003674028,-7.621023,4.4
6009,6.537119,-0.001519626,-7.621023,4.4
6010,6.50843,-0.0008264592,-7.621023,4.4
6011,6.477444,0.001925105,-7.621023,4.4
6012,6.451138,0.003252978,-7.621023,4.4
6013,6.423334,0.006039086,-7.621023,4.4
6014,6.395643,0.01018992,-7.621023,4.4
6015,6.370144,0.01343102,-7.621023,4.4
6016,6.341882,0.01874393,-7.621023,4.4
6017,6.312161,0.02520829,-7.621023,4.4
6018,6.28503,0.03357435,-7.621023,4.4
6019,6.257332,0.04134288,-7.621023,4.4
6020,6.22911,0.05020425,-7.621023,4.4
6021,6.201301,0.05899984,-7.621023,4.4
6022,6.173823,0.0702498,-7.621023,4.4
6023,6.145337,0.08080017,-7.621023,4.4
6024,6.117693,0.09306235,-7.621023,4.4
6025,6.088001,0.1043877,-7.621023,4.4
6026,6.058986,0.1157325,-7.621023,4.4
6027,6.032552,0.126977,-7.621023,4.4
6028,6.005269,0.1382734,-7.621023,4.4
6029,5.981278,0.1485535,-7.621023,4.4
6030,5.957387,0.1591745,-7.621023,4.4
6031,5.935992,0.1690364,-7.621023,4.4
6032,5.91384,0.1770488,-7.621023,4.4
6033,5.894209,0.1844015,-7.621023,4.4
6034,5.871884,0.1916424,-7.621023,4.4
6035,5.851032,0.196079,-7.621023,4.4
6036,5.829704,0.2003059,-7.621023,4.4
6037,5.809578,0.2051275,-7.621023,4.4
6038,5.790666,0.2081451,-7.621023,4.4
6039,5.765976,0.2135663,-7.621023,4.4
6040,5.739947,0.2167377,-7.621023,4.4
6041,5.715205,0.2177908,-7.621023,4.4
6042,5.690598,0.2198147,-7.621023,4.4
6043,5.66957,0.2221333,-7.621023,4.4
6044,5.647025,0.2243387,-7.621023,4.4
6045,5.622777,0.2261644,-7.621023,4.4
6046,5.598295,0.2297174,-7.621023,4.4
6047,5.573244,0.2325797,-7.621023,4.4
6048,5.547052,0.2352095,-7.621023,4.4
6049,5.521033,0.2376333,-7.621023,4.4
6050,5.495019,0.2404486,-7.621023,4.4
6051,5.466887,0.2426917,-7.621023,4.4
6052,5.435881,0.2434771,-7.621023,4.4
6053,5.406065,0.2443356,-7.621023,4.4
6054,5.373757,0.2432786,-7.621023,4.4
6055,5.343752,0.2445029,-7.621023,4.4
6056,5.313584,0.2471224,-7.621023,4.4
6057,5.284122,0.2481368,-7.621023,4.4
6058,5.253804,0.2475142,-7.621023,4.4
6059,5.222799,0.2485739,-7.621023,4.4
6060,5.191063,0.2463177,-7.621023,4.4
6061,5.158856,0.2448425,-7.621023,4.4
6062,5.125807,0.2457746,-7.621023,4.4
6063,5.09563,0.2464801,-7.621023,4.4
6064,5.065207,0.243944,-7.621023,4.4
6065,5.036486,0.2436585,-7.621023,4.4
6066,5.005613,0.2438944,-7.621023,4.4
6067,4.976935,0.2442797,-7.621023,4.4
6068,4.948579,0.247386,-7.621023,4.4
6069,4.921651,0.2517811,-7.621023,4.4
6070,4.893103,0.2577897,-7.621023,4.4
6071,4.864788,0.2657739,-7.621023,4.4
6072,4.835561,0.2735305,-7.621023,4.4
6073,4.80582,0.2812918,-7.621023,4.4
6074,4.776957,0.2901762,-7.621023,4.4
6075,4.748739,0.2994822,-7.621023,4.4
6076,4.716564,0.3086013,-7.621023,4.4
6077,4.68174,0.3190643,-7.621023,4.4
6078,4.64798,0.3285202,-7.621023,4.4
6079,4.61587,0.3389162,-7.621023,4.4
6080,4.584979,0.3494174,-7.621023,4.4
6081,4.552163,0.3611415,-7.621023,4.4
6082,4.519634,0.3733067,-7.621023,4.4
6083,4.493273,0.3845529,-7.621023,4.4
6084,4.466699,0.3927495,-7.621023,4.4
6085,4.439296,0.4009042,-7.621023,4.4
6086,4.417233,0.4063749,-7.621023,4.4
6087,4.395996,0.4096611,-7.621023,4.4
6088,4.374287,0.4125718,-7.621023,4.4
6089,4.352499,0.4194255,-7.621023,4.4
6090,4.335115,0.4257059,-7.621023,4.4
6091,4.314509,0.4275829,-7.621023,4.4
6092,4.290476,0.4315425,-7.621023,4.4
6093,4.265548,0.4351259,-7.621023,4.4
6094,4.241331,0.437167,-7.621023,4.4
6095,4.216725,0.4397318,-7.621023,4.4
6096,4.191497,0.4411303,-7.621023,4.4
6097,4.167783,0.4417559,-7.621023,4.4
6098,4.142012,0.4423439,-7.621023,4.4
6099,4.11881,0.4426421,-7.621023,4.4
6100,4.095479,0.4439903,-7.621023,4.4
6101,4.071303,0.4435003,-7.621023,4.4
6102,4.0483,0.442542,-7.621023,4.4
6103,4.025704,0.4437406,-7.621023,4.4
6104,4.004947,0.4451925,-7.621023,4.4
6105,3.978753,0.4472595,-7.621023,4.4
6106,3.952509,0.4492297,-7.621023,4.4
6107,3.930446,0.4519826,-7.621023,4.4
6108,3.910387,0.4538683,-7.621023,4.4
6109,3.891532,0.4547457,-7.621023,4.4
6110,3.871837,0.453362,-7.621023,4.4
6111,3.851793,0.4527086,-7.621023,4.4
6112,3.825174,0.4509587,-7.621023,4.4
6113,3.801257,0.4530137,-7.621023,4.4
6114,3.779734,0.4523993,-7.621023,4.4
6115,3.757808,0.45358,-7.621023,4.4
6116,3.736012,0.4530002,-7.621023,4.4
6117,3.711312,0.4501654,-7.621023,4.4
6118,3.688366,0.4508626,-7.621023,4.4
6119,3.666765,0.4533981,-7.621023,4.4
6120,3.644879,0.4585277,-7.621023,4.4
6121,3.624102,0.4634721,-7.621023,4.4
6122,3.599898,0.4687805,-7.621023,4.4
6123,3.575771,0.4758872,-7.621023,4.4
6124,3.551046,0.4846506,-7.621023,4.4
6125,3.523333,0.4931308,-7.621023,4.4
6126,3.490332,0.5008086,-7.621023,4.4
6127,3.455681,0.5101709,-7.621023,4.4
6128,3.425273,0.5209954,-7.621023,4.4
6129,3.396816,0.530799,-7.621023,4.4
6130,3.369538,0.5395595,-7.621023,4.4
6131,3.338374,0.5478563,-7.621023,4.4
6132,3.304591,0.5588722,-7.621023,4.4
6133,3.271485,0.5701922,-7.621023,4.4
6134,3.241112,0.5797988,-7.621023,4.4
6135,3.215616,0.5877658,-7.621023,4.4
6136,3.195559,0.5937487,-7.621023,4.4
6137,3.172773,0.5988634,-7.621023,4.4
6138,3.15028,0.6027764,-7.621023,4.4
6139,3.125971,0.6067384,-7.621023,4.4
6140,3.104606,0.6095704,-7.621023,4.4
6141,3.082075,0.6113862,-7.621023,4.4
6142,3.061315,0.6131083,-7.621023,4.4
6143,3.039667,0.614659,-7.621023,4.4
6144,3.01529,0.6157881,-7.621023,4.4
6145,2.99134,0.6178359,-7.621023,4.4
6146,2.967942,0.619365,-7.621023,4.4
6147,2.946148,0.6198433,-7.621023,4.4
6148,2.922903,0.6187022,-7.621023,4.4
6149,2.897649,0.6177776,-7.621023,4.4
6150,2.875715,0.6186935,-7.621023,4.4
6151,2.855318,0.6176337,-7.621023,4.4
6152,2.832866,0.6147097,-7.621023,4.4
6153,2.810356,0.6137791,-7.621023,4.4
6154,2.787378,0.61321,-7.621023,4.4
6155,2.762366,0.6124178,-7.621023,4.4
6156,2.73617,0.6106719,-7.621023,4.4
6157,2.710341,0.6062511,-7.621023,4.4
6158,2.686974,0.6027098,-7.621023,4.4
6159,2.661138,0.5986154,-7.621023,4.4
6160,2.634894,0.5951226,-7.621023,4.4
6161,2.60888,0.5921564,-7.621023,4.4
6162,2.584076,0.5887046,-7.621023,4.4
6163,2.558139,0.5837859,-7.621023,4.4
6164,2.528954,0.5783859,-7.621023,4.4
6165,2.501005,0.572324,-7.621023,4.4
6166,2.474951,0.5656108,-7.621023,4.4
6167,2.449195,0.5608854,-7.621023,4.4
6168,2.422002,0.557032,-7.621023,4.4
6169,2.399076,0.5529703,-7.621023,4.4
6170,2.373884,0.5496705,-7.621023,4.4
6171,2.346536,0.545652,-7.621023,4.4
6172,2.319056,0.542693,-7.621023,4.4
6173,2.29181,0.538693,-7.621023,4.4
6174,2.266217,0.5356789,-7.621023,4.4
6175,2.239509,0.5353395,-7.621023,4.4
6176,2.214761,0.5349905,-7.621023,4.4
6177,2.189448,0.5363275,-7.621023,4.4
6178,2.164513,0.5384117,-7.621023,4.4
6179,2.140224,0.5404012,-7.621023,4.4
6180,2.113274,0.5461201,-7.621023,4.4
6181,2.084034,0.5533454,-7.621023,4.4
6182,2.053984,0.5634947,-7.621023,4.4
6183,2.02737,0.57086,-7.621023,4.4
6184,1.999801,0.5781636,-7.621023,4.4
6185,1.971711,0.5871003,-7.621023,4.4
6186,1.944494,0.5956876,-7.621023,4.4
6187,1.915386,0.6053154,-7.621023,4.4
6188,1.883035,0.6163986,-7.621023,4.4
6189,1.85329,0.6272954,-7.621023,4.4
6190,1.820217,0.6371785,-7.621023,4.4
6191,1.78471,0.6489688,-7.621023,4.4
6192,1.75484,0.660074,-7.621023,4.4
6193,1.728519,0.671201,-7.621023,4.4
6194,1.705506,0.6765353,-7.621023,4.4
6195,1.682053,0.6811242,-7.621023,4.4
6196,1.662524,0.6851962,-7.621023,4.4
6197,1.642562,0.6879329,-7.621023,4.4
6198,1.62371,0.6889206,-7.621023,4.4
6199,1.603564,0.6924073,-7.621023,4.4
6200,1.579326,0.6962253,-7.621023,4.4
6201,1.557536,0.6991333,-7.621023,4.4
6202,1.533137,0.7015436,-7.621023,4.4
6203,1.507994,0.7031811,-7.621023,4.4
6204,1.483536,0.7048492,-7.621023,4.4
6205,1.460893,0.7067507,-7.621023,4.4
6206,1.438818,0.7091669,-7.621023,4.4
6207,1.416152,0.7103983,-7.621023,4.4
6208,1.393805,0.7119673,-7.621023,4.4
6209,1.370348,0.7144795,-7.621023,4.4
6210,1.34687,0.7170178,-7.621023,4.4
6211,1.32315,0.718478,-7.621023,4.4
6212,1.296829,0.7198319,-7.621023,4.4
6213,1.270606,0.7212266,-7.621023,4.4
6214,1.244727,0.7215485,-7.621023,4.4
6215,1.220612,0.7228823,-7.621023,4.4
6216,1.196061,0.7237364,-7.621023,4.4
6217,1.168853,0.7235145,-7.621023,4.4
6218,1.143642,0.7244057,-7.621023,4.4
6219,1.116925,0.7243018,-7.621023,4.4
6220,1.089548,0.7232822,-7.621023,4.4
6221,1.062309,0.7215649,-7.621023,4.4
6222,1.036373,0.7202516,-7.621023,4.4
6223,1.014969,0.7207175,-7.621023,4.4
6224,0.9894487,0.7203303,-7.621023,4.4
6225,0.9630346,0.7212955,-7.621023,4.4
6226,0.9321342,0.7189686,-7.621023,4.4
6227,0.9021235,0.7193488,-7.621023,4.4
6228,0.8755259,0.7199684,-7.621023,4.4
6229,0.8481293,0.7215068,-7.621023,4.4
6230,0.8211174,0.7230732,-7.621023,4.4
6231,0.7944515,0.7265992,-7.621023,4.4
6232,0.767036,0.7316856,-7.621023,4.4
6233,0.7386571,0.740505,-7.621023,4.4
6234,0.7089083,0.750526,-7.621023,4.4
6235,0.6807711,0.7614762,-7.621023,4.4
6236,0.654404,0.7728861,-7.621023,4.4
6237,0.6267505,0.7848287,-7.621023,4.4
6238,0.5988043,0.796716,-7.621023,4.4
6239,0.5694776,0.8120663,-7.621023,4.4
6240,0.5426701,0.8261418,-7.621023,4.4
6241,0.5154874,0.8387788,-7.621023,4.4
6242,0.4841297,0.8535678,-7.621023,4.4
6243,0.4529311,0.8694514,-7.621023,4.4
6244,0.4264417,0.8848193,-7.621023,4.4
6245,0.399985,0.8988103,-7.621023,4.4
6246,0.3753869,0.9107165,-7.621023,4.4
6247,0.3511341,0.9227879,-7.621023,4.4
6248,0.3306832,0.9333336,-7.621023,4.4
6249,0.3144428,0.9422576,-7.621023,4.4
6250,0.2965123,0.9498608,-7.621023,4.4
6251,0.2761953,0.9572518,-7.621023,4.4
6252,0.255041,0.9636439,-7.621023,4.4
6253,0.2315727,0.9726577,-7.621023,4.4
6254,0.2061386,0.980767,-7.621023,4.4
6255,0.180953,0.9895775,-7.621023,4.4
6256,0.159565,0.9955859,-7.621023,4.4
6257,0.138962,0.999849,-7.621023,4.4
6258,0.1186517,1.002571,-7.621023,4.4
6259,0.094429,1.00447,-7.621023,4.4
6260,0.06782865,1.00841,-7.621023,4.4
6261,0.04471017,1.013816,-7.621023,4.4
6262,0.01984908,1.020451,-7.621023,4.4
6263,-0.006497797,1.027077,-7.621023,4.4
6264,-0.03391424,1.033103,-7.621023,4.4
6265,-0.06083016,1.038708,-7.621023,4.4
6266,-0.08812471,1.04291,-7.621023,4.4
6267,-0.1160906,1.046359,-7.621023,4.4
6268,-0.1477277,1.04943,-7.621023,4.4
6269,-0.1791115,1.053846,-7.621023,4.4
6270,-0.2089805,1.058114,-7.621023,4.4
6271,-0.2371335,1.062732,-7.621023,4.4
6272,-0.2631163,1.066705,-7.621023,4.4
6273,-0.291599,1.070503,-7.621023,4.4
6274,-0.3178326,1.072847,-7.621023,4.4
6275,-0.344014,1.073408,-7.621023,4.4
6276,-0.371138,1.075204,-7.621023,4.4
6277,-0.3987043,1.07578,-7.621023,4.4
6278,-0.4262488,1.078641,-7.621023,4.4
6279,-0.4548792,1.081437,-7.621023,4.4
6280,-0.4837644,1.085124,-7.621023,4.4
6281,-0.5097371,1.089741,-7.621023,4.4
6282,-0.5340279,1.093068,-7.621023,4.4
6283,-0.5598134,1.096133,-7.621023,4.4
6284,-0.5851319,1.099191,-7.621023,4.4
6285,-0.6121947,1.105727,-7.621023,4.4
6286,-0.6382903,1.113619,-7.621023,4.4
6287,-0.6641846,1.121556,-7.621023,4.4
6288,-0.6916403,1.133666,-7.621023,4.4
6289,-0.7219219,1.147839,-7.621023,4.4
6290,-0.7513626,1.160416,-7.621023,4.4
6291,-0.7819828,1.173511,-7.621023,4.4
6292,-0.8119157,1.186344,-7.621023,4.4
6293,-0.8423721,1.199157,-7.621023,4.4
6294,-0.8721495,1.212095,-7.621023,4.4
6295,-0.9040132,1.225059,-7.621023,4.4
6296,-0.9350621,1.237996,-7.621023,4.4
6297,-0.9672709,1.251752,-7.621023,4.4
6298,-0.9999001,1.266559,-7.621023,4.4
6299,-1.030321,1.278334,-7.621023,4.4
6300,-1.055436,1.290015,-7.621023,4.4
6301,-1.079535,1.301064,-7.621023,4.4
6302,-1.100721,1.30765,-7.621023,4.4
6303,-1.120667,1.313924,-7.621023,4.4
6304,-1.141252,1.320386,-7.621023,4.4
6305,-1.162914,1.32612,-7.621023,4.4
6306,-1.185281,1.33323,-7.621023,4.4
6307,-1.21205,1.340564,-7.621023,4.4
6308,-1.237817,1.349043,-7.621023,4.4
6309,-1.264834,1.356419,-7.621023,4.4
6310,-1.290579,1.36101,-7.621023,4.4
6311,-1.314425,1.364959,-7.621023,4.4
6312,-1.338684,1.369225,-7.621023,4.4
6313,-1.360105,1.370773,-7.621023,4.4
6314,-1.382603,1.373942,-7.621023,4.4
6315,-1.407439,1.377906,-7.621023,4.4
6316,-1.433982,1.381694,-7.621023,4.4
6317,-1.459917,1.386437,-7.621023,4.4
6318,-1.489274,1.390046,-7.621023,4.4
6319,-1.519169,1.393427,-7.621023,4.4
6320,-1.547027,1.395973,-7.621023,4.4
6321,-1.576228,1.397525,-7.621023,4.4
6322,-1.607333,1.399498,-7.621023,4.4
6323,-1.638748,1.401973,-7.621023,4.4
6324,-1.669057,1.406345,-7.621023,4.4
6325,-1.699855,1.410011,-7.621023,4.4
6326,-1.727726,1.415144,-7.621023,4.4
6327,-1.754859,1.417237,-7.621023,4.4
6328,-1.785045,1.420755,-7.621023,4.4
6329,-1.81392,1.424723,-7.621023,4.4
6330,-1.841422,1.425972,-7.621023,4.4
6331,-1.868174,1.425982,-7.621023,4.4
6332,-1.896832,1.428584,-7.621023,4.4
6333,-1.925133,1.431735,-7.621023,4.4
6334,-1.951579,1.435998,-7.621023,4.4
6335,-1.979224,1.440105,-7.621023,4.4
6336,-2.006511,1.443998,-7.621023,4.4
6337,-2.032073,1.448118,-7.621023,4.4
6338,-2.059009,1.457179,-7.621023,4.4
6339,-2.08985,1.467599,-7.621023,4.4
6340,-2.117013,1.476671,-7.621023,4.4
6341,-2.14483,1.488018,-7.621023,4.4
6342,-2.17358,1.500208,-7.621023,4.4
6343,-2.202838,1.514184,-7.621023,4.4
6344,-2.230491,1.527369,-7.621023,4.4
6345,-2.255028,1.538872,-7.621023,4.4
6346,-2.282897,1.551306,-7.621023,4.4
6347,-2.311763,1.566537,-7.621023,4.4
6348,-2.338966,1.579565,-7.621023,4.4
6349,-2.365749,1.593831,-7.621023,4.4
6350,-2.396185,1.609464,-7.621023,4.4
6351,-2.422536,1.622315,-7.621023,4.4
6352,-2.445473,1.63458,-7.621023,4.4
6353,-2.468751,1.643745,-7.621023,4.4
6354,-2.492027,1.652714,-7.621023,4.4
6355,-2.514116,1.662138,-7.621023,4.4
6356,-2.53376,1.669608,-7.621023,4.4
6357,-2.55264,1.677324,-7.621023,4.4
6358,-2.575092,1.684833,-7.621023,4.4
6359,-2.599524,1.690691,-7.621023,4.4
6360,-2.622093,1.695777,-7.621023,4.4
6361,-2.642375,1.701286,-7.621023,4.4
6362,-2.661328,1.709024,-7.621023,4.4
6363,-2.677801,1.716002,-7.621023,4.4
6364,-2.698506,1.721116,-7.621023,4.4
6365,-2.721748,1.726774,-7.621023,4.4
6366,-2.747542,1.732533,-7.621023,4.4
6367,-2.770004,1.738127,-7.621023,4.4
6368,-2.790649,1.741545,-7.621023,4.4
6369,-2.813614,1.745814,-7.621023,4.4
6370,-2.837002,1.74975,-7.621023,4.4
6371,-2.862428,1.754022,-7.621023,4.4
6372,-2.888601,1.758875,-7.621023,4.4
6373,-2.915433,1.763153,-7.621023,4.4
6374,-2.946211,1.76714,-7.621023,4.4
6375,-2.974049,1.771718,-7.621023,4.4
6376,-3.004025,1.775495,-7.621023,4.4
6377,-3.032724,1.779295,-7.621023,4.4
6378,-3.060563,1.783744,-7.621023,4.4
6379,-3.088649,1.788108,-7.621023,4.4
6380,-3.115034,1.793298,-7.621023,4.4
6381,-3.14016,1.796849,-7.621023,4.4
6382,-3.166036,1.800763,-7.621023,4.4
6383,-3.193413,1.802741,-7.621023,4.4
6384,-3.220835,1.804194,-7.621023,4.4
6385,-3.247886,1.806685,-7.621023,4.4
6386,-3.274403,1.809214,-7.621023,4.4
6387,-3.303843,1.813566,-7.621023,4.4
6388,-3.331146,1.816348,-7.621023,4.4
6389,-3.356625,1.819516,-7.621023,4.4
6390,-3.380415,1.825854,-7.621023,4.4
6391,-3.405898,1.834172,-7.621023,4.4
6392,-3.432048,1.843045,-7.621023,4.4
6393,-3.457302,1.853199,-7.621023,4.4
6394,-3.483263,1.865769,-7.621023,4.4
6395,-3.509564,1.880498,-7.621023,4.4
6396,-3.536426,1.896153,-7.621023,4.4
6397,-3.563941,1.912772,-7.621023,4.4
6398,-3.589849,1.931096,-7.621023,4.4
6399,-3.615718,1.950865,-7.621023,4.4
6400,-3.642674,1.968755,-7.621023,4.4
6401,-3.670033,1.986349,-7.621023,4.4
6402,-3.699439,2.006723,-7.621023,4.4
6403,-3.727512,2.026802,-7.621023,4.4
6404,-3.755048,2.046459,-7.621023,4.4
6405,-3.780014,2.065355,-7.621023,4.4
6406,-3.803394,2.081199,-7.621023,4.4
6407,-3.82426,2.094616,-7.621023,4.4
6408,-3.844365,2.105197,-7.621023,4.4
6409,-3.863209,2.114861,-7.621023,4.4
6410,-3.878264,2.12391,-7.621023,4.4
6411,-3.896414,2.131116,-7.621023,4.4
6412,-3.920173,2.141629,-7.621023,4.4
6413,-3.944519,2.150441,-7.621023,4.4
6414,-3.963662,2.157452,-7.621023,4.4
6415,-3.98459,2.168188,-7.621023,4.4
6416,-4.007874,2.179486,-7.621023,4.4
6417,-4.030079,2.188771,-7.621023,4.4
6418,-4.052687,2.195777,-7.621023,4.4
6419,-4.07426,2.203129,-7.621023,4.4
6420,-4.096086,2.208848,-7.621023,4.4
6421,-4.117007,2.21589,-7.621023,4.4
6422,-4.138426,2.223552,-7.621023,4.4
6423,-4.161105,2.231963,-7.621023,4.4
6424,-4.184712,2.240345,-7.621023,4.4
6425,-4.209934,2.24885,-7.621023,4.4
6426,-4.234946,2.257371,-7.621023,4.4
6427,-4.260428,2.266249,-7.621023,4.4
6428,-4.287653,2.274661,-7.621023,4.4
6429,-4.315012,2.284271,-7.621023,4.4
6430,-4.346348,2.292755,-7.621023,4.4
6431,-4.374918,2.299152,-7.621023,4.4
6432,-4.40393,2.30743,-7.621023,4.4
6433,-4.431736,2.315254,-7.621023,4.4
6434,-4.45746,2.322258,-7.621023,4.4
6435,-4.482451,2.329366,-7.621023,4.4
6436,-4.505598,2.334087,-7.621023,4.4
6437,-4.529185,2.340135,-7.621023,4.4
6438,-4.555319,2.343721,-7.621023,4.4
6439,-4.585014,2.349888,-7.621023,4.4
6440,-4.611935,2.357107,-7.621023,4.4
6441,-4.639779,2.365572,-7.621023,4.4
6442,-4.667761,2.373385,-7.621023,4.4
6443,-4.694616,2.3813,-7.621023,4.4
6444,-4.721127,2.39056,-7.621023,4.4
6445,-4.7475,2.398669,-7.621023,4.4
6446,-4.775016,2.411221,-7.621023,4.4
6447,-4.802474,2.424576,-7.621023,4.4
6448,-4.829386,2.438627,-7.621023,4.4
6449,-4.854784,2.454883,-7.621023,4.4
6450,-4.878934,2.471821,-7.621023,4.4
6451,-4.901745,2.489236,-7.621023,4.4
6452,-4.924204,2.506179,-7.621023,4.4
6453,-4.947628,2.524827,-7.621023,4.4
6454,-4.972066,2.546166,-7.621023,4.4
6455,-4.997356,2.564837,-7.621023,4.4
6456,-5.023209,2.583156,-7.621023,4.4
6457,-5.045444,2.600994,-7.621023,4.4
6458,-5.069919,2.622441,-7.621023,4.4
6459,-5.095549,2.641046,-7.621023,4.4
6460,-5.118289,2.658841,-7.621023,4.4
6461,-5.140882,2.675643,-7.621023,4.4
6462,-5.160564,2.687844,-7.621023,4.4
6463,-5.177156,2.699374,-7.621023,4.4
6464,-5.194084,2.708997,-7.621023,4.4
6465,-5.21357,2.71717,-7.621023,4.4
6466,-5.231436,2.726215,-7.621023,4.4
6467,-5.251696,2.735738,-7.621023,4.4
6468,-5.273727,2.747568,-7.621023,4.4
6469,-5.295371,2.759931,-7.621023,4.4
6470,-5.315072,2.768406,-7.621023,4.4
6471,-5.336768,2.776354,-7.621023,4.4
6472,-5.356933,2.784092,-7.621023,4.4
6473,-5.375368,2.792063,-7.621023,4.4
6474,-5.392692,2.799441,-7.621023,4.4
6475,-5.41174,2.805758,-7.621023,4.4
6476,-5.435709,2.815233,-7.621023,4.4
6477,-5.459369,2.825391,-7.621023,4.4
6478,-5.484853,2.83569,-7.621023,4.4
6479,-5.507151,2.845457,-7.621023,4.4
6480,-5.532424,2.855415,-7.621023,4.4
6481,-5.558428,2.864083,-7.621023,4.4
6482,-5.586183,2.8736,-7.621023,4.4
6483,-5.615608,2.883048,-7.621023,4.4
6484,-5.64754,2.891359,-7.621023,4.4
6485,-5.679481,2.899928,-7.621023,4.4
6486,-5.710748,2.908584,-7.621023,4.4
6487,-5.73843,2.919068,-7.621023,4.4
6488,-5.761387,2.926914,-7.621023,4.4
6489,-5.785993,2.934112,-7.621023,4.4
6490,-5.810557,2.940796,-7.621023,4.4
6491,-5.836425,2.9461,-7.621023,4.4
6492,-5.862354,2.953564,-7.621023,4.4
6493,-5.887766,2.962331,-7.621023,4.4
6494,-5.917699,2.969952,-7.621023,4.4
6495,-5.947964,2.979721,-7.621023,4.4
6496,-5.978751,2.989696,-7.621023,4.4
6497,-6.007054,3.000081,-7.621023,4.4
6498,-6.033801,3.013172,-7.621023,4.4
6499,-6.059355,3.027602,-7.621023,4.4
6500,-6.082736,3.040911,-7.621023,4.4
6501,-6.106765,3.05445,-7.621023,4.4
6502,-6.132518,3.06747,-7.621023,4.4
6503,-6.157932,3.084064,-7.621023,4.4
6504,-6.185561,3.103902,-7.621023,4.4
6505,-6.210685,3.122379,-7.621023,4.4
6506,-6.237324,3.142442,-7.621023,4.4
6507,-6.263785,3.16346,-7.621023,4.4
6508,-6.288213,3.182667,-7.621023,4.4
6509,-6.312518,3.201992,-7.621023,4.4
6510,-6.335378,3.221013,-7.621023,4.4
6511,-6.359436,3.243371,-7.621023,4.4
6512,-6.382012,3.264565,-7.621023,4.4
6513,-6.402595,3.28355,-7.621023,4.4
6514,-6.422168,3.299863,-7.621023,4.4
6515,-6.440187,3.312473,-7.621023,4.4
6516,-6.458821,3.326486,-7.621023,4.4
6517,-6.479444,3.341322,-7.621023,4.4
6518,-6.497243,3.351857,-7.621023,4.4
6519,-6.514872,3.36229,-7.621023,4.4
6520,-6.531948,3.37243,-7.621023,4.4
6521,-6.550721,3.385978,-7.621023,4.4
6522,-6.570172,3.395393,-7.621023,4.4
6523,-6.592166,3.405015,-7.621023,4.4
6524,-6.612484,3.416095,-7.621023,4.4
6525,-6.631368,3.425455,-7.621023,4.4
6526,-6.652105,3.436159,-7.621023,4.4
6527,-6.673537,3.446332,-7.621023,4.4
6528,-6.695894,3.457959,-7.621023,4.4
6529,-6.719692,3.470072,-7.621023,4.4
6530,-6.742423,3.481986,-7.621023,4.4
6531,-6.766671,3.495011,-7.621023,4.4
6532,-6.78956,3.505806,-7.621023,4.4
6533,-6.815302,3.518357,-7.621023,4.4
6534,-6.840639,3.527951,-7.621023,4.4
6535,-6.869058,3.538174,-7.621023,4.4
6536,-6.897106,3.54686,-7.621023,4.4
6537,-6.9243,3.557175,-7.621023,4.4
6538,-6.946854,3.567369,-7.621023,4.4
6539,-6.970881,3.576763,-7.621023,4.4
6540,-6.993428,3.584819,-7.621023,4.4
6541,-7.01433,3.593661,-7.621023,4.4
6542,-7.033365,3.603433,-7.621023,4.4
6543,-7.053316,3.612969,-7.621023,4.4
6544,-7.074439,3.621646,-7.621023,4.4
6545,-7.094651,3.630275,-7.621023,4.4
6546,-7.118679,3.640891,-7.621023,4.4
6547,-7.142713,3.649396,-7.621023,4.4
6548,-7.166358,3.657196,-7.621023,4.4
6549,-7.189233,3.664743,-7.621023,4.4
6550,-7.21147,3.675225,-7.621023,4.4
6551,-7.231163,3.688357,-7.621023,4.4
6552,-7.249315,3.700456,-7.621023,4.4
6553,-7.270354,3.715228,-7.621023,4.4
6554,-7.290857,3.732492,-7.621023,4.4
6555,-7.309366,3.749806,-7.621023,4.4
6556,-7.326134,3.768211,-7.621023,4.4
6557,-7.342415,3.7886,-7.621023,4.4
6558,-7.359696,3.811128,-7.621023,4.4
6559,-7.376324,3.828847,-7.621023,4.4
6560,-7.392149,3.849793,-7.621023,4.4
6561,-7.407397,3.870168,-7.621023,4.4
6562,-7.422412,3.889846,-7.621023,4.4
6563,-7.43949,3.910677,-7.621023,4.4
6564,-7.456233,3.93276,-7.621023,4.4
6565,-7.475089,3.957287,-7.621023,4.4
6566,-7.492521,3.982593,-7.621023,4.4
6567,-7.508027,4.006168,-7.621023,4.4
6568,-7.521592,4.02965,-7.621023,4.4
6569,-7.533336,4.049763,-7.621023,4.4
6570,-7.544982,4.069844,-7.621023,4.4
6571,-7.55587,4.088273,-7.621023,4.4
6572,-7.565433,4.105051,-7.621023,4.4
6573,-7.576287,4.119747,-7.621023,4.4
6574,-7.588125,4.135097,-7.621023,4.4
6575,-7.598145,4.150955,-7.621023,4.4
6576,-7.611643,4.164944,7.621023,-4.4
6577,-7.62334,4.178111,7.621023,-4.4
6578,-7.635086,4.189425,7.621023,-4.4
6579,-7.647303,4.199999,7.621023,-4.4
6580,-7.66094,4.209855,7.621023,-4.4
6581,-7.671911,4.216662,7.621023,-4.4
6582,-7.685473,4.224742,7.621023,-4.4
6583,-7.700229,4.234095,7.621023,-4.4
6584,-7.716014,4.243345,7.621023,-4.4
6585,-7.735797,4.251909,7.621023,-4.4
6586,-7.754174,4.260426,7.621023,-4.4
6587,-7.769535,4.269915,7.621023,-4.4
6588,-7.782825,4.274689,7.621023,-4.4
6589,-7.797641,4.279931,7.621023,-4.4
6590,-7.811569,4.289753,7.621023,-4.4
6591,-7.825122,4.30156,7.621023,-4.4
6592,-7.836417,4.316386,7.621023,-4.4
6593,-7.844249,4.333057,7.621023,-4.4
6594,-7.85111,4.348087,7.621023,-4.4
6595,-7.857,4.362209,7.621023,-4.4
6596,-7.859749,4.377822,7.621023,-4.4
6597,-7.858154,4.39431,7.621023,-4.4
6598,-7.855583,4.406958,7.621023,-4.4
6599,-7.851698,4.419947,7.621023,-4.4
6600,-7.844728,4.433051,7.621023,-4.4
6601,-7.835346,4.445027,7.621023,-4.4
6602,-7.826033,4.45601,7.621023,-4.4
6603,-7.813363,4.463785,7.621023,-4.4
6604,-7.798408,4.4712,7.621023,-4.4
6605,-7.782489,4.476533,7.621023,-4.4
6606,-7.766169,4.479245,7.621023,-4.4
6607,-7.752423,4.479634,7.621023,-4.4
6608,-7.736292,4.480867,7.621023,-4.4
6609,-7.717212,4.483203,7.621023,-4.4
6610,-7.69917,4.484221,7.621023,-4.4
6611,-7.678447,4.485015,7.621023,-4.4
6612,-7.6551,4.484864,7.621023,-4.4
6613,-7.631772,4.483666,7.621023,-4.4
6614,-7.60979,4.481175,7.621023,-4.4
6615,-7.588731,4.479981,7.621023,-4.4
6616,-7.569324,4.478232,7.621023,-4.4
6617,-7.55244,4.477108,7.621023,-4.4
6618,-7.533562,4.476705,7.621023,-4.4
6619,-7.516553,4.476611,7.621023,-4.4
6620,-7.496904,4.476727,7.621023,-4.4
6621,-7.478894,4.47728,7.621023,-4.4
6622,-7.461442,4.47658,7.621023,-4.4
6623,-7.444495,4.474649,7.621023,-4.4
6624,-7.427563,4.472655,7.621023,-4.4
6625,-7.410296,4.475194,7.621023,-4.4
6626,-7.390634,4.476547,7.621023,-4.4
6627,-7.373648,4.477857,7.621023,-4.4
6628,-7.356009,4.477898,7.621023,-4.4
6629,-7.337835,4.478156,7.621023,-4.4
6630,-7.318512,4.480084,7.621023,-4.4
6631,-7.298833,4.480021,7.621023,-4.4
6632,-7.278967,4.47932,7.621023,-4.4
6633,-7.261874,4.478288,7.621023,-4.4
6634,-7.242347,4.477558,7.621023,-4.4
6635,-7.222723,4.477159,7.621023,-4.4
6636,-7.205231,4.478164,7.621023,-4.4
6637,-7.186108,4.479747,7.621023,-4.4
6638,-7.165711,4.479855,7.621023,-4.4
6639,-7.145659,4.479517,7.621023,-4.4
6640,-7.125284,4.478636,7.621023,-4.4
6641,-7.103228,4.479974,7.621023,-4.4
6642,-7.082824,4.479286,7.621023,-4.4
6643,-7.058514,4.480128,7.621023,-4.4
6644,-7.032456,4.482775,7.621023,-4.4
6645,-7.006878,4.486185,7.621023,-4.4
6646,-6.97975,4.48869,7.621023,-4.4
6647,-6.950392,4.489983,7.621023,-4.4
6648,-6.921872,4.490128,7.621023,-4.4
6649,-6.894725,4.49094,7.621023,-4.4
6650,-6.871364,4.49427,7.621023,-4.4
6651,-6.848215,4.496831,7.621023,-4.4
6652,-6.818789,4.497719,7.621023,-4.4
6653,-6.788689,4.496064,7.621023,-4.4
6654,-6.760869,4.492367,7.621023,-4.4
6655,-6.7357,4.490954,7.621023,-4.4
6656,-6.709819,4.488043,7.621023,-4.4
6657,-6.682457,4.483729,7.621023,-4.4
6658,-6.655553,4.481084,7.621023,-4.4
6659,-6.632566,4.476474,7.621023,-4.4
6660,-6.610473,4.469779,7.621023,-4.4
6661,-6.590641,4.459801,7.621023,-4.4
6662,-6.57079,4.448901,7.621023,-4.4
6663,-6.548657,4.434826,7.621023,-4.4
6664,-6.526888,4.419143,7.621023,-4.4
6665,-6.505736,4.404847,7.621023,-4.4
6666,-6.482172,4.386612,7.621023,-4.4
6667,-6.46123,4.367621,7.621023,-4.4
6668,-6.438972,4.348104,7.621023,-4.4
6669,-6.414782,4.328147,7.621023,-4.4
6670,-6.392702,4.309539,7.621023,-4.4
6671,-6.370209,4.292471,7.621023,-4.4
6672,-6.345922,4.277518,7.621023,-4.4
6673,-6.32068,4.259885,7.621023,-4.4
6674,-6.297762,4.244273,7.621023,-4.4
6675,-6.277407,4.231177,7.621023,-4.4
6676,-6.254869,4.217381,7.621023,-4.4
6677,-6.233942,4.20266,7.621023,-4.4
6678,-6.213909,4.189967,7.621023,-4.4
6679,-6.196606,4.18116,7.621023,-4.4
6680,-6.178897,4.170881,7.621023,-4.4
6681,-6.163398,4.161335,7.621023,-4.4
6682,-6.14592,4.150663,7.621023,-4.4
6683,-6.129305,4.140322,7.621023,-4.4
6684,-6.111673,4.131322,7.621023,-4.4
6685,-6.092147,4.120728,7.621023,-4.4
6686,-6.072019,4.114446,7.621023,-4.4
6687,-6.050986,4.107746,7.621023,-4.4
6688,-6.033405,4.100558,7.621023,-4.4
6689,-6.01703,4.094679,7.621023,-4.4
6690,-5.995462,4.086452,7.621023,-4.4
6691,-5.972637,4.077986,7.621023,-4.4
6692,-5.951831,4.068472,7.621023,-4.4
6693,-5.927935,4.058213,7.621023,-4.4
6694,-5.904695,4.04938,7.621023,-4.4
6695,-5.882915,4.039153,7.621023,-4.4
6696,-5.859987,4.031112,7.621023,-4.4
6697,-5.835299,4.02158,7.621023,-4.4
6698,-5.809709,4.012751,7.621023,-4.4
6699,-5.780721,4.003414,7.621023,-4.4
6700,-5.752027,3.995169,7.621023,-4.4
6701,-5.719653,3.986818,7.621023,-4.4
6702,-5.689861,3.976237,7.621023,-4.4
6703,-5.661678,3.967322,7.621023,-4.4
6704,-5.638066,3.961116,7.621023,-4.4
6705,-5.613747,3.955528,7.621023,-4.4
6706,-5.587851,3.948725,7.621023,-4.4
6707,-5.560156,3.941144,7.621023,-4.4
6708,-5.531967,3.931958,7.621023,-4.4
6709,-5.503573,3.922301,7.621023,-4.4
6710,-5.473516,3.912082,7.621023,-4.4
6711,-5.44803,3.902677,7.621023,-4.4
6712,-5.425593,3.895248,7.621023,-4.4
6713,-5.40473,3.88808,7.621023,-4.4
6714,-5.384229,3.881997,7.621023,-4.4
6715,-5.364455,3.871335,7.621023,-4.4
6716,-5.342269,3.856464,7.621023,-4.4
6717,-5.31872,3.838387,7.621023,-4.4
6718,-5.29277,3.819941,7.621023,-4.4
6719,-5.268582,3.800769,7.621023,-4.4
6720,-5.246306,3.781097,7.621023,-4.4
6721,-5.22343,3.760485,7.621023,-4.4
6722,-5.200338,3.738953,7.621023,-4.4
6723,-5.181102,3.719341,7.621023,-4.4
6724,-5.159139,3.699606,7.621023,-4.4
6725,-5.133756,3.677189,7.621023,-4.4
6726,-5.108597,3.656845,7.621023,-4.4
6727,-5.081643,3.635784,7.621023,-4.4
6728,-5.055418,3.616322,7.621023,-4.4
6729,-5.030193,3.598227,7.621023,-4.4
6730,-5.007313,3.583166,7.621023,-4.4
6731,-4.9868,3.572968,7.621023,-4.4
6732,-4.964109,3.560101,7.621023,-4.4
6733,-4.94516,3.546586,7.621023,-4.4
6734,-4.928312,3.533491,7.621023,-4.4
6735,-4.909925,3.520492,7.621023,-4.4
6736,-4.888712,3.507601,7.621023,-4.4
6737,-4.868009,3.495149,7.621023,-4.4
6738,-4.850037,3.485392,7.621023,-4.4
6739,-4.830186,3.477436,7.621023,-4.4
6740,-4.805743,3.467396,7.621023,-4.4
6741,-4.783916,3.457635,7.621023,-4.4
6742,-4.764867,3.448024,7.621023,-4.4
6743,-4.743128,3.437632,7.621023,-4.4
6744,-4.724255,3.427129,7.621023,-4.4
6745,-4.704808,3.417733,7.621023,-4.4
6746,-4.680548,3.408045,7.621023,-4.4
6747,-4.653474,3.397469,7.621023,-4.4
6748,-4.627338,3.387186,7.621023,-4.4
6749,-4.601252,3.377294,7.621023,-4.4
6750,-4.573267,3.367065,7.621023,-4.4
6751,-4.544172,3.354583,7.621023,-4.4
6752,-4.510784,3.341712,7.621023,-4.4
6753,-4.479697,3.331204,7.621023,-4.4
6754,-4.450694,3.319918,7.621023,-4.4
6755,-4.422015,3.308455,7.621023,-4.4
6756,-4.395867,3.299178,7.621023,-4.4
6757,-4.372361,3.291675,7.621023,-4.4
6758,-4.343737,3.283091,7.621023,-4.4
6759,-4.318303,3.275896,7.621023,-4.4
6760,-4.291409,3.267593,7.621023,-4.4
6761,-4.263669,3.25813,7.621023,-4.4
6762,-4.236939,3.249177,7.621023,-4.4
6763,-4.209296,3.243289,7.621023,-4.4
6764,-4.181129,3.235654,7.621023,-4.4
6765,-4.154255,3.227212,7.621023,-4.4
6766,-4.124989,3.214968,7.621023,-4.4
6767,-4.098949,3.203869,7.621023,-4.4
6768,-4.074347,3.19219,7.621023,-4.4
6769,-4.05118,3.179079,7.621023,-4.4
6770,-4.027684,3.163772,7.621023,-4.4
6771,-4.002135,3.149244,7.621023,-4.4
6772,-3.975462,3.133716,7.621023,-4.4
6773,-3.951031,3.117205,7.621023,-4.4
6774,-3.926194,3.101021,7.621023,-4.4
6775,-3.895837,3.083464,7.621023,-4.4
6776,-3.868827,3.065362,7.621023,-4.4
6777,-3.842278,3.04638,7.621023,-4.4
6778,-3.814715,3.026781,7.621023,-4.4
6779,-3.787391,3.007725,7.621023,-4.4
6780,-3.760892,2.989452,7.621023,-4.4
6781,-3.734461,2.971441,7.621023,-4.4
6782,-3.708235,2.953708,7.621023,-4.4
6783,-3.685906,2.93911,7.621023,-4.4
6784,-3.666417,2.92543,7.621023,-4.4
6785,-3.646753,2.913991,7.621023,-4.4
6786,-3.628885,2.902897,7.621023,-4.4
6787,-3.611122,2.892992,7.621023,-4.4
6788,-3.591116,2.884052,7.621023,-4.4
6789,-3.570271,2.872853,7.621023,-4.4
6790,-3.54893,2.862331,7.621023,-4.4
6791,-3.524582,2.85464,7.621023,-4.4
6792,-3.501647,2.845045,7.621023,-4.4
6793,-3.481751,2.836282,7.621023,-4.4
6794,-3.460307,2.827121,7.621023,-4.4
6795,-3.439427,2.820223,7.621023,-4.4
6796,-3.417299,2.812775,7.621023,-4.4
6797,-3.393078,2.804981,7.621023,-4.4
6798,-3.370934,2.795818,7.621023,-4.4
6799,-3.345638,2.78484,7.621023,-4.4
6800,-3.321451,2.775301,7.621023,-4.4
6801,-3.29709,2.766081,7.621023,-4.4
6802,-3.273155,2.757847,7.621023,-4.4
6803,-3.248113,2.751043,7.621023,-4.4
6804,-3.221147,2.743087,7.621023,-4.4
6805,-3.190874,2.735276,7.621023,-4.4
6806,-3.158899,2.726943,7.621023,-4.4
6807,-3.125102,2.717032,7.621023,-4.4
6808,-3.09311,2.707141,7.621023,-4.4
6809,-3.063875,2.701344,7.621023,-4.4
6810,-3.035123,2.694389,7.621023,-4.4
6811,-3.003738,2.686908,7.621023,-4.4
6812,-2.974076,2.67858,7.621023,-4.4
6813,-2.947168,2.674299,7.621023,-4.4
6814,-2.918989,2.66929,7.621023,-4.4
6815,-2.891663,2.662809,7.621023,-4.4
6816,-2.863721,2.654397,7.621023,-4.4
6817,-2.836218,2.645888,7.621023,-4.4
6818,-2.809452,2.637003,7.621023,-4.4
6819,-2.782036,2.626297,7.621023,-4.4
6820,-2.754752,2.613417,7.621023,-4.4
6821,-2.727864,2.601935,7.621023,-4.4
6822,-2.701282,2.59022,7.621023,-4.4
6823,-2.672838,2.577632,7.621023,-4.4
6824,-2.645078,2.561064,7.621023,-4.4
6825,-2.619452,2.544757,7.621023,-4.4
6826,-2.592363,2.528067,7.621023,-4.4
6827,-2.563663,2.510663,7.621023,-4.4
6828,-2.537246,2.494903,7.621023,-4.4
6829,-2.510509,2.480542,7.621023,-4.4
6830,-2.482217,2.465153,7.621023,-4.4
6831,-2.45318,2.448874,7.621023,-4.4
6832,-2.423723,2.431684,7.621023,-4.4
6833,-2.393563,2.413574,7.621023,-4.4
6834,-2.364146,2.394158,7.621023,-4.4
6835,-2.335922,2.375024,7.621023,-4.4
6836,-2.310956,2.35914,7.621023,-4.4
6837,-2.289226,2.344368,7.621023,-4.4
6838,-2.267475,2.330355,7.621023,-4.4
6839,-2.246564,2.317609,7.621023,-4.4
6840,-2.228414,2.308644,7.621023,-4.4
6841,-2.207924,2.301732,7.621023,-4.4
6842,-2.18654,2.292124,7.621023,-4.4
6843,-2.167201,2.281639,7.621023,-4.4
6844,-2.142925,2.275617,7.621023,-4.4
6845,-2.118657,2.266985,7.621023,-4.4
6846,-2.094381,2.258892,7.621023,-4.4
6847,-2.072605,2.2527,7.621023,-4.4
6848,-2.052936,2.245953,7.621023,-4.4
6849,-2.033532,2.24083,7.621023,-4.4
6850,-2.011369,2.234894,7.621023,-4.4
6851,-1.988249,2.22662,7.621023,-4.4
6852,-1.965156,2.217571,7.621023,-4.4
6853,-1.942212,2.209458,7.621023,-4.4
6854,-1.917941,2.201566,7.621023,-4.4
6855,-1.891559,2.193857,7.621023,-4.4
6856,-1.865879,2.188079,7.621023,-4.4
6857,-1.840695,2.182662,7.621023,-4.4
6858,-1.811765,2.176656,7.621023,-4.4
6859,-1.780624,2.171207,7.621023,-4.4
6860,-1.748023,2.164216,7.621023,-4.4
6861,-1.717535,2.156816,7.621023,-4.4
6862,-1.691175,2.149421,7.621023,-4.4
6863,-1.666802,2.142887,7.621023,-4.4
6864,-1.639903,2.138036,7.621023,-4.4
6865,-1.613968,2.133597,7.621023,-4.4
6866,-1.588147,2.129403,7.621023,-4.4
6867,-1.561218,2.125247,7.621023,-4.4
6868,-1.535116,2.120758,7.621023,-4.4
6869,-1.507634,2.116564,7.621023,-4.4
6870,-1.479489,2.111989,7.621023,-4.4
6871,-1.452549,2.108156,7.621023,-4.4
6872,-1.424403,2.100777,7.621023,-4.4
6873,-1.397199,2.093699,7.621023,-4.4
6874,-1.369483,2.086214,7.621023,-4.4
6875,-1.343365,2.075988,7.621023,-4.4
6876,-1.318282,2.064671,7.621023,-4.4
6877,-1.294466,2.051943,7.621023,-4.4
6878,-1.268447,2.037245,7.621023,-4.4
6879,-1.240638,2.019221,7.621023,-4.4
6880,-1.213464,2.000689,7.621023,-4.4
6881,-1.185266,1.983037,7.621023,-4.4
6882,-1.160281,1.966203,7.621023,-4.4
6883,-1.135122,1.948685,7.621023,-4.4
6884,-1.105918,1.928258,7.621023,-4.4
6885,-1.077839,1.907045,7.621023,-4.4
6886,-1.048981,1.886171,7.621023,-4.4
6887,-1.021019,1.866454,7.621023,-4.4
6888,-0.9961155,1.849308,7.621023,-4.4
6889,-0.9738498,1.832892,7.621023,-4.4
6890,-0.9537469,1.818869,7.621023,-4.4
6891,-0.9332396,1.806418,7.621023,-4.4
6892,-0.9121365,1.795095,7.621023,-4.4
6893,-0.8939757,1.785201,7.621023,-4.4
6894,-0.8748087,1.776524,7.621023,-4.4
6895,-0.8598452,1.766856,7.621023,-4.4
6896,-0.841317,1.759899,7.621023,-4.4
6897,-0.8210101,1.75166,7.621023,-4.4
6898,-0.7961103,1.742369,7.621023,-4.4
6899,-0.7725345,1.732286,7.621023,-4.4
6900,-0.7511942,1.722543,7.621023,-4.4
6901,-0.7332178,1.714775,7.621023,-4.4
6902,-0.7148973,1.708822,7.621023,-4.4
6903,-0.692521,1.701547,7.621023,-4.4
6904,-0.669704,1.69419,7.621023,-4.4
6905,-0.6454674,1.685771,7.621023,-4.4
6906,-0.6218309,1.676976,7.621023,-4.4
6907,-0.5968025,1.668109,7.621023,-4.4
6908,-0.5732037,1.659046,7.621023,-4.4
6909,-0.5480943,1.649682,7.621023,-4.4
6910,-0.5233479,1.641656,7.621023,-4.4
6911,-0.4978126,1.634292,7.621023,-4.4
6912,-0.47128,1.626079,7.621023,-4.4
6913,-0.4434586,1.616069,7.621023,-4.4
6914,-0.4124481,1.606477,7.621023,-4.4
6915,-0.3833178,1.598917,7.621023,-4.4
6916,-0.3521987,1.59136,7.621023,-4.4
6917,-0.322628,1.584388,7.621023,-4.4
6918,-0.2959861,1.582314,7.621023,-4.4
6919,-0.2713001,1.577811,7.621023,-4.4
6920,-0.2433096,1.57428,7.621023,-4.4
6921,-0.2181598,1.570688,7.621023,-4.4
6922,-0.1909912,1.564522,7.621023,-4.4
6923,-0.1637601,1.557675,7.621023,-4.4
6924,-0.1339227,1.549426,7.621023,-4.4
6925,-0.1051116,1.54023,7.621023,-4.4
6926,-0.07831499,1.531763,7.621023,-4.4
6927,-0.05306774,1.520947,7.621023,-4.4
6928,-0.02896412,1.508465,7.621023,-4.4
6929,-0.004707567,1.497359,7.621023,-4.4
6930,0.0195987,1.484437,7.621023,-4.4
6931,0.04501881,1.46926,7.621023,-4.4
6932,0.07120185,1.452638,7.621023,-4.4
6933,0.09725473,1.435119,7.621023,-4.4
6934,0.1211987,1.418107,7.621023,-4.4
6935,0.1443084,1.398939,7.621023,-4.4
6936,0.168781,1.378231,7.621023,-4.4
6937,0.1932252,1.359406,7.621023,-4.4
6938,0.2169719,1.340466,7.621023,-4.4
6939,0.2454835,1.31937,7.621023,-4.4
6940,0.2730004,1.297118,7.621023,-4.4
6941,0.3020186,1.275738,7.621023,-4.4
6942,0.3285226,1.253858,7.621023,-4.4
6943,0.3534022,1.233835,7.621023,-4.4
6944,0.3768942,1.216447,7.621023,-4.4
6945,0.3973837,1.201802,7.621023,-4.4
6946,0.4182283,1.18801,7.621023,-4.4
6947,0.4348205,1.176839,7.621023,-4.4
6948,0.4533713,1.16662,7.621023,-4.4
6949,0.4708092,1.156222,7.621023,-4.4
6950,0.4880446,1.145632,7.621023,-4.4
6951,0.5071782,1.13256,7.621023,-4.4
6952,0.529716,1.120348,7.621023,-4.4
6953,0.5532852,1.107076,7.621023,-4.4
6954,0.5730403,1.095883,7.621023,-4.4
6955,0.5930232,1.08623,7.621023,-4.4
6956,0.6156069,1.075903,7.621023,-4.4
6957,0.6365926,1.06565,7.621023,-4.4
6958,0.6571572,1.056054,7.621023,-4.4
6959,0.6788312,1.046564,7.621023,-4.4
6960,0.6987747,1.036133,7.621023,-4.4
6961,0.7216828,1.026784,7.621023,-4.4
6962,0.7438709,1.017838,7.621023,-4.4
6963,0.7673979,1.007065,7.621023,-4.4
6964,0.7915704,0.9965068,7.621023,-4.4
6965,0.8185861,0.987082,7.621023,-4.4
6966,0.8452817,0.9777563,7.621023,-4.4
6967,0.8763456,0.966463,7.621023,-4.4
6968,0.9055265,0.9555337,7.621023,-4.4
6969,0.9374336,0.9431751,7.621023,-4.4
6970,0.9669998,0.9328424,7.621023,-4.4
6971,0.9936,0.9244457,7.621023,-4.4
6972,1.01941,0.9188768,7.621023,-4.4
6973,1.048502,0.9133148,7.621023,-4.4
6974,1.077722,0.9054601,7.621023,-4.4
6975,1.106057,0.8956136,7.621023,-4.4
6976,1.133055,0.883953,7.621023,-4.4
6977,1.161306,0.873399,7.621023,-4.4
6978,1.188948,0.8638261,7.621023,-4.4
6979,1.215795,0.8528633,7.621023,-4.4
6980,1.239849,0.8425928,7.621023,-4.4
6981,1.26381,0.8313771,7.621023,-4.4
6982,1.28816,0.8179765,7.621023,-4.4
6983,1.311249,0.802502,7.621023,-4.4
6984,1.332588,0.7870374,7.621023,-4.4
6985,1.356777,0.7682335,7.621023,-4.4
6986,1.381117,0.7493767,7.621023,-4.4
6987,1.4062,0.7294798,7.621023,-4.4
6988,1.430937,0.7096802,7.621023,-4.4
6989,1.455388,0.6870779,7.621023,-4.4
6990,1.47851,0.6655443,7.621023,-4.4
6991,1.502883,0.6429706,7.621023,-4.4
6992,1.526963,0.6208435,7.621023,-4.4
6993,1.55256,0.5992447,7.621023,-4.4
6994,1.579324,0.5795513,7.621023,-4.4
6995,1.606341,0.5575917,7.621023,-4.4
6996,1.630554,0.5339238,7.621023,-4.4
6997,1.651197,0.5109011,7.621023,-4.4
6998,1.674151,0.491432,7.621023,-4.4
6999,1.693907,0.4750811,7.621023,-4.4
7000,1.713987,0.461441,7.621023,-4.4
7001,1.734675,0.4473841,7.621023,-4.4
7002,1.753044,0.4350001,7.621023,-4.4
7003,1.770772,0.4225341,7.621023,-4.4
7004,1.787968,0.4107914,7.621023,-4.4
7005,1.806854,0.3962305,7.621023,-4.4
7006,1.828689,0.3806444,7.621023,-4.4
7007,1.846116,0.3653296,7.621023,-4.4
7008,1.863298,0.3521667,7.621023,-4.4
7009,1.887053,0.3381222,7.621023,-4.4
7010,1.909337,0.3266844,7.621023,-4.4
7011,1.930548,0.3160754,7.621023,-4.4
7012,1.950301,0.3050791,7.621023,-4.4
7013,1.969558,0.2953008,7.621023,-4.4
7014,1.988773,0.2840251,7.621023,-4.4
7015,2.009623,0.2722023,7.621023,-4.4
7016,2.030451,0.2614318,7.621023,-4.4
7017,2.053382,0.2493589,7.621023,-4.4
7018,2.077106,0.2360686,7.621023,-4.4
7019,2.100381,0.2240643,7.621023,-4.4
7020,2.124665,0.2121043,7.621023,-4.4
7021,2.149073,0.2011276,7.621023,-4.4
7022,2.177119,0.189005,7.621023,-4.4
7023,2.20852,0.1746842,7.621023,-4.4
7024,2.237434,0.1611468,7.621023,-4.4
7025,2.265545,0.1462314,7.621023,-4.4
7026,2.289737,0.1339273,7.621023,-4.4
7027,2.310651,0.1213869,7.621023,-4.4
7028,2.331275,0.1103176,7.621023,-4.4
7029,2.354512,0.1021639,7.621023,-4.4
7030,2.38076,0.09331002,7.621023,-4.4
7031,2.407327,0.0800366,7.621023,-4.4
7032,2.431167,0.06502952,7.621023,-4.4
7033,2.455336,0.05235989,7.621023,-4.4
7034,2.481913,0.0385381,7.621023,-4.4
7035,2.507596,0.02488027,7.621023,-4.4
7036,2.53093,0.008023966,7.621023,-4.4
7037,2.552491,-0.007679677,7.621023,-4.4
7038,2.575486,-0.0241997,7.621023,-4.4
7039,2.599451,-0.0418557,7.621023,-4.4
7040,2.622339,-0.05854128,7.621023,-4.4
7041,2.644775,-0.07660715,7.621023,-4.4
7042,2.66858,-0.09858199,7.621023,-4.4
7043,2.691295,-0.1185318,7.621023,-4.4
7044,2.713579,-0.1408107,7.621023,-4.4
7045,2.734737,-0.1616054,7.621023,-4.4
7046,2.754332,-0.1816571,7.621023,-4.4
7047,2.773452,-0.2031943,7.621023,-4.4
7048,2.796403,-0.2252908,7.621023,-4.4
7049,2.818701,-0.2475778,7.621023,-4.4
7050,2.840322,-0.271481,7.621023,-4.4
7051,2.863168,-0.2957017,7.621023,-4.4
7052,2.882483,-0.3183752,7.621023,-4.4
7053,2.901798,-0.3364524,7.621023,-4.4
7054,2.918695,-0.3522974,7.621023,-4.4
7055,2.933497,-0.366925,7.621023,-4.4
7056,2.948634,-0.3802826,7.621023,-4.4
7057,2.96356,-0.3944423,7.621023,-4.4
7058,2.976047,-0.408964,7.621023,-4.4
7059,2.99361,-0.4234303,7.621023,-4.4
7060,3.012763,-0.4361994,7.621023,-4.4
7061,3.032619,-0.4500144,7.621023,-4.4
7062,3.050053,-0.4642598,7.621023,-4.4
7063,3.070287,-0.4772182,7.621023,-4.4
7064,3.092291,-0.4884234,7.621023,-4.4
7065,3.111185,-0.5009813,7.621023,-4.4
7066,3.130017,-0.5141031,7.621023,-4.4
7067,3.149461,-0.5273178,7.621023,-4.4
7068,3.168424,-0.5408188,7.621023,-4.4
7069,3.187545,-0.5558108,7.621023,-4.4
7070,3.208585,-0.5701993,7.621023,-4.4
7071,3.23124,-0.5849257,7.621023,-4.4
7072,3.2523,-0.6002485,7.621023,-4.4
7073,3.273148,-0.6135367,7.621023,-4.4
7074,3.29642,-0.6268412,7.621023,-4.4
7075,3.322711,-0.6405011,7.621023,-4.4
7076,3.348058,-0.6530213,7.621023,-4.4
7077,3.376937,-0.6696379,7.621023,-4.4
7078,3.403694,-0.6864309,7.621023,-4.4
7079,3.430845,-0.7005944,7.621023,-4.4
7080,3.457276,-0.7141339,7.621023,-4.4
7081,3.479584,-0.7266058,7.621023,-4.4
7082,3.502641,-0.7369113,7.621023,-4.4
7083,3.524869,-0.7478845,7.621023,-4.4
7084,3.547404,-0.7596881,7.621023,-4.4
7085,3.573138,-0.7716864,7.621023,-4.4
7086,3.599744,-0.7857674,7.621023,-4.4
7087,3.62507,-0.8003708,7.621023,-4.4
7088,3.650664,-0.816935,7.621023,-4.4
7089,3.674107,-0.832729,7.621023,-4.4
7090,3.697541,-0.8504657,7.621023,-4.4
7091,3.720483,-0.8695556,7.621023,-4.4
7092,3.742237,-0.8891907,7.621023,-4.4
7093,3.764386,-0.9095381,7.621023,-4.4
7094,3.787743,-0.9329423,7.621023,-4.4
7095,3.810435,-0.9568294,7.621023,-4.4
7096,3.832681,-0.9791347,7.621023,-4.4
7097,3.855795,-1.002618,7.621023,-4.4
7098,3.877609,-1.024348,7.621023,-4.4
7099,3.898858,-1.047209,7.621023,-4.4
7100,3.918443,-1.070615,7.621023,-4.4
7101,3.942227,-1.095391,7.621023,-4.4
7102,3.966538,-1.119874,7.621023,-4.4
7103,3.989198,-1.144406,7.621023,-4.4
7104,4.01197,-1.169199,7.621023,-4.4
7105,4.029427,-1.189076,7.621023,-4.4
7106,4.048295,-1.204146,7.621023,-4.4
7107,4.063408,-1.218839,7.621023,-4.4
7108,4.07917,-1.23038,7.621023,-4.4
7109,4.094018,-1.242431,7.621023,-4.4
7110,4.108646,-1.25616,7.621023,-4.4
7111,4.124872,-1.270499,7.621023,-4.4
7112,4.143183,-1.283694,7.621023,-4.4
7113,4.161747,-1.300218,7.621023,-4.4
7114,4.181241,-1.315012,7.621023,-4.4
7115,4.201101,-1.328438,7.621023,-4.4
7116,4.222202,-1.340672,7.621023,-4.4
7117,4.24562,-1.354562,7.621023,-4.4
7118,4.265275,-1.367141,7.621023,-4.4
7119,4.280683,-1.380208,7.621023,-4.4
7120,4.296565,-1.394077,7.621023,-4.4
7121,4.315126,-1.406432,7.621023,-4.4
7122,4.336589,-1.419927,7.621023,-4.4
7123,4.359324,-1.43421,7.621023,-4.4
7124,4.382905,-1.448141,7.621023,-4.4
7125,4.405928,-1.461738,7.621023,-4.4
7126,4.427919,-1.473896,7.621023,-4.4
7127,4.450521,-1.485619,7.621023,-4.4
7128,4.474814,-1.497745,7.621023,-4.4
7129,4.499412,-1.510869,7.621023,-4.4
7130,4.525282,-1.524315,7.621023,-4.4
7131,4.550025,-1.536671,7.621023,-4.4
7132,4.577596,-1.552045,7.621023,-4.4
7133,4.605328,-1.563772,7.621023,-4.4
7134,4.630301,-1.575193,7.621023,-4.4
7135,4.656258,-1.584049,7.621023,-4.4
7136,4.682121,-1.594522,7.621023,-4.4
7137,4.710092,-1.606633,7.621023,-4.4
7138,4.738411,-1.620393,7.621023,-4.4
7139,4.766797,-1.634012,7.621023,-4.4
7140,4.794989,-1.647373,7.621023,-4.4
7141,4.821605,-1.660787,7.621023,-4.4
7142,4.846787,-1.673505,7.621023,-4.4
7143,4.870086,-1.687863,7.621023,-4.4
7144,4.893,-1.704329,7.621023,-4.4
7145,4.917662,-1.721611,7.621023,-4.4
7146,4.942749,-1.740317,7.621023,-4.4
7147,4.96705,-1.759255,7.621023,-4.4
7148,4.990087,-1.778489,7.621023,-4.4
7149,5.013275,-1.796949,7.621023,-4.4
7150,5.035488,-1.816984,7.621023,-4.4
7151,5.058771,-1.838271,7.621023,-4.4
7152,5.081094,-1.859412,7.621023,-4.4
7153,5.103686,-1.880978,7.621023,-4.4
7154,5.127024,-1.903448,7.621023,-4.4
7155,5.151588,-1.927654,7.621023,-4.4
7156,5.175183,-1.950729,7.621023,-4.4
7157,5.200783,-1.97541,7.621023,-4.4
7158,5.224862,-1.999649,7.621023,-4.4
7159,5.245525,-2.02227,7.621023,-4.4
7160,5.262801,-2.041937,7.621023,-4.4
7161,5.278602,-2.058919,7.621023,-4.4
7162,5.294397,-2.075339,7.621023,-4.4
7163,5.310575,-2.088982,7.621023,-4.4
7164,5.325038,-2.101924,7.621023,-4.4
7165,5.340564,-2.113135,7.621023,-4.4
7166,5.357086,-2.124632,7.621023,-4.4
7167,5.377434,-2.137615,7.621023,-4.4
7168,5.396699,-2.150052,7.621023,-4.4
7169,5.418163,-2.162317,7.621023,-4.4
7170,5.438913,-2.174271,7.621023,-4.4
7171,5.458622,-2.186791,7.621023,-4.4
7172,5.478627,-2.198171,7.621023,-4.4
7173,5.497641,-2.209247,7.621023,-4.4
7174,5.516267,-2.220286,7.621023,-4.4
7175,5.536011,-2.23264,7.621023,-4.4
7176,5.556487,-2.246012,7.621023,-4.4
7177,5.576524,-2.259289,7.621023,-4.4
7178,5.598907,-2.272621,7.621023,-4.4
7179,5.621864,-2.284903,7.621023,-4.4
7180,5.644509,-2.298348,7.621023,-4.4
7181,5.672369,-2.314181,7.621023,-4.4
7182,5.698612,-2.330843,7.621023,-4.4
7183,5.724468,-2.347819,7.621023,-4.4
7184,5.7476,-2.361895,7.621023,-4.4
7185,5.768819,-2.373975,7.621023,-4.4
7186,5.790781,-2.384898,7.621023,-4.4
7187,5.817029,-2.39523,7.621023,-4.4
7188,5.842114,-2.408486,7.621023,-4.4
7189,5.867932,-2.42394,7.621023,-4.4
7190,5.891458,-2.439367,7.621023,-4.4
7191,5.915641,-2.453654,7.621023,-4.4
7192,5.941154,-2.468198,7.621023,-4.4
7193,5.966423,-2.483513,7.621023,-4.4
7194,5.991031,-2.500895,7.621023,-4.4
7195,6.0147,-2.516681,7.621023,-4.4
7196,6.035558,-2.53144,7.621023,-4.4
7197,6.056513,-2.547685,7.621023,-4.4
7198,6.075774,-2.564711,7.621023,-4.4
7199,6.095506,-2.586249,7.621023,-4.4
7200,6.116067,-2.608556,7.621023,-4.4
7201,6.137266,-2.633181,7.621023,-4.4
7202,6.156359,-2.65706,7.621023,-4.4
7203,6.176362,-2.682338,7.621023,-4.4
7204,6.196104,-2.709567,7.621023,-4.4
7205,6.215168,-2.734921,7.621023,-4.4
7206,6.234746,-2.759835,7.621023,-4.4
7207,6.25509,-2.784587,7.621023,-4.4
7208,6.274985,-2.810615,7.621023,-4.4
7209,6.296263,-2.835192,7.621023,-4.4
7210,6.315071,-2.857976,7.621023,-4.4
7211,6.33206,-2.880985,7.621023,-4.4
7212,6.350655,-2.901522,7.621023,-4.4
7213,6.367653,-2.919677,7.621023,-4.4
7214,6.385294,-2.937498,7.621023,-4.4
7215,6.403664,-2.953978,7.621023,-4.4
7216,6.418718,-2.966278,7.621023,-4.4
7217,6.433039,-2.980365,7.621023,-4.4
7218,6.446826,-2.99493,7.621023,-4.4
7219,6.463634,-3.007369,7.621023,-4.4
7220,6.482621,-3.022971,7.621023,-4.4
7221,6.501019,-3.038717,7.621023,-4.4
7222,6.518911,-3.054209,7.621023,-4.4
7223,6.534777,-3.068027,7.621023,-4.4
7224,6.553004,-3.082403,7.621023,-4.4
7225,6.572231,-3.09722,7.621023,-4.4
7226,6.589006,-3.110725,7.621023,-4.4
7227,6.608311,-3.125435,7.621023,-4.4
7228,6.628906,-3.141133,7.621023,-4.4
7229,6.650846,-3.154781,7.621023,-4.4
7230,6.669611,-3.167273,7.621023,-4.4
7231,6.688673,-3.182147,7.621023,-4.4
7232,6.708127,-3.196072,7.621023,-4.4
7233,6.729235,-3.211241,7.621023,-4.4
7234,6.75024,-3.226794,7.621023,-4.4
7235,6.775226,-3.242033,7.621023,-4.4
7236,6.797594,-3.256747,7.621023,-4.4
7237,6.818056,-3.271648,7.621023,-4.4
7238,6.841173,-3.28807,7.621023,-4.4
7239,6.864695,-3.302307,7.621023,-4.4
7240,6.892027,-3.315634,7.621023,-4.4
7241,6.917369,-3.330925,7.621023,-4.4
7242,6.939845,-3.346089,7.621023,-4.4
7243,6.965439,-3.360024,7.621023,-4.4
7244,6.98814,-3.374737,7.621023,-4.4
7245,7.012711,-3.3901,7.621023,-4.4
7246,7.03744,-3.405679,7.621023,-4.4
7247,7.060142,-3.420141,7.621023,-4.4
7248,7.083752,-3.434538,7.621023,-4.4
7249,7.108794,-3.451422,7.621023,-4.4
7250,7.131619,-3.470773,7.621023,-4.4
7251,7.150568,-3.487957,7.621023,-4.4
7252,7.170443,-3.504182,7.621023,-4.4
7253,7.189476,-3.52173,7.621023,-4.4
7254,7.210662,-3.545658,7.621023,-4.4
7255,7.23018,-3.56925,7.621023,-4.4
7256,7.249393,-3.594761,7.621023,-4.4
7257,7.26841,-3.620684,7.621023,-4.4
7258,7.286361,-3.650421,7.621023,-4.4
7259,7.302788,-3.67645,7.621023,-4.4
7260,7.319456,-3.701512,7.621023,-4.4
7261,7.337663,-3.729217,7.621023,-4.4
7262,7.355122,-3.756904,7.621023,-4.4
7263,7.371134,-3.787181,7.621023,-4.4
7264,7.389829,-3.816296,7.621023,-4.4
7265,7.406687,-3.844206,7.621023,-4.4
7266,7.420076,-3.868638,7.621023,-4.4
7267,7.433346,-3.891043,7.621023,-4.4
7268,7.446654,-3.91012,7.621023,-4.4
7269,7.461458,-3.927138,7.621023,-4.4
7270,7.475513,-3.943672,7.621023,-4.4
7271,7.488415,-3.961966,7.621023,-4.4
7272,7.50264,-3.980422,7.621023,-4.4
7273,7.516462,-3.999996,7.621023,-4.4
7274,7.53261,-4.01897,7.621023,-4.4
7275,7.548379,-4.03507,7.621023,-4.4
7276,7.56473,-4.052258,7.621023,-4.4
7277,7.581932,-4.067697,7.621023,-4.4
7278,7.596783,-4.083182,4.4,-7.621024
7279,7.611323,-4.096564,4.4,-7.621024
7280,7.62614,-4.109582,4.4,-7.621024
7281,7.643909,-4.125142,4.4,-7.621024
7282,7.659443,-4.140431,4.4,-7.621024
7283,7.674123,-4.154549,4.4,-7.621024
7284,7.689426,-4.166615,4.4,-7.621024
7285,7.706955,-4.178968,4.4,-7.621024
7286,7.72469,-4.190736,4.4,-7.621024
7287,7.740066,-4.205262,4.4,-7.621024
7288,7.751665,-4.217191,4.4,-7.621024
7289,7.761368,-4.227807,4.4,-7.621024
7290,7.771079,-4.238466,4.4,-7.621024
7291,7.782121,-4.252813,4.4,-7.621024
7292,7.794682,-4.27144,4.4,-7.621024
7293,7.806627,-4.294128,4.4,-7.621024
7294,7.816022,-4.314772,4.4,-7.621024
7295,7.824282,-4.330897,4.4,-7.621024
7296,7.832313,-4.349879,4.4,-7.621024
7297,7.837576,-4.366272,4.4,-7.621024
7298,7.844222,-4.379503,4.4,-7.621024
7299,7.849758,-4.394633,4.4,-7.621024
7300,7.853622,-4.409563,4.4,-7.621024
7301,7.858036,-4.423816,4.4,-7.621024
7302,7.86125,-4.437817,4.4,-7.621024
7303,7.861405,-4.451824,4.4,-7.621024
7304,7.860508,-4.467187,4.4,-7.621024
7305,7.856913,-4.482345,4.4,-7.621024
7306,7.851577,-4.49711,4.4,-7.621024
7307,7.842904,-4.515579,4.4,-7.621024
7308,7.831512,-4.536113,4.4,-7.621024
7309,7.8194,-4.556622,4.4,-7.621024
7310,7.804973,-4.578856,4.4,-7.621024
7311,7.789708,-4.599885,4.4,-7.621024
7312,7.771867,-4.617977,4.4,-7.621024
7313,7.755427,-4.634463,4.4,-7.621024
7314,7.739141,-4.651554,4.4,-7.621024
7315,7.72352,-4.667757,4.4,-7.621024
7316,7.705401,-4.686885,4.4,-7.621024
7317,7.686395,-4.709639,4.4,-7.621024
7318,7.666778,-4.732412,4.4,-7.621024
7319,7.648918,-4.753915,4.4,-7.621024
7320,7.631615,-4.775822,4.4,-7.621024
7321,7.614372,-4.794823,4.4,-7.621024
7322,7.599238,-4.809776,4.4,-7.621024
7323,7.587237,-4.825139,4.4,-7.621024
7324,7.578216,-4.839802,4.4,-7.621024
7325,7.567265,-4.857776,4.4,-7.621024
7326,7.5568,-4.875226,4.4,-7.621024
7327,7.547709,-4.889489,4.4,-7.621024
7328,7.537441,-4.907004,4.4,-7.621024
7329,7.526857,-4.92696,4.4,-7.621024
7330,7.515552,-4.946483,4.4,-7.621024
7331,7.503727,-4.96278,4.4,-7.621024
7332,7.495637,-4.98112,4.4,-7.621024
7333,7.485256,-5.000402,4.4,-7.621024
7334,7.47351,-5.01972,4.4,-7.621024
7335,7.459706,-5.041441,4.4,-7.621024
7336,7.446769,-5.062443,4.4,-7.621024
7337,7.436359,-5.080166,4.4,-7.621024
7338,7.424897,-5.09857,4.4,-7.621024
7339,7.412451,-5.119563,4.4,-7.621024
7340,7.398172,-5.140697,4.4,-7.621024
7341,7.384573,-5.161157,4.4,-7.621024
7342,7.37172,-5.181844,4.4,-7.621024
7343,7.356974,-5.206251,4.4,-7.621024
7344,7.342599,-5.230078,4.4,-7.621024
7345,7.326927,-5.255266,4.4,-7.621024
7346,7.312158,-5.280497,4.4,-7.621024
7347,7.299658,-5.303274,4.4,-7.621024
7348,7.290231,-5.32412,4.4,-7.621024
7349,7.280199,-5.346571,4.4,-7.621024
7350,7.267083,-5.367951,4.4,-7.621024
7351,7.254685,-5.385909,4.4,-7.621024
7352,7.24207,-5.405081,4.4,-7.621024
7353,7.22864,-5.426422,4.4,-7.621024
7354,7.216852,-5.448086,4.4,-7.621024
7355,7.20311,-5.470165,4.4,-7.621024
7356,7.189284,-5.491803,4.4,-7.621024
7357,7.172722,-5.510054,4.4,-7.621024
7358,7.154461,-5.527563,4.4,-7.621024
7359,7.133053,-5.545967,4.4,-7.621024
7360,7.10957,-5.564423,4.4,-7.621024
7361,7.087039,-5.584001,4.4,-7.621024
7362,7.063123,-5.60063,4.4,-7.621024
7363,7.037322,-5.61747,4.4,-7.621024
7364,7.011784,-5.634434,4.4,-7.621024
7365,6.987803,-5.650194,4.4,-7.621024
7366,6.963151,-5.664856,4.4,-7.621024
7367,6.93704,-5.677458,4.4,-7.621024
7368,6.910577,-5.690077,4.4,-7.621024
7369,6.882761,-5.705934,4.4,-7.621024
7370,6.857998,-5.720253,4.4,-7.621024
7371,6.832913,-5.734847,4.4,-7.621024
7372,6.808743,-5.749228,4.4,-7.621024
7373,6.783514,-5.762739,4.4,-7.621024
7374,6.762504,-5.776162,4.4,-7.621024
7375,6.741103,-5.790034,4.4,-7.621024
7376,6.722204,-5.802107,4.4,-7.621024
7377,6.703258,-5.815607,4.4,-7.621024
7378,6.684498,-5.829996,4.4,-7.621024
7379,6.668272,-5.845147,4.4,-7.621024
7380,6.650251,-5.861002,4.4,-7.621024
7381,6.633183,-5.874849,4.4,-7.621024
7382,6.615844,-5.887691,4.4,-7.621024
7383,6.599063,-5.903828,4.4,-7.621024
7384,6.584235,-5.918628,4.4,-7.621024
7385,6.569924,-5.935806,4.4,-7.621024
7386,6.557414,-5.951764,4.4,-7.621024
7387,6.541489,-5.967906,4.4,-7.621024
7388,6.524698,-5.982782,4.4,-7.621024
7389,6.508418,-5.999694,4.4,-7.621024
7390,6.491233,-6.015299,4.4,-7.621024
7391,6.475171,-6.030843,4.4,-7.621024
7392,6.458766,-6.048248,4.4,-7.621024
7393,6.441525,-6.067413,4.4,-7.621024
7394,6.426533,-6.085123,4.4,-7.621024
7395,6.409506,-6.105165,4.4,-7.621024
7396,6.390708,-6.127305,4.4,-7.621024
7397,6.372642,-6.149564,4.4,-7.621024
7398,6.353227,-6.173856,4.4,-7.621024
7399,6.332026,-6.19754,4.4,-7.621024
7400,6.314933,-6.219376,4.4,-7.621024
7401,6.300597,-6.240765,4.4,-7.621024
7402,6.286622,-6.26287,4.4,-7.621024
7403,6.270115,-6.283021,4.4,-7.621024
7404,6.253764,-6.30065,4.4,-7.621024
7405,6.238483,-6.320703,4.4,-7.621024
7406,6.223451,-6.342808,4.4,-7.621024
7407,6.20732,-6.36512,4.4,-7.621024
7408,6.189111,-6.387031,4.4,-7.621024
7409,6.170362,-6.40901,4.4,-7.621024
7410,6.152434,-6.430515,4.4,-7.621024
7411,6.135534,-6.449088,4.4,-7.621024
7412,6.119058,-6.467562,4.4,-7.621024
7413,6.100115,-6.48637,4.4,-7.621024
7414,6.07891,-6.504139,4.4,-7.621024
7415,6.05502,-6.521333,4.4,-7.621024
7416,6.0298,-6.537568,4.4,-7.621024
7417,6.003909,-6.553339,4.4,-7.621024
7418,5.975515,-6.568085,4.4,-7.621024
7419,5.947902,-6.583023,4.4,-7.621024
7420,5.918524,-6.597527,4.4,-7.621024
7421,5.890485,-6.611883,4.4,-7.621024
7422,5.863471,-6.626251,4.4,-7.621024
7423,5.835442,-6.641778,4.4,-7.621024
7424,5.807798,-6.656384,4.4,-7.621024
7425,5.777344,-6.669263,4.4,-7.621024
7426,5.750185,-6.682458,4.4,-7.621024
7427,5.727885,-6.697466,4.4,-7.621024
7428,5.705566,-6.711399,4.4,-7.621024
7429,5.682519,-6.726454,4.4,-7.621024
7430,5.661233,-6.740258,4.4,-7.621024
7431,5.644561,-6.753042,4.4,-7.621024
7432,5.623771,-6.766079,4.4,-7.621024
7433,5.604507,-6.78121,4.4,-7.621024
7434,5.589392,-6.796159,4.4,-7.621024
7435,5.570577,-6.811117,4.4,-7.621024
7436,5.550412,-6.828084,4.4,-7.621024
7437,5.531013,-6.844783,4.4,-7.621024
7438,5.511633,-6.862339,4.4,-7.621024
7439,5.493235,-6.88001,4.4,-7.621024
7440,5.475554,-6.897644,4.4,-7.621024
7441,5.457546,-6.915256,4.4,-7.621024
7442,5.440424,-6.934027,4.4,-7.621024
7443,5.425303,-6.950934,4.4,-7.621024
7444,5.409726,-6.966385,4.4,-7.621024
7445,5.390547,-6.985546,4.4,-7.621024
7446,5.371316,-7.00497,4.4,-7.621024
7447,5.352626,-7.026458,4.4,-7.621024
7448,5.333809,-7.047979,4.4,-7.621024
7449,5.314242,-7.071336,4.4,-7.621024
7450,5.295249,-7.093137,4.4,-7.621024
7451,5.27727,-7.112002,4.4,-7.621024
7452,5.255589,-7.134652,4.4,-7.621024
7453,5.237889,-7.152506,4.4,-7.621024
7454,5.221407,-7.173495,4.4,-7.621024
7455,5.202328,-7.193859,4.4,-7.621024
7456,5.185164,-7.215721,4.4,-7.621024
7457,5.166456,-7.237864,4.4,-7.621024
7458,5.146394,-7.259773,4.4,-7.621024
7459,5.126764,-7.285171,4.4,-7.621024
7460,5.10847,-7.312496,4.4,-7.621024
7461,5.089327,-7.337901,4.4,-7.621024
7462,5.069369,-7.361411,4.4,-7.621024
7463,5.04974,-7.385393,4.4,-7.621024
7464,5.028755,-7.407052,4.4,-7.621024
7465,5.00738,-7.427109,4.4,-7.621024
7466,4.984573,-7.446919,4.4,-7.621024
7467,4.958082,-7.465145,4.4,-7.621024
7468,4.931618,-7.482831,4.4,-7.621024
7469,4.907017,-7.498925,4.4,-7.621024
7470,4.881782,-7.514655,4.4,-7.621024
7471,4.856649,-7.529359,4.4,-7.621024
7472,4.829324,-7.544804,4.4,-7.621024
7473,4.802313,-7.55928,4.4,-7.621024
7474,4.772891,-7.576359,4.4,-7.621024
7475,4.741059,-7.594076,4.4,-7.621024
7476,4.710655,-7.609952,4.4,-7.621024
7477,4.678421,-7.627063,4.4,-7.621024
7478,4.647425,-7.641438,4.4,-7.621024
7479,4.618802,-7.65295,4.4,-7.621024
7480,4.593006,-7.66184,4.4,-7.621024
7481,4.568786,-7.671407,4.4,-7.621024
7482,4.544779,-7.680332,0,8.8
7483,4.520824,-7.688973,0,8.8
7484,4.498592,-7.697855,0,8.8
7485,4.477576,-7.708443,0,8.8
7486,4.455548,-7.719151,0,8.8
7487,4.431968,-7.72972,0,8.8
7488,4.408544,-7.741075,0,8.8
7489,4.383277,-7.752464,0,8.8
7490,4.361031,-7.761081,0,8.8
7491,4.342535,-7.767331,0,8.8
7492,4.327102,-7.774594,0,8.8
7493,4.309848,-7.782385,0,8.8
7494,4.296504,-7.789152,0,8.8
7495,4.283733,-7.797739,0,8.8
7496,4.269342,-7.80905,0,8.8
7497,4.256151,-7.819799,0,8.8
7498,4.244221,-7.833053,0,8.8
7499,4.230491,-7.849023,0,8.8
7500,4.215699,-7.860704,0,8.8
7501,4.199962,-7.872966,0,8.8
7502,4.186787,-7.881795,0,8.8
7503,4.175047,-7.887309,0,8.8
7504,4.165188,-7.889891,0,8.8
7505,4.153986,-7.893067,0,8.8
7506,4.145463,-7.895529,0,8.8
7507,4.129698,-7.89631,0,8.8
7508,4.111819,-7.89789,0,8.8
7509,4.090283,-7.901052,0,8.8
7510,4.071502,-7.900214,0,8.8
7511,4.052777,-7.898302,0,8.8
7512,4.035081,-7.896283,0,8.8
7513,4.019195,-7.895094,0,8.8
7514,4.001877,-7.892735,0,8.8
7515,3.983508,-7.889219,0,8.8
7516,3.965181,-7.885634,0,8.8
7517,3.948432,-7.882586,0,8.8
7518,3.931292,-7.876814,0,8.8
7519,3.91656,-7.871232,0,8.8
7520,3.904038,-7.86401,0,8.8
7521,3.892716,-7.853541,0,8.8
7522,3.884149,-7.840569,0,8.8
7523,3.876409,-7.826858,0,8.8
7524,3.868174,-7.80903,0,8.8
7525,3.860364,-7.791661,0,8.8
7526,3.856502,-7.772106,0,8.8
7527,3.853084,-7.747432,0,8.8
7528,3.851293,-7.723062,0,8.8
7529,3.850078,-7.696959,0,8.8
7530,3.847785,-7.670607,0,8.8
7531,3.845654,-7.645061,0,8.8
7532,3.844287,-7.616941,0,8.8
7533,3.844788,-7.588773,0,8.8
7534,3.844955,-7.560801,0,8.8
7535,3.843999,-7.534263,0,8.8
7536,3.843962,-7.507139,0,8.8
7537,3.843824,-7.482052,0,8.8
7538,3.842868,-7.462624,0,8.8
7539,3.838836,-7.442828,0,8.8
7540,3.833559,-7.422699,0,8.8
7541,3.827691,-7.400401,0,8.8
7542,3.821741,-7.378335,0,8.8
7543,3.815271,-7.354882,0,8.8
7544,3.810069,-7.331174,0,8.8
7545,3.804425,-7.309643,0,8.8
7546,3.799061,-7.288822,0,8.8
7547,3.791182,-7.269951,0,8.8
7548,3.783472,-7.251149,0,8.8
7549,3.77653,-7.229962,0,8.8
7550,3.769569,-7.208252,0,8.8
7551,3.7637,-7.186419,0,8.8
7552,3.757576,-7.163636,0,8.8
7553,3.749965,-7.140366,0,8.8
7554,3.741286,-7.11768,0,8.8
7555,3.732271,-7.092481,0,8.8
7556,3.723572,-7.068537,0,8.8
7557,3.713711,-7.040385,0,8.8
7558,3.703342,-7.010178,0,8.8
7559,3.694034,-6.98183,0,8.8
7560,3.681938,-6.949892,0,8.8
7561,3.669291,-6.923187,0,8.8
7562,3.658298,-6.898138,0,8.8
7563,3.646099,-6.873329,0,8.8
7564,3.637763,-6.848806,0,8.8
7565,3.626276,-6.824655,0,8.8
7566,3.615579,-6.801064,0,8.8
7567,3.607043,-6.776495,0,8.8
7568,3.599004,-6.751021,0,8.8
7569,3.591581,-6.725566,0,8.8
7570,3.583249,-6.699966,0,8.8
7571,3.574105,-6.674722,0,8.8
7572,3.566744,-6.649795,0,8.8
7573,3.560415,-6.625266,0,8.8
7574,3.554973,-6.599484,0,8.8
7575,3.549794,-6.57414,0,8.8
7576,3.547582,-6.546555,0,8.8
7577,3.545242,-6.518837,0,8.8
7578,3.543451,-6.489058,0,8.8
7579,3.543211,-6.458419,0,8.8
7580,3.544493,-6.429236,0,8.8
7581,3.545233,-6.401196,0,8.8
7582,3.545837,-6.371483,0,8.8
7583,3.544886,-6.340858,0,8.8
7584,3.546098,-6.312387,0,8.8
7585,3.547418,-6.284105,0,8.8
7586,3.549472,-6.256722,0,8.8
7587,3.552593,-6.232275,0,8.8
7588,3.555804,-6.206396,0,8.8
7589,3.5567,-6.180979,0,8.8
7590,3.554798,-6.154285,0,8.8
7591,3.554893,-6.129638,0,8.8
7592,3.553317,-6.109073,0,8.8
7593,3.550137,-6.089935,0,8.8
7594,3.549223,-6.072547,0,8.8
7595,3.549567,-6.052833,0,8.8
7596,3.548313,-6.030511,0,8.8
7597,3.544678,-6.009775,0,8.8
7598,3.541409,-5.98873,0,8.8
7599,3.537776,-5.966098,0,8.8
7600,3.532985,-5.945545,0,8.8
7601,3.52647,-5.921221,0,8.8
7602,3.520569,-5.897504,0,8.8
7603,3.51538,-5.877305,0,8.8
7604,3.509724,-5.855306,0,8.8
7605,3.503204,-5.830229,0,8.8
7606,3.496621,-5.806688,0,8.8
7607,3.489839,-5.779749,0,8.8
7608,3.482895,-5.753169,0,8.8
7609,3.476728,-5.723148,0,8.8
7610,3.470398,-5.694006,0,8.8
7611,3.461419,-5.661819,0,8.8
7612,3.450276,-5.630613,0,8.8
7613,3.440989,-5.600208,0,8.8
7614,3.433033,-5.571741,0,8.8
7615,3.423532,-5.545938,0,8.8
7616,3.412385,-5.520023,0,8.8
7617,3.403363,-5.492441,0,8.8
7618,3.392012,-5.469999,0,8.8
7619,3.383506,-5.443831,0,8.8
7620,3.375651,-5.418442,0,8.8
7621,3.368379,-5.388778,0,8.8
7622,3.360474,-5.359369,0,8.8
7623,3.353016,-5.33218,0,8.8
7624,3.344838,-5.306386,0,8.8
7625,3.3386,-5.279158,0,8.8
7626,3.334261,-5.252771,0,8.8
7627,3.329815,-5.226957,0,8.8
7628,3.325048,-5.198659,0,8.8
7629,3.320774,-5.169501,0,8.8
7630,3.316648,-5.139784,0,8.8
7631,3.313823,-5.107984,0,8.8
7632,3.313086,-5.074567,0,8.8
7633,3.312196,-5.04271,0,8.8
7634,3.312788,-5.01051,0,8.8
7635,3.31372,-4.981617,0,8.8
7636,3.315642,-4.949222,0,8.8
7637,3.31628,-4.916547,0,8.8
7638,3.315718,-4.884165,0,8.8
7639,3.314837,-4.853289,0,8.8
7640,3.314276,-4.82317,0,8.8
7641,3.312952,-4.793775,0,8.8
7642,3.313922,-4.766265,0,8.8
7643,3.314015,-4.741987,0,8.8
7644,3.310941,-4.718978,0,8.8
7645,3.310333,-4.698743,0,8.8
7646,3.309363,-4.675854,0,8.8
7647,3.305951,-4.655821,0,8.8
7648,3.30215,-4.636438,0,8.8
7649,3.298571,-4.616314,0,8.8
7650,3.291629,-4.59224,0,8.8
7651,3.286847,-4.567594,0,8.8
7652,3.28088,-4.543525,0,8.8
7653,3.274881,-4.520738,0,8.8
7654,3.269052,-4.498242,0,8.8
7655,3.263319,-4.477193,0,8.8
7656,3.255951,-4.45488,0,8.8
7657,3.249294,-4.432628,0,8.8
7658,3.242274,-4.40921,0,8.8
7659,3.234974,-4.384484,0,8.8
7660,3.226713,-4.359443,0,8.8
7661,3.217958,-4.332537,0,8.8
7662,3.209796,-4.306277,0,8.8
7663,3.199802,-4.279078,0,8.8
7664,3.185251,-4.249759,0,8.8
7665,3.169369,-4.219658,0,8.8
7666,3.157215,-4.192451,0,8.8
7667,3.145229,-4.164156,0,8.8
7668,3.131531,-4.137195,0,8.8
7669,3.119161,-4.112492,0,8.8
7670,3.107838,-4.088761,0,8.8
7671,3.095836,-4.064201,0,8.8
7672,3.08527,-4.040199,0,8.8
7673,3.073467,-4.017296,0,8.8
7674,3.061138,-3.9933,0,8.8
7675,3.047925,-3.968101,0,8.8
7676,3.035211,-3.941784,0,8.8
7677,3.022883,-3.915905,0,8.8
7678,3.010428,-3.888942,0,8.8
7679,2.999037,-3.862393,0,8.8
7680,2.990704,-3.837289,0,8.8
7681,2.982831,-3.812121,0,8.8
7682,2.975159,-3.784235,0,8.8
7683,2.968675,-3.754205,0,8.8
7684,2.962677,-3.722212,0,8.8
7685,2.956362,-3.690467,0,8.8
7686,2.949607,-3.65935,0,8.8
7687,2.944409,-3.627719,0,8.8
7688,2.94018,-3.594889,0,8.8
7689,2.933898,-3.558425,0,8.8
7690,2.926687,-3.522431,0,8.8
7691,2.918322,-3.487039,0,8.8
7692,2.912318,-3.453369,0,8.8
7693,2.906702,-3.41907,0,8.8
7694,2.90164,-3.387995,0,8.8
7695,2.895393,-3.360065,0,8.8
7696,2.891674,-3.335742,0,8.8
7697,2.887903,-3.311646,0,8.8
7698,2.882527,-3.287934,0,8.8
7699,2.876926,-3.263805,0,8.8
7700,2.869843,-3.238295,0,8.8
7701,2.861957,-3.21743,0,8.8
7702,2.855251,-3.199629,0,8.8
7703,2.849347,-3.1796,0,8.8
7704,2.842925,-3.159808,0,8.8
7705,2.835998,-3.137861,0,8.8
7706,2.825575,-3.116314,0,8.8
7707,2.81701,-3.091189,0,8.8
7708,2.810461,-3.069546,0,8.8
7709,2.803922,-3.048028,0,8.8
7710,2.795461,-3.026362,0,8.8
7711,2.784869,-3.001705,0,8.8
7712,2.774759,-2.977576,0,8.8
7713,2.763592,-2.953635,0,8.8
7714,2.752478,-2.931706,0,8.8
7715,2.740511,-2.906843,0,8.8
7716,2.728611,-2.882592,0,8.8
7717,2.715915,-2.857845,0,8.8
7718,2.701617,-2.827936,0,8.8
7719,2.688212,-2.800578,0,8.8
7720,2.673559,-2.769503,0,8.8
7721,2.660947,-2.739058,0,8.8
7722,2.647815,-2.710282,0,8.8
7723,2.631644,-2.685369,0,8.8
7724,2.615305,-2.662193,0,8.8
7725,2.603428,-2.642418,0,8.8
7726,2.592308,-2.6202,0,8.8
7727,2.576924,-2.59525,0,8.8
7728,2.56285,-2.571154,0,8.8
7729,2.549548,-2.54452,0,8.8
7730,2.537062,-2.519233,0,8.8
7731,2.525495,-2.494732,0,8.8
7732,2.513101,-2.469121,0,8.8
7733,2.500187,-2.442795,0,8.8
7734,2.488996,-2.415236,0,8.8
7735,2.478014,-2.389244,0,8.8
7736,2.46892,-2.362517,0,8.8
7737,2.460161,-2.333839,0,8.8
7738,2.453362,-2.301615,0,8.8
7739,2.449186,-2.271507,0,8.8
7740,2.444337,-2.241373,0,8.8
7741,2.438219,-2.208375,0,8.8
7742,2.433387,-2.17811,0,8.8
7743,2.427933,-2.146297,0,8.8
7744,2.424165,-2.114038,0,8.8
7745,2.420004,-2.081353,0,8.8
7746,2.415205,-2.048999,0,8.8
7747,2.411437,-2.018244,0,8.8
7748,2.407418,-1.988065,0,8.8
7749,2.402565,-1.958741,0,8.8
7750,2.396815,-1.934192,0,8.8
7751,2.391804,-1.910511,0,8.8
7752,2.387352,-1.888644,0,8.8
7753,2.381728,-1.867532,0,8.8
7754,2.375928,-1.84807,0,8.8
7755,2.370716,-1.830657,0,8.8
7756,2.363085,-1.814515,0,8.8
7757,2.355549,-1.794516,0,8.8
7758,2.347295,-1.770341,0,8.8
7759,2.336454,-1.746602,0,8.8
7760,2.325814,-1.722413,0,8.8
7761,2.317872,-1.701323,0,8.8
7762,2.307564,-1.679167,0,8.8
7763,2.296319,-1.656546,0,8.8
7764,2.285207,-1.636324,0,8.8
7765,2.27657,-1.616112,0,8.8
7766,2.266742,-1.593571,0,8.8
7767,2.257077,-1.570669,0,8.8
7768,2.246705,-1.547884,0,8.8
7769,2.234998,-1.523636,0,8.8
7770,2.221217,-1.496488,0,8.8
7771,2.204785,-1.46761,0,8.8
7772,2.190279,-1.439931,0,8.8
7773,2.175669,-1.409921,0,8.8
7774,2.162099,-1.381964,0,8.8
7775,2.146738,-1.355377,0,8.8
7776,2.132447,-1.330707,0,8.8
7777,2.119572,-1.306426,0,8.8
7778,2.106791,-1.282372,0,8.8
7779,2.093671,-1.257533,0,8.8
7780,2.081429,-1.233046,0,8.8
7781,2.065842,-1.207708,0,8.8
7782,2.051804,-1.182668,0,8.8
7783,2.035695,-1.156958,0,8.8
7784,2.019596,-1.12903,0,8.8
7785,2.005486,-1.098513,0,8.8
7786,1.994206,-1.069019,0,8.8
7787,1.984486,-1.040945,0,8.8
7788,1.975954,-1.012122,0,8.8
7789,1.967048,-0.9809532,0,8.8
7790,1.959102,-0.9518505,0,8.8
7791,1.948954,-0.9245602,0,8.8
7792,1.941596,-0.8929588,0,8.8
7793,1.934949,-0.8578042,0,8.8
7794,1.92918,-0.8261855,0,8.8
7795,1.92411,-0.7955629,0,8.8
7796,1.917986,-0.7636361,0,8.8
7797,1.911299,-0.7319111,0,8.8
7798,1.905258,-0.7001766,0,8.8
7799,1.899621,-0.6666013,0,8.8
7800,1.893728,-0.6340287,0,8.8
7801,1.887651,-0.6037308,0,8.8
7802,1.883184,-0.5728715,0,8.8
7803,1.880185,-0.5451717,0,8.8
7804,1.876627,-0.5207822,0,8.8
7805,1.872847,-0.4974388,0,8.8
7806,1.867974,-0.4760868,0,8.8
7807,1.860121,-0.4548126,0,8.8
7808,1.852934,-0.4332789,0,8.8
7809,1.845613,-0.4121459,0,8.8
7810,1.837237,-0.3912667,0,8.8
7811,1.826318,-0.3721636,0,8.8
7812,1.815944,-0.3503793,0,8.8
7813,1.804657,-0.3285881,0,8.8
7814,1.793833,-0.3084114,0,8.8
7815,1.784436,-0.2886918,0,8.8
7816,1.775137,-0.2690123,0,8.8
7817,1.763408,-0.2468522,0,8.8
7818,1.752998,-0.2263784,0,8.8
7819,1.743102,-0.205106,0,8.8
7820,1.731572,-0.1789818,0,8.8
7821,1.721389,-0.1555472,0,8.8
7822,1.710605,-0.1335548,0,8.8
7823,1.696831,-0.1097131,0,8.8
7824,1.681719,-0.08598962,0,8.8
7825,1.665541,-0.05989254,0,8.8
7826,1.648792,-0.03354912,0,8.8
7827,1.633067,-0.00774421,0,8.8
7828,1.61846,0.01942544,0,8.8
7829,1.605403,0.0475788,0,8.8
7830,1.590611,0.07069748,0,8.8
7831,1.575805,0.09325667,0,8.8
7832,1.560211,0.1156678,0,8.8
7833,1.545716,0.1429582,0,8.8
7834,1.534645,0.1701885,0,8.8
7835,1.519928,0.1961003,0,8.8
7836,1.504827,0.2228449,0,8.8
7837,1.48983,0.2465742,0,8.8
7838,1.475592,0.2732196,0,8.8
7839,1.461535,0.2993739,0,8.8
7840,1.447979,0.3266288,0,8.8
7841,1.438732,0.3529931,0,8.8
7842,1.431282,0.3786527,0,8.8
7843,1.423458,0.4055586,0,8.8
7844,1.415224,0.4355757,0,8.8
7845,1.409022,0.4660593,0,8.8
7846,1.403983,0.4986982,0,8.8
7847,1.399035,0.5321397,0,8.8
7848,1.396023,0.5641643,0,8.8
7849,1.394778,0.5915441,0,8.8
7850,1.394462,0.620795,0,8.8
7851,1.392215,0.652363,0,8.8
7852,1.389748,0.683893,0,8.8
7853,1.388853,0.713285,0,8.8
7854,1.386385,0.7440647,0,8.8
7855,1.382954,0.7732506,0,8.8
7856,1.382565,0.7982489,0,8.8
7857,1.380638,0.8219457,0,8.8
7858,1.376238,0.8431481,0,8.8
7859,1.373033,0.8613469,0,8.8
7860,1.370585,0.8782309,0,8.8
7861,1.366075,0.9001265,0,8.8
7862,1.361394,0.9211837,0,8.8
7863,1.356955,0.9390684,0,8.8
7864,1.351589,0.9574599,0,8.8
7865,1.344736,0.9776893,0,8.8
7866,1.338391,0.9975654,0,8.8
7867,1.330956,1.020299,0,8.8
7868,1.324414,1.041427,0,8.8
7869,1.318017,1.062183,0,8.8
7870,1.309365,1.087339,0,8.8
7871,1.299652,1.112571,0,8.8
7872,1.292563,1.135895,0,8.8
7873,1.285016,1.160164,0,8.8
7874,1.276345,1.183939,0,8.8
7875,1.269015,1.208136,0,8.8
7876,1.261658,1.231237,0,8.8
7877,1.25477,1.259041,0,8.8
7878,1.245828,1.289553,0,8.8
7879,1.235086,1.319823,0,8.8
7880,1.223284,1.349711,0,8.8
7881,1.211661,1.378085,0,8.8
7882,1.200812,1.406299,0,8.8
7883,1.189203,1.430793,0,8.8
7884,1.179214,1.453285,0,8.8
7885,1.169985,1.477544,0,8.8
7886,1.160193,1.500191,0,8.8
7887,1.150042,1.522218,0,8.8
7888,1.138098,1.549899,0,8.8
7889,1.126461,1.578921,0,8.8
7890,1.116906,1.607453,0,8.8
7891,1.106519,1.636093,0,8.8
7892,1.09532,1.662656,0,8.8
7893,1.085561,1.691257,0,8.8
7894,1.076762,1.719726,0,8.8
7895,1.069477,1.746981,0,8.8
7896,1.063114,1.777089,0,8.8
7897,1.057253,1.807523,0,8.8
7898,1.051312,1.836815,0,8.8
7899,1.045936,1.866421,0,8.8
7900,1.042619,1.896354,0,8.8
7901,1.040135,1.926731,0,8.8
7902,1.039462,1.95959,0,8.8
7903,1.03729,1.990536,0,8.8
7904,1.034887,2.02219,0,8.8
7905,1.03328,2.051812,0,8.8
7906,1.032492,2.086026,0,8.8
7907,1.03184,2.116421,0,8.8
7908,1.030645,2.146971,0,8.8
7909,1.027005,2.177583,0,8.8
7910,1.026355,2.207204,0,8.8
7911,1.024958,2.234351,0,8.8
7912,1.022945,2.254899,0,8.8
7913,1.018071,2.279991,0,8.8
7914,1.015498,2.306272,0,8.8
7915,1.012084,2.328272,0,8.8
7916,1.007933,2.349957,0,8.8
7917,1.003406,2.372081,0,8.8
7918,0.9980092,2.392974,0,8.8
7919,0.9898111,2.418542,0,8.8
7920,0.9828863,2.440376,0,8.8
7921,0.9755201,2.460423,0,8.8
7922,0.9690103,2.483186,0,8.8
7923,0.9607576,2.506765,0,8.8
7924,0.9525603,2.527893,0,8.8
7925,0.9455491,2.550092,0,8.8
7926,0.9373915,2.573734,0,8.8
7927,0.9264591,2.598821,0,8.8
7928,0.9176902,2.622161,0,8.8
7929,0.9099576,2.646202,0,8.8
7930,0.8992922,2.670382,0,8.8
7931,0.8877943,2.698476,0,8.8
7932,0.8763609,2.723869,0,8.8
7933,0.8647807,2.752615,0,8.8
7934,0.8526031,2.781768,0,8.8
7935,0.8377939,2.813047,0,8.8
7936,0.8230951,2.841551,0,8.8
7937,0.8092539,2.867778,0,8.8
7938,0.7957993,2.895492,0,8.8
7939,0.7832044,2.920444,0,8.8
7940,0.7695099,2.946771,0,8.8
7941,0.7561086,2.971588,0,8.8
7942,0.7413626,3.000827,0,8.8
7943,0.7292189,3.029179,0,8.8
7944,0.7160408,3.060754,0,8.8
7945,0.7024301,3.091401,0,8.8
7946,0.6885903,3.118795,0,8.8
7947,0.6758993,3.143762,0,8.8
7948,0.6652017,3.166184,0,8.8
7949,0.6550411,3.19007,0,8.8
7950,0.6479183,3.214665,0,8.8
7951,0.64102,3.242304,0,8.8
7952,0.6337364,3.274639,0,8.8
7953,0.6274326,3.308232,0,8.8
7954,0.6217545,3.338503,0,8.8
7955,0.6179057,3.369062,0,8.8
7956,0.6145901,3.40052,0,8.8
7957,0.6111092,3.431062,0,8.8
7958,0.6057214,3.46269,0,8.8
7959,0.5985101,3.496957,0,8.8
7960,0.5911775,3.529937,0,8.8
7961,0.5855432,3.565098,0,8.8
7962,0.5793366,3.596405,0,8.8
7963,0.5706123,3.630267,0,8.8
7964,0.5639048,3.664772,0,8.8
7965,0.5576335,3.695918,0,8.8
7966,0.552745,3.723321,0,8.8
7967,0.5471855,3.750123,0,8.8
7968,0.5400444,3.774651,0,8.8
7969,0.5328113,3.79701,0,8.8
7970,0.5253655,3.819878,0,8.8
7971,0.5141072,3.843782,0,8.8
7972,0.5000523,3.867376,0,8.8
7973,0.4876927,3.889766,0,8.8
7974,0.4753147,3.908155,0,8.8
7975,0.4617379,3.927799,0,8.8
7976,0.4470617,3.947726,0,8.8
7977,0.4365922,3.966571,0,8.8
7978,0.4240752,3.985489,0,8.8
7979,0.4112298,4.007796,0,8.8
7980,0.3997909,4.031184,0,8.8
7981,0.3887308,4.055989,0,8.8
7982,0.3755629,4.082109,0,8.8
7983,0.3597161,4.104959,0,8.8
7984,0.3404013,4.131066,0,8.8
7985,0.3214643,4.1573,0,8.8
7986,0.3022203,4.183871,0,8.8
7987,0.2862699,4.206885,0,8.8
7988,0.2699205,4.231904,0,8.8
7989,0.2530314,4.25512,0,8.8
7990,0.237092,4.278044,0,8.8
7991,0.219281,4.301411,0,8.8
7992,0.2030423,4.325121,0,8.8
7993,0.1824119,4.349919,0,8.8
7994,0.1638907,4.372249,0,8.8
7995,0.1445809,4.393823,0,8.8
7996,0.1238312,4.417734,0,8.8
7997,0.1052496,4.441239,0,8.8
7998,0.08970754,4.465801,0,8.8
7999,0.07324644,4.490303,0,8.8
8000,0.05988909,4.517292,0,8.8
8001,0.04698743,4.543833,0,8.8
8002,0.03430906,4.570586,0,8.8
8003,0.02414771,4.596146,0,8.8
8004,0.01543509,4.622593,0,8.8
8005,0.006999543,4.650735,0,8.8
8006,-0.001509469,4.678279,0,8.8
8007,-0.008528032,4.70739,0,8.8
8008,-0.01511651,4.736051,0,8.8
8009,-0.02088933,4.765429,0,8.8
8010,-0.02780971,4.79597,0,8.8
8011,-0.03544082,4.826495,0,8.8
8012,-0.04199591,4.856476,0,8.8
8013,-0.04926452,4.889367,0,8.8
8014,-0.05652616,4.923211,0,8.8
8015,-0.0626698,4.95663,0,8.8
8016,-0.06698117,4.990506,0,8.8
8017,-0.07222405,5.019597,0,8.8
8018,-0.07733322,5.046966,0,8.8
8019,-0.08206975,5.071894,0,8.8
8020,-0.08747602,5.093358,0,8.8
8021,-0.09301672,5.11444,0,8.8
8022,-0.1003065,5.137601,0,8.8
8023,-0.1070956,5.15885,0,8.8
8024,-0.1113601,5.180031,0,8.8
8025,-0.1179398,5.198349,0,8.8
8026,-0.1253542,5.219107,0,8.8
8027,-0.1320988,5.23904,0,8.8
8028,-0.1380011,5.262105,0,8.8
8029,-0.1447136,5.282796,0,8.8
8030,-0.1519755,5.305439,0,8.8
8031,-0.1594161,5.330174,0,8.8
8032,-0.1681862,5.356729,0,8.8
8033,-0.1769401,5.379291,0,8.8
8034,-0.1854681,5.401455,0,8.8
8035,-0.1948228,5.423965,0,8.8
8036,-0.2051177,5.448078,0,8.8
8037,-0.2151816,5.472321,0,8.8
8038,-0.2260654,5.497962,0,8.8
8039,-0.2372996,5.52393,0,8.8
8040,-0.2483259,5.55078,0,8.8
8041,-0.2583293,5.579867,0,8.8
8042,-0.268301,5.605614,0,8.8
8043,-0.2796424,5.632198,0,8.8
8044,-0.2916306,5.656822,0,8.8
8045,-0.3014672,5.679644,0,8.8
8046,-0.3124445,5.703518,0,8.8
8047,-0.3219911,5.727136,0,8.8
8048,-0.3312479,5.752571,0,8.8
8049,-0.3408059,5.777982,0,8.8
8050,-0.3517532,5.801512,0,8.8
8051,-0.3628636,5.827053,0,8.8
8052,-0.3729441,5.854983,0,8.8
8053,-0.3809094,5.884385,0,8.8
8054,-0.3902401,5.914437,0,8.8
8055,-0.3985239,5.943407,0,8.8
8056,-0.4047894,5.968913,0,8.8
8057,-0.4097384,5.994619,0,8.8
8058,-0.4120909,6.022245,0,8.8
8059,-0.4142415,6.050096,0,8.8
8060,-0.4159938,6.08041,0,8.8
8061,-0.4170713,6.109876,0,8.8
8062,-0.4189114,6.137565,0,8.8
8063,-0.4192434,6.167217,0,8.8
8064,-0.4176457,6.199532,0,8.8
8065,-0.4156757,6.229558,0,8.8
8066,-0.4131474,6.259362,0,8.8
8067,-0.4096866,6.292999,0,8.8
8068,-0.4080933,6.325304,0,8.8
8069,-0.4045173,6.358274,0,8.8
8070,-0.4002581,6.39107,0,8.8
8071,-0.3954249,6.418077,0,8.8
8072,-0.39339,6.44412,0,8.8
8073,-0.3907366,6.470558,0,8.8
8074,-0.3889129,6.494565,0,8.8
8075,-0.388495,6.518167,0,8.8
8076,-0.3882886,6.541081,0,8.8
8077,-0.3890418,6.565544,0,8.8
8078,-0.3907097,6.586299,0,8.8
8079,-0.392992,6.610933,0,8.8
8080,-0.3948527,6.635757,0,8.8
8081,-0.399087,6.656017,0,8.8
8082,-0.4033631,6.678538,0,8.8
8083,-0.4091926,6.699668,0,8.8
8084,-0.4166637,6.720393,0,8.8
8085,-0.4231268,6.7413,0,8.8
8086,-0.4288439,6.764341,0,8.8
8087,-0.4318951,6.786089,0,8.8
8088,-0.4364749,6.806841,0,8.8
8089,-0.4427948,6.827316,0,8.8
8090,-0.4500613,6.85245,0,8.8
8091,-0.4576202,6.878485,0,8.8
8092,-0.4652354,6.904837,0,8.8
8093,-0.4727772,6.933698,0,8.8
8094,-0.4796609,6.96206,0,8.8
8095,-0.4859918,6.989291,0,8.8
8096,-0.4919655,7.014393,0,8.8
8097,-0.4990515,7.038538,0,8.8
8098,-0.5067737,7.063602,0,8.8
8099,-0.5149068,7.086757,0,8.8
8100,-0.5229861,7.107939,0,8.8
8101,-0.5316641,7.12797,0,8.8
8102,-0.5382183,7.15092,0,8.8
8103,-0.5441552,7.174461,0,8.8
8104,-0.5499805,7.198216,0,8.8
8105,-0.5581532,7.22222,0,8.8
8106,-0.5665586,7.249978,0,8.8
8107,-0.5735496,7.279835,0,8.8
8108,-0.5795662,7.307587,0,8.8
8109,-0.5851175,7.331583,0,8.8
8110,-0.5884944,7.357961,0,8.8
8111,-0.5890141,7.384181,0,8.8
8112,-0.5860172,7.409348,0,8.8
8113,-0.5806159,7.435299,0,8.8
8114,-0.5742823,7.461355,0,8.8
8115,-0.5696811,7.489383,0,8.8
8116,-0.5632009,7.519473,0,8.8
8117,-0.5553965,7.549813,0,8.8
8118,-0.5475002,7.577839,0,8.8
8119,-0.538659,7.605553,0,8.8
8120,-0.5276135,7.632255,0,8.8
8121,-0.5141996,7.660336,0,8.8
8122,-0.5018202,7.688883,0,8.8
8123,-0.4915125,7.716878,0,8.8
8124,-0.4801273,7.74779,0,8.8
8125,-0.4696036,7.77672,0,8.8
8126,-0.462348,7.803685,0,8.8
8127,-0.4530338,7.829504,0,8.8
8128,-0.4438722,7.852169,0,8.8
8129,-0.4378472,7.873075,0,8.8
8130,-0.4332656,7.895167,0,8.8
8131,-0.4304464,7.91663,0,8.8
8132,-0.4263791,7.935713,0,8.8
8133,-0.4235677,7.956121,0,8.8
8134,-0.4206357,7.980447,0,8.8
8135,-0.4160705,8.006366,0,8.8
8136,-0.4126821,8.029685,0,8.8
8137,-0.4096425,8.051778,0,8.8
8138,-0.4107153,8.075589,0,8.8
8139,-0.4124682,8.099139,0,8.8
8140,-0.4154238,8.12038,0,8.8
8141,-0.4160761,8.143056,0,8.8
8142,-0.4149095,8.166331,0,8.8
8143,-0.4133936,8.19126,0,8.8
8144,-0.4119497,8.215969,0,8.8
8145,-0.4092829,8.240428,0,8.8
8146,-0.4085617,8.269266,0,8.8
8147,-0.4065657,8.298059,0,8.8
8148,-0.4044035,8.325303,0,8.8
8149,-0.4012592,8.352586,0,8.8
8150,-0.4001657,8.379182,0,8.8
8151,-0.4001518,8.404711,0,8.8
8152,-0.3969794,8.431972,0,8.8
8153,-0.3963504,8.457107,0,8.8
8154,-0.3952502,8.480378,0,8.8
8155,-0.3923648,8.503304,0,8.8
8156,-0.3914637,8.526756,0,8.8
8157,-0.3905544,8.549124,0,8.8
8158,-0.3873796,8.574183,0,8.8
8159,-0.3844027,8.599022,0,8.8
8160,-0.3798915,8.625437,0,8.8
8161,-0.3765571,8.648976,0,8.8
8162,-0.37075,8.672721,0,8.8
8163,-0.3642246,8.694176,0,8.8
8164,-0.3575532,8.714516,0,8.8
8165,-0.3500367,8.735494,0,8.8
8166,-0.3395867,8.756531,0,8.8
8167,-0.3254734,8.77833,0,8.8
8168,-0.3082309,8.800635,0,8.8
8169,-0.2887057,8.8241,0,8.8
8170,-0.2708609,8.845623,0,8.8
8171,-0.2540345,8.864984,0,8.8
8172,-0.235583,8.884344,0,8.8
8173,-0.2155921,8.904008,0,8.8
8174,-0.195588,8.924343,0,8.8
8175,-0.1725132,8.945173,0,8.8
8176,-0.1464047,8.967418,0,8.8
8177,-0.1197068,8.98911,0,8.8
8178,-0.09255201,9.01051,4.4,7.621024
8179,-0.06603227,9.029039,4.4,7.621024
8180,-0.04104314,9.04596,4.4,7.621024
8181,-0.0196318,9.058353,4.4,7.621024
8182,0.003969928,9.070331,4.4,7.621024
8183,0.02243377,9.080105,4.4,7.621024
8184,0.03961585,9.090217,4.4,7.621024
8185,0.05740386,9.100939,4.4,7.621024
8186,0.07549968,9.112267,4.4,7.621024
8187,0.09180868,9.121036,4.4,7.621024
8188,0.1058985,9.130383,4.4,7.621024
8189,0.1202551,9.142464,4.4,7.621024
8190,0.1403083,9.15549,4.4,7.621024
8191,0.1628851,9.170372,4.4,7.621024
8192,0.1815282,9.184882,4.4,7.621024
8193,0.1980789,9.200228,4.4,7.621024
8194,0.2164788,9.21443,4.4,7.621024
8195,0.2324507,9.226804,4.4,7.621024
8196,0.2472634,9.238963,4.4,7.621024
8197,0.2648901,9.25321,4.4,7.621024
8198,0.2809548,9.264819,4.4,7.621024
8199,0.3002183,9.276695,4.4,7.621024
8200,0.3209548,9.287364,4.4,7.621024
8201,0.3404495,9.297201,4.4,7.621024
8202,0.3605345,9.307507,4.4,7.621024
8203,0.3796941,9.318694,4.4,7.621024
8204,0.4000092,9.329565,4.4,7.621024
8205,0.4211199,9.3394,4.4,7.621024
8206,0.4391312,9.347199,4.4,7.621024
8207,0.4560508,9.356429,4.4,7.621024
8208,0.4767012,9.36758,4.4,7.621024
8209,0.5009193,9.377339,4.4,7.621024
8210,0.521633,9.386179,4.4,7.621024
8211,0.5416009,9.396445,4.4,7.621024
8212,0.5656626,9.406047,4.4,7.621024
8213,0.590113,9.412639,4.4,7.621024
8214,0.6136756,9.419033,4.4,7.621024
8215,0.6367732,9.423845,4.4,7.621024
8216,0.6602148,9.426055,4.4,7.621024
8217,0.6828241,9.42637,4.4,7.621024
8218,0.7063193,9.424247,4.4,7.621024
8219,0.7306756,9.4201,4.4,7.621024
8220,0.7556966,9.413966,4.4,7.621024
8221,0.7810276,9.405371,4.4,7.621024
8222,0.8071831,9.395645,4.4,7.621024
8223,0.8293938,9.386696,4.4,7.621024
8224,0.8538075,9.377357,4.4,7.621024
8225,0.878735,9.367124,4.4,7.621024
8226,0.9047432,9.355139,4.4,7.621024
8227,0.9315295,9.341091,4.4,7.621024
8228,0.9589949,9.327623,4.4,7.621024
8229,0.9890981,9.312106,4.4,7.621024
8230,1.018708,9.297808,4.4,7.621024
8231,1.045773,9.284207,4.4,7.621024
8232,1.070577,9.270893,4.4,7.621024
8233,1.094368,9.258905,4.4,7.621024
8234,1.116544,9.248775,4.4,7.621024
8235,1.135261,9.238748,4.4,7.621024
8236,1.154381,9.227908,4.4,7.621024
8237,1.174371,9.219524,4.4,7.621024
8238,1.194799,9.212468,4.4,7.621024
8239,1.215443,9.206122,4.4,7.621024
8240,1.236858,9.199925,4.4,7.621024
8241,1.26039,9.197452,4.4,7.621024
8242,1.284083,9.190682,4.4,7.621024
8243,1.305775,9.183682,4.4,7.621024
8244,1.327753,9.176155,4.4,7.621024
8245,1.346084,9.172408,4.4,7.621024
8246,1.367245,9.167542,4.4,7.621024
8247,1.38931,9.162331,4.4,7.621024
8248,1.411363,9.157764,4.4,7.621024
8249,1.432109,9.150148,4.4,7.621024
8250,1.453329,9.14272,4.4,7.621024
8251,1.475276,9.135777,4.4,7.621024
8252,1.497084,9.129322,4.4,7.621024
8253,1.519097,9.123352,4.4,7.621024
8254,1.547838,9.117661,4.4,7.621024
8255,1.57184,9.113305,4.4,7.621024
8256,1.599069,9.108481,4.4,7.621024
8257,1.63046,9.105506,4.4,7.621024
8258,1.658869,9.10147,4.4,7.621024
8259,1.68714,9.096579,4.4,7.621024
8260,1.713841,9.090047,4.4,7.621024
8261,1.739351,9.085714,4.4,7.621024
8262,1.766309,9.08247,4.4,7.621024
8263,1.79491,9.077971,4.4,7.621024
8264,1.821585,9.074274,4.4,7.621024
8265,1.849772,9.0719,4.4,7.621024
8266,1.877708,9.068627,4.4,7.621024
8267,1.904919,9.062424,4.4,7.621024
8268,1.933693,9.056737,4.4,7.621024
8269,1.960386,9.050521,4.4,7.621024
8270,1.986226,9.043227,4.4,7.621024
8271,2.011098,9.034257,4.4,7.621024
8272,2.035284,9.025189,4.4,7.621024
8273,2.060718,9.015623,4.4,7.621024
8274,2.08555,9.00365,4.4,7.621024
8275,2.11192,8.990665,4.4,7.621024
8276,2.139992,8.975537,4.4,7.621024
8277,2.168604,8.960753,4.4,7.621024
8278,2.195211,8.946683,4.4,7.621024
8279,2.218388,8.931085,4.4,7.621024
8280,2.240351,8.915645,4.4,7.621024
8281,2.266531,8.897599,4.4,7.621024
8282,2.294061,8.880613,4.4,7.621024
8283,2.32252,8.860891,4.4,7.621024
8284,2.348569,8.841804,4.4,7.621024
8285,2.370198,8.825538,4.4,7.621024
8286,2.390926,8.810577,4.4,7.621024
8287,2.41702,8.794623,4.4,7.621024
8288,2.441888,8.780635,4.4,7.621024
8289,2.464716,8.767715,4.4,7.621024
8290,2.486036,8.755749,4.4,7.621024
8291,2.503993,8.746938,4.4,7.621024
8292,2.524771,8.737079,4.4,7.621024
8293,2.545241,8.728293,4.4,7.621024
8294,2.567501,8.71804,4.4,7.621024
8295,2.588067,8.708258,4.4,7.621024
8296,2.611918,8.699282,4.4,7.621024
8297,2.635788,8.692226,4.4,7.621024
8298,2.659017,8.684847,4.4,7.621024
8299,2.682652,8.677143,4.4,7.621024
8300,2.701857,8.668601,4.4,7.621024
8301,2.723351,8.659944,4.4,7.621024
8302,2.745636,8.649205,4.4,7.621024
8303,2.768069,8.636776,4.4,7.621024
8304,2.789412,8.624407,4.4,7.621024
8305,2.815295,8.611578,4.4,7.621024
8306,2.840799,8.599773,4.4,7.621024
8307,2.863738,8.590077,4.4,7.621024
8308,2.8892,8.581696,4.4,7.621024
8309,2.917328,8.570828,4.4,7.621024
8310,2.948073,8.560743,4.4,7.621024
8311,2.979239,8.552582,4.4,7.621024
8312,3.008693,8.54392,4.4,7.621024
8313,3.035015,8.534314,4.4,7.621024
8314,3.058563,8.526066,4.4,7.621024
8315,3.083666,8.519876,4.4,7.621024
8316,3.107267,8.512566,4.4,7.621024
8317,3.132692,8.506547,4.4,7.621024
8318,3.160338,8.499895,4.4,7.621024
8319,3.186599,8.491448,4.4,7.621024
8320,3.217151,8.484266,4.4,7.621024
8321,3.246603,8.473782,4.4,7.621024
8322,3.271049,8.463179,4.4,7.621024
8323,3.295712,8.453694,4.4,7.621024
8324,3.321489,8.443325,4.4,7.621024
8325,3.348437,8.431841,4.4,7.621024
8326,3.375424,8.417826,4.4,7.621024
8327,3.400317,8.40158,4.4,7.621024
8328,3.426672,8.385048,4.4,7.621024
8329,3.452371,8.366895,4.4,7.621024
8330,3.476831,8.34694,4.4,7.621024
8331,3.502578,8.325666,4.4,7.621024
8332,3.526201,8.304677,4.4,7.621024
8333,3.549073,8.284097,4.4,7.621024
8334,3.572128,8.262916,4.4,7.621024
8335,3.597973,8.2397,4.4,7.621024
8336,3.623251,8.216635,4.4,7.621024
8337,3.647602,8.195227,4.4,7.621024
8338,3.669137,8.177207,4.4,7.621024
8339,3.694665,8.157273,4.4,7.621024
8340,3.719581,8.137376,4.4,7.621024
8341,3.742669,8.118703,4.4,7.621024
8342,3.761552,8.103474,4.4,7.621024
8343,3.779826,8.088189,4.4,7.621024
8344,3.796464,8.077221,4.4,7.621024
8345,3.812654,8.066017,4.4,7.621024
8346,3.828444,8.052889,4.4,7.621024
8347,3.845006,8.040976,4.4,7.621024
8348,3.864448,8.026089,4.4,7.621024
8349,3.884461,8.011024,4.4,7.621024
8350,3.905815,7.999247,4.4,7.621024
8351,3.928056,7.988535,4.4,7.621024
8352,3.950887,7.978471,4.4,7.621024
8353,3.971925,7.969166,4.4,7.621024
8354,3.991812,7.959223,4.4,7.621024
8355,4.015676,7.949091,4.4,7.621024
8356,4.03984,7.937582,-4.4,-7.621024
8357,4.05608,7.929361,-4.4,-7.621024
8358,4.078211,7.921105,-4.4,-7.621024
8359,4.099767,7.91469,-4.4,-7.621024
8360,4.121629,7.908287,-4.4,-7.621024
8361,4.14473,7.90273,-4.4,-7.621024
8362,4.169567,7.894692,-4.4,-7.621024
8363,4.192793,7.884412,-4.4,-7.621024
8364,4.212383,7.871305,-4.4,-7.621024
8365,4.229078,7.856541,-4.4,-7.621024
8366,4.245796,7.842259,-4.4,-7.621024
8367,4.260863,7.829133,-4.4,-7.621024
8368,4.273901,7.814323,-4.4,-7.621024
8369,4.286734,7.799495,-4.4,-7.621024
8370,4.300921,7.783451,-4.4,-7.621024
8371,4.315735,7.767377,-4.4,-7.621024
8372,4.327448,7.752595,-4.4,-7.621024
8373,4.340011,7.737309,-4.4,-7.621024
8374,4.353857,7.721631,-4.4,-7.621024
8375,4.366834,7.707635,-4.4,-7.621024
8376,4.378833,7.692334,-4.4,-7.621024
8377,4.388004,7.677769,-4.4,-7.621024
8378,4.395004,7.660248,-4.4,-7.621024
8379,4.398085,7.641458,-4.4,-7.621024
8380,4.401067,7.62038,-4.4,-7.621024
8381,4.401481,7.597489,-4.4,-7.621024
8382,4.398649,7.573088,-4.4,-7.621024
8383,4.394193,7.548538,-4.4,-7.621024
8384,4.386714,7.525361,-4.4,-7.621024
8385,4.378613,7.503576,-4.4,-7.621024
8386,4.371386,7.481151,-4.4,-7.621024
8387,4.365986,7.45923,-4.4,-7.621024
8388,4.358582,7.434523,-4.4,-7.621024
8389,4.349257,7.406753,-4.4,-7.621024
8390,4.339042,7.377619,-4.4,-7.621024
8391,4.327016,7.349417,-4.4,-7.621024
8392,4.316545,7.323278,-4.4,-7.621024
8393,4.30759,7.300545,-4.4,-7.621024
8394,4.303384,7.27871,-4.4,-7.621024
8395,4.299749,7.258804,-4.4,-7.621024
8396,4.293374,7.237447,-4.4,-7.621024
8397,4.287815,7.218464,-4.4,-7.621024
8398,4.284721,7.203047,-4.4,-7.621024
8399,4.282966,7.186401,-4.4,-7.621024
8400,4.282276,7.16707,-4.4,-7.621024
8401,4.280172,7.148088,-4.4,-7.621024
8402,4.279411,7.124826,-4.4,-7.621024
8403,4.275644,7.102606,-4.4,-7.621024
8404,4.273198,7.079263,-4.4,-7.621024
8405,4.270599,7.055723,-4.4,-7.621024
8406,4.270472,7.036324,-4.4,-7.621024
8407,4.271268,7.014125,-4.4,-7.621024
8408,4.269917,6.991942,-4.4,-7.621024
8409,4.268197,6.969173,-4.4,-7.621024
8410,4.266809,6.946503,-4.4,-7.621024
8411,4.265416,6.923454,-4.4,-7.621024
8412,4.263309,6.900247,-4.4,-7.621024
8413,4.261827,6.877972,-4.4,-7.621024
8414,4.260621,6.854108,-4.4,-7.621024
8415,4.259763,6.829519,-4.4,-7.621024
8416,4.25861,6.801247,-4.4,-7.621024
8417,4.258363,6.774356,-4.4,-7.621024
8418,4.261038,6.745624,-4.4,-7.621024
8419,4.261871,6.716168,-4.4,-7.621024
8420,4.259228,6.686269,-4.4,-7.621024
8421,4.257315,6.659384,-4.4,-7.621024
8422,4.255391,6.632068,-4.4,-7.621024
8423,4.254481,6.604815,-4.4,-7.621024
8424,4.255322,6.579001,-4.4,-7.621024
8425,4.254209,6.557735,-4.4,-7.621024
8426,4.254738,6.531538,-4.4,-7.621024
8427,4.253936,6.50475,-4.4,-7.621024
8428,4.251956,6.474944,-4.4,-7.621024
8429,4.248989,6.446083,-4.4,-7.621024
8430,4.248632,6.417236,-4.4,-7.621024
8431,4.244546,6.388971,-4.4,-7.621024
8432,4.238111,6.361572,-4.4,-7.621024
8433,4.231259,6.335011,-4.4,-7.621024
8434,4.223505,6.308267,-4.4,-7.621024
8435,4.213855,6.282024,-4.4,-7.621024
8436,4.200741,6.25516,-4.4,-7.621024
8437,4.186831,6.227887,-4.4,-7.621024
8438,4.174124,6.202245,-4.4,-7.621024
8439,4.161283,6.178124,-4.4,-7.621024
8440,4.146724,6.152765,-4.4,-7.621024
8441,4.129883,6.125555,-4.4,-7.621024
8442,4.113948,6.098152,-4.4,-7.621024
8443,4.096934,6.070456,-4.4,-7.621024
8444,4.080811,6.042547,-4.4,-7.621024
8445,4.06445,6.012938,-4.4,-7.621024
8446,4.050011,5.983444,-4.4,-7.621024
8447,4.035112,5.954997,-4.4,-7.621024
8448,4.020069,5.929308,-4.4,-7.621024
8449,4.007116,5.904748,-4.4,-7.621024
8450,3.99517,5.881277,-4.4,-7.621024
8451,3.98722,5.863367,-4.4,-7.621024
8452,3.977998,5.843428,-4.4,-7.621024
8453,3.968263,5.825373,-4.4,-7.621024
8454,3.958695,5.806354,-4.4,-7.621024
8455,3.949315,5.789421,-4.4,-7.621024
8456,3.939785,5.763935,-4.4,-7.621024
8457,3.931932,5.738436,-4.4,-7.621024
8458,3.925651,5.716706,-4.4,-7.621024
8459,3.920343,5.696017,-4.4,-7.621024
8460,3.913731,5.671399,-4.4,-7.621024
8461,3.908122,5.650793,-4.4,-7.621024
8462,3.903036,5.628882,-4.4,-7.621024
8463,3.896126,5.607194,-4.4,-7.621024
8464,3.887934,5.582723,-4.4,-7.621024
8465,3.87853,5.558156,-4.4,-7.621024
8466,3.869927,5.533062,-4.4,-7.621024
8467,3.862329,5.508981,-4.4,-7.621024
8468,3.855174,5.482226,-4.4,-7.621024
8469,3.847346,5.453524,-4.4,-7.621024
8470,3.840271,5.428574,-4.4,-7.621024
8471,3.832037,5.402161,-4.4,-7.621024
8472,3.82424,5.372833,-4.4,-7.621024
8473,3.817502,5.340593,-4.4,-7.621024
8474,3.809587,5.309685,-4.4,-7.621024
8475,3.79955,5.279677,-4.4,-7.621024
8476,3.791031,5.251687,-4.4,-7.621024
8477,3.787296,5.22605,-4.4,-7.621024
8478,3.783498,5.203172,-4.4,-7.621024
8479,3.778865,5.178564,-4.4,-7.621024
8480,3.771384,5.151449,-4.4,-7.621024
8481,3.762908,5.121938,-4.4,-7.621024
8482,3.753003,5.094862,-4.4,-7.621024
8483,3.743628,5.068979,-4.4,-7.621024
8484,3.733025,5.04424,-4.4,-7.621024
8485,3.720565,5.019583,-4.4,-7.621024
8486,3.708387,4.995727,-4.4,-7.621024
8487,3.694861,4.97147,-4.4,-7.621024
8488,3.678721,4.947517,-4.4,-7.621024
8489,3.658887,4.922817,-4.4,-7.621024
8490,3.640174,4.89929,-4.4,-7.621024
8491,3.61994,4.874648,-4.4,-7.621024
8492,3.597754,4.848367,-4.4,-7.621024
8493,3.578526,4.82475,-4.4,-7.621024
8494,3.559808,4.801394,-4.4,-7.621024
8495,3.538435,4.776367,-4.4,-7.621024
8496,3.516262,4.751882,-4.4,-7.621024
8497,3.495931,4.728374,-4.4,-7.621024
8498,3.477004,4.704318,-4.4,-7.621024
8499,3.456576,4.681705,-4.4,-7.621024
8500,3.438628,4.661108,-4.4,-7.621024
8501,3.421268,4.640092,-4.4,-7.621024
8502,3.408862,4.622884,-4.4,-7.621024
8503,3.398007,4.606017,-4.4,-7.621024
8504,3.386366,4.59081,-4.4,-7.621024
8505,3.375645,4.575006,-4.4,-7.621024
8506,3.364752,4.558816,-4.4,-7.621024
8507,3.352837,4.543229,-4.4,-7.621024
8508,3.340132,4.523664,-4.4,-7.621024
8509,3.327319,4.503547,-4.4,-7.621024
8510,3.315155,4.482678,-4.4,-7.621024
8511,3.302004,4.460289,-4.4,-7.621024
8512,3.290497,4.437353,-4.4,-7.621024
8513,3.280667,4.41481,-4.4,-7.621024
8514,3.272106,4.396139,-4.4,-7.621024
8515,3.26352,4.37715,-4.4,-7.621024
8516,3.25309,4.357317,-4.4,-7.621024
8517,3.242061,4.338395,-4.4,-7.621024
8518,3.2299,4.317646,-4.4,-7.621024
8519,3.21809,4.295712,-4.4,-7.621024
8520,3.206045,4.273837,-4.4,-7.621024
8521,3.193581,4.249063,-4.4,-7.621024
8522,3.182697,4.22356,-4.4,-7.621024
8523,3.172748,4.193676,-4.4,-7.621024
8524,3.16149,4.162788,-4.4,-7.621024
8525,3.148672,4.131319,-4.4,-7.621024
8526,3.135717,4.102755,-4.4,-7.621024
8527,3.124562,4.07654,-4.4,-7.621024
8528,3.115133,4.049212,-4.4,-7.621024
8529,3.104757,4.025338,-4.4,-7.621024
8530,3.096155,3.999993,-4.4,-7.621024
8531,3.087716,3.972692,-4.4,-7.621024
8532,3.078897,3.947965,-4.4,-7.621024
8533,3.069926,3.921496,-4.4,-7.621024
8534,3.058702,3.896275,-4.4,-7.621024
8535,3.045903,3.870275,-4.4,-7.621024
8536,3.034214,3.845361,-4.4,-7.621024
8537,3.020561,3.820704,-4.4,-7.621024
8538,3.007094,3.795707,-4.4,-7.621024
8539,2.99273,3.771015,-4.4,-7.621024
8540,2.978931,3.746601,-4.4,-7.621024
8541,2.964167,3.722199,-4.4,-7.621024
8542,2.94611,3.697675,-4.4,-7.621024
8543,2.927713,3.672615,-4.4,-7.621024
8544,2.908717,3.645676,-4.4,-7.621024
8545,2.889541,3.62068,-4.4,-7.621024
8546,2.869246,3.597241,-4.4,-7.621024
8547,2.848676,3.570722,-4.4,-7.621024
8548,2.827852,3.545897,-4.4,-7.621024
8549,2.806299,3.524366,-4.4,-7.621024
8550,2.782304,3.503116,-4.4,-7.621024
8551,2.759409,3.481463,-4.4,-7.621024
8552,2.737986,3.462143,-4.4,-7.621024
8553,2.716001,3.441842,-4.4,-7.621024
8554,2.696342,3.421691,-4.4,-7.621024
8555,2.677868,3.404003,-4.4,-7.621024
8556,2.65948,3.385652,-4.4,-7.621024
8557,2.642567,3.365484,-4.4,-7.621024
8558,2.626481,3.350087,-4.4,-7.621024
8559,2.612729,3.334053,-4.4,-7.621024
8560,2.599344,3.317784,-4.4,-7.621024
8561,2.590062,3.304342,-4.4,-7.621024
8562,2.580927,3.290088,-4.4,-7.621024
8563,2.568383,3.272048,-4.4,-7.621024
8564,2.554524,3.251753,-4.4,-7.621024
8565,2.539263,3.229941,-4.4,-7.621024
8566,2.525201,3.209696,-4.4,-7.621024
8567,2.513129,3.188351,-4.4,-7.621024
8568,2.502186,3.168119,-4.4,-7.621024
8569,2.490847,3.148632,-4.4,-7.621024
8570,2.477196,3.126533,-4.4,-7.621024
8571,2.463419,3.102543,-4.4,-7.621024
8572,2.450525,3.080323,-4.4,-7.621024
8573,2.438266,3.057123,-4.4,-7.621024
8574,2.426537,3.035431,-4.4,-7.621024
8575,2.413906,3.012171,-4.4,-7.621024
8576,2.400434,2.987828,-4.4,-7.621024
8577,2.386574,2.960196,-4.4,-7.621024
8578,2.371633,2.931767,-4.4,-7.621024
8579,2.355036,2.903231,-4.4,-7.621024
8580,2.338398,2.875834,-4.4,-7.621024
8581,2.323974,2.848951,-4.4,-7.621024
8582,2.314124,2.825047,-4.4,-7.621024
8583,2.30484,2.803101,-4.4,-7.621024
8584,2.294669,2.778018,-4.4,-7.621024
8585,2.28316,2.753184,-4.4,-7.621024
8586,2.272593,2.727542,-4.4,-7.621024
8587,2.259785,2.701879,-4.4,-7.621024
8588,2.247043,2.675105,-4.4,-7.621024
8589,2.231181,2.647786,-4.4,-7.621024
8590,2.216526,2.621184,-4.4,-7.621024
8591,2.203807,2.596781,-4.4,-7.621024
8592,2.189394,2.575541,-4.4,-7.621024
8593,2.171782,2.55293,-4.4,-7.621024
8594,2.155158,2.530801,-4.4,-7.621024
8595,2.13751,2.509047,-4.4,-7.621024
8596,2.120948,2.487246,-4.4,-7.621024
8597,2.102642,2.464362,-4.4,-7.621024
8598,2.082605,2.442328,-4.4,-7.621024
8599,2.061236,2.419444,-4.4,-7.621024
8600,2.039909,2.396811,-4.4,-7.621024
8601,2.017701,2.373266,-4.4,-7.621024
8602,1.996425,2.35153,-4.4,-7.621024
8603,1.974576,2.329111,-4.4,-7.621024
8604,1.951625,2.30618,-4.4,-7.621024
8605,1.928456,2.281762,-4.4,-7.621024
8606,1.906493,2.260093,-4.4,-7.621024
8607,1.885799,2.238171,-4.4,-7.621024
8608,1.865478,2.21767,-4.4,-7.621024
8609,1.846792,2.198725,-4.4,-7.621024
8610,1.829254,2.182395,-4.4,-7.621024
8611,1.81481,2.16856,-4.4,-7.621024
8612,1.803039,2.152343,-4.4,-7.621024
8613,1.788952,2.135143,-4.4,-7.621024
8614,1.777279,2.118109,-4.4,-7.621024
8615,1.764577,2.100933,-4.4,-7.621024
8616,1.752074,2.081874,-4.4,-7.621024
8617,1.736792,2.060545,-4.4,-7.621024
8618,1.723315,2.041386,-4.4,-7.621024
8619,1.710182,2.021977,-4.4,-7.621024
8620,1.697592,2.002006,-4.4,-7.621024
8621,1.687129,1.98402,-4.4,-7.621024
8622,1.676079,1.964221,-4.4,-7.621024
8623,1.66495,1.942443,-4.4,-7.621024
8624,1.651415,1.919694,-4.4,-7.621024
8625,1.636549,1.897339,-4.4,-7.621024
8626,1.623375,1.875115,-4.4,-7.621024
8627,1.612439,1.852772,-4.4,-7.621024
8628,1.601678,1.830718,-4.4,-7.621024
8629,1.588459,1.8068,-4.4,-7.621024
8630,1.575978,1.782104,-4.4,-7.621024
8631,1.565845,1.753996,-4.4,-7.621024
8632,1.556145,1.72664,-4.4,-7.621024
8633,1.54471,1.696103,-4.4,-7.621024
8634,1.532292,1.669401,-4.4,-7.621024
8635,1.521601,1.646489,-4.4,-7.621024
8636,1.511438,1.625067,-4.4,-7.621024
8637,1.503087,1.599249,-4.4,-7.621024
8638,1.4963,1.574541,-4.4,-7.621024
8639,1.487517,1.549617,-4.4,-7.621024
8640,1.477381,1.523686,-4.4,-7.621024
8641,1.467977,1.496559,-4.4,-7.621024
8642,1.456903,1.470243,-4.4,-7.621024
8643,1.444108,1.443883,-4.4,-7.621024
8644,1.430544,1.41776,-4.4,-7.621024
8645,1.417732,1.393283,-4.4,-7.621024
8646,1.403195,1.369615,-4.4,-7.621024
8647,1.38902,1.345745,-4.4,-7.621024
8648,1.372789,1.323754,-4.4,-7.621024
8649,1.358101,1.302474,-4.4,-7.621024
8650,1.342254,1.280762,-4.4,-7.621024
8651,1.323506,1.257089,-4.4,-7.621024
8652,1.302642,1.232735,-4.4,-7.621024
8653,1.281447,1.209956,-4.4,-7.621024
8654,1.261444,1.188859,-4.4,-7.621024
8655,1.241438,1.167106,-4.4,-7.621024
8656,1.221831,1.144279,-4.4,-7.621024
8657,1.201515,1.120174,-4.4,-7.621024
8658,1.178292,1.098794,-4.4,-7.621024
8659,1.158221,1.077854,-4.4,-7.621024
8660,1.136019,1.056073,-4.4,-7.621024
8661,1.113667,1.032955,-4.4,-7.621024
8662,1.09605,1.011349,-4.4,-7.621024
8663,1.080545,0.9900393,-4.4,-7.621024
8664,1.068008,0.9721621,-4.4,-7.621024
8665,1.054742,0.9552249,-4.4,-7.621024
8666,1.041342,0.939396,-4.4,-7.621024
8667,1.029308,0.9271411,-4.4,-7.621024
8668,1.019965,0.9107045,-4.4,-7.621024
8669,1.011307,0.8935875,-4.4,-7.621024
8670,1.000465,0.8747376,-4.4,-7.621024
8671,0.9900059,0.8533452,-4.4,-7.621024
8672,0.9792563,0.8327293,-4.4,-7.621024
8673,0.968514,0.8092384,-4.4,-7.621024
8674,0.9575862,0.7888193,-4.4,-7.621024
8675,0.9448279,0.7688917,-4.4,-7.621024
8676,0.9338349,0.7497522,-4.4,-7.621024
8677,0.9211537,0.7277849,-4.4,-7.621024
8678,0.9092411,0.7074001,-4.4,-7.621024
8679,0.8969235,0.6867613,-4.4,-7.621024
8680,0.8856127,0.6659909,-4.4,-7.621024
8681,0.8749543,0.6441144,-4.4,-7.621024
8682,0.8634747,0.6220403,-4.4,-7.621024
8683,0.8520912,0.5966994,-4.4,-7.621024
8684,0.8399936,0.5660983,-4.4,-7.621024
8685,0.8297337,0.5335003,-4.4,-7.621024
8686,0.8192776,0.501892,-4.4,-7.621024
8687,0.8078912,0.4692416,-4.4,-7.621024
8688,0.7972731,0.4410272,-4.4,-7.621024
8689,0.7886539,0.4147709,-4.4,-7.621024
8690,0.7820971,0.3934972,-4.4,-7.621024
8691,0.7729074,0.3703542,-4.4,-7.621024
8692,0.7637422,0.346267,-4.4,-7.621024
8693,0.753598,0.3176387,-4.4,-7.621024
8694,0.7429854,0.2881109,-4.4,-7.621024
8695,0.7308882,0.2592551,-4.4,-7.621024
8696,0.7216152,0.2345171,-4.4,-7.621024
8697,0.7105671,0.2086723,-4.4,-7.621024
8698,0.6994619,0.181305,-4.4,-7.621024
8699,0.6882994,0.1555648,-4.4,-7.621024
8700,0.6758091,0.1322322,-4.4,-7.621024
8701,0.6625462,0.1100795,-4.4,-7.621024
8702,0.6491267,0.08700022,-4.4,-7.621024
8703,0.6332009,0.06170871,-4.4,-7.621024
8704,0.6197081,0.03671771,-4.4,-7.621024
8705,0.6049274,0.01134272,-4.4,-7.621024
8706,0.5873277,-0.01412176,-4.4,-7.621024
8707,0.5679917,-0.04045967,-4.4,-7.621024
8708,0.5474266,-0.06707955,-4.4,-7.621024
8709,0.5292346,-0.09290849,-4.4,-7.621024
8710,0.5104136,-0.1158872,-4.4,-7.621024
8711,0.4889787,-0.1400633,-4.4,-7.621024
8712,0.4664732,-0.1651559,-4.4,-7.621024
8713,0.4442197,-0.1913816,-4.4,-7.621024
8714,0.4249329,-0.2149657,-4.4,-7.621024
8715,0.4063739,-0.2365584,-4.4,-7.621024
8716,0.3889278,-0.2555218,-4.4,-7.621024
8717,0.3747568,-0.2745923,-4.4,-7.621024
8718,0.3606934,-0.2963106,-4.4,-7.621024
8719,0.3462852,-0.3163265,-4.4,-7.621024
8720,0.3301006,-0.3360404,-4.4,-7.621024
8721,0.3204309,-0.3516501,-4.4,-7.621024
8722,0.3116602,-0.368531,-4.4,-7.621024
8723,0.3019962,-0.3846502,-4.4,-7.621024
8724,0.2904486,-0.4037808,-4.4,-7.621024
8725,0.2783687,-0.4252184,-4.4,-7.621024
8726,0.2664245,-0.446658,-4.4,-7.621024
8727,0.2573581,-0.4674855,-4.4,-7.621024
8728,0.2493131,-0.4875052,-4.4,-7.621024
8729,0.2401623,-0.5071788,-4.4,-7.621024
8730,0.2311567,-0.5246849,-4.4,-7.621024
8731,0.2217744,-0.5432152,-4.4,-7.621024
8732,0.2121682,-0.5640001,-4.4,-7.621024
8733,0.2024817,-0.5874367,-4.4,-7.621024
8734,0.1928782,-0.6093162,-4.4,-7.621024
8735,0.1836854,-0.6328716,-4.4,-7.621024
8736,0.1712587,-0.6578065,-4.4,-7.621024
8737,0.1601206,-0.6819814,-4.4,-7.621024
8738,0.1501536,-0.710418,-4.4,-7.621024
8739,0.1395109,-0.7380877,-4.4,-7.621024
8740,0.1280818,-0.7673373,-4.4,-7.621024
8741,0.1183597,-0.7974732,-4.4,-7.621024
8742,0.1061408,-0.8251623,-4.4,-7.621024
8743,0.09436008,-0.8527714,-4.4,-7.621024
8744,0.08536737,-0.8780151,-4.4,-7.621024
8745,0.07996058,-0.9022521,-4.4,-7.621024
8746,0.0716217,-0.9282653,-4.4,-7.621024
8747,0.06066027,-0.9554137,-4.4,-7.621024
8748,0.04943965,-0.9831933,-4.4,-7.621024
8749,0.03664874,-1.012091,-4.4,-7.621024
8750,0.02143959,-1.042058,-4.4,-7.621024
8751,0.008845188,-1.068194,-4.4,-7.621024
8752,-0.002962962,-1.092922,-4.4,-7.621024
8753,-0.01606099,-1.118727,-4.4,-7.621024
8754,-0.02877076,-1.143609,-4.4,-7.621024
8755,-0.04541566,-1.170454,-4.4,-7.621024
8756,-0.06402346,-1.197286,-4.4,-7.621024
8757,-0.08497686,-1.223392,-4.4,-7.621024
8758,-0.1070318,-1.247798,-4.4,-7.621024
8759,-0.1287164,-1.272993,-4.4,-7.621024
8760,-0.1487373,-1.294005,-4.4,-7.621024
8761,-0.1684901,-1.314144,-4.4,-7.621024
8762,-0.1880198,-1.334461,-4.4,-7.621024
8763,-0.2082249,-1.35646,-4.4,-7.621024
8764,-0.2278797,-1.377648,-4.4,-7.621024
8765,-0.248188,-1.399738,-4.4,-7.621024
8766,-0.2664921,-1.420275,-4.4,-7.621024
8767,-0.2839413,-1.439386,-4.4,-7.621024
8768,-0.3008657,-1.455629,-4.4,-7.621024
8769,-0.3173811,-1.475603,-4.4,-7.621024
8770,-0.3331396,-1.495393,-4.4,-7.621024
8771,-0.3458605,-1.513588,-4.4,-7.621024
8772,-0.3570468,-1.530687,-4.4,-7.621024
8773,-0.3700112,-1.550257,-4.4,-7.621024
8774,-0.3791054,-1.567713,-4.4,-7.621024
8775,-0.3881751,-1.58354,-4.4,-7.621024
8776,-0.3965262,-1.599803,-4.4,-7.621024
8777,-0.4059306,-1.617678,-4.4,-7.621024
8778,-0.4143453,-1.634917,-4.4,-7.621024
8779,-0.4253414,-1.655758,-4.4,-7.621024
8780,-0.4359907,-1.67562,-4.4,-7.621024
8781,-0.4456101,-1.695566,-4.4,-7.621024
8782,-0.4562671,-1.714238,-4.4,-7.621024
8783,-0.4642267,-1.73333,-4.4,-7.621024
8784,-0.4718419,-1.752988,-4.4,-7.621024
8785,-0.4810804,-1.77334,-4.4,-7.621024
8786,-0.4907019,-1.793417,-4.4,-7.621024
8787,-0.5004902,-1.81374,-4.4,-7.621024
8788,-0.5111368,-1.832832,-4.4,-7.621024
8789,-0.5215724,-1.852394,-4.4,-7.621024
8790,-0.5333095,-1.876549,-4.4,-7.621024
8791,-0.5444849,-1.902498,-4.4,-7.621024
8792,-0.5562244,-1.930539,-4.4,-7.621024
8793,-0.5671,-1.959343,-4.4,-7.621024
8794,-0.5769004,-1.990488,-4.4,-7.621024
8795,-0.5857849,-2.019315,-4.4,-7.621024
8796,-0.5954301,-2.045541,-4.4,-7.621024
8797,-0.6068379,-2.071383,-4.4,-7.621024
8798,-0.6175546,-2.097929,-4.4,-7.621024
8799,-0.6268988,-2.124183,-4.4,-7.621024
8800,-0.6335721,-2.150153,-4.4,-7.621024
8801,-0.6414769,-2.178761,-4.4,-7.621024
8802,-0.648468,-2.208545,-4.4,-7.621024
8803,-0.6545548,-2.237164,-4.4,-7.621024
8804,-0.6623402,-2.263994,-4.4,-7.621024
8805,-0.67138,-2.288903,-4.4,-7.621024
8806,-0.6812622,-2.3161,-4.4,-7.621024
8807,-0.6930426,-2.343339,-4.4,-7.621024
8808,-0.7055941,-2.36934,-4.4,-7.621024
8809,-0.7206001,-2.394756,-4.4,-7.621024
8810,-0.7339255,-2.419373,-4.4,-7.621024
8811,-0.7491659,-2.44531,-4.4,-7.621024
8812,-0.7659559,-2.4706,-4.4,-7.621024
8813,-0.7859799,-2.495579,-4.4,-7.621024
8814,-0.8053616,-2.520271,-4.4,-7.621024
8815,-0.8241173,-2.546906,-4.4,-7.621024
8816,-0.8425946,-2.571406,-4.4,-7.621024
8817,-0.8616503,-2.595499,-4.4,-7.621024
8818,-0.8806329,-2.622103,-4.4,-7.621024
8819,-0.9034935,-2.649658,-4.4,-7.621024
8820,-0.9258369,-2.675919,-4.4,-7.621024
8821,-0.9485954,-2.702415,-4.4,-7.621024
8822,-0.9669762,-2.725857,-4.4,-7.621024
8823,-0.9840099,-2.747674,-4.4,-7.621024
8824,-0.9989207,-2.765943,-4.4,-7.621024
8825,-1.014302,-2.784531,-4.4,-7.621024
8826,-1.026791,-2.804143,-4.4,-7.621024
8827,-1.038937,-2.824207,-4.4,-7.621024
8828,-1.051703,-2.840741,-4.4,-7.621024
8829,-1.063632,-2.859585,-4.4,-7.621024
8830,-1.075249,-2.879807,-4.4,-7.621024
8831,-1.088374,-2.905185,-4.4,-7.621024
8832,-1.098421,-2.926702,-4.4,-7.621024
8833,-1.106968,-2.950233,-4.4,-7.621024
8834,-1.115986,-2.9739,-4.4,-7.621024
8835,-1.123276,-2.996194,-4.4,-7.621024
8836,-1.131019,-3.017702,-4.4,-7.621024
8837,-1.140479,-3.037119,-4.4,-7.621024
8838,-1.149433,-3.059202,-4.4,-7.621024
8839,-1.159902,-3.08175,-4.4,-7.621024
8840,-1.171193,-3.106168,-4.4,-7.621024
8841,-1.181994,-3.130546,-4.4,-7.621024
8842,-1.191655,-3.15663,-4.4,-7.621024
8843,-1.202482,-3.183156,-4.4,-7.621024
8844,-1.213009,-3.211693,-4.4,-7.621024
8845,-1.223266,-3.241929,-4.4,-7.621024
8846,-1.233073,-3.273319,-4.4,-7.621024
8847,-1.242967,-3.304015,-4.4,-7.621024
8848,-1.253701,-3.33583,-4.4,-7.621024
8849,-1.264821,-3.366033,-4.4,-7.621024
8850,-1.275999,-3.393055,-4.4,-7.621024
8851,-1.285689,-3.418123,-4.4,-7.621024
8852,-1.292847,-3.444358,-4.4,-7.621024
8853,-1.297634,-3.471561,-4.4,-7.621024
8854,-1.301618,-3.49502,-4.4,-7.621024
8855,-1.305251,-3.518605,-4.4,-7.621024
8856,-1.312249,-3.546919,-4.4,-7.621024
8857,-1.323424,-3.575472,-4.4,-7.621024
8858,-1.334926,-3.604396,-4.4,-7.621024
8859,-1.346135,-3.631173,-4.4,-7.621024
8860,-1.357703,-3.656563,-4.4,-7.621024
8861,-1.370279,-3.681592,-4.4,-7.621024
8862,-1.385979,-3.706965,-4.4,-7.621024
8863,-1.400835,-3.73186,-4.4,-7.621024
8864,-1.414917,-3.756239,-4.4,-7.621024
8865,-1.429997,-3.782761,-4.4,-7.621024
8866,-1.448677,-3.80858,-4.4,-7.621024
8867,-1.467956,-3.834036,-4.4,-7.621024
8868,-1.486487,-3.860362,-4.4,-7.621024
8869,-1.506867,-3.888633,-4.4,-7.621024
8870,-1.526008,-3.914626,-4.4,-7.621024
8871,-1.547749,-3.942108,-4.4,-7.621024
8872,-1.56849,-3.967983,-4.4,-7.621024
8873,-1.591314,-3.993225,-4.4,-7.621024
8874,-1.612097,-4.016855,-4.4,-7.621024
8875,-1.629866,-4.039872,-4.4,-7.621024
8876,-1.647332,-4.062279,-4.4,-7.621024
8877,-1.664548,-4.087645,-4.4,-7.621024
8878,-1.677684,-4.107592,-4.4,-7.621024
8879,-1.69138,-4.126575,-4.4,-7.621024
8880,-1.703645,-4.145403,-4.4,-7.621024
8881,-1.713501,-4.16269,-4.4,-7.621024
8882,-1.723779,-4.182089,-4.4,-7.621024
8883,-1.731964,-4.198404,-4.4,-7.621024
8884,-1.743081,-4.21598,-4.4,-7.621024
8885,-1.756533,-4.236236,-4.4,-7.621024
8886,-1.770326,-4.257168,-4.4,-7.621024
8887,-1.780876,-4.276982,-4.4,-7.621024
8888,-1.788743,-4.294671,-4.4,-7.621024
8889,-1.797322,-4.315501,-4.4,-7.621024
8890,-1.807321,-4.336364,-4.4,-7.621024
8891,-1.817522,-4.357258,-4.4,-7.621024
8892,-1.828216,-4.378438,-4.4,-7.621024
8893,-1.839217,-4.399402,-4.4,-7.621024
8894,-1.851042,-4.418766,-4.4,-7.621024
8895,-1.86333,-4.441125,-4.4,-7.621024
8896,-1.874298,-4.462936,-4.4,-7.621024
8897,-1.884998,-4.48681,-4.4,-7.621024
8898,-1.896837,-4.510939,-4.4,-7.621024
8899,-1.905955,-4.537711,-4.4,-7.621024
8900,-1.916593,-4.56653,-4.4,-7.621024
8901,-1.927803,-4.595329,-4.4,-7.621024
8902,-1.939005,-4.623343,-4.4,-7.621024
8903,-1.948247,-4.651093,-4.4,-7.621024
8904,-1.956714,-4.677025,-4.4,-7.621024
8905,-1.963117,-4.702844,-4.4,-7.621024
8906,-1.970484,-4.728099,-4.4,-7.621024
8907,-1.980166,-4.755937,-4.4,-7.621024
8908,-1.991048,-4.782519,-4.4,-7.621024
8909,-2.003342,-4.810384,-4.4,-7.621024
8910,-2.01588,-4.839437,-4.4,-7.621024
8911,-2.029423,-4.867143,-4.4,-7.621024
8912,-2.043418,-4.894688,-4.4,-7.621024
8913,-2.057737,-4.921226,-4.4,-7.621024
8914,-2.071443,-4.945832,-4.4,-7.621024
8915,-2.087006,-4.968459,-4.4,-7.621024
8916,-2.103145,-4.991735,-4.4,-7.621024
8917,-2.120312,-5.013375,-4.4,-7.621024
8918,-2.13941,-5.035538,-4.4,-7.621024
8919,-2.159231,-5.058691,-4.4,-7.621024
8920,-2.180398,-5.082859,-4.4,-7.621024
8921,-2.202287,-5.106421,-4.4,-7.621024
8922,-2.223283,-5.129666,-4.4,-7.621024
8923,-2.244579,-5.153567,-4.4,-7.621024
8924,-2.266492,-5.178072,-4.4,-7.621024
8925,-2.287958,-5.201442,-4.4,-7.621024
8926,-2.309745,-5.226093,-4.4,-7.621024
8927,-2.333812,-5.250786,-4.4,-7.621024
8928,-2.356979,-5.273106,-4.4,-7.621024
8929,-2.377822,-5.294034,-4.4,-7.621024
8930,-2.401215,-5.31545,-4.4,-7.621024
8931,-2.420966,-5.334151,-4.4,-7.621024
8932,-2.439921,-5.350355,-4.4,-7.621024
8933,-2.457012,-5.365922,-4.4,-7.621024
8934,-2.469538,-5.382758,-4.4,-7.621024
8935,-2.480507,-5.39867,-4.4,-7.621024
8936,-2.493315,-5.414485,-4.4,-7.621024
8937,-2.504434,-5.431933,-4.4,-7.621024
8938,-2.512368,-5.449354,-4.4,-7.621024
8939,-2.522979,-5.47219,-4.4,-7.621024
8940,-2.537668,-5.497056,-4.4,-7.621024
8941,-2.549956,-5.517792,-4.4,-7.621024
8942,-2.561309,-5.538269,-4.4,-7.621024
8943,-2.574317,-5.561204,-4.4,-7.621024
8944,-2.586809,-5.580507,-4.4,-7.621024
8945,-2.602189,-5.603514,-4.4,-7.621024
8946,-2.616157,-5.624167,-4.4,-7.621024
8947,-2.630152,-5.643735,-4.4,-7.621024
8948,-2.644384,-5.666925,-4.4,-7.621024
8949,-2.658738,-5.691004,-4.4,-7.621024
8950,-2.671785,-5.712855,-4.4,-7.621024
8951,-2.685066,-5.738398,-4.4,-7.621024
8952,-2.697975,-5.764955,-4.4,-7.621024
8953,-2.711528,-5.79364,-4.4,-7.621024
8954,-2.726613,-5.824098,-4.4,-7.621024
8955,-2.74156,-5.852397,-4.4,-7.621024
8956,-2.754746,-5.879548,-4.4,-7.621024
8957,-2.765046,-5.905829,-4.4,-7.621024
8958,-2.77254,-5.926843,-4.4,-7.621024
8959,-2.780677,-5.947282,-4.4,-7.621024
8960,-2.786815,-5.967797,-4.4,-7.621024
8961,-2.794642,-5.992764,-4.4,-7.621024
8962,-2.80531,-6.017242,-4.4,-7.621024
8963,-2.817772,-6.042517,-4.4,-7.621024
8964,-2.829339,-6.068658,-4.4,-7.621024
8965,-2.840613,-6.094797,-4.4,-7.621024
8966,-2.848836,-6.1186,-4.4,-7.621024
8967,-2.861001,-6.143117,-4.4,-7.621024
8968,-2.876096,-6.167007,-4.4,-7.621024
8969,-2.891331,-6.189816,-4.4,-7.621024
8970,-2.905333,-6.211417,-4.4,-7.621024
8971,-2.919801,-6.233715,-4.4,-7.621024
8972,-2.935844,-6.256408,-4.4,-7.621024
8973,-2.952478,-6.277549,-4.4,-7.621024
8974,-2.972684,-6.299774,-4.4,-7.621024
8975,-2.992887,-6.320487,-4.4,-7.621024
8976,-3.013688,-6.341943,-4.4,-7.621024
8977,-3.033405,-6.362842,-4.4,-7.621024
8978,-3.055061,-6.383367,-4.4,-7.621024
8979,-3.07746,-6.401882,-4.4,-7.621024
8980,-3.100214,-6.420391,-4.4,-7.621024
8981,-3.120984,-6.440646,-4.4,-7.621024
8982,-3.143564,-6.461125,-4.4,-7.621024
8983,-3.165751,-6.479252,-4.4,-7.621024
8984,-3.1876,-6.500283,-4.4,-7.621024
8985,-3.206974,-6.520974,-4.4,-7.621024
8986,-3.223852,-6.540298,-4.4,-7.621024
8987,-3.241734,-6.557272,-4.4,-7.621024
8988,-3.256339,-6.573308,-4.4,-7.621024
8989,-3.270754,-6.589669,-4.4,-7.621024
8990,-3.285131,-6.606251,-4.4,-7.621024
8991,-3.29895,-6.620944,-4.4,-7.621024
8992,-3.3102,-6.636525,-4.4,-7.621024
8993,-3.323033,-6.654691,-4.4,-7.621024
8994,-3.337347,-6.675385,-4.4,-7.621024
8995,-3.350938,-6.69794,-4.4,-7.621024
8996,-3.365074,-6.720116,-4.4,-7.621024
8997,-3.378889,-6.740623,-4.4,-7.621024
8998,-3.392924,-6.760343,-4.4,-7.621024
8999,-3.404843,-6.779647,-4.4,-7.621024
9000,-3.413565,-6.798097,-4.4,-7.621024
9001,-3.424122,-6.817523,-4.4,-7.621024
9002,-3.433006,-6.833245,-4.4,-7.621024
9003,-3.443647,-6.854207,-4.4,-7.621024
9004,-3.455911,-6.875879,-4.4,-7.621024
9005,-3.468746,-6.896919,-4.4,-7.621024
9006,-3.48304,-6.918031,-4.4,-7.621024
9007,-3.496361,-6.938785,-4.4,-7.621024
9008,-3.509894,-6.957436,-4.4,-7.621024
9009,-3.522965,-6.977746,-4.4,-7.621024
9010,-3.53536,-6.998383,-4.4,-7.621024
9011,-3.547602,-7.018316,-4.4,-7.621024
9012,-3.55808,-7.038719,-4.4,-7.621024
9013,-3.569798,-7.05793,-4.4,-7.621024
9014,-3.579566,-7.073755,-4.4,-7.621024
9015,-3.589322,-7.087328,-4.4,-7.621024
9016,-3.599603,-7.10504,-4.4,-7.621024
9017,-3.609827,-7.123133,-4.4,-7.621024
9018,-3.617181,-7.141914,-4.4,-7.621024
9019,-3.627059,-7.16101,-4.4,-7.621024
9020,-3.641507,-7.180061,-4.4,-7.621024
9021,-3.655963,-7.2004,-4.4,-7.621024
9022,-3.672272,-7.221042,-4.4,-7.621024
9023,-3.690421,-7.239517,-4.4,-7.621024
9024,-3.709529,-7.255672,-4.4,-7.621024
9025,-3.728918,-7.27275,-4.4,-7.621024
9026,-3.74832,-7.289749,-4.4,-7.621024
9027,-3.76928,-7.307544,-4.4,-7.621024
9028,-3.789302,-7.324646,-4.4,-7.621024
9029,-3.81286,-7.342677,-4.4,-7.621024
9030,-3.838243,-7.359815,-4.4,-7.621024
9031,-3.864772,-7.37564,-4.4,-7.621024
9032,-3.890182,-7.392989,-4.4,-7.621024
9033,-3.916048,-7.412844,-4.4,-7.621024
9034,-3.945177,-7.435533,-4.4,-7.621024
9035,-3.974718,-7.456517,-4.4,-7.621024
9036,-4.003375,-7.475191,-4.4,-7.621024
9037,-4.031127,-7.493862,-4.4,-7.621024
9038,-4.052392,-7.508899,-4.4,-7.621024
9039,-4.07294,-7.523761,-4.4,-7.621024
9040,-4.092104,-7.536726,-4.4,-7.621024
9041,-4.110478,-7.550866,-4.4,-7.621024
9042,-4.127127,-7.564155,-4.4,-7.621024
9043,-4.14452,-7.577304,-4.4,-7.621024
9044,-4.159073,-7.590337,-4.4,-7.621024
9045,-4.176097,-7.602639,-4.4,-7.621024
9046,-4.19391,-7.61746,-4.4,-7.621024
9047,-4.209389,-7.630607,7.621024,4.4
9048,-4.223998,-7.643659,7.621024,4.4
9049,-4.238127,-7.658091,7.621024,4.4
9050,-4.252425,-7.671998,7.621024,4.4
9051,-4.26637,-7.688067,7.621024,4.4
9052,-4.279395,-7.705526,7.621024,4.4
9053,-4.290138,-7.723336,7.621024,4.4
9054,-4.299759,-7.741207,7.621024,4.4
9055,-4.308075,-7.759905,7.621024,4.4
9056,-4.318386,-7.78096,7.621024,4.4
9057,-4.328369,-7.802361,7.621024,4.4
9058,-4.336671,-7.822895,7.621024,4.4
9059,-4.345984,-7.838583,7.621024,4.4
9060,-4.353491,-7.847141,7.621024,4.4
9061,-4.362544,-7.855863,7.621024,4.4
9062,-4.375684,-7.868577,7.621024,4.4
9063,-4.392323,-7.876925,7.621024,4.4
9064,-4.403402,-7.884421,7.621024,4.4
9065,-4.41304,-7.898242,7.621024,4.4
9066,-4.427109,-7.914468,7.621024,4.4
9067,-4.44274,-7.924484,7.621024,4.4
9068,-4.457644,-7.927669,7.621024,4.4
9069,-4.472863,-7.927159,7.621024,4.4
9070,-4.487946,-7.925654,7.621024,4.4
9071,-4.501469,-7.921942,7.621024,4.4
9072,-4.512004,-7.917479,7.621024,4.4
9073,-4.523342,-7.912561,7.621024,4.4
9074,-4.533547,-7.906618,7.621024,4.4
9075,-4.5415,-7.898596,7.621024,4.4
9076,-4.546039,-7.889805,7.621024,4.4
9077,-4.549766,-7.876877,7.621024,4.4
9078,-4.554042,-7.861727,7.621024,4.4
9079,-4.556196,-7.845273,7.621024,4.4
9080,-4.555276,-7.831942,7.621024,4.4
9081,-4.552486,-7.819,7.621024,4.4
9082,-4.549572,-7.805267,7.621024,4.4
9083,-4.545812,-7.78659,7.621024,4.4
9084,-4.541855,-7.765143,7.621024,4.4
9085,-4.539319,-7.746077,7.621024,4.4
9086,-4.53557,-7.727654,7.621024,4.4
9087,-4.532741,-7.708428,7.621024,4.4
9088,-4.528788,-7.688366,7.621024,4.4
9089,-4.523453,-7.667683,7.621024,4.4
9090,-4.518293,-7.650611,7.621024,4.4
9091,-4.511657,-7.633865,7.621024,4.4
9092,-4.505867,-7.61631,7.621024,4.4
9093,-4.502456,-7.601789,7.621024,4.4
9094,-4.500072,-7.585149,7.621024,4.4
9095,-4.49578,-7.565074,7.621024,4.4
9096,-4.49353,-7.548116,7.621024,4.4
9097,-4.490979,-7.530825,7.621024,4.4
9098,-4.486954,-7.516109,7.621024,4.4
9099,-4.483831,-7.503962,7.621024,4.4
9100,-4.481928,-7.488457,7.621024,4.4
9101,-4.479512,-7.475778,7.621024,4.4
9102,-4.480163,-7.46322,7.621024,4.4
9103,-4.480062,-7.448748,7.621024,4.4
9104,-4.480856,-7.433533,7.621024,4.4
9105,-4.481125,-7.418354,7.621024,4.4
9106,-4.481478,-7.403158,7.621024,4.4
9107,-4.480935,-7.38984,7.621024,4.4
9108,-4.479757,-7.377694,7.621024,4.4
9109,-4.478872,-7.362842,7.621024,4.4
9110,-4.478783,-7.347053,7.621024,4.4
9111,-4.478167,-7.331226,7.621024,4.4
9112,-4.478196,-7.313511,7.621024,4.4
9113,-4.47929,-7.295372,7.621024,4.4
9114,-4.480491,-7.276496,7.621024,4.4
9115,-4.480753,-7.256809,7.621024,4.4
9116,-4.483314,-7.237036,7.621024,4.4
9117,-4.485582,-7.215201,7.621024,4.4
9118,-4.486071,-7.191639,7.621024,4.4
9119,-4.481961,-7.171148,7.621024,4.4
9120,-4.476683,-7.150035,7.621024,4.4
9121,-4.473676,-7.133599,7.621024,4.4
9122,-4.473781,-7.115692,7.621024,4.4
9123,-4.47296,-7.094713,7.621024,4.4
9124,-4.471295,-7.074501,7.621024,4.4
9125,-4.468903,-7.051466,7.621024,4.4
9126,-4.464706,-7.029425,7.621024,4.4
9127,-4.460404,-7.009334,7.621024,4.4
9128,-4.456368,-6.988812,7.621024,4.4
9129,-4.447446,-6.967885,7.621024,4.4
9130,-4.438492,-6.946614,7.621024,4.4
9131,-4.4299,-6.92761,7.621024,4.4
9132,-4.420428,-6.909883,7.621024,4.4
9133,-4.409046,-6.891496,7.621024,4.4
9134,-4.39617,-6.872847,7.621024,4.4
9135,-4.379822,-6.852526,7.621024,4.4
9136,-4.362958,-6.833928,7.621024,4.4
9137,-4.344727,-6.814608,7.621024,4.4
9138,-4.325144,-6.79582,7.621024,4.4
9139,-4.305765,-6.776417,7.621024,4.4
9140,-4.285471,-6.756091,7.621024,4.4
9141,-4.263896,-6.734916,7.621024,4.4
9142,-4.24091,-6.713685,7.621024,4.4
9143,-4.2184,-6.693552,7.621024,4.4
9144,-4.195505,-6.674339,7.621024,4.4
9145,-4.174316,-6.656798,7.621024,4.4
9146,-4.154113,-6.637405,7.621024,4.4
9147,-4.134228,-6.619524,7.621024,4.4
9148,-4.116642,-6.602721,7.621024,4.4
9149,-4.101883,-6.586622,7.621024,4.4
9150,-4.087527,-6.57334,7.621024,4.4
9151,-4.074014,-6.559018,7.621024,4.4
9152,-4.060919,-6.544755,7.621024,4.4
9153,-4.047333,-6.529046,7.621024,4.4
9154,-4.03198,-6.508503,7.621024,4.4
9155,-4.017498,-6.487035,7.621024,4.4
9156,-4.005663,-6.467663,7.621024,4.4
9157,-3.994479,-6.451695,7.621024,4.4
9158,-3.984858,-6.434464,7.621024,4.4
9159,-3.973113,-6.416406,7.621024,4.4
9160,-3.95851,-6.398088,7.621024,4.4
9161,-3.942919,-6.380463,7.621024,4.4
9162,-3.926693,-6.362123,7.621024,4.4
9163,-3.911633,-6.341798,7.621024,4.4
9164,-3.895661,-6.318193,7.621024,4.4
9165,-3.880318,-6.299243,7.621024,4.4
9166,-3.865045,-6.278461,7.621024,4.4
9167,-3.850501,-6.259759,7.621024,4.4
9168,-3.835571,-6.24106,7.621024,4.4
9169,-3.821995,-6.218716,7.621024,4.4
9170,-3.807703,-6.196013,7.621024,4.4
9171,-3.793372,-6.170643,7.621024,4.4
9172,-3.778103,-6.143008,7.621024,4.4
9173,-3.760335,-6.117123,7.621024,4.4
9174,-3.743135,-6.090186,7.621024,4.4
9175,-3.730605,-6.065642,7.621024,4.4
9176,-3.718468,-6.040592,7.621024,4.4
9177,-3.704526,-6.016807,7.621024,4.4
9178,-3.689609,-5.990257,7.621024,4.4
9179,-3.675139,-5.965001,7.621024,4.4
9180,-3.658161,-5.940552,7.621024,4.4
9181,-3.640959,-5.91567,7.621024,4.4
9182,-3.624746,-5.89144,7.621024,4.4
9183,-3.606671,-5.865873,7.621024,4.4
9184,-3.589704,-5.843166,7.621024,4.4
9185,-3.57072,-5.822457,7.621024,4.4
9186,-3.549421,-5.801499,7.621024,4.4
9187,-3.527082,-5.779873,7.621024,4.4
9188,-3.504289,-5.758146,7.621024,4.4
9189,-3.479349,-5.737491,7.621024,4.4
9190,-3.455658,-5.719495,7.621024,4.4
9191,-3.429889,-5.701225,7.621024,4.4
9192,-3.402125,-5.683277,7.621024,4.4
9193,-3.378279,-5.669024,7.621024,4.4
9194,-3.352631,-5.652768,7.621024,4.4
9195,-3.326301,-5.635343,7.621024,4.4
9196,-3.297324,-5.616784,7.621024,4.4
9197,-3.270133,-5.598159,7.621024,4.4
9198,-3.243966,-5.580729,7.621024,4.4
9199,-3.21933,-5.563889,7.621024,4.4
9200,-3.199793,-5.547359,7.621024,4.4
9201,-3.184359,-5.532744,7.621024,4.4
9202,-3.167377,-5.517718,7.621024,4.4
9203,-3.148035,-5.501398,7.621024,4.4
9204,-3.133277,-5.489804,7.621024,4.4
9205,-3.117541,-5.476177,7.621024,4.4
9206,-3.101259,-5.458597,7.621024,4.4
9207,-3.085914,-5.438728,7.621024,4.4
9208,-3.069887,-5.42251,7.621024,4.4
9209,-3.052612,-5.405985,7.621024,4.4
9210,-3.036779,-5.389421,7.621024,4.4
9211,-3.022379,-5.373368,7.621024,4.4
9212,-3.007863,-5.354375,7.621024,4.4
9213,-2.992959,-5.337113,7.621024,4.4
9214,-2.978175,-5.320621,7.621024,4.4
9215,-2.962564,-5.303259,7.621024,4.4
9216,-2.94573,-5.285959,7.621024,4.4
9217,-2.928994,-5.266858,7.621024,4.4
9218,-2.913881,-5.247937,7.621024,4.4
9219,-2.8966,-5.226719,7.621024,4.4
9220,-2.881023,-5.206236,7.621024,4.4
9221,-2.865131,-5.185716,7.621024,4.4
9222,-2.850179,-5.165657,7.621024,4.4
9223,-2.833391,-5.142915,7.621024,4.4
9224,-2.815583,-5.117578,7.621024,4.4
9225,-2.797035,-5.093172,7.621024,4.4
9226,-2.778827,-5.067938,7.621024,4.4
9227,-2.763285,-5.04422,7.621024,4.4
9228,-2.750168,-5.024676,7.621024,4.4
9229,-2.735075,-5.003304,7.621024,4.4
9230,-2.719911,-4.980202,7.621024,4.4
9231,-2.704508,-4.956317,7.621024,4.4
9232,-2.688116,-4.934868,7.621024,4.4
9233,-2.669948,-4.913687,7.621024,4.4
9234,-2.650789,-4.892056,7.621024,4.4
9235,-2.63232,-4.871221,7.621024,4.4
9236,-2.613637,-4.851192,7.621024,4.4
9237,-2.593317,-4.832686,7.621024,4.4
9238,-2.572738,-4.814844,7.621024,4.4
9239,-2.553084,-4.796446,7.621024,4.4
9240,-2.532347,-4.778066,7.621024,4.4
9241,-2.508601,-4.759549,7.621024,4.4
9242,-2.485722,-4.741745,7.621024,4.4
9243,-2.4642,-4.723373,7.621024,4.4
9244,-2.440192,-4.705764,7.621024,4.4
9245,-2.414823,-4.688304,7.621024,4.4
9246,-2.389236,-4.670075,7.621024,4.4
9247,-2.364403,-4.652001,7.621024,4.4
9248,-2.340016,-4.636292,7.621024,4.4
9249,-2.316752,-4.62109,7.621024,4.4
9250,-2.291273,-4.60422,7.621024,4.4
9251,-2.26583,-4.588688,7.621024,4.4
9252,-2.239399,-4.57269,7.621024,4.4
9253,-2.217662,-4.558411,7.621024,4.4
9254,-2.196332,-4.542948,7.621024,4.4
9255,-2.176407,-4.527799,7.621024,4.4
9256,-2.157139,-4.512069,7.621024,4.4
9257,-2.140615,-4.498089,7.621024,4.4
9258,-2.124393,-4.487694,7.621024,4.4
9259,-2.109025,-4.476593,7.621024,4.4
9260,-2.097208,-4.464075,7.621024,4.4
9261,-2.083091,-4.449911,7.621024,4.4
9262,-2.066981,-4.434001,7.621024,4.4
9263,-2.04895,-4.414918,7.621024,4.4
9264,-2.034102,-4.39344,7.621024,4.4
9265,-2.018918,-4.375927,7.621024,4.4
9266,-2.004103,-4.361857,7.621024,4.4
9267,-1.988456,-4.349449,7.621024,4.4
9268,-1.971365,-4.334396,7.621024,4.4
9269,-1.953874,-4.317976,7.621024,4.4
9270,-1.934213,-4.299345,7.621024,4.4
9271,-1.916563,-4.280286,7.621024,4.4
9272,-1.897874,-4.260158,7.621024,4.4
9273,-1.881035,-4.239816,7.621024,4.4
9274,-1.862651,-4.218414,7.621024,4.4
9275,-1.845223,-4.195637,7.621024,4.4
9276,-1.826308,-4.170187,7.621024,4.4
9277,-1.806009,-4.142675,7.621024,4.4
9278,-1.788426,-4.119193,7.621024,4.4
9279,-1.772166,-4.096642,7.621024,4.4
9280,-1.756889,-4.07563,7.621024,4.4
9281,-1.739172,-4.053579,7.621024,4.4
9282,-1.725365,-4.031169,7.621024,4.4
9283,-1.711056,-4.008722,7.621024,4.4
9284,-1.694312,-3.984801,7.621024,4.4
9285,-1.679695,-3.961271,7.621024,4.4
9286,-1.66203,-3.936919,7.621024,4.4
9287,-1.643981,-3.9109,7.621024,4.4
9288,-1.626086,-3.88714,7.621024,4.4
9289,-1.607169,-3.863115,7.621024,4.4
9290,-1.588824,-3.842123,7.621024,4.4
9291,-1.570354,-3.821387,7.621024,4.4
9292,-1.552155,-3.800539,7.621024,4.4
9293,-1.531793,-3.780469,7.621024,4.4
9294,-1.513447,-3.762313,7.621024,4.4
9295,-1.492558,-3.742512,7.621024,4.4
9296,-1.467792,-3.722759,7.621024,4.4
9297,-1.443154,-3.704098,7.621024,4.4
9298,-1.417431,-3.684211,7.621024,4.4
9299,-1.39325,-3.663986,7.621024,4.4
9300,-1.370186,-3.644909,7.621024,4.4
9301,-1.345902,-3.626395,7.621024,4.4
9302,-1.320256,-3.607262,7.621024,4.4
9303,-1.29291,-3.586761,7.621024,4.4
9304,-1.267396,-3.567982,7.621024,4.4
9305,-1.241872,-3.550339,7.621024,4.4
9306,-1.218606,-3.530638,7.621024,4.4
9307,-1.199152,-3.514443,7.621024,4.4
9308,-1.180735,-3.499278,7.621024,4.4
9309,-1.162941,-3.481407,7.621024,4.4
9310,-1.149099,-3.468536,7.621024,4.4
9311,-1.134587,-3.45282,7.621024,4.4
9312,-1.119451,-3.436896,7.621024,4.4
9313,-1.104856,-3.42412,7.621024,4.4
9314,-1.090066,-3.409413,7.621024,4.4
9315,-1.072926,-3.39088,7.621024,4.4
9316,-1.054839,-3.372293,7.621024,4.4
9317,-1.038331,-3.353819,7.621024,4.4
9318,-1.021834,-3.336026,7.621024,4.4
9319,-1.004481,-3.315941,7.621024,4.4
9320,-0.9898481,-3.294892,7.621024,4.4
9321,-0.9745596,-3.275115,7.621024,4.4
9322,-0.9582698,-3.255017,7.621024,4.4
9323,-0.9426749,-3.23333,7.621024,4.4
9324,-0.927317,-3.213231,7.621024,4.4
9325,-0.9128825,-3.193711,7.621024,4.4
9326,-0.8976809,-3.172368,7.621024,4.4
9327,-0.882793,-3.150034,7.621024,4.4
9328,-0.8644725,-3.12497,7.621024,4.4
9329,-0.8464656,-3.098274,7.621024,4.4
9330,-0.8303586,-3.072963,7.621024,4.4
9331,-0.815089,-3.04516,7.621024,4.4
9332,-0.7993203,-3.020829,7.621024,4.4
9333,-0.7838149,-2.996115,7.621024,4.4
9334,-0.7696152,-2.968618,7.621024,4.4
9335,-0.7537697,-2.938983,7.621024,4.4
9336,-0.7386854,-2.911824,7.621024,4.4
9337,-0.7251524,-2.887945,7.621024,4.4
9338,-0.7133218,-2.863241,7.621024,4.4
9339,-0.6975648,-2.836403,7.621024,4.4
9340,-0.6824962,-2.808301,7.621024,4.4
9341,-0.6657366,-2.783099,7.621024,4.4
9342,-0.6506081,-2.757397,7.621024,4.4
9343,-0.633712,-2.73286,7.621024,4.4
9344,-0.6184463,-2.710501,7.621024,4.4
9345,-0.6016335,-2.687744,7.621024,4.4
9346,-0.5835519,-2.666495,7.621024,4.4
9347,-0.5639585,-2.645267,7.621024,4.4
9348,-0.5416952,-2.623325,7.621024,4.4
9349,-0.5172606,-2.603111,7.621024,4.4
9350,-0.4940542,-2.582693,7.621024,4.4
9351,-0.4703494,-2.561056,7.621024,4.4
9352,-0.4471742,-2.539968,7.621024,4.4
9353,-0.4235046,-2.517833,7.621024,4.4
9354,-0.4012425,-2.497686,7.621024,4.4
9355,-0.37964,-2.476635,7.621024,4.4
9356,-0.3557136,-2.456095,7.621024,4.4
9357,-0.3306545,-2.433643,7.621024,4.4
9358,-0.3050104,-2.413558,7.621024,4.4
9359,-0.2810598,-2.392388,7.621024,4.4
9360,-0.2577492,-2.373088,7.621024,4.4
9361,-0.2389489,-2.358525,7.621024,4.4
9362,-0.2227036,-2.341329,7.621024,4.4
9363,-0.208373,-2.32493,7.621024,4.4
9364,-0.191368,-2.307638,7.621024,4.4
9365,-0.177085,-2.29119,7.621024,4.4
9366,-0.1624801,-2.273557,7.621024,4.4
9367,-0.1479788,-2.258065,7.621024,4.4
9368,-0.1321559,-2.240479,7.621024,4.4
9369,-0.1171055,-2.222089,7.621024,4.4
9370,-0.1048275,-2.202919,7.621024,4.4
9371,-0.09114033,-2.182017,7.621024,4.4
9372,-0.07813402,-2.163928,7.621024,4.4
9373,-0.06607977,-2.145202,7.621024,4.4
9374,-0.05498731,-2.125034,7.621024,4.4
9375,-0.04046546,-2.101801,7.621024,4.4
9376,-0.0269025,-2.078904,7.621024,4.4
9377,-0.01264998,-2.058645,7.621024,4.4
9378,0.001536689,-2.037141,7.621024,4.4
9379,0.01475106,-2.015883,7.621024,4.4
9380,0.0275003,-1.993102,7.621024,4.4
9381,0.04070166,-1.970255,7.621024,4.4
9382,0.05371738,-1.945933,7.621024,4.4
9383,0.06736578,-1.920194,7.621024,4.4
9384,0.08064301,-1.892323,7.621024,4.4
9385,0.09455661,-1.863689,7.621024,4.4
9386,0.1080611,-1.834337,7.621024,4.4
9387,0.1210154,-1.806061,7.621024,4.4
9388,0.1338959,-1.778706,7.621024,4.4
9389,0.1449389,-1.752616,7.621024,4.4
9390,0.15578,-1.726405,7.621024,4.4
9391,0.1681276,-1.699713,7.621024,4.4
9392,0.1804675,-1.674648,7.621024,4.4
9393,0.1929032,-1.646985,7.621024,4.4
9394,0.2060964,-1.618262,7.621024,4.4
9395,0.2211133,-1.592366,7.621024,4.4
9396,0.2350063,-1.568865,7.621024,4.4
9397,0.2487205,-1.545653,7.621024,4.4
9398,0.2643907,-1.523165,7.621024,4.4
9399,0.2812947,-1.501044,7.621024,4.4
9400,0.2993976,-1.477951,7.621024,4.4
9401,0.3201879,-1.4543,7.621024,4.4
9402,0.3411639,-1.431413,7.621024,4.4
9403,0.3628324,-1.410666,7.621024,4.4
9404,0.3841287,-1.389242,7.621024,4.4
9405,0.4051728,-1.366252,7.621024,4.4
9406,0.4276861,-1.343561,7.621024,4.4
9407,0.4533016,-1.322023,7.621024,4.4
9408,0.4798475,-1.299115,7.621024,4.4
9409,0.5041139,-1.277754,7.621024,4.4
9410,0.5305323,-1.25303,7.621024,4.4
9411,0.5565819,-1.229013,7.621024,4.4
9412,0.5811663,-1.207384,7.621024,4.4
9413,0.6023965,-1.187893,7.621024,4.4
9414,0.6244426,-1.167148,7.621024,4.4
9415,0.6437861,-1.150213,7.621024,4.4
9416,0.6620812,-1.132198,7.621024,4.4
9417,0.6809499,-1.113377,7.621024,4.4
9418,0.6959806,-1.095344,7.621024,4.4
9419,0.7080196,-1.079122,7.621024,4.4
9420,0.7195299,-1.063098,7.621024,4.4
9421,0.7319277,-1.045212,7.621024,4.4
9422,0.7478155,-1.023489,7.621024,4.4
9423,0.7627938,-1.003593,7.621024,4.4
9424,0.7761541,-0.9824142,7.621024,4.4
9425,0.7899168,-0.9605336,7.621024,4.4
9426,0.8036112,-0.9394801,7.621024,4.4
9427,0.8160337,-0.9202204,7.621024,4.4
9428,0.8298453,-0.9031226,7.621024,4.4
9429,0.8445018,-0.8826675,7.621024,4.4
9430,0.858746,-0.8630334,7.621024,4.4
9431,0.8720276,-0.8431547,7.621024,4.4
9432,0.8856336,-0.8202457,7.621024,4.4
9433,0.899316,-0.7973424,7.621024,4.4
9434,0.9139472,-0.7726047,7.621024,4.4
9435,0.9260824,-0.7477177,7.621024,4.4
9436,0.9409533,-0.7170036,7.621024,4.4
9437,0.9561597,-0.6863626,7.621024,4.4
9438,0.9730733,-0.6557585,7.621024,4.4
9439,0.988809,-0.6284499,7.621024,4.4
9440,1.00165,-0.6036788,7.621024,4.4
9441,1.011763,-0.5803462,7.621024,4.4
9442,1.021933,-0.5547211,7.621024,4.4
9443,1.033208,-0.5270491,7.621024,4.4
9444,1.045527,-0.5017672,7.621024,4.4
9445,1.059121,-0.4757349,7.621024,4.4
9446,1.075076,-0.4484465,7.621024,4.4
9447,1.091044,-0.4221334,7.621024,4.4
9448,1.10911,-0.3950481,7.621024,4.4
9449,1.12554,-0.3686832,7.621024,4.4
9450,1.141974,-0.3455907,7.621024,4.4
9451,1.155806,-0.3257157,7.621024,4.4
9452,1.17077,-0.3036126,7.621024,4.4
9453,1.187456,-0.2834998,7.621024,4.4
9454,1.206852,-0.2623701,7.621024,4.4
9455,1.230046,-0.2414111,7.621024,4.4
9456,1.254859,-0.2199684,7.621024,4.4
9457,1.276791,-0.1995742,7.621024,4.4
9458,1.299758,-0.1774563,7.621024,4.4
9459,1.324439,-0.1559184,7.621024,4.4
9460,1.34897,-0.1344922,7.621024,4.4
9461,1.373357,-0.1136973,7.621024,4.4
9462,1.397776,-0.09347775,7.621024,4.4
9463,1.422882,-0.07119049,7.621024,4.4
9464,1.450938,-0.04785442,7.621024,4.4
9465,1.477996,-0.02866792,7.621024,4.4
9466,1.50225,-0.01090584,7.621024,4.4
9467,1.524239,0.007605325,7.621024,4.4
9468,1.544252,0.02837209,7.621024,4.4
9469,1.565063,0.04627319,7.621024,4.4
9470,1.582668,0.06225515,7.621024,4.4
9471,1.599595,0.08052699,7.621024,4.4
9472,1.61574,0.09922627,7.621024,4.4
9473,1.631177,0.114268,7.621024,4.4
9474,1.644394,0.1290603,7.621024,4.4
9475,1.657832,0.1452351,7.621024,4.4
9476,1.671482,0.1633092,7.621024,4.4
9477,1.685222,0.1830637,7.621024,4.4
9478,1.698713,0.2010262,7.621024,4.4
9479,1.711388,0.2197939,7.621024,4.4
9480,1.725344,0.2417477,7.621024,4.4
9481,1.739849,0.261461,7.621024,4.4
9482,1.752863,0.2794562,7.621024,4.4
9483,1.767247,0.2982264,7.621024,4.4
9484,1.782711,0.3166311,7.621024,4.4
9485,1.796239,0.3339346,7.621024,4.4
9486,1.812512,0.3543105,7.621024,4.4
9487,1.829204,0.376746,7.621024,4.4
9488,1.844347,0.3976694,7.621024,4.4
9489,1.858094,0.4191559,7.621024,4.4
9490,1.875327,0.4438101,7.621024,4.4
9491,1.891227,0.470246,7.621024,4.4
9492,1.90828,0.4962896,7.621024,4.4
9493,1.925815,0.5238266,7.621024,4.4
9494,1.943848,0.5501559,7.621024,4.4
9495,1.958835,0.5734034,7.621024,4.4
9496,1.974078,0.5990711,7.621024,4.4
9497,1.988386,0.6261845,7.621024,4.4
9498,2.001922,0.6537721,7.621024,4.4
9499,2.015487,0.6828943,7.621024,4.4
9500,2.028775,0.7117542,7.621024,4.4
9501,2.045966,0.7394162,7.621024,4.4
9502,2.060384,0.765188,7.621024,4.4
9503,2.075583,0.7898922,7.621024,4.4
9504,2.092176,0.8148677,7.621024,4.4
9505,2.112142,0.8389375,7.621024,4.4
9506,2.13268,0.8615848,7.621024,4.4
9507,2.151713,0.8813931,7.621024,4.4
9508,2.172685,0.9026721,7.621024,4.4
9509,2.197643,0.9253476,7.621024,4.4
9510,2.221689,0.9457583,7.621024,4.4
9511,2.244458,0.9654185,7.621024,4.4
9512,2.268547,0.9862638,7.621024,4.4
9513,2.294137,1.008015,7.621024,4.4
9514,2.318861,1.030105,7.621024,4.4
9515,2.344417,1.050818,7.621024,4.4
9516,2.370768,1.071101,7.621024,4.4
9517,2.398435,1.092868,7.621024,4.4
9518,2.426569,1.114004,7.621024,4.4
9519,2.454137,1.135007,7.621024,4.4
9520,2.4822,1.155037,7.621024,4.4
9521,2.506092,1.173169,7.621024,4.4
9522,2.525296,1.189507,7.621024,4.4
9523,2.543575,1.20478,7.621024,4.4
9524,2.559689,1.221621,7.621024,4.4
9525,2.577235,1.239807,7.621024,4.4
9526,2.594632,1.257613,7.621024,4.4
9527,2.609472,1.274898,7.621024,4.4
9528,2.623497,1.292238,7.621024,4.4
9529,2.635138,1.311086,7.621024,4.4
9530,2.649102,1.331324,7.621024,4.4
9531,2.663652,1.348847,7.621024,4.4
9532,2.679926,1.365651,7.621024,4.4
9533,2.694785,1.384409,7.621024,4.4
9534,2.707799,1.403459,7.621024,4.4
9535,2.721092,1.422398,7.621024,4.4
9536,2.736224,1.44321,7.621024,4.4
9537,2.751309,1.462682,7.621024,4.4
9538,2.766177,1.482635,7.621024,4.4
9539,2.780801,1.504059,7.621024,4.4
9540,2.796927,1.528538,7.621024,4.4
9541,2.812592,1.551887,7.621024,4.4
9542,2.830364,1.576699,7.621024,4.4
9543,2.847639,1.599939,7.621024,4.4
9544,2.86425,1.622053,7.621024,4.4
9545,2.881432,1.646311,7.621024,4.4
9546,2.896489,1.668705,7.621024,4.4
9547,2.914349,1.69267,7.621024,4.4
9548,2.932657,1.715529,7.621024,4.4
9549,2.946956,1.739083,7.621024,4.4
9550,2.960885,1.763419,7.621024,4.4
9551,2.972973,1.789075,7.621024,4.4
9552,2.985824,1.812302,7.621024,4.4
9553,2.998439,1.836576,7.621024,4.4
9554,3.01302,1.859295,7.621024,4.4
9555,3.028712,1.8819,7.621024,4.4
9556,3.043595,1.901946,7.621024,4.4
9557,3.060559,1.922748,7.621024,4.4
9558,3.078019,1.945,7.621024,4.4
9559,3.096067,1.964094,7.621024,4.4
9560,3.114097,1.982801,7.621024,4.4
9561,3.132625,1.999981,7.621024,4.4
9562,3.153298,2.017081,7.621024,4.4
9563,3.176374,2.036067,7.621024,4.4
9564,3.19858,2.053112,7.621024,4.4
9565,3.222938,2.069663,7.621024,4.4
9566,3.246783,2.084496,7.621024,4.4
9567,3.271124,2.100549,7.621024,4.4
9568,3.296177,2.118524,7.621024,4.4
9569,3.324651,2.139189,7.621024,4.4
9570,3.352281,2.156578,7.621024,4.4
9571,3.379489,2.173092,7.621024,4.4
9572,3.408501,2.191824,7.621024,4.4
9573,3.437639,2.211921,7.621024,4.4
9574,3.467507,2.23237,7.621024,4.4
9575,3.494974,2.251646,7.621024,4.4
9576,3.520314,2.2679,7.621024,4.4
9577,3.540662,2.282596,7.621024,4.4
9578,3.557329,2.296444,7.621024,4.4
9579,3.575376,2.313412,7.621024,4.4
9580,3.59177,2.326898,7.621024,4.4
9581,3.607986,2.342698,7.621024,4.4
9582,3.62569,2.357805,7.621024,4.4
9583,3.646116,2.375188,7.621024,4.4
9584,3.664687,2.392339,7.621024,4.4
9585,3.682,2.40759,7.621024,4.4
9586,3.699335,2.424338,7.621024,4.4
9587,3.715938,2.44357,7.621024,4.4
9588,3.734871,2.46218,7.621024,4.4
9589,3.75357,2.479754,7.621024,4.4
9590,3.770441,2.496865,7.621024,4.4
9591,3.789149,2.515509,7.621024,4.4
9592,3.809562,2.532492,7.621024,4.4
9593,3.827748,2.550362,7.621024,4.4
9594,3.846697,2.568213,7.621024,4.4
9595,3.864774,2.586531,7.621024,4.4
9596,3.882655,2.607914,7.621024,4.4
9597,3.900957,2.630099,7.621024,4.4
9598,3.924669,2.655028,7.621024,4.4
9599,3.945243,2.677767,7.621024,4.4
9600,3.966972,2.699914,7.621024,4.4
9601,3.987239,2.721467,7.621024,4.4
9602,4.00605,2.741935,7.621024,4.4
9603,4.023141,2.759657,7.621024,4.4
9604,4.039373,2.781291,7.621024,4.4
9605,4.055812,2.802951,7.621024,4.4
9606,4.075644,2.826029,7.621024,4.4
9607,4.096822,2.848929,7.621024,4.4
9608,4.118799,2.870697,7.621024,4.4
9609,4.14144,2.890195,7.621024,4.4
9610,4.164262,2.908614,7.621024,4.4
9611,4.187726,2.925479,7.621024,4.4
9612,4.211086,2.943038,7.621024,4.4
9613,4.233285,2.958199,7.621024,4.4
9614,4.255299,2.972387,7.621024,4.4
9615,4.281473,2.987405,7.621024,4.4
9616,4.30935,3.002027,7.621024,4.4
9617,4.338611,3.016035,7.621024,4.4
9618,4.368579,3.027477,7.621024,4.4
9619,4.401654,3.039247,7.621024,4.4
9620,4.432981,3.050396,7.621024,4.4
9621,4.460842,3.060592,7.621024,4.4
9622,4.488661,3.072202,7.621024,4.4
9623,4.518559,3.085358,7.621024,4.4
9624,4.550417,3.097589,7.621024,4.4
9625,4.57967,3.108013,7.621024,4.4
9626,4.605659,3.118903,7.621024,4.4
9627,4.631425,3.128156,7.621024,4.4
9628,4.654986,3.138318,7.621024,4.4
9629,4.680329,3.150697,7.621024,4.4
9630,4.706243,3.163037,7.621024,4.4
9631,4.726789,3.173506,7.621024,4.4
9632,4.747258,3.184095,7.621024,4.4
9633,4.764193,3.1937,7.621024,4.4
9634,4.780684,3.201973,7.621024,4.4
9635,4.798492,3.214011,7.621024,4.4
9636,4.821074,3.229646,7.621024,4.4
9637,4.839854,3.242576,7.621024,4.4
9638,4.859238,3.255126,7.621024,4.4
9639,4.878474,3.265276,7.621024,4.4
9640,4.896482,3.275554,7.621024,4.4
9641,4.912046,3.286155,7.621024,4.4
9642,4.929032,3.299444,7.621024,4.4
9643,4.948376,3.314144,7.621024,4.4
9644,4.968671,3.327736,7.621024,4.4
9645,4.98982,3.341017,7.621024,4.4
9646,5.011343,3.354568,7.621024,4.4
9647,5.033357,3.369905,7.621024,4.4
9648,5.055181,3.38543,7.621024,4.4
9649,5.078093,3.402287,7.621024,4.4
9650,5.099869,3.417379,7.621024,4.4
9651,5.118956,3.433736,7.621024,4.4
9652,5.139946,3.453036,7.621024,4.4
9653,5.159797,3.470166,7.621024,4.4
9654,5.18171,3.489349,7.621024,4.4
9655,5.203173,3.509559,7.621024,4.4
9656,5.221309,3.526794,7.621024,4.4
9657,5.240797,3.546176,7.621024,4.4
9658,5.258741,3.567126,7.621024,4.4
9659,5.278652,3.588061,7.621024,4.4
9660,5.297801,3.611142,7.621024,4.4
9661,5.319375,3.632646,7.621024,4.4
9662,5.343524,3.65295,7.621024,4.4
9663,5.365021,3.672339,7.621024,4.4
9664,5.38708,3.689878,7.621024,4.4
9665,5.409889,3.708844,7.621024,4.4
9666,5.433803,3.726981,7.621024,4.4
9667,5.457458,3.741607,7.621024,4.4
9668,5.481379,3.755149,7.621024,4.4
9669,5.506026,3.768282,7.621024,4.4
9670,5.532795,3.782192,7.621024,4.4
9671,5.561843,3.796452,7.621024,4.4
9672,5.58985,3.808738,7.621024,4.4
9673,5.618156,3.820264,7.621024,4.4
9674,5.646382,3.830808,7.621024,4.4
9675,5.674274,3.842315,7.621024,4.4
9676,5.704053,3.854807,7.621024,4.4
9677,5.729918,3.866685,7.621024,4.4
9678,5.760921,3.880538,7.621024,4.4
9679,5.792583,3.893056,7.621024,4.4
9680,5.821816,3.902515,7.621024,4.4
9681,5.852574,3.911327,7.621024,4.4
9682,5.88233,3.921776,7.621024,4.4
9683,5.91106,3.932065,7.621024,4.4
9684,5.937457,3.942218,7.621024,4.4
9685,5.960017,3.95243,7.621024,4.4
9686,5.978266,3.960665,7.621024,4.4
9687,5.995948,3.970687,7.621024,4.4
9688,6.01502,3.980902,7.621024,4.4
9689,6.032442,3.99132,7.621024,4.4
9690,6.05319,4.003507,7.621024,4.4
9691,6.077466,4.017713,7.621024,4.4
9692,6.100891,4.03163,7.621024,4.4
9693,6.1215,4.04398,7.621024,4.4
9694,6.14053,4.054582,7.621024,4.4
9695,6.160329,4.066061,7.621024,4.4
9696,6.179117,4.078109,7.621024,4.4
9697,6.198474,4.091068,7.621024,4.4
9698,6.218806,4.103528,7.621024,4.4
9699,6.239956,4.115601,7.621024,4.4
9700,6.259578,4.127034,7.621024,4.4
9701,6.27865,4.138339,7.621024,4.4
9702,6.299611,4.151051,7.621024,4.4
9703,6.32126,4.165799,7.621024,4.4
9704,6.345598,4.182495,7.621024,4.4
9705,6.368925,4.199451,7.621024,4.4
9706,6.393191,4.217736,7.621024,4.4
9707,6.418792,4.236045,7.621024,4.4
9708,6.444223,4.253454,7.621024,4.4
9709,6.467122,4.270858,7.621024,4.4
9710,6.490298,4.289296,7.621024,4.4
9711,6.50996,4.305416,7.621024,4.4
9712,6.533281,4.321349,7.621024,4.4
9713,6.553889,4.334816,7.621024,4.4
9714,6.576265,4.348964,7.621024,4.4
9715,6.598858,4.366024,7.621024,4.4
9716,6.621259,4.383417,7.621024,4.4
9717,6.64622,4.400252,7.621024,4.4
9718,6.67219,4.41722,7.621024,4.4
9719,6.694391,4.431911,7.621024,4.4
9720,6.716538,4.44626,7.621024,4.4
9721,6.742342,4.457572,7.621024,4.4
9722,6.764836,4.467762,7.621024,4.4
9723,6.789628,4.4774,7.621024,4.4
9724,6.816891,4.486907,7.621024,4.4
9725,6.845633,4.49342,7.621024,4.4
9726,6.877383,4.497276,7.621024,4.4
9727,6.906847,4.499763,7.621024,4.4
9728,6.933374,4.502254,7.621024,4.4
9729,6.962952,4.504427,7.621024,4.4
9730,6.994156,4.507582,7.621024,4.4
9731,7.028255,4.51092,7.621024,4.4
9732,7.067008,4.512734,7.621024,4.4
9733,7.104581,4.514357,7.621024,4.4
9734,7.141479,4.516515,7.621024,4.4
9735,7.176555,4.517252,7.621024,4.4
9736,7.208893,4.519996,7.621024,4.4
9737,7.237404,4.524049,7.621024,4.4
9738,7.26165,4.527016,7.621024,4.4
9739,7.286527,4.529384,7.621024,4.4
9740,7.30961,4.531312,7.621024,4.4
9741,7.331365,4.535923,7.621024,4.4
9742,7.353564,4.541399,7.621024,4.4
9743,7.375471,4.547041,7.621024,4.4
9744,7.396221,4.554156,7.621024,4.4
9745,7.416672,4.561199,8.8,0
9746,7.437487,4.567099,8.8,0
9747,7.455281,4.573357,8.8,0
9748,7.474777,4.580406,8.8,0
9749,7.49245,4.586329,8.8,0
9750,7.509968,4.593385,8.8,0
9751,7.527353,4.600535,8.8,0
9752,7.543582,4.609656,8.8,0
9753,7.56188,4.620131,8.8,0
9754,7.581506,4.62913,8.8,0
9755,7.600482,4.636521,8.8,0
9756,7.62015,4.640587,8.8,0
9757,7.63849,4.640738,8.8,0
9758,7.655172,4.639995,8.8,0
9759,7.674147,4.639012,8.8,0
9760,7.691998,4.639217,8.8,0
9761,7.710356,4.641123,8.8,0
9762,7.729364,4.643654,8.8,0
9763,7.751195,4.644492,8.8,0
9764,7.769724,4.641499,8.8,0
9765,7.786924,4.639178,8.8,0
9766,7.804961,4.634687,8.8,0
9767,7.821805,4.630697,8.8,0
9768,7.838389,4.62632,8.8,0
9769,7.856947,4.621693,8.8,0
9770,7.873662,4.618432,8.8,0
9771,7.889186,4.616238,8.8,0
9772,7.904507,4.612381,8.8,0
9773,7.919998,4.606814,8.8,0
9774,7.934824,4.597606,8.8,0
9775,7.948681,4.585122,8.8,0
9776,7.960917,4.569942,8.8,0
9777,7.974099,4.549654,8.8,0
9778,7.9861,4.526619,8.8,0
9779,7.996662,4.501614,8.8,0
9780,8.005526,4.479909,8.8,0
9781,8.011343,4.457079,8.8,0
9782,8.017581,4.433225,8.8,0
9783,8.026027,4.407591,8.8,0
9784,8.033538,4.384004,8.8,0
9785,8.041127,4.358365,8.8,0
9786,8.04976,4.329948,8.8,0
9787,8.057461,4.299126,8.8,0
9788,8.064063,4.269236,8.8,0
9789,8.070374,4.243912,8.8,0
9790,8.078215,4.223675,8.8,0
9791,8.08665,4.205784,8.8,0
9792,8.093443,4.187012,8.8,0
9793,8.098085,4.17031,8.8,0
9794,8.103169,4.153306,8.8,0
9795,8.109514,4.136826,8.8,0
9796,8.115517,4.121303,8.8,0
9797,8.122837,4.104096,8.8,0
9798,8.132823,4.085215,8.8,0
9799,8.14279,4.065862,8.8,0
9800,8.152843,4.047244,8.8,0
9801,8.163059,4.028392,8.8,0
9802,8.173173,4.009523,8.8,0
9803,8.183595,3.988713,8.8,0
9804,8.193576,3.968347,8.8,0
9805,8.204627,3.948888,8.8,0
9806,8.215321,3.930351,8.8,0
9807,8.224345,3.911566,8.8,0
9808,8.235008,3.888839,8.8,0
9809,8.245219,3.866196,8.8,0
9810,8.255648,3.841463,8.8,0
9811,8.264395,3.817194,8.8,0
9812,8.272511,3.79122,8.8,0
9813,8.282063,3.764639,8.8,0
9814,8.295547,3.737554,8.8,0
9815,8.307601,3.709775,8.8,0
9816,8.320399,3.68542,8.8,0
9817,8.332179,3.662862,8.8,0
9818,8.346006,3.641781,8.8,0
9819,8.358783,3.619024,8.8,0
9820,8.371428,3.596852,8.8,0
9821,8.382264,3.575867,8.8,0
9822,8.394624,3.554414,8.8,0
9823,8.405386,3.530189,8.8,0
9824,8.415741,3.503182,8.8,0
9825,8.427999,3.474486,8.8,0
9826,8.438714,3.446866,8.8,0
9827,8.447435,3.419342,8.8,0
9828,8.454683,3.392076,8.8,0
9829,8.460484,3.365701,8.8,0
9830,8.466215,3.340874,8.8,0
9831,8.468837,3.313476,8.8,0
9832,8.470194,3.282204,8.8,0
9833,8.47099,3.251757,8.8,0
9834,8.471426,3.220535,8.8,0
9835,8.471133,3.188545,8.8,0
9836,8.471471,3.158743,8.8,0
9837,8.47094,3.128711,8.8,0
9838,8.471758,3.094471,8.8,0
9839,8.473662,3.059698,8.8,0
9840,8.473969,3.024818,8.8,0
9841,8.475092,2.993509,8.8,0
9842,8.475429,2.964292,8.8,0
9843,8.475901,2.937223,8.8,0
9844,8.47649,2.912079,8.8,0
9845,8.476816,2.890548,8.8,0
9846,8.47803,2.869184,8.8,0
9847,8.481407,2.849915,8.8,0
9848,8.482508,2.828733,8.8,0
9849,8.4855,2.808197,8.8,0
9850,8.489934,2.791041,8.8,0
9851,8.494586,2.77199,8.8,0
9852,8.499307,2.747746,8.8,0
9853,8.505739,2.725224,8.8,0
9854,8.509514,2.706998,8.8,0
9855,8.516072,2.686377,8.8,0
9856,8.52387,2.663992,8.8,0
9857,8.53369,2.643871,8.8,0
9858,8.543871,2.623474,8.8,0
9859,8.55073,2.60245,8.8,0
9860,8.555327,2.582638,8.8,0
9861,8.560127,2.562183,8.8,0
9862,8.566118,2.540615,8.8,0
9863,8.573279,2.517342,8.8,0
9864,8.5811,2.493969,8.8,0
9865,8.588345,2.468905,8.8,0
9866,8.597882,2.442493,8.8,0
9867,8.608334,2.413274,8.8,0
9868,8.620813,2.385194,8.8,0
9869,8.630686,2.358583,8.8,0
9870,8.641608,2.332149,8.8,0
9871,8.652499,2.309055,8.8,0
9872,8.66508,2.286268,8.8,0
9873,8.675489,2.263776,8.8,0
9874,8.685053,2.240319,8.8,0
9875,8.694553,2.216463,8.8,0
9876,8.704638,2.193303,8.8,0
9877,8.71578,2.169612,8.8,0
9878,8.727825,2.144004,8.8,0
9879,8.739571,2.118667,8.8,0
9880,8.751872,2.088948,8.8,0
9881,8.762701,2.062589,8.8,0
9882,8.770509,2.038548,8.8,0
9883,8.776388,2.014654,8.8,0
9884,8.782029,1.987777,8.8,0
9885,8.786632,1.956992,8.8,0
9886,8.791844,1.925187,8.8,0
9887,8.793804,1.893844,8.8,0
9888,8.797056,1.858601,8.8,0
9889,8.800383,1.822778,8.8,0
9890,8.802461,1.79101,8.8,0
9891,8.805654,1.759563,8.8,0
9892,8.807744,1.725123,8.8,0
9893,8.80926,1.693355,8.8,0
9894,8.811091,1.661064,8.8,0
9895,8.811091,1.629613,8.8,0
9896,8.811559,1.600336,8.8,0
9897,8.813805,1.572581,8.8,0
9898,8.812302,1.544164,8.8,0
9899,8.811669,1.519655,8.8,0
9900,8.813697,1.492744,8.8,0
9901,8.815388,1.466766,8.8,0
9902,8.815571,1.442998,8.8,0
9903,8.817777,1.423439,8.8,0
9904,8.822042,1.402456,8.8,0
9905,8.825451,1.378103,8.8,0
9906,8.827575,1.354717,8.8,0
9907,8.83055,1.329871,8.8,0
9908,8.836379,1.302785,8.8,0
9909,8.842237,1.277586,8.8,0
9910,8.848588,1.252912,8.8,0
9911,8.854803,1.229751,8.8,0
9912,8.86101,1.207478,8.8,0
9913,8.868811,1.183664,8.8,0
9914,8.874436,1.160336,8.8,0
9915,8.880467,1.139454,8.8,0
9916,8.886153,1.116605,8.8,0
9917,8.893013,1.0941,8.8,0
9918,8.9012,1.07084,8.8,0
9919,8.908788,1.046651,8.8,0
9920,8.917597,1.020288,8.8,0
9921,8.926474,0.9913753,8.8,0
9922,8.933999,0.9623045,8.8,0
9923,8.942423,0.9337541,8.8,0
9924,8.950299,0.9075667,8.8,0
9925,8.961339,0.8822033,8.8,0
9926,8.970477,0.8559369,8.8,0
9927,8.981879,0.8279803,8.8,0
9928,8.990523,0.8004741,8.8,0
9929,8.997846,0.7747453,8.8,0
9930,9.006915,0.7516807,8.8,0
9931,9.015429,0.7249331,8.8,0
9932,9.023387,0.6965714,8.8,0
9933,9.030193,0.6720404,8.8,0
9934,9.03588,0.6476636,8.8,0
9935,9.039256,0.6188966,8.8,0
9936,9.043696,0.5937238,8.8,0
9937,9.044421,0.5680822,8.8,0
9938,9.042216,0.5396352,8.8,0
9939,9.038779,0.5104735,8.8,0
9940,9.033929,0.4807692,8.8,0
9941,9.026838,0.4503479,8.8,0
9942,9.019711,0.4217195,8.8,0
9943,9.012206,0.3925204,8.8,0
9944,9.002892,0.3603204,8.8,0
9945,8.991382,0.3279919,8.8,0
9946,8.982332,0.2961348,8.8,0
9947,8.973682,0.2638913,8.8,0
9948,8.962834,0.2344316,8.8,0
9949,8.950955,0.2018861,8.8,0
9950,8.938379,0.1730295,8.8,0
9951,8.92786,0.1453099,8.8,0
9952,8.91862,0.118107,8.8,0
9953,8.910708,0.09502698,-8.8,0
9954,8.905818,0.07663664,-8.8,0
9955,8.90134,0.05626927,-8.8,0
9956,8.895944,0.03612781,-8.8,0
9957,8.890185,0.01649027,-8.8,0
9958,8.885964,-0.002560478,-8.8,0
9959,8.882069,-0.0253997,-8.8,0
9960,8.875483,-0.04971023,-8.8,0
9961,8.867533,-0.07401441,-8.8,0
9962,8.863385,-0.09446125,-8.8,0
9963,8.860163,-0.1167494,-8.8,0
9964,8.856176,-0.1381731,-8.8,0
9965,8.854191,-0.157012,-8.8,0
9966,8.853533,-0.1747267,-8.8,0
9967,8.849093,-0.1962022,-8.8,0
9968,8.845598,-0.2184186,-8.8,0
9969,8.84059,-0.2406347,-8.8,0
9970,8.833305,-0.261624,-8.8,0
9971,8.829108,-0.2813544,-8.8,0
9972,8.823683,-0.3042978,-8.8,0
9973,8.818099,-0.3276894,-8.8,0
9974,8.811349,-0.3488764,-8.8,0
9975,8.802342,-0.3706146,-8.8,0
9976,8.79285,-0.387048,-8.8,0
9977,8.781395,-0.4049011,-8.8,0
9978,8.769648,-0.4228203,-8.8,0
9979,8.760257,-0.4398833,-8.8,0
9980,8.751111,-0.4595242,-8.8,0
9981,8.738579,-0.4787199,-8.8,0
9982,8.727707,-0.4969372,-8.8,0
9983,8.71347,-0.5188198,-8.8,0
9984,8.697467,-0.5383291,-8.8,0
9985,8.683397,-0.5572783,-8.8,0
9986,8.67183,-0.5729745,-8.8,0
9987,8.660619,-0.589168,-8.8,0
9988,8.646134,-0.6037742,-8.8,0
9989,8.630648,-0.6168352,-8.8,0
9990,8.616039,-0.6277752,-8.8,0
9991,8.601933,-0.6361741,-8.8,0
9992,8.582438,-0.6423898,-8.8,0
9993,8.562523,-0.6485314,-8.8,0
9994,8.541729,-0.6529589,-8.8,0
9995,8.5171,-0.6553965,-8.8,0
9996,8.490297,-0.655943,-8.8,0
9997,8.461316,-0.6558579,-8.8,0
9998,8.432467,-0.6545995,-8.8,0
9999,8.405613,-0.6512268,-8.8,0
10000,8.37937,-0.6496434,-8.8,0
10001,8.351303,-0.6485896,-8.8,0
10002,8.32183,-0.6486585,-8.8,0
10003,8.291677,-0.6479111,-8.8,0
10004,8.262884,-0.6457916,-8.8,0
10005,8.234003,-0.6433998,-8.8,0
10006,8.208135,-0.6429703,-8.8,0
10007,8.187776,-0.6459288,-8.8,0
10008,8.162549,-0.6488503,-8.8,0
10009,8.141994,-0.6502788,-8.8,0
10010,8.123169,-0.6534702,-8.8,0
10011,8.103725,-0.6561667,-8.8,0
10012,8.084545,-0.6588669,-8.8,0
10013,8.063077,-0.6612219,-8.8,0
10014,8.03967,-0.6648045,-8.8,0
10015,8.015558,-0.6702713,-8.8,0
10016,7.991119,-0.6750531,-8.8,0
10017,7.968956,-0.6791027,-8.8,0
10018,7.946468,-0.6839514,-8.8,0
10019,7.923508,-0.6881493,-8.8,0
10020,7.900887,-0.6925299,-8.8,0
10021,7.879098,-0.6946366,-8.8,0
10022,7.852577,-0.6988502,-8.8,0
10023,7.826601,-0.7033264,-8.8,0
10024,7.802625,-0.70866,-8.8,0
10025,7.77813,-0.7137731,-8.8,0
10026,7.754366,-0.719234,-8.8,0
10027,7.728953,-0.7257258,-8.8,0
10028,7.700278,-0.7354598,-8.8,0
10029,7.672186,-0.7478876,-8.8,0
10030,7.644197,-0.7579624,-8.8,0
10031,7.619099,-0.763886,-8.8,0
10032,7.594162,-0.770306,-8.8,0
10033,7.570887,-0.779489,-8.8,0
10034,7.544761,-0.7871408,-8.8,0
10035,7.517,-0.7956212,-8.8,0
10036,7.489995,-0.802681,-8.8,0
10037,7.461435,-0.8080453,-8.8,0
10038,7.434616,-0.8145505,-8.8,0
10039,7.406769,-0.8212894,-8.8,0
10040,7.379825,-0.8251029,-8.8,0
10041,7.351435,-0.8292981,-8.8,0
10042,7.32315,-0.8303682,-8.8,0
10043,7.297531,-0.832961,-8.8,0
10044,7.270885,-0.8329868,-8.8,0
10045,7.242942,-0.8313269,-8.8,0
10046,7.213716,-0.8285547,-8.8,0
10047,7.183856,-0.8243929,-8.8,0
10048,7.152028,-0.8184683,-8.8,0
10049,7.119879,-0.8113276,-8.8,0
10050,7.089561,-0.8053293,-8.8,0
10051,7.060399,-0.7986149,-8.8,0
10052,7.029874,-0.7916645,-8.8,0
10053,7.000603,-0.7835395,-8.8,0
10054,6.970851,-0.7748742,-8.8,0
10055,6.941831,-0.7679593,-8.8,0
10056,6.911731,-0.7602518,-8.8,0
10057,6.882603,-0.7558117,-8.8,0
10058,6.856312,-0.7528802,-8.8,0
10059,6.833861,-0.7485247,-8.8,0
10060,6.810957,-0.746001,-8.8,0
10061,6.790564,-0.7443582,-8.8,0
10062,6.771609,-0.7426972,-8.8,0
10063,6.752019,-0.7393865,-8.8,0
10064,6.734761,-0.7373103,-8.8,0
10065,6.716868,-0.7352217,-8.8,0
10066,6.69489,-0.7334747,-8.8,0
10067,6.669359,-0.73476,-8.8,0
10068,6.644127,-0.7340107,-8.8,0
10069,6.619119,-0.734239,-8.8,0
10070,6.593613,-0.7354833,-8.8,0
10071,6.572129,-0.7354555,-8.8,0
10072,6.551177,-0.7356623,-8.8,0
10073,6.526903,-0.7386568,-8.8,0
10074,6.503712,-0.741347,-8.8,0
10075,6.481531,-0.7416528,-8.8,0
10076,6.457458,-0.7436129,-8.8,0
10077,6.435411,-0.7444916,-8.8,0
10078,6.413266,-0.7462862,-8.8,0
10079,6.384989,-0.7504682,-8.8,0
10080,6.357012,-0.7533283,-8.8,0
10081,6.327881,-0.7574023,-8.8,0
10082,6.298198,-0.7629729,-8.8,0
10083,6.26647,-0.7692721,-8.8,0
10084,6.233228,-0.7733508,-8.8,0
10085,6.200668,-0.7782323,-8.8,0
10086,6.172404,-0.7836172,-8.8,0
10087,6.144552,-0.7895716,-8.8,0
10088,6.117557,-0.7958966,-8.8,0
10089,6.089768,-0.8023988,-8.8,0
10090,6.061356,-0.8078421,-8.8,0
10091,6.032584,-0.8119332,-8.8,0
10092,6.004692,-0.8155245,-8.8,0
10093,5.976971,-0.8209216,-8.8,0
10094,5.950272,-0.8244464,-8.8,0
10095,5.923906,-0.8285599,-8.8,0
10096,5.897284,-0.8322738,-8.8,0
10097,5.869632,-0.8365805,-8.8,0
10098,5.842572,-0.8384959,-8.8,0
10099,5.813607,-0.8386436,-8.8,0
10100,5.784344,-0.8373805,-8.8,0
10101,5.756594,-0.83557,-8.8,0
10102,5.725031,-0.8330314,-8.8,0
10103,5.692086,-0.8303661,-8.8,0
10104,5.661699,-0.8262064,-8.8,0
10105,5.628607,-0.8214717,-8.8,0
10106,5.595531,-0.8172581,-8.8,0
10107,5.563797,-0.8122085,-8.8,0
10108,5.532767,-0.8071342,-8.8,0
10109,5.499056,-0.8016284,-8.8,0
10110,5.467879,-0.7976965,-8.8,0
10111,5.439854,-0.7900819,-8.8,0
10112,5.411059,-0.7839386,-8.8,0
10113,5.382598,-0.7769109,-8.8,0
10114,5.356441,-0.7732656,-8.8,0
10115,5.33194,-0.7709702,-8.8,0
10116,5.30779,-0.7684214,-8.8,0
10117,5.284282,-0.7673635,-8.8,0
10118,5.263375,-0.7668744,-8.8,0
10119,5.243249,-0.7665929,-8.8,0
10120,5.220429,-0.7634264,-8.8,0
10121,5.195341,-0.7633318,-8.8,0
10122,5.170875,-0.7650464,-8.8,0
10123,5.146311,-0.7690839,-8.8,0
10124,5.122087,-0.7726448,-8.8,0
10125,5.096186,-0.7775963,-8.8,0
10126,5.072888,-0.7806224,-8.8,0
10127,5.047883,-0.7830176,-8.8,0
10128,5.020652,-0.7858374,-8.8,0
10129,4.991177,-0.7878487,-8.8,0
10130,4.965102,-0.78949,-8.8,0
10131,4.938067,-0.7922944,-8.8,0
10132,4.908136,-0.7947879,-8.8,0
10133,4.880784,-0.7977598,-8.8,0
10134,4.850519,-0.8017569,-8.8,0
10135,4.817491,-0.8049052,-8.8,0
10136,4.78554,-0.8088759,-8.8,0
10137,4.754303,-0.8132457,-8.8,0
10138,4.724922,-0.8193976,-8.8,0
10139,4.697888,-0.8270139,-8.8,0
10140,4.673407,-0.8335856,-8.8,0
10141,4.649633,-0.8395966,-8.8,0
10142,4.624544,-0.8451332,-8.8,0
10143,4.60227,-0.8513897,-8.8,0
10144,4.576042,-0.8569928,-8.8,0
10145,4.54816,-0.8631675,-8.8,0
10146,4.521772,-0.8683878,-8.8,0
10147,4.495327,-0.8711801,-8.8,0
10148,4.468246,-0.8749041,-8.8,0
10149,4.442361,-0.8775064,-8.8,0
10150,4.415274,-0.8795252,-8.8,0
10151,4.383657,-0.8816278,-8.8,0
10152,4.352459,-0.8816685,-8.8,0
10153,4.323273,-0.8791886,-8.8,0
10154,4.292412,-0.8763288,-8.8,0
10155,4.260066,-0.8732976,-8.8,0
10156,4.229493,-0.871274,-8.8,0
10157,4.19804,-0.8677755,-8.8,0
10158,4.167337,-0.8634223,-8.8,0
10159,4.135635,-0.8594535,-8.8,0
10160,4.105197,-0.855786,-8.8,0
10161,4.073706,-0.8522857,-8.8,0
10162,4.041896,-0.8496972,-8.8,0
10163,4.010369,-0.8467089,-8.8,0
10164,3.978566,-0.8431916,-8.8,0
10165,3.949782,-0.8380708,-8.8,0
10166,3.922137,-0.8341542,-8.8,0
10167,3.89323,-0.8322136,-8.8,0
10168,3.869658,-0.8311253,-8.8,0
10169,3.84611,-0.8301765,-8.8,0
10170,3.823475,-0.8284302,-8.8,0
10171,3.803414,-0.8275181,-8.8,0
10172,3.786241,-0.8291924,-8.8,0
10173,3.766908,-0.8319832,-8.8,0
10174,3.744666,-0.8326871,-8.8,0
10175,3.717922,-0.8345555,-8.8,0
10176,3.689552,-0.8372995,-8.8,0
10177,3.663401,-0.841904,-8.8,0
10178,3.639083,-0.8485882,-8.8,0
10179,3.616593,-0.8522901,-8.8,0
10180,3.598226,-0.853914,-8.8,0
10181,3.578114,-0.8565294,-8.8,0
10182,3.55551,-0.8603591,-8.8,0
10183,3.531112,-0.8623576,-8.8,0
10184,3.50626,-0.8646836,-8.8,0
10185,3.481761,-0.8681042,-8.8,0
10186,3.456752,-0.8737726,-8.8,0
10187,3.430718,-0.8773869,-8.8,0
10188,3.403174,-0.8831364,-8.8,0
10189,3.375932,-0.8900177,-8.8,0
10190,3.34452,-0.8983468,-8.8,0
10191,3.315225,-0.905413,-8.8,0
10192,3.286854,-0.9114505,-8.8,0
10193,3.259692,-0.9153404,-8.8,0
10194,3.234181,-0.9196067,-8.8,0
10195,3.210343,-0.9250821,-8.8,0
10196,3.188107,-0.9318588,-8.8,0
10197,3.163025,-0.9397615,-8.8,0
10198,3.134477,-0.9441277,-8.8,0
10199,3.106356,-0.951513,-8.8,0
10200,3.07775,-0.9598641,-8.8,0
10201,3.049144,-0.9664079,-8.8,0
10202,3.018639,-0.9723815,-8.8,0
10203,2.986949,-0.9766322,-8.8,0
10204,2.955805,-0.9811027,-8.8,0
10205,2.926715,-0.9845575,-8.8,0
10206,2.896936,-0.9867194,-8.8,0
10207,2.8662,-0.9859663,-8.8,0
10208,2.836027,-0.9854475,-8.8,0
10209,2.8047,-0.9838023,-8.8,0
10210,2.773781,-0.9806488,-8.8,0
10211,2.741894,-0.9760088,-8.8,0
10212,2.710768,-0.9698372,-8.8,0
10213,2.680171,-0.9638032,-8.8,0
10214,2.649167,-0.9591427,-8.8,0
10215,2.617813,-0.9540202,-8.8,0
10216,2.587636,-0.9466335,-8.8,0
10217,2.558608,-0.9394923,-8.8,0
10218,2.530467,-0.9342983,-8.8,0
10219,2.503678,-0.9287087,-8.8,0
10220,2.478921,-0.9234254,-8.8,0
10221,2.453361,-0.9196336,-8.8,0
10222,2.427388,-0.9178144,-8.8,0
10223,2.408658,-0.9164947,-8.8,0
10224,2.391785,-0.9167624,-8.8,0
10225,2.369997,-0.915772,-8.8,0
10226,2.351641,-0.9155474,-8.8,0
10227,2.331026,-0.9160149,-8.8,0
10228,2.307035,-0.9155494,-8.8,0
10229,2.283314,-0.9163536,-8.8,0
10230,2.258806,-0.9154745,-8.8,0
10231,2.236573,-0.9149463,-8.8,0
10232,2.213768,-0.9168304,-8.8,0
10233,2.19178,-0.9197625,-8.8,0
10234,2.168778,-0.922388,-8.8,0
10235,2.14534,-0.9242669,-8.8,0
10236,2.12226,-0.9265574,-8.8,0
10237,2.100244,-0.9272728,-8.8,0
10238,2.074163,-0.9273273,-8.8,0
10239,2.047725,-0.9297958,-8.8,0
10240,2.020342,-0.9327028,-8.8,0
10241,1.99078,-0.9350208,-8.8,0
10242,1.963501,-0.9373193,-8.8,0
10243,1.933896,-0.9397975,-8.8,0
10244,1.904037,-0.9432095,-8.8,0
10245,1.871711,-0.946201,-8.8,0
10246,1.838654,-0.9485329,-8.8,0
10247,1.808799,-0.9522265,-8.8,0
10248,1.783824,-0.9552413,-8.8,0
10249,1.755963,-0.9583199,-8.8,0
10250,1.728763,-0.9617363,-8.8,0
10251,1.700021,-0.9671302,-8.8,0
10252,1.67258,-0.9704358,-8.8,0
10253,1.643295,-0.9761994,-8.8,0
10254,1.612152,-0.9784879,-8.8,0
10255,1.582063,-0.9825335,-8.8,0
10256,1.555383,-0.9876247,-8.8,0
10257,1.527579,-0.9883967,-8.8,0
10258,1.498141,-0.9875922,-8.8,0
10259,1.469877,-0.9861452,-8.8,0
10260,1.442251,-0.9843119,-8.8,0
10261,1.411399,-0.979799,-8.8,0
10262,1.378351,-0.9754214,-8.8,0
10263,1.345421,-0.9711865,-8.8,0
10264,1.31365,-0.9657705,-8.8,0
10265,1.281834,-0.9594051,-8.8,0
10266,1.251388,-0.9522299,-8.8,0
10267,1.22096,-0.9433534,-8.8,0
10268,1.189375,-0.9342368,-8.8,0
10269,1.154627,-0.9242792,-8.8,0
10270,1.121567,-0.9171028,-8.8,0
10271,1.090983,-0.9111652,-8.8,0
10272,1.061286,-0.9034561,-8.8,0
10273,1.03356,-0.8992718,-8.8,0
10274,1.006156,-0.8957158,-8.8,0
10275,0.9823213,-0.8920202,-8.8,0
10276,0.9603791,-0.8870872,-8.8,0
10277,0.9418597,-0.8847846,-8.8,0
10278,0.9195284,-0.8817456,-8.8,0
10279,0.8971596,-0.8789373,-8.8,0
10280,0.8805021,-0.8770913,-8.8,0
10281,0.8602072,-0.8763972,-8.8,0
10282,0.8354585,-0.8722901,-8.8,0
10283,0.8084325,-0.8713071,-8.8,0
10284,0.7816501,-0.870394,-8.8,0
10285,0.7592579,-0.8697111,-8.8,0
10286,0.7372384,-0.8696284,-8.8,0
10287,0.7124,-0.8715481,-8.8,0
10288,0.686647,-0.8727665,-8.8,0
10289,0.6638038,-0.8719735,-8.8,0
10290,0.6398785,-0.8701555,-8.8,0
10291,0.6145524,-0.8709517,-8.8,0
10292,0.588913,-0.8714597,-8.8,0
10293,0.5638977,-0.8715565,-8.8,0
10294,0.5344968,-0.8733754,-8.8,0
10295,0.5059357,-0.8743455,-8.8,0
10296,0.4776804,-0.8775245,-8.8,0
10297,0.4464534,-0.8804141,-8.8,0
10298,0.4123509,-0.8831023,-8.8,0
10299,0.3802085,-0.8845378,-8.8,0
10300,0.3515092,-0.8860056,-8.8,0
10301,0.3237389,-0.8902192,-8.8,0
10302,0.2975293,-0.8940528,-8.8,0
10303,0.2718398,-0.8970494,-8.8,0
10304,0.2443336,-0.9015737,-8.8,0
10305,0.2155774,-0.9046285,-8.8,0
10306,0.189218,-0.9066826,-8.8,0
10307,0.160378,-0.9089467,-8.8,0
10308,0.1332591,-0.9119689,-8.8,0
10309,0.1051483,-0.9149119,-8.8,0
10310,0.07993533,-0.9158453,-8.8,0
10311,0.05302368,-0.9140936,-8.8,0
10312,0.02529108,-0.9136491,-8.8,0
10313,-0.003899971,-0.9112857,-8.8,0
10314,-0.03389544,-0.9056885,-8.8,0
10315,-0.06199584,-0.9013123,-8.8,0
10316,-0.09048998,-0.8954932,-8.8,0
10317,-0.1211831,-0.8884844,-8.8,0
10318,-0.1506961,-0.8826336,-8.8,0
10319,-0.1827155,-0.8756659,-8.8,0
10320,-0.2122981,-0.8688495,-8.8,0
10321,-0.2433446,-0.8620722,-8.8,0
10322,-0.2737617,-0.8547847,-8.8,0
10323,-0.3039282,-0.8453088,-8.8,0
10324,-0.3315358,-0.835892,-8.8,0
10325,-0.3596918,-0.8277137,-8.8,0
10326,-0.3889447,-0.8200189,-8.8,0
10327,-0.4145386,-0.8153352,-8.8,0
10328,-0.4416285,-0.8093378,-8.8,0
10329,-0.4619102,-0.8034111,-8.8,0
10330,-0.4802235,-0.7992769,-8.8,0
10331,-0.5008597,-0.7958379,-8.8,0
10332,-0.5203775,-0.793909,-8.8,0
10333,-0.5412446,-0.7929466,-8.8,0
10334,-0.5585106,-0.7910483,-8.8,0
10335,-0.5811763,-0.7889312,-8.8,0
10336,-0.6022804,-0.7859494,-8.8,0
10337,-0.6246408,-0.784919,-8.8,0
10338,-0.6462788,-0.7839419,-8.8,0
10339,-0.6708126,-0.7833911,-8.8,0
10340,-0.6967539,-0.7827508,-8.8,0
10341,-0.7231792,-0.7807423,-8.8,0
10342,-0.7483846,-0.7781053,-8.8,0
10343,-0.7724114,-0.7731546,-8.8,0
10344,-0.7965143,-0.7708519,-8.8,0
10345,-0.8228585,-0.7684575,-8.8,0
10346,-0.8506479,-0.7668628,-8.8,0
10347,-0.8788438,-0.7660248,-8.8,0
10348,-0.9088902,-0.7645957,-8.8,0
10349,-0.9372344,-0.7654991,-8.8,0
10350,-0.9690602,-0.76814,-8.8,0
10351,-1.001466,-0.7733281,-8.8,0
10352,-1.032969,-0.7781099,-8.8,0
10353,-1.063776,-0.7803866,-8.8,0
10354,-1.09007,-0.7819268,-8.8,0
10355,-1.118106,-0.7846423,-8.8,0
10356,-1.144213,-0.7879083,-8.8,0
10357,-1.170714,-0.7906014,-8.8,0
10358,-1.197745,-0.7932012,-8.8,0
10359,-1.225744,-0.7970427,-8.8,0
10360,-1.254803,-0.7990578,-8.8,0
10361,-1.28403,-0.8003777,-8.8,0
10362,-1.3149,-0.8022814,-8.8,0
10363,-1.345427,-0.8034198,-8.8,0
10364,-1.373786,-0.8017667,-8.8,0
10365,-1.400521,-0.8010587,-8.8,0
10366,-1.430863,-0.7986705,-8.8,0
10367,-1.462279,-0.7949653,-8.8,0
10368,-1.49416,-0.7923042,-8.8,0
10369,-1.527169,-0.7884707,-8.8,0
10370,-1.560008,-0.7828915,-8.8,0
10371,-1.591097,-0.7744151,-8.8,0
10372,-1.623295,-0.7661253,-8.8,0
10373,-1.655765,-0.7603568,-8.8,0
10374,-1.684283,-0.7549272,-8.8,0
10375,-1.712064,-0.748621,-8.8,0
10376,-1.742578,-0.741991,-8.8,0
10377,-1.77425,-0.7344196,-8.8,0
10378,-1.805565,-0.7271977,-8.8,0
10379,-1.837888,-0.7216849,-8.8,0
10380,-1.86796,-0.716199,-8.8,0
10381,-1.894865,-0.7106219,-8.8,0
10382,-1.919948,-0.7047827,-8.8,0
10383,-1.940379,-0.7005985,-8.8,0
10384,-1.960217,-0.6971394,-8.8,0
10385,-1.981147,-0.6946568,-8.8,0
10386,-2.003934,-0.6926831,-8.8,0
10387,-2.022593,-0.6921975,-8.8,0
10388,-2.044669,-0.6907105,-8.8,0
10389,-2.072174,-0.6883281,-8.8,0
10390,-2.098845,-0.6860945,-8.8,0
10391,-2.125929,-0.6854466,-8.8,0
10392,-2.14934,-0.6842035,-8.8,0
10393,-2.173144,-0.6849787,-8.8,0
10394,-2.196385,-0.6851584,-8.8,0
10395,-2.219445,-0.6850527,-8.8,0
10396,-2.243024,-0.6864588,-8.8,0
10397,-2.264739,-0.686587,-8.8,0
10398,-2.288025,-0.6880785,-8.8,0
10399,-2.313774,-0.6885481,-8.8,0
10400,-2.339684,-0.6886765,-8.8,0
10401,-2.366565,-0.6885098,-8.8,0
10402,-2.39501,-0.6894439,-8.8,0
10403,-2.428228,-0.6913112,-8.8,0
10404,-2.462484,-0.6947076,-8.8,0
10405,-2.495382,-0.6982492,-8.8,0
10406,-2.529572,-0.7009814,-8.8,0
10407,-2.560147,-0.7032565,-8.8,0
10408,-2.588037,-0.7046019,-8.8,0
10409,-2.615486,-0.7088416,-8.8,0
10410,-2.639198,-0.7133079,-8.8,0
10411,-2.66516,-0.7176477,-8.8,0
10412,-2.694216,-0.7201849,-8.8,0
10413,-2.719665,-0.7233222,-8.8,0
10414,-2.746425,-0.7268483,-8.8,0
10415,-2.775591,-0.7284226,-8.8,0
10416,-2.80694,-0.7281123,-8.8,0
10417,-2.835127,-0.7277418,-8.8,0
10418,-2.862841,-0.7271042,-8.8,0
10419,-2.890473,-0.7264613,-8.8,0
10420,-2.920491,-0.7237116,-8.8,0
10421,-2.949421,-0.7187535,-8.8,0
10422,-2.978615,-0.7143342,-8.8,0
10423,-3.00801,-0.7082235,-8.8,0
10424,-3.038826,-0.7009178,-8.8,0
10425,-3.069317,-0.6920842,-8.8,0
10426,-3.102303,-0.6831714,-8.8,0
10427,-3.136323,-0.6744206,-8.8,0
10428,-3.16907,-0.6663406,-8.8,0
10429,-3.204117,-0.6572734,-8.8,0
10430,-3.237287,-0.6497715,-8.8,0
10431,-3.269959,-0.6415442,-8.8,0
10432,-3.300116,-0.6340677,-8.8,0
10433,-3.329738,-0.6260626,-8.8,0
10434,-3.35493,-0.6197371,-8.8,0
10435,-3.381484,-0.6131024,-8.8,0
10436,-3.408003,-0.6083601,-8.8,0
10437,-3.431893,-0.6037642,-8.8,0
10438,-3.454548,-0.6016136,-8.8,0
10439,-3.474723,-0.5987355,-8.8,0
10440,-3.494494,-0.5954012,-8.8,0
10441,-3.5132,-0.5947723,-8.8,0
10442,-3.531589,-0.5942338,-8.8,0
10443,-3.551829,-0.5920757,-8.8,0
10444,-3.575301,-0.5904512,-8.8,0
10445,-3.598784,-0.5887474,-8.8,0
10446,-3.622626,-0.5862103,-8.8,0
10447,-3.646352,-0.5831246,-8.8,0
10448,-3.668273,-0.5818974,-8.8,0
10449,-3.691456,-0.5810961,-8.8,0
10450,-3.714564,-0.5791357,-8.8,0
10451,-3.738374,-0.5778089,-8.8,0
10452,-3.763585,-0.5765219,-8.8,0
10453,-3.789012,-0.5751957,-8.8,0
10454,-3.81427,-0.5744762,-8.8,0
10455,-3.839911,-0.5746822,-8.8,0
10456,-3.86868,-0.575065,-8.8,0
10457,-3.898645,-0.5752586,-8.8,0
10458,-3.926869,-0.5763411,-8.8,0
10459,-3.95698,-0.5776535,-8.8,0
10460,-3.989733,-0.5799007,-8.8,0
10461,-4.0195,-0.5819246,-8.8,0
10462,-4.049943,-0.5806311,-8.8,0
10463,-4.076943,-0.5802034,-8.8,0
10464,-4.100955,-0.5827339,-8.8,0
10465,-4.123099,-0.5853819,-8.8,0
10466,-4.146563,-0.5876496,-8.8,0
10467,-4.171948,-0.5899375,-8.8,0
10468,-4.197042,-0.5903772,-8.8,0
10469,-4.22521,-0.5921577,-8.8,0
10470,-4.254085,-0.5911558,-8.8,0
10471,-4.282457,-0.5902339,-8.8,0
10472,-4.310504,-0.5867966,-8.8,0
10473,-4.338624,-0.5827326,-8.8,0
10474,-4.368593,-0.577461,-8.8,0
10475,-4.398925,-0.5699119,-8.8,0
10476,-4.429774,-0.5607597,-8.8,0
10477,-4.458778,-0.5512757,-8.8,0
10478,-4.488679,-0.5417174,-8.8,0
10479,-4.518383,-0.5306654,-8.8,0
10480,-4.54595,-0.5206822,-8.8,0
10481,-4.572997,-0.512939,-8.8,0
10482,-4.60299,-0.5019377,-8.8,0
10483,-4.631012,-0.492691,-8.8,0
10484,-4.661234,-0.4827215,-8.8,0
10485,-4.690062,-0.4725809,-8.8,0
10486,-4.716203,-0.4640644,-8.8,0
10487,-4.740685,-0.4539761,-8.8,0
10488,-4.762617,-0.4449537,-8.8,0
10489,-4.783785,-0.4374716,-8.8,0
10490,-4.802725,-0.4330653,-8.8,0
10491,-4.822078,-0.4292229,-8.8,0
10492,-4.841798,-0.4244438,-8.8,0
10493,-4.861952,-0.4215054,-8.8,0
10494,-4.880404,-0.4176202,-8.8,0
10495,-4.897703,-0.4151126,-8.8,0
10496,-4.921404,-0.4108963,-8.8,0
10497,-4.945846,-0.4073581,-8.8,0
10498,-4.966134,-0.4036046,-8.8,0
10499,-4.989042,-0.3994158,-8.8,0
10500,-5.013514,-0.3956572,-8.8,0
10501,-5.036933,-0.3925992,-8.8,0
10502,-5.057992,-0.390195,-8.8,0
10503,-5.08094,-0.3876689,-8.8,0
10504,-5.107911,-0.3855349,-8.8,0
10505,-5.133425,-0.3827368,-8.8,0
10506,-5.155975,-0.3796685,-8.8,0
10507,-5.180898,-0.3784713,-8.8,0
10508,-5.208476,-0.3771411,-8.8,0
10509,-5.234809,-0.3758574,-8.8,0
10510,-5.261478,-0.3744784,-8.8,0
10511,-5.29205,-0.3722092,-8.8,0
10512,-5.325637,-0.3730527,-8.8,0
10513,-5.356308,-0.3718819,-8.8,0
10514,-5.383323,-0.3725325,-8.8,0
10515,-5.409608,-0.3742941,-8.8,0
10516,-5.435052,-0.3770274,-8.8,0
10517,-5.459053,-0.3804977,-8.8,0
10518,-5.484273,-0.3822618,-8.8,0
10519,-5.509902,-0.3864603,-8.8,0
10520,-5.537123,-0.3880198,-8.8,0
10521,-5.564207,-0.3890199,-8.8,0
10522,-5.592258,-0.3907111,-8.8,0
10523,-5.619649,-0.3888443,-8.8,0
10524,-5.647799,-0.3880529,-8.8,0
10525,-5.677065,-0.3861298,-8.8,0
10526,-5.705742,-0.3833271,-8.8,0
10527,-5.733933,-0.3800449,-8.8,0
10528,-5.761816,-0.3755206,-8.8,0
10529,-5.789495,-0.3689241,-8.8,0
10530,-5.816124,-0.3635717,-8.8,0
10531,-5.84541,-0.3544057,-8.8,0
10532,-5.876228,-0.3463193,-8.8,0
10533,-5.909281,-0.3360279,-8.8,0
10534,-5.939438,-0.3263377,-8.8,0
10535,-5.966454,-0.3179924,-8.8,0
10536,-5.993337,-0.3086108,-8.8,0
10537,-6.022664,-0.2982087,-8.8,0
10538,-6.050914,-0.2902566,-8.8,0
10539,-6.082182,-0.2805333,-8.8,0
10540,-6.110677,-0.2720631,-8.8,0
10541,-6.137455,-0.2647465,-8.8,0
10542,-6.162552,-0.2572307,-8.8,0
10543,-6.188325,-0.2512891,-8.8,0
10544,-6.213445,-0.2482614,-8.8,0
10545,-6.236481,-0.2429101,-8.8,0
10546,-6.255573,-0.2370912,-8.8,0
10547,-6.272645,-0.2321805,-8.8,0
10548,-6.289485,-0.2292109,-8.8,0
10549,-6.307999,-0.2256428,-8.8,0
10550,-6.332616,-0.221541,-8.8,0
10551,-6.359828,-0.2191101,-8.8,0
10552,-6.387048,-0.2184001,-8.8,0
10553,-6.409158,-0.2197055,-8.8,0
10554,-6.429348,-0.2207554,-8.8,0
10555,-6.452194,-0.2222122,-8.8,0
10556,-6.474138,-0.2223556,-8.8,0
10557,-6.499538,-0.2216017,-8.8,0
10558,-6.524798,-0.2194947,-8.8,0
10559,-6.547895,-0.2178032,-8.8,0
10560,-6.571472,-0.2173147,-8.8,0
10561,-6.595497,-0.2180104,-8.8,0
10562,-6.624697,-0.2192613,-8.8,0
10563,-6.649784,-0.2207009,-8.8,0
10564,-6.67463,-0.2223268,-8.8,0
10565,-6.701347,-0.2242746,-8.8,0
10566,-6.728801,-0.2273575,-8.8,0
10567,-6.757392,-0.231108,-8.8,0
10568,-6.783638,-0.2331083,-8.8,0
10569,-6.810238,-0.2367874,-8.8,0
10570,-6.836263,-0.2411225,-8.8,0
10571,-6.860032,-0.2477686,-8.8,0
10572,-6.881812,-0.2536584,-8.8,0
10573,-6.904752,-0.2598781,-8.8,0
10574,-6.930005,-0.2646957,-8.8,0
10575,-6.957713,-0.2692488,-8.8,0
10576,-6.986911,-0.2744149,-8.8,0
10577,-7.017131,-0.2780648,-8.8,0
10578,-7.048075,-0.280275,-8.8,0
10579,-7.077058,-0.2824451,-8.8,0
10580,-7.10373,-0.2819396,-8.8,0
10581,-7.131075,-0.2804484,-8.8,0
10582,-7.160946,-0.277539,-8.8,0
10583,-7.190351,-0.2758521,-8.8,0
10584,-7.219673,-0.2728676,-8.8,0
10585,-7.248181,-0.2670206,-8.8,0
10586,-7.275922,-0.259885,-8.8,0
10587,-7.301827,-0.255297,-8.8,0
10588,-7.326807,-0.2490704,-8.8,0
10589,-7.354422,-0.2399481,-8.8,0
10590,-7.381018,-0.2313346,-8.8,0
10591,-7.408865,-0.2225696,-8.8,0
10592,-7.43775,-0.2134227,-8.8,0
10593,-7.469069,-0.2046884,-8.8,0
10594,-7.495934,-0.1961926,-8.8,0
10595,-7.522335,-0.1870777,-8.8,0
10596,-7.549911,-0.1789312,-8.8,0
10597,-7.574443,-0.1733682,-8.8,0
10598,-7.597486,-0.1674141,-8.8,0
10599,-7.617249,-0.1611305,-8.8,0
10600,-7.636066,-0.1559651,-8.8,0
10601,-7.655046,-0.1513912,-8.8,0
10602,-7.673606,-0.1495058,-8.8,0
10603,-7.697397,-0.1475854,-8.8,0
10604,-7.720467,-0.1458197,-8.8,0
10605,-7.744131,-0.1440609,-8.8,0
10606,-7.766427,-0.1417924,-8.8,0
10607,-7.787585,-0.1411068,-8.8,0
10608,-7.810576,-0.1411047,-8.8,0
10609,-7.830806,-0.1403769,-8.8,0
10610,-7.853252,-0.1391289,-8.8,0
10611,-7.877473,-0.1361247,-8.8,0
10612,-7.904893,-0.1343307,-8.8,0
10613,-7.93031,-0.1346675,-8.8,0
10614,-7.95276,-0.1353358,-8.8,0
10615,-7.980215,-0.1368989,-8.8,0
10616,-8.009303,-0.1392066,-8.8,0
10617,-8.037012,-0.1409535,-8.8,0
10618,-8.067429,-0.1427546,-8.8,0
10619,-8.099524,-0.1447019,-8.8,0
10620,-8.13066,-0.1462375,-8.8,0
10621,-8.158366,-0.1462765,-8.8,0
10622,-8.186665,-0.1474881,-8.8,0
10623,-8.21325,-0.1489791,-8.8,0
10624,-8.23654,-0.1497577,-8.8,0
10625,-8.260088,-0.1532224,-8.8,0
10626,-8.284227,-0.1566484,-8.8,0
10627,-8.313106,-0.1598816,-8.8,0
10628,-8.340077,-0.1627751,-8.8,0
10629,-8.367971,-0.166681,-8.8,0
10630,-8.39586,-0.1681827,-8.8,0
10631,-8.422045,-0.1701039,-8.8,0
10632,-8.448697,-0.1712878,-8.8,0
10633,-8.477613,-0.1701179,-8.8,0
10634,-8.506424,-0.167087,-8.8,0
10635,-8.533522,-0.1657498,-8.8,0
10636,-8.562057,-0.1631114,-8.8,0
10637,-8.591643,-0.1577063,-8.8,0
10638,-8.619987,-0.1509216,-8.8,0
10639,-8.648915,-0.1433718,-8.8,0
10640,-8.678079,-0.1367238,-8.8,0
10641,-8.707274,-0.1280572,7.621023,-4.4
10642,-8.735486,-0.1190609,7.621023,-4.4
10643,-8.768733,-0.1075581,7.621023,-4.4
10644,-8.801782,-0.09962294,7.621023,-4.4
10645,-8.831211,-0.09492967,7.621023,-4.4
10646,-8.858346,-0.09062637,7.621023,-4.4
10647,-8.888054,-0.08763707,7.621023,-4.4
10648,-8.916136,-0.08902249,7.621023,-4.4
10649,-8.937457,-0.08684753,7.621023,-4.4
10650,-8.955045,-0.08484142,7.621023,-4.4
10651,-8.966985,-0.08023199,7.621023,-4.4
10652,-8.980592,-0.07391333,7.621023,-4.4
10653,-8.999091,-0.06888219,7.621023,-4.4
10654,-9.021079,-0.06538138,7.621023,-4.4
10655,-9.045472,-0.0630566,7.621023,-4.4
10656,-9.066525,-0.05950664,7.621023,-4.4
10657,-9.081967,-0.05997109,7.621023,-4.4
10658,-9.092326,-0.06154211,7.621023,-4.4
10659,-9.098846,-0.06148939,7.621023,-4.4
10660,-9.10535,-0.06317106,7.621023,-4.4
10661,-9.110821,-0.06548912,7.621023,-4.4
10662,-9.112651,-0.06728192,7.621023,-4.4
10663,-9.115436,-0.06815103,7.621023,-4.4
10664,-9.119483,-0.0712098,7.621023,-4.4
10665,-9.122599,-0.07493243,7.621023,-4.4
10666,-9.120365,-0.08259924,7.621023,-4.4
10667,-9.117663,-0.08793155,7.621023,-4.4
10668,-9.114068,-0.09450825,7.621023,-4.4
10669,-9.111031,-0.1007904,7.621023,-4.4
10670,-9.105364,-0.1071197,7.621023,-4.4
10671,-9.09784,-0.1146016,7.621023,-4.4
10672,-9.088943,-0.1225101,7.621023,-4.4
10673,-9.07769,-0.1312322,7.621023,-4.4
10674,-9.065492,-0.1396985,7.621023,-4.4
10675,-9.052701,-0.1457626,7.621023,-4.4
10676,-9.039851,-0.1503527,7.621023,-4.4
10677,-9.026662,-0.153381,7.621023,-4.4
10678,-9.015181,-0.1575929,7.621023,-4.4
10679,-9.003688,-0.163224,7.621023,-4.4
10680,-8.989512,-0.1682909,7.621023,-4.4
10681,-8.974673,-0.1731918,7.621023,-4.4
10682,-8.958341,-0.1797993,7.621023,-4.4
10683,-8.940949,-0.1869334,7.621023,-4.4
10684,-8.924963,-0.1933811,7.621023,-4.4
10685,-8.906899,-0.2009727,7.621023,-4.4
10686,-8.888116,-0.2123076,7.621023,-4.4
10687,-8.87109,-0.2243377,7.621023,-4.4
10688,-8.85498,-0.2353247,7.621023,-4.4
10689,-8.837626,-0.2469874,7.621023,-4.4
10690,-8.820606,-0.2615949,7.621023,-4.4
10691,-8.803834,-0.27813,7.621023,-4.4
10692,-8.786007,-0.2962791,7.621023,-4.4
10693,-8.769464,-0.3137025,7.621023,-4.4
10694,-8.756462,-0.3279672,7.621023,-4.4
10695,-8.743104,-0.3432706,7.621023,-4.4
10696,-8.729061,-0.360205,7.621023,-4.4
10697,-8.718048,-0.3756356,7.621023,-4.4
10698,-8.706127,-0.390762,7.621023,-4.4
10699,-8.691053,-0.4097858,7.621023,-4.4
10700,-8.677486,-0.4271203,7.621023,-4.4
10701,-8.664502,-0.4448721,7.621023,-4.4
10702,-8.649212,-0.4617947,7.621023,-4.4
10703,-8.632272,-0.4790998,7.621023,-4.4
10704,-8.619097,-0.4945312,7.621023,-4.4
10705,-8.604517,-0.5103747,7.621023,-4.4
10706,-8.588506,-0.5248803,7.621023,-4.4
10707,-8.573251,-0.5392362,7.621023,-4.4
10708,-8.563255,-0.5527514,7.621023,-4.4
10709,-8.551488,-0.5642207,7.621023,-4.4
10710,-8.537261,-0.5759789,7.621023,-4.4
10711,-8.519195,-0.5879048,7.621023,-4.4
10712,-8.500452,-0.5996406,7.621023,-4.4
10713,-8.481757,-0.6115617,7.621023,-4.4
10714,-8.465248,-0.6217824,7.621023,-4.4
10715,-8.448671,-0.6313605,7.621023,-4.4
10716,-8.433523,-0.640644,7.621023,-4.4
10717,-8.416259,-0.6514251,7.621023,-4.4
10718,-8.398871,-0.6623064,7.621023,-4.4
10719,-8.378287,-0.6751091,7.621023,-4.4
10720,-8.357071,-0.689098,7.621023,-4.4
10721,-8.335753,-0.7005147,7.621023,-4.4
10722,-8.31307,-0.714866,7.621023,-4.4
10723,-8.288533,-0.7290185,7.621023,-4.4
10724,-8.266087,-0.7419603,7.621023,-4.4
10725,-8.241762,-0.7549825,7.621023,-4.4
10726,-8.213923,-0.7686406,7.621023,-4.4
10727,-8.18534,-0.7793148,7.621023,-4.4
10728,-8.155601,-0.7926266,7.621023,-4.4
10729,-8.126497,-0.8051871,7.621023,-4.4
10730,-8.099708,-0.8185643,7.621023,-4.4
10731,-8.076056,-0.828863,7.621023,-4.4
10732,-8.052709,-0.8368911,7.621023,-4.4
10733,-8.029217,-0.847423,7.621023,-4.4
10734,-8.004184,-0.8624535,7.621023,-4.4
10735,-7.979069,-0.8759127,7.621023,-4.4
10736,-7.951833,-0.8910674,7.621023,-4.4
10737,-7.924634,-0.9014671,7.621023,-4.4
10738,-7.900482,-0.9134322,7.621023,-4.4
10739,-7.877629,-0.9256669,7.621023,-4.4
10740,-7.852908,-0.940843,7.621023,-4.4
10741,-7.829545,-0.9545274,7.621023,-4.4
10742,-7.806239,-0.9690456,7.621023,-4.4
10743,-7.783083,-0.9840003,7.621023,-4.4
10744,-7.757896,-1.001218,7.621023,-4.4
10745,-7.730593,-1.023302,7.621023,-4.4
10746,-7.703193,-1.045781,7.621023,-4.4
10747,-7.677792,-1.067153,7.621023,-4.4
10748,-7.652089,-1.089317,7.621023,-4.4
10749,-7.626647,-1.111346,7.621023,-4.4
10750,-7.601577,-1.133911,7.621023,-4.4
10751,-7.579325,-1.156347,7.621023,-4.4
10752,-7.554646,-1.176759,7.621023,-4.4
10753,-7.529805,-1.197802,7.621023,-4.4
10754,-7.50645,-1.216642,7.621023,-4.4
10755,-7.485525,-1.23304,7.621023,-4.4
10756,-7.464248,-1.251548,7.621023,-4.4
10757,-7.445014,-1.265004,7.621023,-4.4
10758,-7.426577,-1.278147,7.621023,-4.4
10759,-7.408993,-1.2888,7.621023,-4.4
10760,-7.391116,-1.299,7.621023,-4.4
10761,-7.372921,-1.308643,7.621023,-4.4
10762,-7.354365,-1.31723,7.621023,-4.4
10763,-7.337475,-1.327525,7.621023,-4.4
10764,-7.316976,-1.336506,7.621023,-4.4
10765,-7.294995,-1.346527,7.621023,-4.4
10766,-7.2718,-1.359057,7.621023,-4.4
10767,-7.244302,-1.367209,7.621023,-4.4
10768,-7.222189,-1.375526,7.621023,-4.4
10769,-7.199142,-1.385344,7.621023,-4.4
10770,-7.180472,-1.392337,7.621023,-4.4
10771,-7.160617,-1.401186,7.621023,-4.4
10772,-7.141215,-1.410277,7.621023,-4.4
10773,-7.119947,-1.41694,7.621023,-4.4
10774,-7.098274,-1.426425,7.621023,-4.4
10775,-7.075828,-1.436818,7.621023,-4.4
10776,-7.053942,-1.446689,7.621023,-4.4
10777,-7.030664,-1.454773,7.621023,-4.4
10778,-7.004405,-1.461384,7.621023,-4.4
10779,-6.974434,-1.467701,7.621023,-4.4
10780,-6.943578,-1.473838,7.621023,-4.4
10781,-6.911355,-1.478976,7.621023,-4.4
10782,-6.881474,-1.485206,7.621023,-4.4
10783,-6.855697,-1.492329,7.621023,-4.4
10784,-6.829667,-1.498147,7.621023,-4.4
10785,-6.802262,-1.503417,7.621023,-4.4
10786,-6.776952,-1.507485,7.621023,-4.4
10787,-6.74972,-1.51357,7.621023,-4.4
10788,-6.724603,-1.521173,7.621023,-4.4
10789,-6.696835,-1.528859,7.621023,-4.4
10790,-6.669588,-1.53318,7.621023,-4.4
10791,-6.641895,-1.538331,7.621023,-4.4
10792,-6.61595,-1.544517,7.621023,-4.4
10793,-6.59009,-1.550843,7.621023,-4.4
10794,-6.563789,-1.557916,7.621023,-4.4
10795,-6.536752,-1.567183,7.621023,-4.4
10796,-6.511854,-1.575081,7.621023,-4.4
10797,-6.48422,-1.585511,7.621023,-4.4
10798,-6.455378,-1.599215,7.621023,-4.4
10799,-6.427863,-1.611523,7.621023,-4.4
10800,-6.40085,-1.624533,7.621023,-4.4
10801,-6.372978,-1.640661,7.621023,-4.4
10802,-6.34468,-1.658311,7.621023,-4.4
10803,-6.318308,-1.674333,7.621023,-4.4
10804,-6.294177,-1.689772,7.621023,-4.4
10805,-6.268238,-1.706154,7.621023,-4.4
10806,-6.24209,-1.722946,7.621023,-4.4
10807,-6.215281,-1.737421,7.621023,-4.4
10808,-6.187103,-1.752624,7.621023,-4.4
10809,-6.160455,-1.769696,7.621023,-4.4
10810,-6.134259,-1.784731,7.621023,-4.4
10811,-6.110703,-1.796302,7.621023,-4.4
10812,-6.090933,-1.80555,7.621023,-4.4
10813,-6.070955,-1.813514,7.621023,-4.4
10814,-6.050375,-1.820023,7.621023,-4.4
10815,-6.030276,-1.828715,7.621023,-4.4
10816,-6.011046,-1.836954,7.621023,-4.4
10817,-5.991008,-1.844585,7.621023,-4.4
10818,-5.971524,-1.850138,7.621023,-4.4
10819,-5.949005,-1.855861,7.621023,-4.4
10820,-5.926031,-1.86049,7.621023,-4.4
10821,-5.902352,-1.866806,7.621023,-4.4
10822,-5.875133,-1.873978,7.621023,-4.4
10823,-5.850017,-1.879318,7.621023,-4.4
10824,-5.824037,-1.882454,7.621023,-4.4
10825,-5.802404,-1.88699,7.621023,-4.4
10826,-5.781758,-1.889333,7.621023,-4.4
10827,-5.76233,-1.891891,7.621023,-4.4
10828,-5.743537,-1.896655,7.621023,-4.4
10829,-5.719989,-1.902141,7.621023,-4.4
10830,-5.696058,-1.906902,7.621023,-4.4
10831,-5.669372,-1.910231,7.621023,-4.4
10832,-5.639567,-1.913735,7.621023,-4.4
10833,-5.610965,-1.915734,7.621023,-4.4
10834,-5.581671,-1.916998,7.621023,-4.4
10835,-5.552449,-1.917287,7.621023,-4.4
10836,-5.521131,-1.916086,7.621023,-4.4
10837,-5.490728,-1.916736,7.621023,-4.4
10838,-5.464287,-1.916673,7.621023,-4.4
10839,-5.440148,-1.914232,7.621023,-4.4
10840,-5.414398,-1.913966,7.621023,-4.4
10841,-5.38678,-1.912542,7.621023,-4.4
10842,-5.359166,-1.912186,7.621023,-4.4
10843,-5.332506,-1.911626,7.621023,-4.4
10844,-5.302145,-1.910889,7.621023,-4.4
10845,-5.271006,-1.911475,7.621023,-4.4
10846,-5.243423,-1.909382,7.621023,-4.4
10847,-5.217067,-1.90791,7.621023,-4.4
10848,-5.189542,-1.907818,7.621023,-4.4
10849,-5.163746,-1.909036,7.621023,-4.4
10850,-5.136814,-1.912835,7.621023,-4.4
10851,-5.107959,-1.918252,7.621023,-4.4
10852,-5.078222,-1.924203,7.621023,-4.4
10853,-5.047987,-1.932127,7.621023,-4.4
10854,-5.018932,-1.939803,7.621023,-4.4
10855,-4.989935,-1.948656,7.621023,-4.4
10856,-4.960252,-1.958561,7.621023,-4.4
10857,-4.931774,-1.967702,7.621023,-4.4
10858,-4.902923,-1.977068,7.621023,-4.4
10859,-4.874236,-1.987898,7.621023,-4.4
10860,-4.845973,-1.997845,7.621023,-4.4
10861,-4.817111,-2.00877,7.621023,-4.4
10862,-4.789669,-2.020112,7.621023,-4.4
10863,-4.762695,-2.031273,7.621023,-4.4
10864,-4.737667,-2.040729,7.621023,-4.4
10865,-4.710844,-2.049372,7.621023,-4.4
10866,-4.685583,-2.05841,7.621023,-4.4
10867,-4.662636,-2.065134,7.621023,-4.4
10868,-4.640888,-2.072148,7.621023,-4.4
10869,-4.622752,-2.076575,7.621023,-4.4
10870,-4.607151,-2.079432,7.621023,-4.4
10871,-4.588166,-2.08404,7.621023,-4.4
10872,-4.567218,-2.090364,7.621023,-4.4
10873,-4.54837,-2.096869,7.621023,-4.4
10874,-4.525088,-2.102819,7.621023,-4.4
10875,-4.503617,-2.107125,7.621023,-4.4
10876,-4.482231,-2.112083,7.621023,-4.4
10877,-4.460602,-2.117631,7.621023,-4.4
10878,-4.436619,-2.12256,7.621023,-4.4
10879,-4.411391,-2.128819,7.621023,-4.4
10880,-4.38673,-2.13535,7.621023,-4.4
10881,-4.36293,-2.141585,7.621023,-4.4
10882,-4.340061,-2.147093,7.621023,-4.4
10883,-4.316007,-2.151075,7.621023,-4.4
10884,-4.292155,-2.152406,7.621023,-4.4
10885,-4.267564,-2.154621,7.621023,-4.4
10886,-4.239088,-2.157329,7.621023,-4.4
10887,-4.207592,-2.160748,7.621023,-4.4
10888,-4.176772,-2.163475,7.621023,-4.4
10889,-4.143628,-2.166085,7.621023,-4.4
10890,-4.107583,-2.167467,7.621023,-4.4
10891,-4.074517,-2.170503,7.621023,-4.4
10892,-4.046259,-2.173019,7.621023,-4.4
10893,-4.020662,-2.1736,7.621023,-4.4
10894,-3.995455,-2.17408,7.621023,-4.4
10895,-3.971024,-2.177846,7.621023,-4.4
10896,-3.941407,-2.179932,7.621023,-4.4
10897,-3.913031,-2.182504,7.621023,-4.4
10898,-3.885455,-2.183877,7.621023,-4.4
10899,-3.856684,-2.186672,7.621023,-4.4
10900,-3.827118,-2.189596,7.621023,-4.4
10901,-3.796705,-2.193628,7.621023,-4.4
10902,-3.765522,-2.198936,7.621023,-4.4
10903,-3.737077,-2.205648,7.621023,-4.4
10904,-3.710132,-2.213601,7.621023,-4.4
10905,-3.683364,-2.221127,7.621023,-4.4
10906,-3.657731,-2.228628,7.621023,-4.4
10907,-3.630798,-2.238993,7.621023,-4.4
10908,-3.599874,-2.252674,7.621023,-4.4
10909,-3.567039,-2.266472,7.621023,-4.4
10910,-3.533631,-2.278747,7.621023,-4.4
10911,-3.500484,-2.292121,7.621023,-4.4
10912,-3.469224,-2.305604,7.621023,-4.4
10913,-3.438627,-2.319454,7.621023,-4.4
10914,-3.409075,-2.333547,7.621023,-4.4
10915,-3.37811,-2.347731,7.621023,-4.4
10916,-3.348396,-2.359455,7.621023,-4.4
10917,-3.319991,-2.369753,7.621023,-4.4
10918,-3.293176,-2.379688,7.621023,-4.4
10919,-3.271976,-2.389344,7.621023,-4.4
10920,-3.249867,-2.398226,7.621023,-4.4
10921,-3.225759,-2.404807,7.621023,-4.4
10922,-3.203898,-2.410127,7.621023,-4.4
10923,-3.183082,-2.416735,7.621023,-4.4
10924,-3.163241,-2.423086,7.621023,-4.4
10925,-3.140505,-2.42854,7.621023,-4.4
10926,-3.112501,-2.432913,7.621023,-4.4
10927,-3.085946,-2.439726,7.621023,-4.4
10928,-3.061828,-2.44284,7.621023,-4.4
10929,-3.039489,-2.444639,7.621023,-4.4
10930,-3.015519,-2.446868,7.621023,-4.4
10931,-2.99,-2.449363,7.621023,-4.4
10932,-2.966136,-2.452061,7.621023,-4.4
10933,-2.941965,-2.455957,7.621023,-4.4
10934,-2.918217,-2.459643,7.621023,-4.4
10935,-2.891769,-2.462251,7.621023,-4.4
10936,-2.868237,-2.465635,7.621023,-4.4
10937,-2.843504,-2.467302,7.621023,-4.4
10938,-2.816587,-2.467005,7.621023,-4.4
10939,-2.787041,-2.4677,7.621023,-4.4
10940,-2.757427,-2.469064,7.621023,-4.4
10941,-2.727285,-2.468242,7.621023,-4.4
10942,-2.697268,-2.467443,7.621023,-4.4
10943,-2.667489,-2.466291,7.621023,-4.4
10944,-2.636602,-2.467494,7.621023,-4.4
10945,-2.606297,-2.466916,7.621023,-4.4
10946,-2.577133,-2.467796,7.621023,-4.4
10947,-2.548282,-2.467287,7.621023,-4.4
10948,-2.522308,-2.467399,7.621023,-4.4
10949,-2.495739,-2.466978,7.621023,-4.4
10950,-2.471494,-2.470111,7.621023,-4.4
10951,-2.442549,-2.471256,7.621023,-4.4
10952,-2.412886,-2.473697,7.621023,-4.4
10953,-2.382553,-2.477136,7.621023,-4.4
10954,-2.354347,-2.48056,7.621023,-4.4
10955,-2.324894,-2.485011,7.621023,-4.4
10956,-2.297294,-2.489355,7.621023,-4.4
10957,-2.272524,-2.494241,7.621023,-4.4
10958,-2.246143,-2.502135,7.621023,-4.4
10959,-2.217486,-2.512068,7.621023,-4.4
10960,-2.187539,-2.522731,7.621023,-4.4
10961,-2.157919,-2.534032,7.621023,-4.4
10962,-2.128329,-2.54691,7.621023,-4.4
10963,-2.099126,-2.560759,7.621023,-4.4
10964,-2.073231,-2.573453,7.621023,-4.4
10965,-2.048105,-2.58541,7.621023,-4.4
10966,-2.024086,-2.59738,7.621023,-4.4
10967,-2.001257,-2.608736,7.621023,-4.4
10968,-1.97236,-2.622522,7.621023,-4.4
10969,-1.942328,-2.636909,7.621023,-4.4
10970,-1.910584,-2.65198,7.621023,-4.4
10971,-1.881725,-2.665337,7.621023,-4.4
10972,-1.85707,-2.673063,7.621023,-4.4
10973,-1.834533,-2.680347,7.621023,-4.4
10974,-1.814396,-2.688507,7.621023,-4.4
10975,-1.794229,-2.696125,7.621023,-4.4
10976,-1.772796,-2.702927,7.621023,-4.4
10977,-1.75359,-2.709735,7.621023,-4.4
10978,-1.73338,-2.714664,7.621023,-4.4
10979,-1.710913,-2.7196,7.621023,-4.4
10980,-1.685043,-2.723016,7.621023,-4.4
10981,-1.660937,-2.727884,7.621023,-4.4
10982,-1.635122,-2.732828,7.621023,-4.4
10983,-1.610221,-2.734972,7.621023,-4.4
10984,-1.586271,-2.738469,7.621023,-4.4
10985,-1.565573,-2.741899,7.621023,-4.4
10986,-1.546963,-2.74499,7.621023,-4.4
10987,-1.528255,-2.748868,7.621023,-4.4
10988,-1.505816,-2.753096,7.621023,-4.4
10989,-1.481716,-2.757758,7.621023,-4.4
10990,-1.454942,-2.760139,7.621023,-4.4
10991,-1.426997,-2.762527,7.621023,-4.4
10992,-1.400773,-2.764453,7.621023,-4.4
10993,-1.372204,-2.767646,7.621023,-4.4
10994,-1.339873,-2.767796,7.621023,-4.4
10995,-1.310877,-2.768131,7.621023,-4.4
10996,-1.278608,-2.768129,7.621023,-4.4
10997,-1.247697,-2.76861,7.621023,-4.4
10998,-1.217002,-2.768032,7.621023,-4.4
10999,-1.188557,-2.768543,7.621023,-4.4
11000,-1.161496,-2.766535,7.621023,-4.4
11001,-1.136332,-2.763594,7.621023,-4.4
11002,-1.11037,-2.763023,7.621023,-4.4
11003,-1.082289,-2.761796,7.621023,-4.4
11004,-1.053935,-2.761336,7.621023,-4.4
11005,-1.026357,-2.760043,7.621023,-4.4
11006,-0.9954525,-2.759777,7.621023,-4.4
11007,-0.9652907,-2.760302,7.621023,-4.4
11008,-0.935946,-2.763143,7.621023,-4.4
11009,-0.9097948,-2.76609,7.621023,-4.4
11010,-0.8829445,-2.76823,7.621023,-4.4
11011,-0.856412,-2.772652,7.621023,-4.4
11012,-0.8259925,-2.777554,7.621023,-4.4
11013,-0.7951419,-2.781818,7.621023,-4.4
11014,-0.7660697,-2.787733,7.621023,-4.4
11015,-0.7352746,-2.794614,7.621023,-4.4
11016,-0.7023067,-2.802478,7.621023,-4.4
11017,-0.6683744,-2.811377,7.621023,-4.4
11018,-0.6386068,-2.819776,7.621023,-4.4
11019,-0.6110542,-2.830294,7.621023,-4.4
11020,-0.5824313,-2.839541,7.621023,-4.4
11021,-0.5529215,-2.848465,7.621023,-4.4
11022,-0.5230185,-2.857602,7.621023,-4.4
11023,-0.4934931,-2.865725,7.621023,-4.4
11024,-0.465639,-2.874281,7.621023,-4.4
11025,-0.4405173,-2.882373,7.621023,-4.4
11026,-0.4152443,-2.890218,7.621023,-4.4
11027,-0.3930772,-2.89706,7.621023,-4.4
11028,-0.3683254,-2.902471,7.621023,-4.4
11029,-0.345059,-2.907779,7.621023,-4.4
11030,-0.3225022,-2.911997,7.621023,-4.4
11031,-0.3035477,-2.91513,7.621023,-4.4
11032,-0.2858317,-2.917147,7.621023,-4.4
11033,-0.2617867,-2.918542,7.621023,-4.4
11034,-0.2375091,-2.920602,7.621023,-4.4
11035,-0.2131841,-2.921299,7.621023,-4.4
11036,-0.1871212,-2.923339,7.621023,-4.4
11037,-0.1623936,-2.925787,7.621023,-4.4
11038,-0.1379338,-2.925808,7.621023,-4.4
11039,-0.1136396,-2.92729,7.621023,-4.4
11040,-0.09179937,-2.930332,7.621023,-4.4
11041,-0.06950555,-2.93159,7.621023,-4.4
11042,-0.04489651,-2.933307,7.621023,-4.4
11043,-0.02026991,-2.934732,7.621023,-4.4
11044,0.006438805,-2.936737,7.621023,-4.4
11045,0.03007792,-2.938401,7.621023,-4.4
11046,0.05405929,-2.938939,7.621023,-4.4
11047,0.07895114,-2.939123,7.621023,-4.4
11048,0.1069916,-2.939122,7.621023,-4.4
11049,0.1362164,-2.939324,7.621023,-4.4
11050,0.1664757,-2.937595,7.621023,-4.4
11051,0.1967261,-2.93605,7.621023,-4.4
11052,0.225688,-2.934499,7.621023,-4.4
11053,0.2521556,-2.932785,7.621023,-4.4
11054,0.2764471,-2.932728,7.621023,-4.4
11055,0.3030391,-2.930355,7.621023,-4.4
11056,0.3304613,-2.926682,7.621023,-4.4
11057,0.3609132,-2.92504,7.621023,-4.4
11058,0.3923957,-2.923357,7.621023,-4.4
11059,0.4231488,-2.921568,7.621023,-4.4
11060,0.4530044,-2.919155,7.621023,-4.4
11061,0.4816767,-2.917585,7.621023,-4.4
11062,0.510381,-2.917198,7.621023,-4.4
11063,0.5384317,-2.919936,7.621023,-4.4
11064,0.5663355,-2.923433,7.621023,-4.4
11065,0.5947068,-2.928504,7.621023,-4.4
11066,0.6232573,-2.935031,7.621023,-4.4
11067,0.6520171,-2.940265,7.621023,-4.4
11068,0.6812007,-2.947714,7.621023,-4.4
11069,0.7121679,-2.953603,7.621023,-4.4
11070,0.7434679,-2.960494,7.621023,-4.4
11071,0.7738531,-2.967385,7.621023,-4.4
11072,0.8038076,-2.974845,7.621023,-4.4
11073,0.8348692,-2.983676,7.621023,-4.4
11074,0.8658342,-2.991771,7.621023,-4.4
11075,0.8975883,-2.998052,7.621023,-4.4
11076,0.9311309,-3.00492,7.621023,-4.4
11077,0.9618624,-3.01262,7.621023,-4.4
11078,0.9918008,-3.020913,7.621023,-4.4
11079,1.020346,-3.027039,7.621023,-4.4
11080,1.046266,-3.033967,7.621023,-4.4
11081,1.06895,-3.038174,7.621023,-4.4
11082,1.092661,-3.042953,7.621023,-4.4
11083,1.116015,-3.047546,7.621023,-4.4
11084,1.138005,-3.0515,7.621023,-4.4
11085,1.161807,-3.055875,7.621023,-4.4
11086,1.185006,-3.055681,7.621023,-4.4
11087,1.211055,-3.055096,7.621023,-4.4
11088,1.235211,-3.058087,7.621023,-4.4
11089,1.258688,-3.059949,7.621023,-4.4
11090,1.282354,-3.059815,7.621023,-4.4
11091,1.305685,-3.060223,7.621023,-4.4
11092,1.328337,-3.059863,7.621023,-4.4
11093,1.352488,-3.06058,7.621023,-4.4
11094,1.374756,-3.06168,7.621023,-4.4
11095,1.396857,-3.063082,7.621023,-4.4
11096,1.420004,-3.062036,7.621023,-4.4
11097,1.445809,-3.061132,7.621023,-4.4
11098,1.471481,-3.060858,7.621023,-4.4
11099,1.500076,-3.06135,7.621023,-4.4
11100,1.52907,-3.060787,7.621023,-4.4
11101,1.558883,-3.058164,7.621023,-4.4
11102,1.590951,-3.053897,7.621023,-4.4
11103,1.621421,-3.048474,7.621023,-4.4
11104,1.651287,-3.043621,7.621023,-4.4
11105,1.67956,-3.041717,7.621023,-4.4
11106,1.704856,-3.040434,7.621023,-4.4
11107,1.728135,-3.036893,7.621023,-4.4
11108,1.756058,-3.033702,7.621023,-4.4
11109,1.783854,-3.029247,7.621023,-4.4
11110,1.811222,-3.025947,7.621023,-4.4
11111,1.84198,-3.024039,7.621023,-4.4
11112,1.870425,-3.020234,7.621023,-4.4
11113,1.900805,-3.014565,7.621023,-4.4
11114,1.931345,-3.010353,7.621023,-4.4
11115,1.960081,-3.006407,7.621023,-4.4
11116,1.989905,-3.006634,7.621023,-4.4
11117,2.018351,-3.007957,7.621023,-4.4
11118,2.048497,-3.012061,7.621023,-4.4
11119,2.077591,-3.015006,7.621023,-4.4
11120,2.108398,-3.018569,7.621023,-4.4
11121,2.138757,-3.024435,7.621023,-4.4
11122,2.168577,-3.030121,7.621023,-4.4
11123,2.19833,-3.034763,7.621023,-4.4
11124,2.231821,-3.040321,7.621023,-4.4
11125,2.26483,-3.047515,7.621023,-4.4
11126,2.298638,-3.054543,7.621023,-4.4
11127,2.330897,-3.060682,7.621023,-4.4
11128,2.365489,-3.068302,7.621023,-4.4
11129,2.399711,-3.076069,7.621023,-4.4
11130,2.429443,-3.08412,7.621023,-4.4
11131,2.455005,-3.090819,7.621023,-4.4
11132,2.481187,-3.096688,7.621023,-4.4
11133,2.505306,-3.103195,7.621023,-4.4
11134,2.532678,-3.10944,7.621023,-4.4
11135,2.556313,-3.113698,7.621023,-4.4
11136,2.580088,-3.116938,7.621023,-4.4
11137,2.603859,-3.11906,7.621023,-4.4
11138,2.627512,-3.121757,7.621023,-4.4
11139,2.650499,-3.122418,7.621023,-4.4
11140,2.671728,-3.122181,7.621023,-4.4
11141,2.696123,-3.122742,7.621023,-4.4
11142,2.720983,-3.121057,7.621023,-4.4
11143,2.745092,-3.118308,7.621023,-4.4
11144,2.769395,-3.115085,7.621023,-4.4
11145,2.792543,-3.112662,7.621023,-4.4
11146,2.814421,-3.110584,7.621023,-4.4
11147,2.8375,-3.109004,7.621023,-4.4
11148,2.863362,-3.107681,7.621023,-4.4
11149,2.887786,-3.10798,7.621023,-4.4
11150,2.911199,-3.107913,7.621023,-4.4
11151,2.935356,-3.106123,7.621023,-4.4
11152,2.958692,-3.103331,7.621023,-4.4
11153,2.984576,-3.100698,7.621023,-4.4
11154,3.009489,-3.097648,7.621023,-4.4
11155,3.034834,-3.093342,7.621023,-4.4
11156,3.064649,-3.085479,7.621023,-4.4
11157,3.094188,-3.0802,7.621023,-4.4
11158,3.122683,-3.073955,7.621023,-4.4
11159,3.148827,-3.06946,7.621023,-4.4
11160,3.174636,-3.063008,7.621023,-4.4
11161,3.202166,-3.058544,7.621023,-4.4
11162,3.227089,-3.054932,7.621023,-4.4
11163,3.251218,-3.050078,7.621023,-4.4
11164,3.279826,-3.043333,7.621023,-4.4
11165,3.309863,-3.03753,7.621023,-4.4
11166,3.340795,-3.033905,7.621023,-4.4
11167,3.371155,-3.030406,7.621023,-4.4
11168,3.40128,-3.026164,7.621023,-4.4
11169,3.429945,-3.022892,7.621023,-4.4
11170,3.458411,-3.02064,7.621023,-4.4
11171,3.486425,-3.019971,7.621023,-4.4
11172,3.511403,-3.019985,7.621023,-4.4
11173,3.535441,-3.020099,7.621023,-4.4
11174,3.561419,-3.023429,7.621023,-4.4
11175,3.590407,-3.029685,7.621023,-4.4
11176,3.620719,-3.037391,7.621023,-4.4
11177,3.651242,-3.044468,7.621023,-4.4
11178,3.680051,-3.052525,7.621023,-4.4
11179,3.710459,-3.063189,7.621023,-4.4
11180,3.736295,-3.072673,7.621023,-4.4
11181,3.762616,-3.083097,7.621023,-4.4
11182,3.790624,-3.093597,7.621023,-4.4
11183,3.819835,-3.104276,7.621023,-4.4
11184,3.851358,-3.116866,7.621023,-4.4
11185,3.881772,-3.128159,7.621023,-4.4
11186,3.910199,-3.138671,7.621023,-4.4
11187,3.937753,-3.147083,7.621023,-4.4
11188,3.961336,-3.155454,7.621023,-4.4
11189,3.983966,-3.160328,7.621023,-4.4
11190,4.006938,-3.165731,7.621023,-4.4
11191,4.028889,-3.170099,7.621023,-4.4
11192,4.055089,-3.174511,7.621023,-4.4
11193,4.078162,-3.178233,7.621023,-4.4
11194,4.101554,-3.182428,7.621023,-4.4
11195,4.123863,-3.185774,7.621023,-4.4
11196,4.145023,-3.187701,7.621023,-4.4
11197,4.167839,-3.191315,7.621023,-4.4
11198,4.192987,-3.196575,7.621023,-4.4
11199,4.216287,-3.200331,7.621023,-4.4
11200,4.234305,-3.20487,7.621023,-4.4
11201,4.25918,-3.209919,7.621023,-4.4
11202,4.284371,-3.215914,7.621023,-4.4
11203,4.308366,-3.220833,7.621023,-4.4
11204,4.335827,-3.225552,7.621023,-4.4
11205,4.36078,-3.230479,7.621023,-4.4
11206,4.385862,-3.23266,7.621023,-4.4
11207,4.415621,-3.234133,7.621023,-4.4
11208,4.444533,-3.236808,7.621023,-4.4
11209,4.475855,-3.241383,7.621023,-4.4
11210,4.506719,-3.245531,7.621023,-4.4
11211,4.536456,-3.248822,7.621023,-4.4
11212,4.566536,-3.252234,7.621023,-4.4
11213,4.594683,-3.254205,7.621023,-4.4
11214,4.625782,-3.25635,7.621023,-4.4
11215,4.656739,-3.258812,7.621023,-4.4
11216,4.687675,-3.260016,7.621023,-4.4
11217,4.718613,-3.262428,7.621023,-4.4
11218,4.747964,-3.264144,7.621023,-4.4
11219,4.775175,-3.26621,7.621023,-4.4
11220,4.803027,-3.26949,7.621023,-4.4
11221,4.832385,-3.273877,7.621023,-4.4
11222,4.860368,-3.276454,7.621023,-4.4
11223,4.88956,-3.280207,7.621023,-4.4
11224,4.917989,-3.285267,7.621023,-4.4
11225,4.947327,-3.292416,7.621023,-4.4
11226,4.976515,-3.303162,7.621023,-4.4
11227,5.007139,-3.315065,7.621023,-4.4
11228,5.034493,-3.324205,7.621023,-4.4
11229,5.066234,-3.335326,7.621023,-4.4
11230,5.097799,-3.349138,7.621023,-4.4
11231,5.128127,-3.3633,7.621023,-4.4
11232,5.154815,-3.374597,7.621023,-4.4
11233,5.181611,-3.384082,7.621023,-4.4
11234,5.207284,-3.395581,7.621023,-4.4
11235,5.235936,-3.408954,7.621023,-4.4
11236,5.262879,-3.420866,7.621023,-4.4
11237,5.290514,-3.433775,7.621023,-4.4
11238,5.316054,-3.44589,7.621023,-4.4
11239,5.338473,-3.459063,7.621023,-4.4
11240,5.361513,-3.469058,7.621023,-4.4
11241,5.38361,-3.478601,7.621023,-4.4
11242,5.403602,-3.486833,7.621023,-4.4
11243,5.424922,-3.494976,7.621023,-4.4
11244,5.442535,-3.501793,7.621023,-4.4
11245,5.461681,-3.508399,7.621023,-4.4
11246,5.485119,-3.515615,7.621023,-4.4
11247,5.505807,-3.520274,7.621023,-4.4
11248,5.531411,-3.525635,7.621023,-4.4
11249,5.558756,-3.532184,7.621023,-4.4
11250,5.58582,-3.537459,7.621023,-4.4
11251,5.606287,-3.541238,7.621023,-4.4
11252,5.62782,-3.545537,7.621023,-4.4
11253,5.64926,-3.549589,7.621023,-4.4
11254,5.671841,-3.551991,7.621023,-4.4
11255,5.694079,-3.553387,7.621023,-4.4
11256,5.716647,-3.556993,7.621023,-4.4
11257,5.741011,-3.562206,7.621023,-4.4
11258,5.761557,-3.565859,7.621023,-4.4
11259,5.785657,-3.569883,7.621023,-4.4
11260,5.810959,-3.575281,7.621023,-4.4
11261,5.834294,-3.580432,7.621023,-4.4
11262,5.859453,-3.583532,7.621023,-4.4
11263,5.883814,-3.586049,7.621023,-4.4
11264,5.908748,-3.587993,7.621023,-4.4
11265,5.934762,-3.589571,7.621023,-4.4
11266,5.958621,-3.590804,7.621023,-4.4
11267,5.981346,-3.591162,7.621023,-4.4
11268,6.007964,-3.592103,7.621023,-4.4
11269,6.032133,-3.595012,7.621023,-4.4
11270,6.054859,-3.598412,7.621023,-4.4
11271,6.079998,-3.600755,7.621023,-4.4
11272,6.103563,-3.603326,7.621023,-4.4
11273,6.12638,-3.606639,7.621023,-4.4
11274,6.151786,-3.609525,7.621023,-4.4
11275,6.175198,-3.614146,7.621023,-4.4
11276,6.197453,-3.620206,7.621023,-4.4
11277,6.220551,-3.626936,7.621023,-4.4
11278,6.24434,-3.634526,7.621023,-4.4
11279,6.267251,-3.642908,7.621023,-4.4
11280,6.290341,-3.651258,7.621023,-4.4
11281,6.317542,-3.662337,7.621023,-4.4
11282,6.345643,-3.672637,7.621023,-4.4
11283,6.372801,-3.682949,7.621023,-4.4
11284,6.398141,-3.693319,7.621023,-4.4
11285,6.424814,-3.705715,7.621023,-4.4
11286,6.449874,-3.720086,7.621023,-4.4
11287,6.473725,-3.733176,7.621023,-4.4
11288,6.497348,-3.746079,7.621023,-4.4
11289,6.524641,-3.760879,7.621023,-4.4
11290,6.553791,-3.777097,7.621023,-4.4
11291,6.580659,-3.792403,7.621023,-4.4
11292,6.610576,-3.808699,7.621023,-4.4
11293,6.636649,-3.82475,7.621023,-4.4
11294,6.658681,-3.836323,7.621023,-4.4
11295,6.679126,-3.847017,7.621023,-4.4
11296,6.699464,-3.856006,7.621023,-4.4
11297,6.719038,-3.866095,7.621023,-4.4
11298,6.739446,-3.87763,7.621023,-4.4
11299,6.7597,-3.885371,7.621023,-4.4
11300,6.778873,-3.889326,7.621023,-4.4
11301,6.799361,-3.894298,7.621023,-4.4
11302,6.825234,-3.900547,7.621023,-4.4
11303,6.847891,-3.907151,7.621023,-4.4
11304,6.87154,-3.912902,7.621023,-4.4
11305,6.890947,-3.918039,7.621023,-4.4
11306,6.911139,-3.922757,7.621023,-4.4
11307,6.930267,-3.926227,7.621023,-4.4
11308,6.951993,-3.931629,7.621023,-4.4
11309,6.972754,-3.936887,7.621023,-4.4
11310,6.991639,-3.943916,7.621023,-4.4
11311,7.010252,-3.951242,7.621023,-4.4
11312,7.033149,-3.956964,7.621023,-4.4
11313,7.056611,-3.961295,7.621023,-4.4
11314,7.078646,-3.965358,7.621023,-4.4
11315,7.102618,-3.968053,7.621023,-4.4
11316,7.130573,-3.9697,7.621023,-4.4
11317,7.159324,-3.971505,7.621023,-4.4
11318,7.186337,-3.974943,7.621023,-4.4
11319,7.212484,-3.977208,7.621023,-4.4
11320,7.240749,-3.980458,7.621023,-4.4
11321,7.265496,-3.986476,7.621023,-4.4
11322,7.28627,-3.991498,7.621023,-4.4
11323,7.305002,-3.993975,7.621023,-4.4
11324,7.324637,-3.997626,7.621023,-4.4
11325,7.345756,-4.002584,7.621023,-4.4
11326,7.36569,-4.005907,7.621023,-4.4
11327,7.387762,-4.009701,7.621023,-4.4
11328,7.410765,-4.01402,7.621023,-4.4
11329,7.432747,-4.018061,7.621023,-4.4
11330,7.45402,-4.02537,7.621023,-4.4
11331,7.478281,-4.033737,7.621023,-4.4
11332,7.501755,-4.044267,7.621023,-4.4
11333,7.523593,-4.057772,7.621023,-4.4
11334,7.543207,-4.07057,7.621023,-4.4
11335,7.562758,-4.08777,7.621023,-4.4
11336,7.583505,-4.107038,7.621023,-4.4
11337,7.603832,-4.128243,7.621023,-4.4
11338,7.624102,-4.152175,7.621023,-4.4
11339,7.641276,-4.175972,7.621023,-4.4
11340,7.655681,-4.198035,7.621023,-4.4
11341,7.672112,-4.220833,7.621023,-4.4
11342,7.69011,-4.246507,-7.621023,4.4
11343,7.708226,-4.268652,-7.621023,4.4
11344,7.726397,-4.29122,-7.621023,4.4
11345,7.74507,-4.312573,-7.621023,4.4
11346,7.766418,-4.337287,-7.621023,4.4
11347,7.786991,-4.360846,-7.621023,4.4
11348,7.807724,-4.382595,-7.621023,4.4
11349,7.83245,-4.399543,-7.621023,4.4
11350,7.857327,-4.414398,-7.621023,4.4
11351,7.878243,-4.426168,-7.621023,4.4
11352,7.891772,-4.435187,-7.621023,4.4
11353,7.901694,-4.444128,-7.621023,4.4
11354,7.911328,-4.452175,-7.621023,4.4
11355,7.918944,-4.463761,-7.621023,4.4
11356,7.928689,-4.474767,-7.621023,4.4
11357,7.940245,-4.48701,-7.621023,4.4
11358,7.952024,-4.497934,-7.621023,4.4
11359,7.960403,-4.51132,-7.621023,4.4
11360,7.967164,-4.526282,-7.621023,4.4
11361,7.972269,-4.542356,-7.621023,4.4
11362,7.978077,-4.560051,-7.621023,4.4
11363,7.982327,-4.576222,-7.621023,4.4
11364,7.986702,-4.588336,-7.621023,4.4
11365,7.992368,-4.596612,-7.621023,4.4
11366,7.996551,-4.599889,-7.621023,4.4
11367,7.998076,-4.596211,-7.621023,4.4
11368,7.997677,-4.590729,-7.621023,4.4
11369,7.996331,-4.585425,-7.621023,4.4
11370,7.992853,-4.579369,-7.621023,4.4
11371,7.98701,-4.5707,-7.621023,4.4
11372,7.979403,-4.562528,-7.621023,4.4
11373,7.971426,-4.554358,-7.621023,4.4
11374,7.964281,-4.546935,-7.621023,4.4
11375,7.957583,-4.539233,-7.621023,4.4
11376,7.951582,-4.533027,-7.621023,4.4
11377,7.946074,-4.524896,-7.621023,4.4
11378,7.939184,-4.516583,-7.621023,4.4
11379,7.93048,-4.506219,-7.621023,4.4
11380,7.921093,-4.497464,-7.621023,4.4
11381,7.91296,-4.488612,-7.621023,4.4
11382,7.901199,-4.477454,-7.621023,4.4
11383,7.88931,-4.466126,-7.621023,4.4
11384,7.876125,-4.453686,-7.621023,4.4
11385,7.861576,-4.439631,-7.621023,4.4
11386,7.8478,-4.424805,-7.621023,4.4
11387,7.834894,-4.406297,-7.621023,4.4
11388,7.82204,-4.386773,-7.621023,4.4
11389,7.810553,-4.368078,-7.621023,4.4
11390,7.799932,-4.35084,-7.621023,4.4
11391,7.789387,-4.333148,-7.621023,4.4
11392,7.780065,-4.313212,-7.621023,4.4
11393,7.77128,-4.29399,-7.621023,4.4
11394,7.764163,-4.274622,-7.621023,4.4
11395,7.756495,-4.256258,-7.621023,4.4
11396,7.746746,-4.236458,-7.621023,4.4
11397,7.735636,-4.215855,-7.621023,4.4
11398,7.726734,-4.196861,-7.621023,4.4
11399,7.717928,-4.175662,-7.621023,4.4
11400,7.709265,-4.15515,-7.621023,4.4
11401,7.698409,-4.132789,-7.621023,4.4
11402,7.688262,-4.11557,-7.621023,4.4
11403,7.679658,-4.10324,-7.621023,4.4
11404,7.671278,-4.08802,-7.621023,4.4
11405,7.659966,-4.06897,-7.621023,4.4
11406,7.651269,-4.056211,-7.621023,4.4
11407,7.642251,-4.043789,-7.621023,4.4
11408,7.630193,-4.030625,-7.621023,4.4
11409,7.618695,-4.016709,-7.621023,4.4
11410,7.60666,-3.998456,-7.621023,4.4
11411,7.592788,-3.982178,-7.621023,4.4
11412,7.57646,-3.970045,-7.621023,4.4
11413,7.560674,-3.959866,-7.621023,4.4
11414,7.545765,-3.947574,-7.621023,4.4
11415,7.529536,-3.935574,-7.621023,4.4
11416,7.517325,-3.923129,-7.621023,4.4
11417,7.505073,-3.90856,-7.621023,4.4
11418,7.491538,-3.895539,-7.621023,4.4
11419,7.478547,-3.881345,-7.621023,4.4
11420,7.465689,-3.866706,-7.621023,4.4
11421,7.448337,-3.850831,-7.621023,4.4
11422,7.429551,-3.83298,-7.621023,4.4
11423,7.411074,-3.817485,-7.621023,4.4
11424,7.390707,-3.802106,-7.621023,4.4
11425,7.365518,-3.785961,-7.621023,4.4
11426,7.340188,-3.76791,-7.621023,4.4
11427,7.318141,-3.749633,-7.621023,4.4
11428,7.298611,-3.737617,-7.621023,4.4
11429,7.279495,-3.727311,-7.621023,4.4
11430,7.255474,-3.715923,-7.621023,4.4
11431,7.232129,-3.701664,-7.621023,4.4
11432,7.208966,-3.686992,-7.621023,4.4
11433,7.182401,-3.668667,-7.621023,4.4
11434,7.159121,-3.654248,-7.621023,4.4
11435,7.136378,-3.639039,-7.621023,4.4
11436,7.113751,-3.623706,-7.621023,4.4
11437,7.093685,-3.607757,-7.621023,4.4
11438,7.071492,-3.588583,-7.621023,4.4
11439,7.050072,-3.569182,-7.621023,4.4
11440,7.031051,-3.551999,-7.621023,4.4
11441,7.013802,-3.536296,-7.621023,4.4
11442,6.993753,-3.517358,-7.621023,4.4
11443,6.972765,-3.496504,-7.621023,4.4
11444,6.953413,-3.472929,-7.621023,4.4
11445,6.933852,-3.44761,-7.621023,4.4
11446,6.915708,-3.424389,-7.621023,4.4
11447,6.896904,-3.401095,-7.621023,4.4
11448,6.878317,-3.375114,-7.621023,4.4
11449,6.862056,-3.350089,-7.621023,4.4
11450,6.846698,-3.328305,-7.621023,4.4
11451,6.829935,-3.30429,-7.621023,4.4
11452,6.811621,-3.280514,-7.621023,4.4
11453,6.792413,-3.258542,-7.621023,4.4
11454,6.773381,-3.235999,-7.621023,4.4
11455,6.756255,-3.213619,-7.621023,4.4
11456,6.741244,-3.193473,-7.621023,4.4
11457,6.728018,-3.172562,-7.621023,4.4
11458,6.713395,-3.152978,-7.621023,4.4
11459,6.698149,-3.136202,-7.621023,4.4
11460,6.681724,-3.121866,-7.621023,4.4
11461,6.667951,-3.107161,-7.621023,4.4
11462,6.654153,-3.093522,-7.621023,4.4
11463,6.637043,-3.076926,-7.621023,4.4
11464,6.616757,-3.060142,-7.621023,4.4
11465,6.597261,-3.04441,-7.621023,4.4
11466,6.57847,-3.029336,-7.621023,4.4
11467,6.559069,-3.012323,-7.621023,4.4
11468,6.537935,-2.995669,-7.621023,4.4
11469,6.518095,-2.978302,-7.621023,4.4
11470,6.500582,-2.960729,-7.621023,4.4
11471,6.479506,-2.944452,-7.621023,4.4
11472,6.460663,-2.92891,-7.621023,4.4
11473,6.44021,-2.912046,-7.621023,4.4
11474,6.417584,-2.89893,-7.621023,4.4
11475,6.39604,-2.885034,-7.621023,4.4
11476,6.372805,-2.869241,-7.621023,4.4
11477,6.348121,-2.853643,-7.621023,4.4
11478,6.321977,-2.837442,-7.621023,4.4
11479,6.294876,-2.822305,-7.621023,4.4
11480,6.265168,-2.806269,-7.621023,4.4
11481,6.23538,-2.789868,-7.621023,4.4
11482,6.207018,-2.773722,-7.621023,4.4
11483,6.181487,-2.76236,-7.621023,4.4
11484,6.159988,-2.750065,-7.621023,4.4
11485,6.137585,-2.738137,-7.621023,4.4
11486,6.112484,-2.722415,-7.621023,4.4
11487,6.085234,-2.707669,-7.621023,4.4
11488,6.057826,-2.694131,-7.621023,4.4
11489,6.030535,-2.678944,-7.621023,4.4
11490,6.003155,-2.663118,-7.621023,4.4
11491,5.977303,-2.64694,-7.621023,4.4
11492,5.952429,-2.630066,-7.621023,4.4
11493,5.927428,-2.611716,-7.621023,4.4
11494,5.903201,-2.592089,-7.621023,4.4
11495,5.877645,-2.573356,-7.621023,4.4
11496,5.851901,-2.551983,-7.621023,4.4
11497,5.825894,-2.530268,-7.621023,4.4
11498,5.801605,-2.507925,-7.621023,4.4
11499,5.779363,-2.485521,-7.621023,4.4
11500,5.757202,-2.461231,-7.621023,4.4
11501,5.736527,-2.436734,-7.621023,4.4
11502,5.715391,-2.414834,-7.621023,4.4
11503,5.695203,-2.393538,-7.621023,4.4
11504,5.675632,-2.372371,-7.621023,4.4
11505,5.656207,-2.351262,-7.621023,4.4
11506,5.636261,-2.328835,-7.621023,4.4
11507,5.616956,-2.309581,-7.621023,4.4
11508,5.595439,-2.291624,-7.621023,4.4
11509,5.575943,-2.274457,-7.621023,4.4
11510,5.55976,-2.260763,-7.621023,4.4
11511,5.542014,-2.244877,-7.621023,4.4
11512,5.526385,-2.233818,-7.621023,4.4
11513,5.507753,-2.218224,-7.621023,4.4
11514,5.489858,-2.204665,-7.621023,4.4
11515,5.472442,-2.19258,-7.621023,4.4
11516,5.456571,-2.180912,-7.621023,4.4
11517,5.438395,-2.168661,-7.621023,4.4
11518,5.415113,-2.154452,-7.621023,4.4
11519,5.391328,-2.142162,-7.621023,4.4
11520,5.368331,-2.127153,-7.621023,4.4
11521,5.346962,-2.11556,-7.621023,4.4
11522,5.32516,-2.104036,-7.621023,4.4
11523,5.307685,-2.094332,-7.621023,4.4
11524,5.290199,-2.083299,-7.621023,4.4
11525,5.272206,-2.070527,-7.621023,4.4
11526,5.252461,-2.058135,-7.621023,4.4
11527,5.23337,-2.044723,-7.621023,4.4
11528,5.210076,-2.031716,-7.621023,4.4
11529,5.186824,-2.019482,-7.621023,4.4
11530,5.162904,-2.006751,-7.621023,4.4
11531,5.136993,-1.994187,-7.621023,4.4
11532,5.111318,-1.981824,-7.621023,4.4
11533,5.083235,-1.966899,-7.621023,4.4
11534,5.057627,-1.956082,-7.621023,4.4
11535,5.032541,-1.947549,-7.621023,4.4
11536,5.009752,-1.937577,-7.621023,4.4
11537,4.982227,-1.925537,-7.621023,4.4
11538,4.957683,-1.917125,-7.621023,4.4
11539,4.932456,-1.910698,-7.621023,4.4
11540,4.906933,-1.903076,-7.621023,4.4
11541,4.880935,-1.889991,-7.621023,4.4
11542,4.854476,-1.876934,-7.621023,4.4
11543,4.831378,-1.866574,-7.621023,4.4
11544,4.806822,-1.853411,-7.621023,4.4
11545,4.783526,-1.842801,-7.621023,4.4
11546,4.760977,-1.83307,-7.621023,4.4
11547,4.738829,-1.823338,-7.621023,4.4
11548,4.716496,-1.811301,-7.621023,4.4
11549,4.692102,-1.797585,-7.621023,4.4
11550,4.666267,-1.780967,-7.621023,4.4
11551,4.642231,-1.76354,-7.621023,4.4
11552,4.616428,-1.744712,-7.621023,4.4
11553,4.59084,-1.723074,-7.621023,4.4
11554,4.567669,-1.703749,-7.621023,4.4
11555,4.543377,-1.685115,-7.621023,4.4
11556,4.51816,-1.664739,-7.621023,4.4
11557,4.490695,-1.645736,-7.621023,4.4
11558,4.460617,-1.625912,-7.621023,4.4
11559,4.433045,-1.606036,-7.621023,4.4
11560,4.407725,-1.58456,-7.621023,4.4
11561,4.384863,-1.564473,-7.621023,4.4
11562,4.360511,-1.544655,-7.621023,4.4
11563,4.339071,-1.527634,-7.621023,4.4
11564,4.318262,-1.510798,-7.621023,4.4
11565,4.297684,-1.496812,-7.621023,4.4
11566,4.281473,-1.48521,-7.621023,4.4
11567,4.264503,-1.473731,-7.621023,4.4
11568,4.243995,-1.462645,-7.621023,4.4
11569,4.22315,-1.452025,-7.621023,4.4
11570,4.204033,-1.440904,-7.621023,4.4
11571,4.181285,-1.427236,-7.621023,4.4
11572,4.159995,-1.41388,-7.621023,4.4
11573,4.139909,-1.404185,-7.621023,4.4
11574,4.118573,-1.394851,-7.621023,4.4
11575,4.097926,-1.384165,-7.621023,4.4
11576,4.077301,-1.374459,-7.621023,4.4
11577,4.055053,-1.364405,-7.621023,4.4
11578,4.031991,-1.353493,-7.621023,4.4
11579,4.008835,-1.342424,-7.621023,4.4
11580,3.985432,-1.332328,-7.621023,4.4
11581,3.9614,-1.323273,-7.621023,4.4
11582,3.937651,-1.315217,-7.621023,4.4
11583,3.911867,-1.307395,-7.621023,4.4
11584,3.887259,-1.298435,-7.621023,4.4
11585,3.861516,-1.287858,-7.621023,4.4
11586,3.83046,-1.27579,-7.621023,4.4
11587,3.798589,-1.263802,-7.621023,4.4
11588,3.768008,-1.252259,-7.621023,4.4
11589,3.740832,-1.240839,-7.621023,4.4
11590,3.714828,-1.230283,-7.621023,4.4
11591,3.690796,-1.2213,-7.621023,4.4
11592,3.664329,-1.213223,-7.621023,4.4
11593,3.63757,-1.203422,-7.621023,4.4
11594,3.609677,-1.196127,-7.621023,4.4
11595,3.582268,-1.185917,-7.621023,4.4
11596,3.554937,-1.17877,-7.621023,4.4
11597,3.528536,-1.170523,-7.621023,4.4
11598,3.501975,-1.161438,-7.621023,4.4
11599,3.475816,-1.149308,-7.621023,4.4
11600,3.448962,-1.138201,-7.621023,4.4
11601,3.423803,-1.126451,-7.621023,4.4
11602,3.397614,-1.11177,-7.621023,4.4
11603,3.371833,-1.096528,-7.621023,4.4
11604,3.34398,-1.077592,-7.621023,4.4
11605,3.316116,-1.056596,-7.621023,4.4
11606,3.290061,-1.037505,-7.621023,4.4
11607,3.264362,-1.017757,-7.621023,4.4
11608,3.241675,-0.9990155,-7.621023,4.4
11609,3.222429,-0.9817663,-7.621023,4.4
11610,3.199948,-0.9657149,-7.621023,4.4
11611,3.175891,-0.9472151,-7.621023,4.4
11612,3.152002,-0.9278558,-7.621023,4.4
11613,3.129889,-0.9085046,-7.621023,4.4
11614,3.109994,-0.8881336,-7.621023,4.4
11615,3.088426,-0.8694888,-7.621023,4.4
11616,3.066573,-0.8531703,-7.621023,4.4
11617,3.046671,-0.8402779,-7.621023,4.4
11618,3.027041,-0.8279301,-7.621023,4.4
11619,3.010622,-0.8172262,-7.621023,4.4
11620,2.994006,-0.8092529,-7.621023,4.4
11621,2.977258,-0.7987405,-7.621023,4.4
11622,2.95987,-0.7890333,-7.621023,4.4
11623,2.943226,-0.7798937,-7.621023,4.4
11624,2.921245,-0.771253,-7.621023,4.4
11625,2.898875,-0.7583467,-7.621023,4.4
11626,2.878158,-0.7463543,-7.621023,4.4
11627,2.856317,-0.7364599,-7.621023,4.4
11628,2.838723,-0.7264109,-7.621023,4.4
11629,2.81592,-0.7154142,-7.621023,4.4
11630,2.797149,-0.7072557,-7.621023,4.4
11631,2.774855,-0.6980067,-7.621023,4.4
11632,2.753155,-0.6862162,-7.621023,4.4
11633,2.730984,-0.6752349,-7.621023,4.4
11634,2.706692,-0.6666503,-7.621023,4.4
11635,2.682781,-0.6563074,-7.621023,4.4
11636,2.655869,-0.6444977,-7.621023,4.4
11637,2.628845,-0.6328049,-7.621023,4.4
11638,2.598391,-0.6219752,-7.621023,4.4
11639,2.566692,-0.6104711,-7.621023,4.4
11640,2.534571,-0.5975363,-7.621023,4.4
11641,2.504875,-0.5855755,-7.621023,4.4
11642,2.47738,-0.5757622,-7.621023,4.4
11643,2.452688,-0.5690037,-7.621023,4.4
11644,2.428674,-0.5618613,-7.621023,4.4
11645,2.402182,-0.5521522,-7.621023,4.4
11646,2.375923,-0.5398664,-7.621023,4.4
11647,2.345377,-0.5281426,-7.621023,4.4
11648,2.318991,-0.5154896,-7.621023,4.4
11649,2.291087,-0.5029579,-7.621023,4.4
11650,2.263586,-0.4919201,-7.621023,4.4
11651,2.239426,-0.4827992,-7.621023,4.4
11652,2.216101,-0.4704539,-7.621023,4.4
11653,2.194467,-0.4563453,-7.621023,4.4
11654,2.169902,-0.4438407,-7.621023,4.4
11655,2.147106,-0.4320533,-7.621023,4.4
11656,2.124164,-0.4175127,-7.621023,4.4
11657,2.100172,-0.4022671,-7.621023,4.4
11658,2.076163,-0.386134,-7.621023,4.4
11659,2.051583,-0.3699508,-7.621023,4.4
11660,2.027751,-0.3506269,-7.621023,4.4
11661,2.003925,-0.3317105,-7.621023,4.4
11662,1.982393,-0.3144591,-7.621023,4.4
11663,1.95982,-0.2960653,-7.621023,4.4
11664,1.935217,-0.2767331,-7.621023,4.4
11665,1.911234,-0.255344,-7.621023,4.4
11666,1.888373,-0.2341523,-7.621023,4.4
11667,1.865355,-0.2146332,-7.621023,4.4
11668,1.841133,-0.1948311,-7.621023,4.4
11669,1.820184,-0.176812,-7.621023,4.4
11670,1.799842,-0.1597715,-7.621023,4.4
11671,1.781085,-0.1454209,-7.621023,4.4
11672,1.76417,-0.1324718,-7.621023,4.4
11673,1.748269,-0.1190297,-7.621023,4.4
11674,1.730684,-0.1067394,-7.621023,4.4
11675,1.713799,-0.09587536,-7.621023,4.4
11676,1.696852,-0.08428676,-7.621023,4.4
11677,1.682005,-0.07388561,-7.621023,4.4
11678,1.662703,-0.06493593,-7.621023,4.4
11679,1.642773,-0.05661092,-7.621023,4.4
11680,1.621076,-0.04759938,-7.621023,4.4
11681,1.59752,-0.03428825,-7.621023,4.4
11682,1.578788,-0.02287964,-7.621023,4.4
11683,1.559479,-0.01208312,-7.621023,4.4
11684,1.538461,-0.0006112,-7.621023,4.4
11685,1.517167,0.009391359,-7.621023,4.4
11686,1.494306,0.02081432,-7.621023,4.4
11687,1.472337,0.03140783,-7.621023,4.4
11688,1.4524,0.04062352,-7.621023,4.4
11689,1.430928,0.05045689,-7.621023,4.4
11690,1.404852,0.0605368,-7.621023,4.4
11691,1.376713,0.0720264,-7.621023,4.4
11692,1.348011,0.08502912,-7.621023,4.4
11693,1.319465,0.09693681,-7.621023,4.4
11694,1.291864,0.1080774,-7.621023,4.4
11695,1.262432,0.1182351,-7.621023,4.4
11696,1.235225,0.1266205,-7.621023,4.4
11697,1.207,0.1348269,-7.621023,4.4
11698,1.178635,0.1441425,-7.621023,4.4
11699,1.153982,0.1518509,-7.621023,4.4
11700,1.127195,0.1600523,-7.621023,4.4
11701,1.10195,0.165987,-7.621023,4.4
11702,1.077927,0.173117,-7.621023,4.4
11703,1.053792,0.1814361,-7.621023,4.4
11704,1.027506,0.1894876,-7.621023,4.4
11705,1.001846,0.1987111,-7.621023,4.4
11706,0.9788046,0.2088307,-7.621023,4.4
11707,0.9547704,0.220028,-7.621023,4.4
11708,0.9300221,0.2320552,-7.621023,4.4
11709,0.9043798,0.2437305,-7.621023,4.4
11710,0.8804944,0.254389,-7.621023,4.4
11711,0.8569177,0.2678601,-7.621023,4.4
11712,0.8322483,0.2834896,-7.621023,4.4
11713,0.805268,0.3007889,-7.621023,4.4
11714,0.779218,0.3188621,-7.621023,4.4
11715,0.7535009,0.3364789,-7.621023,4.4
11716,0.7270918,0.354643,-7.621023,4.4
11717,0.7010121,0.3753655,-7.621023,4.4
11718,0.6775419,0.3928934,-7.621023,4.4
11719,0.6519161,0.4121285,-7.621023,4.4
11720,0.6240554,0.4330592,-7.621023,4.4
11721,0.5968704,0.4519566,-7.621023,4.4
11722,0.5693209,0.4714368,-7.621023,4.4
11723,0.5447451,0.4886269,-7.621023,4.4
11724,0.5232923,0.5044445,-7.621023,4.4
11725,0.5039103,0.51839,-7.621023,4.4
11726,0.4865912,0.5299975,-7.621023,4.4
11727,0.4680566,0.5413641,-7.621023,4.4
11728,0.4483315,0.5522285,-7.621023,4.4
11729,0.4308226,0.561397,-7.621023,4.4
11730,0.4109513,0.5699561,-7.621023,4.4
11731,0.3909874,0.579535,-7.621023,4.4
11732,0.3691843,0.5900236,-7.621023,4.4
11733,0.3452773,0.5978079,-7.621023,4.4
11734,0.3239094,0.6050442,-7.621023,4.4
11735,0.3051908,0.6135154,-7.621023,4.4
11736,0.2873246,0.6213267,-7.621023,4.4
11737,0.2633418,0.631626,-7.621023,4.4
11738,0.2392289,0.6442446,-7.621023,4.4
11739,0.2139538,0.6549055,-7.621023,4.4
11740,0.1920252,0.6650987,-7.621023,4.4
11741,0.1651357,0.6740084,-7.621023,4.4
11742,0.142116,0.6825013,-7.621023,4.4
11743,0.1170593,0.690452,-7.621023,4.4
11744,0.09300794,0.6964164,-7.621023,4.4
11745,0.07034704,0.7020997,-7.621023,4.4
11746,0.04287427,0.7089458,-7.621023,4.4
11747,0.0131924,0.7170052,-7.621023,4.4
11748,-0.01921071,0.7255375,-7.621023,4.4
11749,-0.04910146,0.7321316,-7.621023,4.4
11750,-0.07864936,0.738265,-7.621023,4.4
11751,-0.106701,0.743572,-7.621023,4.4
11752,-0.1347676,0.7482337,-7.621023,4.4
11753,-0.1635471,0.7527757,-7.621023,4.4
11754,-0.1907796,0.757386,-7.621023,4.4
11755,-0.2171377,0.762637,-7.621023,4.4
11756,-0.2430285,0.7684634,-7.621023,4.4
11757,-0.2712327,0.7733417,-7.621023,4.4
11758,-0.299905,0.7797964,-7.621023,4.4
11759,-0.3290524,0.7867927,-7.621023,4.4
11760,-0.3561956,0.7970484,-7.621023,4.4
11761,-0.3850832,0.8075819,-7.621023,4.4
11762,-0.4144178,0.8180393,-7.621023,4.4
11763,-0.4429222,0.8295001,-7.621023,4.4
11764,-0.4717261,0.8414648,-7.621023,4.4
11765,-0.4989257,0.8529975,-7.621023,4.4
11766,-0.5255314,0.8664681,-7.621023,4.4
11767,-0.5518372,0.8808168,-7.621023,4.4
11768,-0.5822915,0.8985519,-7.621023,4.4
11769,-0.6113492,0.915366,-7.621023,4.4
11770,-0.6389812,0.9321865,-7.621023,4.4
11771,-0.6664004,0.9490232,-7.621023,4.4
11772,-0.6920792,0.9641287,-7.621023,4.4
11773,-0.717297,0.9801445,-7.621023,4.4
11774,-0.7435933,0.997121,-7.621023,4.4
11775,-0.7695309,1.012939,-7.621023,4.4
11776,-0.7929226,1.028619,-7.621023,4.4
11777,-0.8168203,1.042799,-7.621023,4.4
11778,-0.8379584,1.057486,-7.621023,4.4
11779,-0.8568241,1.070108,-7.621023,4.4
11780,-0.8761424,1.080524,-7.621023,4.4
11781,-0.8959001,1.088234,-7.621023,4.4
11782,-0.912117,1.096259,-7.621023,4.4
11783,-0.9305,1.104304,-7.621023,4.4
11784,-0.9511254,1.110862,-7.621023,4.4
11785,-0.9747812,1.119694,-7.621023,4.4
11786,-0.9975615,1.129306,-7.621023,4.4
11787,-1.020589,1.13741,-7.621023,4.4
11788,-1.043414,1.145395,-7.621023,4.4
11789,-1.065185,1.153259,-7.621023,4.4
11790,-1.088684,1.159504,-7.621023,4.4
11791,-1.112659,1.165316,-7.621023,4.4
11792,-1.132707,1.171028,-7.621023,4.4
11793,-1.153741,1.178325,-7.621023,4.4
11794,-1.173601,1.185822,-7.621023,4.4
11795,-1.194726,1.194038,-7.621023,4.4
11796,-1.217866,1.201877,-7.621023,4.4
11797,-1.244041,1.211179,-7.621023,4.4
11798,-1.26832,1.220087,-7.621023,4.4
11799,-1.294999,1.228125,-7.621023,4.4
11800,-1.325214,1.237032,-7.621023,4.4
11801,-1.355565,1.245943,-7.621023,4.4
11802,-1.384342,1.255488,-7.621023,4.4
11803,-1.414453,1.263718,-7.621023,4.4
11804,-1.439412,1.268238,-7.621023,4.4
11805,-1.464244,1.272703,-7.621023,4.4
11806,-1.490152,1.278086,-7.621023,4.4
11807,-1.515858,1.28482,-7.621023,4.4
11808,-1.542703,1.292414,-7.621023,4.4
11809,-1.570629,1.302055,-7.621023,4.4
11810,-1.598646,1.307229,-7.621023,4.4
11811,-1.627156,1.315345,-7.621023,4.4
11812,-1.651083,1.323061,-7.621023,4.4
11813,-1.676178,1.331285,-7.621023,4.4
11814,-1.702312,1.338763,-7.621023,4.4
11815,-1.727488,1.347709,-7.621023,4.4
11816,-1.751527,1.35773,-7.621023,4.4
11817,-1.775324,1.368901,-7.621023,4.4
11818,-1.802459,1.382949,-7.621023,4.4
11819,-1.832081,1.400246,-7.621023,4.4
11820,-1.862921,1.41837,-7.621023,4.4
11821,-1.893004,1.436422,-7.621023,4.4
11822,-1.919657,1.454404,-7.621023,4.4
11823,-1.944267,1.472363,-7.621023,4.4
11824,-1.970407,1.491268,-7.621023,4.4
11825,-1.996399,1.509238,-7.621023,4.4
11826,-2.022929,1.5262,-7.621023,4.4
11827,-2.049179,1.542886,-7.621023,4.4
11828,-2.076495,1.559997,-7.621023,4.4
11829,-2.102253,1.579187,-7.621023,4.4
11830,-2.125533,1.593251,-7.621023,4.4
11831,-2.148137,1.608137,-7.621023,4.4
11832,-2.167392,1.620859,-7.621023,4.4
11833,-2.185108,1.631224,-7.621023,4.4
11834,-2.204004,1.641981,-7.621023,4.4
11835,-2.223273,1.650116,-7.621023,4.4
11836,-2.243129,1.6581,-7.621023,4.4
11837,-2.263044,1.667564,-7.621023,4.4
11838,-2.282592,1.677067,-7.621023,4.4
11839,-2.304918,1.687087,-7.621023,4.4
11840,-2.326903,1.694162,-7.621023,4.4
11841,-2.349312,1.702383,-7.621023,4.4
11842,-2.369592,1.709807,-7.621023,4.4
11843,-2.389828,1.718658,-7.621023,4.4
11844,-2.414741,1.726603,-7.621023,4.4
11845,-2.438406,1.73481,-7.621023,4.4
11846,-2.460423,1.743837,-7.621023,4.4
11847,-2.483626,1.753067,-7.621023,4.4
11848,-2.506457,1.760939,-7.621023,4.4
11849,-2.530718,1.769279,-7.621023,4.4
11850,-2.554753,1.777862,-7.621023,4.4
11851,-2.579163,1.786131,-7.621023,4.4
11852,-2.60679,1.793582,-7.621023,4.4
11853,-2.633315,1.799219,-7.621023,4.4
11854,-2.663562,1.806394,-7.621023,4.4
11855,-2.694445,1.814568,-7.621023,4.4
11856,-2.718973,1.82306,-7.621023,4.4
11857,-2.742745,1.830209,-7.621023,4.4
11858,-2.766356,1.836492,-7.621023,4.4
11859,-2.789062,1.843413,-7.621023,4.4
11860,-2.811738,1.847929,-7.621023,4.4
11861,-2.837059,1.852178,-7.621023,4.4
11862,-2.862542,1.855507,-7.621023,4.4
11863,-2.890627,1.859964,-7.621023,4.4
11864,-2.918143,1.865089,-7.621023,4.4
11865,-2.946621,1.871579,-7.621023,4.4
11866,-2.975019,1.880477,-7.621023,4.4
11867,-3.004068,1.889772,-7.621023,4.4
11868,-3.033155,1.898976,-7.621023,4.4
11869,-3.059915,1.909243,-7.621023,4.4
11870,-3.084365,1.920754,-7.621023,4.4
11871,-3.108646,1.93193,-7.621023,4.4
11872,-3.134994,1.943604,-7.621023,4.4
11873,-3.161517,1.956551,-7.621023,4.4
11874,-3.1911,1.971942,-7.621023,4.4
11875,-3.220797,1.987588,-7.621023,4.4
11876,-3.247705,2.001493,-7.621023,4.4
11877,-3.274252,2.016391,-7.621023,4.4
11878,-3.302768,2.030938,-7.621023,4.4
11879,-3.33002,2.047545,-7.621023,4.4
11880,-3.357041,2.063604,-7.621023,4.4
11881,-3.384911,2.080261,-7.621023,4.4
11882,-3.412944,2.099149,-7.621023,4.4
11883,-3.438882,2.118028,-7.621023,4.4
11884,-3.461223,2.133161,-7.621023,4.4
11885,-3.483366,2.14748,-7.621023,4.4
11886,-3.504512,2.159365,-7.621023,4.4
11887,-3.52684,2.173978,-7.621023,4.4
11888,-3.547066,2.187111,-7.621023,4.4
11889,-3.569897,2.196325,-7.621023,4.4
11890,-3.59139,2.205615,-7.621023,4.4
11891,-3.612621,2.215169,-7.621023,4.4
11892,-3.633233,2.223958,-7.621023,4.4
11893,-3.655818,2.234669,-7.621023,4.4
11894,-3.678909,2.244156,-7.621023,4.4
11895,-3.702959,2.252991,-7.621023,4.4
11896,-3.728093,2.261075,-7.621023,4.4
11897,-3.749237,2.269568,-7.621023,4.4
11898,-3.769417,2.276161,-7.621023,4.4
11899,-3.789711,2.281819,-7.621023,4.4
11900,-3.811388,2.288249,-7.621023,4.4
11901,-3.8327,2.296217,-7.621023,4.4
11902,-3.856847,2.304075,-7.621023,4.4
11903,-3.880231,2.313231,-7.621023,4.4
11904,-3.900837,2.321728,-7.621023,4.4
11905,-3.924938,2.328684,-7.621023,4.4
11906,-3.950628,2.335952,-7.621023,4.4
11907,-3.976159,2.343906,-7.621023,4.4
11908,-4.002201,2.350016,-7.621023,4.4
11909,-4.029328,2.355683,-7.621023,4.4
11910,-4.060968,2.359241,-7.621023,4.4
11911,-4.092019,2.366031,-7.621023,4.4
11912,-4.122043,2.37367,-7.621023,4.4
11913,-4.149601,2.378742,-7.621023,4.4
11914,-4.174802,2.385766,-7.621023,4.4
11915,-4.200111,2.392508,-7.621023,4.4
11916,-4.225224,2.399948,-7.621023,4.4
11917,-4.251407,2.406374,-7.621023,4.4
11918,-4.276409,2.414752,-7.621023,4.4
11919,-4.303197,2.423505,-7.621023,4.4
11920,-4.330378,2.433272,-7.621023,4.4
11921,-4.357313,2.441934,-7.621023,4.4
11922,-4.385795,2.453046,-7.621023,4.4
11923,-4.409723,2.464183,-7.621023,4.4
11924,-4.432004,2.47573,-7.621023,4.4
11925,-4.455452,2.490507,-7.621023,4.4
11926,-4.482646,2.507948,-7.621023,4.4
11927,-4.508564,2.52584,-7.621023,4.4
11928,-4.533057,2.54453,-7.621023,4.4
11929,-4.557759,2.564427,-7.621023,4.4
11930,-4.579728,2.583385,-7.621023,4.4
11931,-4.600696,2.602278,-7.621023,4.4
11932,-4.624343,2.621858,-7.621023,4.4
11933,-4.65053,2.645131,-7.621023,4.4
11934,-4.67373,2.665124,-7.621023,4.4
11935,-4.696209,2.68509,-7.621023,4.4
11936,-4.717835,2.703593,-7.621023,4.4
11937,-4.736814,2.719268,-7.621023,4.4
11938,-4.755507,2.734051,-7.621023,4.4
11939,-4.775784,2.747955,-7.621023,4.4
11940,-4.790892,2.760092,-7.621023,4.4
11941,-4.809844,2.773205,-7.621023,4.4
11942,-4.828086,2.784576,-7.621023,4.4
11943,-4.84127,2.792957,-7.621023,4.4
11944,-4.855274,2.798717,-7.621023,4.4
11945,-4.872942,2.80636,-7.621023,4.4
11946,-4.893079,2.818311,-7.621023,4.4
11947,-4.912967,2.830443,-7.621023,4.4
11948,-4.931553,2.839068,-7.621023,4.4
11949,-4.951401,2.848958,-7.621023,4.4
11950,-4.971086,2.857053,-7.621023,4.4
11951,-4.992785,2.866651,-7.621023,4.4
11952,-5.015206,2.876804,-7.621023,4.4
11953,-5.034607,2.885706,-7.621023,4.4
11954,-5.056436,2.894735,-7.621023,4.4
11955,-5.08238,2.905961,-7.621023,4.4
11956,-5.106889,2.916365,-7.621023,4.4
11957,-5.132292,2.925542,-7.621023,4.4
11958,-5.155088,2.936609,-7.621023,4.4
11959,-5.18058,2.948511,-7.621023,4.4
11960,-5.21163,2.959566,-7.621023,4.4
11961,-5.2412,2.972701,-7.621023,4.4
11962,-5.268245,2.984435,-7.621023,4.4
11963,-5.296454,2.995273,-7.621023,4.4
11964,-5.324512,3.005578,-7.621023,4.4
11965,-5.351103,3.013237,-7.621023,4.4
11966,-5.374115,3.021174,-7.621023,4.4
11967,-5.398722,3.029624,-7.621023,4.4
11968,-5.42272,3.03872,-7.621023,4.4
11969,-5.449954,3.048436,-7.621023,4.4
11970,-5.475574,3.055821,-7.621023,4.4
11971,-5.500363,3.062105,-7.621023,4.4
11972,-5.527271,3.070567,-7.621023,4.4
11973,-5.553218,3.079613,-7.621023,4.4
11974,-5.576625,3.090486,-7.621023,4.4
11975,-5.602146,3.101685,-7.621023,4.4
11976,-5.624431,3.112183,-7.621023,4.4
11977,-5.647558,3.124517,-7.621023,4.4
11978,-5.67284,3.139809,-7.621023,4.4
11979,-5.699688,3.154602,-7.621023,4.4
11980,-5.725406,3.17046,-7.621023,4.4
11981,-5.751215,3.187182,-7.621023,4.4
11982,-5.777715,3.203591,-7.621023,4.4
11983,-5.802921,3.219568,-7.621023,4.4
11984,-5.827841,3.237863,-7.621023,4.4
11985,-5.853634,3.256774,-7.621023,4.4
11986,-5.877857,3.275238,-7.621023,4.4
11987,-5.899956,3.290864,-7.621023,4.4
11988,-5.926003,3.306211,-7.621023,4.4
11989,-5.951853,3.32419,-7.621023,4.4
11990,-5.977752,3.341418,-7.621023,4.4
11991,-6.001585,3.359877,-7.621023,4.4
11992,-6.022282,3.376271,-7.621023,4.4
11993,-6.041033,3.387846,-7.621023,4.4
11994,-6.06235,3.402445,-7.621023,4.4
11995,-6.07926,3.413129,-7.621023,4.4
11996,-6.097915,3.423078,-7.621023,4.4
11997,-6.117306,3.436518,-7.621023,4.4
11998,-6.1354,3.445456,-7.621023,4.4
11999,-6.151107,3.452438,-7.621023,4.4
12000,-6.171538,3.461159,-7.621023,4.4
12001,-6.192567,3.469362,-7.621023,4.4
12002,-6.213789,3.476234,-7.621023,4.4
12003,-6.237012,3.483473,-7.621023,4.4
12004,-6.257395,3.491749,-7.621023,4.4
12005,-6.278723,3.499591,-7.621023,4.4
12006,-6.301737,3.507648,-7.621023,4.4
12007,-6.324182,3.514599,-7.621023,4.4
12008,-6.346138,3.523534,-7.621023,4.4
12009,-6.368509,3.53164,-7.621023,4.4
12010,-6.391719,3.540918,-7.621023,4.4
12011,-6.414508,3.549584,-7.621023,4.4
12012,-6.439655,3.556253,-7.621023,4.4
12013,-6.466956,3.562304,-7.621023,4.4
12014,-6.494061,3.569177,-7.621023,4.4
12015,-6.520561,3.575862,-7.621023,4.4
12016,-6.543866,3.58186,-7.621023,4.4
12017,-6.568532,3.587123,-7.621023,4.4
12018,-6.592955,3.592542,-7.621023,4.4
12019,-6.620809,3.597546,-7.621023,4.4
12020,-6.64861,3.604136,-7.621023,4.4
12021,-6.673052,3.609254,-7.621023,4.4
12022,-6.697343,3.613063,-7.621023,4.4
12023,-6.724376,3.61668,-7.621023,4.4
12024,-6.753219,3.621217,-7.621023,4.4
12025,-6.780506,3.626072,-7.621023,4.4
12026,-6.807697,3.631508,-7.621023,4.4
12027,-6.83467,3.636917,-7.621023,4.4
12028,-6.860573,3.643768,-7.621023,4.4
12029,-6.886172,3.654796,-7.621023,4.4
12030,-6.910459,3.6659,-7.621023,4.4
12031,-6.933031,3.677548,-7.621023,4.4
12032,-6.956757,3.689113,-7.621023,4.4
12033,-6.983883,3.704254,-7.621023,4.4
12034,-7.008624,3.721515,-7.621023,4.4
12035,-7.033113,3.73728,-7.621023,4.4
12036,-7.05606,3.753511,-7.621023,4.4
12037,-7.080233,3.769551,-7.621023,4.4
12038,-7.104603,3.786023,-7.621023,4.4
12039,-7.127338,3.80302,-7.621023,4.4
12040,-7.153122,3.822266,-7.621023,4.4
12041,-7.180778,3.84196,-7.621023,4.4
12042,-7.2084,3.864083,-7.621023,4.4
12043,-7.232151,3.883814,-7.621023,4.4
12044,-7.25477,3.904282,-7.621023,4.4
12045,-7.278071,3.924458,-7.621023,4.4
12046,-7.299769,3.943511,-7.621023,4.4
12047,-7.320647,3.960557,-7.621023,4.4
12048,-7.339314,3.975571,-7.621023,4.4
12049,-7.355916,3.988202,-7.621023,4.4
12050,-7.374157,4.001239,-7.621023,4.4
12051,-7.390162,4.013355,-7.621023,4.4
12052,-7.407434,4.023712,-7.621023,4.4
12053,-7.428008,4.03525,-7.621023,4.4
12054,-7.450236,4.050879,-7.621023,4.4
12055,-7.466975,4.063453,-7.621023,4.4
12056,-7.484376,4.074907,-7.621023,4.4
12057,-7.504673,4.085958,4.4,-7.621024
12058,-7.524645,4.098492,4.4,-7.621024
12059,-7.542963,4.112965,4.4,-7.621024
12060,-7.561209,4.128157,4.4,-7.621024
12061,-7.58054,4.1448,4.4,-7.621024
12062,-7.596051,4.158936,4.4,-7.621024
12063,-7.608239,4.170965,4.4,-7.621024
12064,-7.613257,4.182511,4.4,-7.621024
12065,-7.614249,4.193935,4.4,-7.621024
12066,-7.618243,4.206332,4.4,-7.621024
12067,-7.62743,4.220284,4.4,-7.621024
12068,-7.64274,4.235548,4.4,-7.621024
12069,-7.660329,4.253994,4.4,-7.621024
12070,-7.679178,4.274501,4.4,-7.621024
12071,-7.701741,4.291835,4.4,-7.621024
12072,-7.723726,4.30589,4.4,-7.621024
12073,-7.740628,4.314999,4.4,-7.621024
12074,-7.756863,4.320669,4.4,-7.621024
12075,-7.775248,4.324475,4.4,-7.621024
12076,-7.792419,4.325514,4.4,-7.621024
12077,-7.805364,4.327913,4.4,-7.621024
12078,-7.815429,4.330662,4.4,-7.621024
12079,-7.825438,4.331837,4.4,-7.621024
12080,-7.834363,4.334856,4.4,-7.621024
12081,-7.841131,4.340614,4.4,-7.621024
12082,-7.848086,4.345771,4.4,-7.621024
12083,-7.854695,4.353327,4.4,-7.621024
12084,-7.860913,4.357036,4.4,-7.621024
12085,-7.867749,4.356798,4.4,-7.621024
12086,-7.87256,4.355799,4.4,-7.621024
12087,-7.877181,4.354859,4.4,-7.621024
12088,-7.883235,4.348841,4.4,-7.621024
12089,-7.888425,4.344127,4.4,-7.621024
12090,-7.892058,4.339245,4.4,-7.621024
12091,-7.896702,4.336678,4.4,-7.621024
12092,-7.900358,4.33563,4.4,-7.621024
12093,-7.903997,4.334572,4.4,-7.621024
12094,-7.905986,4.33382,4.4,-7.621024
12095,-7.907138,4.334493,4.4,-7.621024
12096,-7.910347,4.332136,4.4,-7.621024
12097,-7.915066,4.32675,4.4,-7.621024
12098,-7.92072,4.316132,4.4,-7.621024
12099,-7.923095,4.305583,4.4,-7.621024
12100,-7.92383,4.29691,4.4,-7.621024
12101,-7.924893,4.289067,4.4,-7.621024
12102,-7.92853,4.278945,4.4,-7.621024
12103,-7.931896,4.267687,4.4,-7.621024
12104,-7.934248,4.256865,4.4,-7.621024
12105,-7.935746,4.244223,4.4,-7.621024
12106,-7.93608,4.233467,4.4,-7.621024
12107,-7.934795,4.219144,4.4,-7.621024
12108,-7.93453,4.205502,4.4,-7.621024
12109,-7.931251,4.19205,4.4,-7.621024
12110,-7.927676,4.181149,4.4,-7.621024
12111,-7.921618,4.171478,4.4,-7.621024
12112,-7.916359,4.159536,4.4,-7.621024
12113,-7.910708,4.145921,4.4,-7.621024
12114,-7.905995,4.135555,4.4,-7.621024
12115,-7.899927,4.124753,4.4,-7.621024
12116,-7.892867,4.113097,4.4,-7.621024
12117,-7.888195,4.100368,4.4,-7.621024
12118,-7.88386,4.084324,4.4,-7.621024
12119,-7.878819,4.070415,4.4,-7.621024
12120,-7.874304,4.056231,4.4,-7.621024
12121,-7.870201,4.041747,4.4,-7.621024
12122,-7.864223,4.022878,4.4,-7.621024
12123,-7.85659,4.004225,4.4,-7.621024
12124,-7.851092,3.985506,4.4,-7.621024
12125,-7.845088,3.96892,4.4,-7.621024
12126,-7.839647,3.951946,4.4,-7.621024
12127,-7.834167,3.93703,4.4,-7.621024
12128,-7.827168,3.923376,4.4,-7.621024
12129,-7.819852,3.909198,4.4,-7.621024
12130,-7.809617,3.891179,4.4,-7.621024
12131,-7.79784,3.873564,4.4,-7.621024
12132,-7.786913,3.857987,4.4,-7.621024
12133,-7.776701,3.842062,4.4,-7.621024
12134,-7.768785,3.823876,4.4,-7.621024
12135,-7.758566,3.807874,4.4,-7.621024
12136,-7.749626,3.790495,4.4,-7.621024
12137,-7.741686,3.773747,4.4,-7.621024
12138,-7.733167,3.754871,4.4,-7.621024
12139,-7.72453,3.731986,4.4,-7.621024
12140,-7.717157,3.709562,4.4,-7.621024
12141,-7.709682,3.688251,4.4,-7.621024
12142,-7.704263,3.666108,4.4,-7.621024
12143,-7.699825,3.641032,4.4,-7.621024
12144,-7.694766,3.614548,4.4,-7.621024
12145,-7.68889,3.586769,4.4,-7.621024
12146,-7.684677,3.562706,4.4,-7.621024
12147,-7.681551,3.539836,4.4,-7.621024
12148,-7.679293,3.516387,4.4,-7.621024
12149,-7.676816,3.492279,4.4,-7.621024
12150,-7.673134,3.465734,4.4,-7.621024
12151,-7.668383,3.439502,4.4,-7.621024
12152,-7.664779,3.412925,4.4,-7.621024
12153,-7.660956,3.387556,4.4,-7.621024
12154,-7.656395,3.363413,4.4,-7.621024
12155,-7.65266,3.340866,4.4,-7.621024
12156,-7.648498,3.318157,4.4,-7.621024
12157,-7.640306,3.295282,4.4,-7.621024
12158,-7.632277,3.27944,4.4,-7.621024
12159,-7.625309,3.259558,4.4,-7.621024
12160,-7.619998,3.242572,4.4,-7.621024
12161,-7.610841,3.220776,4.4,-7.621024
12162,-7.603295,3.200043,4.4,-7.621024
12163,-7.593582,3.179481,4.4,-7.621024
12164,-7.583451,3.160249,4.4,-7.621024
12165,-7.572711,3.140175,4.4,-7.621024
12166,-7.561313,3.119999,4.4,-7.621024
12167,-7.549171,3.102066,4.4,-7.621024
12168,-7.539718,3.084422,4.4,-7.621024
12169,-7.528275,3.064016,4.4,-7.621024
12170,-7.517172,3.042289,4.4,-7.621024
12171,-7.504291,3.022047,4.4,-7.621024
12172,-7.491616,3.003068,4.4,-7.621024
12173,-7.479772,2.982757,4.4,-7.621024
12174,-7.465521,2.962446,4.4,-7.621024
12175,-7.449019,2.941093,4.4,-7.621024
12176,-7.433272,2.919186,4.4,-7.621024
12177,-7.416152,2.897494,4.4,-7.621024
12178,-7.396303,2.871536,4.4,-7.621024
12179,-7.37645,2.846433,4.4,-7.621024
12180,-7.356483,2.822457,4.4,-7.621024
12181,-7.339107,2.801564,4.4,-7.621024
12182,-7.323206,2.781898,4.4,-7.621024
12183,-7.307859,2.763112,4.4,-7.621024
12184,-7.292719,2.741137,4.4,-7.621024
12185,-7.27426,2.721832,4.4,-7.621024
12186,-7.254791,2.70222,4.4,-7.621024
12187,-7.23489,2.681993,4.4,-7.621024
12188,-7.216219,2.658896,4.4,-7.621024
12189,-7.196981,2.635752,4.4,-7.621024
12190,-7.179191,2.614152,4.4,-7.621024
12191,-7.162675,2.590809,4.4,-7.621024
12192,-7.147928,2.567733,4.4,-7.621024
12193,-7.133032,2.544809,4.4,-7.621024
12194,-7.11842,2.52021,4.4,-7.621024
12195,-7.102802,2.494473,4.4,-7.621024
12196,-7.08709,2.467241,4.4,-7.621024
12197,-7.072034,2.437981,4.4,-7.621024
12198,-7.059204,2.410213,4.4,-7.621024
12199,-7.045748,2.380508,4.4,-7.621024
12200,-7.03069,2.348936,4.4,-7.621024
12201,-7.016164,2.317486,4.4,-7.621024
12202,-7.001905,2.288722,4.4,-7.621024
12203,-6.986987,2.259866,4.4,-7.621024
12204,-6.974496,2.230934,4.4,-7.621024
12205,-6.964198,2.204395,4.4,-7.621024
12206,-6.953757,2.179169,4.4,-7.621024
12207,-6.940229,2.152044,4.4,-7.621024
12208,-6.925645,2.127069,4.4,-7.621024
12209,-6.913041,2.105906,4.4,-7.621024
12210,-6.899579,2.086605,4.4,-7.621024
12211,-6.887886,2.067748,4.4,-7.621024
12212,-6.875931,2.049563,4.4,-7.621024
12213,-6.863818,2.031961,4.4,-7.621024
12214,-6.851776,2.013814,4.4,-7.621024
12215,-6.836547,1.994037,4.4,-7.621024
12216,-6.821477,1.974453,4.4,-7.621024
12217,-6.805394,1.955862,4.4,-7.621024
12218,-6.789675,1.937327,4.4,-7.621024
12219,-6.773373,1.916352,4.4,-7.621024
12220,-6.758045,1.89795,4.4,-7.621024
12221,-6.742804,1.878856,4.4,-7.621024
12222,-6.729398,1.857829,4.4,-7.621024
12223,-6.7158,1.836625,4.4,-7.621024
12224,-6.698524,1.814254,4.4,-7.621024
12225,-6.680692,1.792341,4.4,-7.621024
12226,-6.664064,1.771535,4.4,-7.621024
12227,-6.644732,1.750796,4.4,-7.621024
12228,-6.626304,1.731934,4.4,-7.621024
12229,-6.602403,1.709026,4.4,-7.621024
12230,-6.576161,1.684928,4.4,-7.621024
12231,-6.547422,1.659919,4.4,-7.621024
12232,-6.52014,1.635759,4.4,-7.621024
12233,-6.496114,1.613042,4.4,-7.621024
12234,-6.474119,1.59395,4.4,-7.621024
12235,-6.453079,1.575491,4.4,-7.621024
12236,-6.433211,1.557338,4.4,-7.621024
12237,-6.409937,1.537426,4.4,-7.621024
12238,-6.390385,1.520172,4.4,-7.621024
12239,-6.369961,1.501769,4.4,-7.621024
12240,-6.347269,1.48155,4.4,-7.621024
12241,-6.326085,1.460466,4.4,-7.621024
12242,-6.305161,1.440145,4.4,-7.621024
12243,-6.287982,1.41999,4.4,-7.621024
12244,-6.268215,1.400121,4.4,-7.621024
12245,-6.248996,1.378581,4.4,-7.621024
12246,-6.231471,1.35581,4.4,-7.621024
12247,-6.213682,1.331809,4.4,-7.621024
12248,-6.197235,1.306011,4.4,-7.621024
12249,-6.18106,1.281667,4.4,-7.621024
12250,-6.163354,1.257626,4.4,-7.621024
12251,-6.146623,1.232985,4.4,-7.621024
12252,-6.132069,1.20864,4.4,-7.621024
12253,-6.117985,1.183703,4.4,-7.621024
12254,-6.103864,1.156317,4.4,-7.621024
12255,-6.090072,1.127657,4.4,-7.621024
12256,-6.076495,1.09994,4.4,-7.621024
12257,-6.061868,1.072471,4.4,-7.621024
12258,-6.046816,1.044958,4.4,-7.621024
12259,-6.032125,1.015818,4.4,-7.621024
12260,-6.016541,0.9890839,4.4,-7.621024
12261,-6.002295,0.9645646,4.4,-7.621024
12262,-5.988047,0.9428179,4.4,-7.621024
12263,-5.973421,0.9217512,4.4,-7.621024
12264,-5.958287,0.8984452,4.4,-7.621024
12265,-5.946719,0.8844467,4.4,-7.621024
12266,-5.9323,0.8666873,4.4,-7.621024
12267,-5.920381,0.8485045,4.4,-7.621024
12268,-5.909006,0.8321044,4.4,-7.621024
12269,-5.892673,0.8124293,4.4,-7.621024
12270,-5.875362,0.7927367,4.4,-7.621024
12271,-5.85855,0.7750638,4.4,-7.621024
12272,-5.843877,0.7578236,4.4,-7.621024
12273,-5.829026,0.7426221,4.4,-7.621024
12274,-5.812146,0.7259295,4.4,-7.621024
12275,-5.794006,0.7077771,4.4,-7.621024
12276,-5.776975,0.6895919,4.4,-7.621024
12277,-5.759997,0.670638,4.4,-7.621024
12278,-5.741327,0.6517416,4.4,-7.621024
12279,-5.722935,0.6331545,4.4,-7.621024
12280,-5.704712,0.6159692,4.4,-7.621024
12281,-5.684998,0.5969704,4.4,-7.621024
12282,-5.66202,0.5785131,4.4,-7.621024
12283,-5.635259,0.5577322,4.4,-7.621024
12284,-5.609107,0.5351093,4.4,-7.621024
12285,-5.581608,0.5118061,4.4,-7.621024
12286,-5.558471,0.4906329,4.4,-7.621024
12287,-5.537167,0.4709637,4.4,-7.621024
12288,-5.517936,0.4519845,4.4,-7.621024
12289,-5.494873,0.4342243,4.4,-7.621024
12290,-5.473494,0.4161821,4.4,-7.621024
12291,-5.450933,0.3978515,4.4,-7.621024
12292,-5.427578,0.3778816,4.4,-7.621024
12293,-5.403641,0.3580424,4.4,-7.621024
12294,-5.38272,0.3403903,4.4,-7.621024
12295,-5.363137,0.3210248,4.4,-7.621024
12296,-5.341092,0.3035146,4.4,-7.621024
12297,-5.317335,0.2821028,4.4,-7.621024
12298,-5.294587,0.2605806,4.4,-7.621024
12299,-5.272847,0.2396071,4.4,-7.621024
12300,-5.251378,0.2192463,4.4,-7.621024
12301,-5.230597,0.1985931,4.4,-7.621024
12302,-5.208846,0.1764759,4.4,-7.621024
12303,-5.188197,0.1526989,4.4,-7.621024
12304,-5.168402,0.12564,4.4,-7.621024
12305,-5.148059,0.09895539,4.4,-7.621024
12306,-5.128644,0.07391197,4.4,-7.621024
12307,-5.109497,0.0480058,4.4,-7.621024
12308,-5.091146,0.02313299,4.4,-7.621024
12309,-5.071623,-0.002873456,4.4,-7.621024
12310,-5.05095,-0.03094248,4.4,-7.621024
12311,-5.03204,-0.05834261,4.4,-7.621024
12312,-5.011265,-0.0859822,4.4,-7.621024
12313,-4.992511,-0.1131067,4.4,-7.621024
12314,-4.978223,-0.1347451,4.4,-7.621024
12315,-4.960249,-0.1539646,4.4,-7.621024
12316,-4.948378,-0.1696878,4.4,-7.621024
12317,-4.93313,-0.1849751,4.4,-7.621024
12318,-4.915302,-0.2022597,4.4,-7.621024
12319,-4.900893,-0.2175627,4.4,-7.621024
12320,-4.887673,-0.2317712,4.4,-7.621024
12321,-4.874959,-0.2464994,4.4,-7.621024
12322,-4.860648,-0.2627663,4.4,-7.621024
12323,-4.843464,-0.2826414,4.4,-7.621024
12324,-4.824149,-0.3010313,4.4,-7.621024
12325,-4.804522,-0.3186636,4.4,-7.621024
12326,-4.785165,-0.3362216,4.4,-7.621024
12327,-4.764721,-0.3516446,4.4,-7.621024
12328,-4.746758,-0.3671275,4.4,-7.621024
12329,-4.72636,-0.3835978,4.4,-7.621024
12330,-4.705835,-0.4011117,4.4,-7.621024
12331,-4.684206,-0.4193232,4.4,-7.621024
12332,-4.661714,-0.4384523,4.4,-7.621024
12333,-4.6411,-0.4534583,4.4,-7.621024
12334,-4.622974,-0.4666645,4.4,-7.621024
12335,-4.602474,-0.4804716,4.4,-7.621024
12336,-4.577723,-0.496288,4.4,-7.621024
12337,-4.548976,-0.5116164,4.4,-7.621024
12338,-4.518931,-0.5280917,4.4,-7.621024
12339,-4.491644,-0.5456007,4.4,-7.621024
12340,-4.466025,-0.5635739,4.4,-7.621024
12341,-4.441395,-0.580466,4.4,-7.621024
12342,-4.415164,-0.5971924,4.4,-7.621024
12343,-4.392363,-0.6115351,4.4,-7.621024
12344,-4.365206,-0.6248418,4.4,-7.621024
12345,-4.340689,-0.6425033,4.4,-7.621024
12346,-4.315496,-0.6571532,4.4,-7.621024
12347,-4.290652,-0.6705923,4.4,-7.621024
12348,-4.266253,-0.6831952,4.4,-7.621024
12349,-4.242724,-0.6985988,4.4,-7.621024
12350,-4.21799,-0.7149358,4.4,-7.621024
12351,-4.193408,-0.7327664,4.4,-7.621024
12352,-4.172693,-0.7503073,4.4,-7.621024
12353,-4.153522,-0.7674648,4.4,-7.621024
12354,-4.133818,-0.7874318,4.4,-7.621024
12355,-4.11434,-0.8088678,4.4,-7.621024
12356,-4.094603,-0.8294562,4.4,-7.621024
12357,-4.073855,-0.8516117,4.4,-7.621024
12358,-4.053378,-0.8731451,4.4,-7.621024
12359,-4.032171,-0.8947732,4.4,-7.621024
12360,-4.009745,-0.9169556,4.4,-7.621024
12361,-3.986133,-0.9412085,4.4,-7.621024
12362,-3.963293,-0.9631528,4.4,-7.621024
12363,-3.941152,-0.9862217,4.4,-7.621024
12364,-3.919515,-1.01076,4.4,-7.621024
12365,-3.898737,-1.03719,4.4,-7.621024
12366,-3.876687,-1.062209,4.4,-7.621024
12367,-3.856074,-1.085781,4.4,-7.621024
12368,-3.836876,-1.106715,4.4,-7.621024
12369,-3.817564,-1.126057,4.4,-7.621024
12370,-3.806179,-1.142146,4.4,-7.621024
12371,-3.793401,-1.157917,4.4,-7.621024
12372,-3.776877,-1.173226,4.4,-7.621024
12373,-3.761395,-1.187139,4.4,-7.621024
12374,-3.746632,-1.19738,4.4,-7.621024
12375,-3.731254,-1.207021,4.4,-7.621024
12376,-3.709644,-1.224676,4.4,-7.621024
12377,-3.687454,-1.242175,4.4,-7.621024
12378,-3.666104,-1.257269,4.4,-7.621024
12379,-3.64645,-1.271441,4.4,-7.621024
12380,-3.626305,-1.283802,4.4,-7.621024
12381,-3.601697,-1.295736,4.4,-7.621024
12382,-3.582623,-1.30626,4.4,-7.621024
12383,-3.564169,-1.317614,4.4,-7.621024
12384,-3.545481,-1.330335,4.4,-7.621024
12385,-3.524906,-1.344494,4.4,-7.621024
12386,-3.505506,-1.358655,4.4,-7.621024
12387,-3.48371,-1.372469,4.4,-7.621024
12388,-3.461221,-1.38545,4.4,-7.621024
12389,-3.434705,-1.399854,4.4,-7.621024
12390,-3.408201,-1.415063,4.4,-7.621024
12391,-3.380686,-1.431445,4.4,-7.621024
12392,-3.352826,-1.447353,4.4,-7.621024
12393,-3.325502,-1.463557,4.4,-7.621024
12394,-3.29925,-1.47846,4.4,-7.621024
12395,-3.275469,-1.491861,4.4,-7.621024
12396,-3.251565,-1.50184,4.4,-7.621024
12397,-3.225849,-1.514019,4.4,-7.621024
12398,-3.200998,-1.526233,4.4,-7.621024
12399,-3.173777,-1.540215,4.4,-7.621024
12400,-3.147113,-1.552895,4.4,-7.621024
12401,-3.123925,-1.564404,4.4,-7.621024
12402,-3.097073,-1.575812,4.4,-7.621024
12403,-3.071414,-1.588025,4.4,-7.621024
12404,-3.046693,-1.601077,4.4,-7.621024
12405,-3.022655,-1.61723,4.4,-7.621024
12406,-2.999404,-1.636205,4.4,-7.621024
12407,-2.977078,-1.655002,4.4,-7.621024
12408,-2.956071,-1.671349,4.4,-7.621024
12409,-2.931816,-1.690807,4.4,-7.621024
12410,-2.905212,-1.712132,4.4,-7.621024
12411,-2.880406,-1.73286,4.4,-7.621024
12412,-2.856591,-1.754846,4.4,-7.621024
12413,-2.83331,-1.776679,4.4,-7.621024
12414,-2.81075,-1.796836,4.4,-7.621024
12415,-2.786047,-1.820076,4.4,-7.621024
12416,-2.763075,-1.841979,4.4,-7.621024
12417,-2.739934,-1.863928,4.4,-7.621024
12418,-2.718519,-1.885095,4.4,-7.621024
12419,-2.695147,-1.907341,4.4,-7.621024
12420,-2.673165,-1.92936,4.4,-7.621024
12421,-2.652912,-1.948707,4.4,-7.621024
12422,-2.633774,-1.966908,4.4,-7.621024
12423,-2.616855,-1.984408,4.4,-7.621024
12424,-2.598022,-1.998218,4.4,-7.621024
12425,-2.580847,-2.012579,4.4,-7.621024
12426,-2.561868,-2.027457,4.4,-7.621024
12427,-2.544909,-2.03773,4.4,-7.621024
12428,-2.525056,-2.048391,4.4,-7.621024
12429,-2.504397,-2.061942,4.4,-7.621024
12430,-2.485494,-2.074014,4.4,-7.621024
12431,-2.467487,-2.086707,4.4,-7.621024
12432,-2.448069,-2.097881,4.4,-7.621024
12433,-2.426943,-2.106817,4.4,-7.621024
12434,-2.406971,-2.114915,4.4,-7.621024
12435,-2.387851,-2.122951,4.4,-7.621024
12436,-2.369164,-2.131341,4.4,-7.621024
12437,-2.348914,-2.140792,4.4,-7.621024
12438,-2.328989,-2.151829,4.4,-7.621024
12439,-2.307131,-2.163845,4.4,-7.621024
12440,-2.286392,-2.17722,4.4,-7.621024
12441,-2.262682,-2.189826,4.4,-7.621024
12442,-2.237965,-2.201615,4.4,-7.621024
12443,-2.213806,-2.2125,4.4,-7.621024
12444,-2.187156,-2.222963,4.4,-7.621024
12445,-2.156362,-2.234903,4.4,-7.621024
12446,-2.125838,-2.245511,4.4,-7.621024
12447,-2.094994,-2.255035,4.4,-7.621024
12448,-2.068892,-2.265671,4.4,-7.621024
12449,-2.04012,-2.277475,4.4,-7.621024
12450,-2.014469,-2.289147,4.4,-7.621024
12451,-1.989706,-2.299255,4.4,-7.621024
12452,-1.964545,-2.308679,4.4,-7.621024
12453,-1.940249,-2.318663,4.4,-7.621024
12454,-1.914368,-2.328137,4.4,-7.621024
12455,-1.887915,-2.339267,4.4,-7.621024
12456,-1.858436,-2.352676,4.4,-7.621024
12457,-1.831431,-2.366499,4.4,-7.621024
12458,-1.807373,-2.378753,4.4,-7.621024
12459,-1.784699,-2.390924,4.4,-7.621024
12460,-1.761251,-2.403606,4.4,-7.621024
12461,-1.736535,-2.41791,4.4,-7.621024
12462,-1.713618,-2.433506,4.4,-7.621024
12463,-1.689916,-2.452356,4.4,-7.621024
12464,-1.662848,-2.471523,4.4,-7.621024
12465,-1.635198,-2.492178,4.4,-7.621024
12466,-1.609019,-2.515199,4.4,-7.621024
12467,-1.585295,-2.537622,4.4,-7.621024
12468,-1.564824,-2.558939,4.4,-7.621024
12469,-1.543801,-2.580946,4.4,-7.621024
12470,-1.519922,-2.60525,4.4,-7.621024
12471,-1.497825,-2.628951,4.4,-7.621024
12472,-1.475796,-2.652067,4.4,-7.621024
12473,-1.452058,-2.675455,4.4,-7.621024
12474,-1.431813,-2.696806,4.4,-7.621024
12475,-1.413007,-2.715955,4.4,-7.621024
12476,-1.394033,-2.733191,4.4,-7.621024
12477,-1.375527,-2.749388,4.4,-7.621024
12478,-1.357259,-2.763873,4.4,-7.621024
12479,-1.341572,-2.777337,4.4,-7.621024
12480,-1.328058,-2.787292,4.4,-7.621024
12481,-1.313913,-2.796159,4.4,-7.621024
12482,-1.294289,-2.808117,4.4,-7.621024
12483,-1.272945,-2.820775,4.4,-7.621024
12484,-1.253381,-2.834157,4.4,-7.621024
12485,-1.231164,-2.849391,4.4,-7.621024
12486,-1.209985,-2.863172,4.4,-7.621024
12487,-1.190343,-2.875112,4.4,-7.621024
12488,-1.170121,-2.887227,4.4,-7.621024
12489,-1.146792,-2.900409,4.4,-7.621024
12490,-1.12545,-2.912576,4.4,-7.621024
12491,-1.103732,-2.925173,4.4,-7.621024
12492,-1.081133,-2.937829,4.4,-7.621024
12493,-1.058469,-2.950752,4.4,-7.621024
12494,-1.035008,-2.963275,4.4,-7.621024
12495,-1.010354,-2.975437,4.4,-7.621024
12496,-0.9833053,-2.987578,4.4,-7.621024
12497,-0.9556245,-2.999736,4.4,-7.621024
12498,-0.9242342,-3.011594,4.4,-7.621024
12499,-0.8946468,-3.025103,4.4,-7.621024
12500,-0.8693002,-3.038789,4.4,-7.621024
12501,-0.8420223,-3.048704,4.4,-7.621024
12502,-0.8148106,-3.060517,4.4,-7.621024
12503,-0.7886758,-3.071372,4.4,-7.621024
12504,-0.764192,-3.080359,4.4,-7.621024
12505,-0.7407269,-3.089267,4.4,-7.621024
12506,-0.7171512,-3.098705,4.4,-7.621024
12507,-0.6954532,-3.107081,4.4,-7.621024
12508,-0.6690817,-3.116893,4.4,-7.621024
12509,-0.6414864,-3.128577,4.4,-7.621024
12510,-0.6152084,-3.138758,4.4,-7.621024
12511,-0.5889676,-3.15009,4.4,-7.621024
12512,-0.5638071,-3.162143,4.4,-7.621024
12513,-0.539723,-3.173332,4.4,-7.621024
12514,-0.5153404,-3.186985,4.4,-7.621024
12515,-0.492385,-3.200689,4.4,-7.621024
12516,-0.468579,-3.217983,4.4,-7.621024
12517,-0.4432583,-3.237488,4.4,-7.621024
12518,-0.4186966,-3.257707,4.4,-7.621024
12519,-0.3940641,-3.277656,4.4,-7.621024
12520,-0.3697457,-3.298394,4.4,-7.621024
12521,-0.3462359,-3.319371,4.4,-7.621024
12522,-0.3226183,-3.340763,4.4,-7.621024
12523,-0.301143,-3.36245,4.4,-7.621024
12524,-0.2815543,-3.386383,4.4,-7.621024
12525,-0.2593963,-3.408507,4.4,-7.621024
12526,-0.2340587,-3.429919,4.4,-7.621024
12527,-0.209559,-3.45249,4.4,-7.621024
12528,-0.1866761,-3.472972,4.4,-7.621024
12529,-0.1663232,-3.491547,4.4,-7.621024
12530,-0.1462113,-3.509159,4.4,-7.621024
12531,-0.1288446,-3.524355,4.4,-7.621024
12532,-0.1126163,-3.537196,4.4,-7.621024
12533,-0.09510382,-3.549786,4.4,-7.621024
12534,-0.07815579,-3.561448,4.4,-7.621024
12535,-0.06158495,-3.575882,4.4,-7.621024
12536,-0.04504142,-3.587712,4.4,-7.621024
12537,-0.02274256,-3.599558,4.4,-7.621024
12538,-0.001971718,-3.611215,4.4,-7.621024
12539,0.01713092,-3.622378,4.4,-7.621024
12540,0.0364018,-3.633515,4.4,-7.621024
12541,0.05959033,-3.648364,4.4,-7.621024
12542,0.07959545,-3.662203,4.4,-7.621024
12543,0.09976847,-3.67671,4.4,-7.621024
12544,0.1216788,-3.69208,4.4,-7.621024
12545,0.1425357,-3.705123,4.4,-7.621024
12546,0.1640421,-3.717779,4.4,-7.621024
12547,0.1873112,-3.730675,4.4,-7.621024
12548,0.2133335,-3.744649,4.4,-7.621024
12549,0.2392568,-3.757442,4.4,-7.621024
12550,0.2650198,-3.769758,4.4,-7.621024
12551,0.2964772,-3.785523,4.4,-7.621024
12552,0.3264162,-3.801085,4.4,-7.621024
12553,0.3530429,-3.814218,4.4,-7.621024
12554,0.3802766,-3.827623,4.4,-7.621024
12555,0.4053536,-3.841074,4.4,-7.621024
12556,0.427682,-3.851998,4.4,-7.621024
12557,0.451796,-3.861001,4.4,-7.621024
12558,0.4783369,-3.872373,4.4,-7.621024
12559,0.5067968,-3.883336,4.4,-7.621024
12560,0.5347125,-3.897761,4.4,-7.621024
12561,0.5582774,-3.911174,4.4,-7.621024
12562,0.5841206,-3.924064,4.4,-7.621024
12563,0.6111315,-3.940398,4.4,-7.621024
12564,0.6369228,-3.953712,4.4,-7.621024
12565,0.6615642,-3.967218,4.4,-7.621024
12566,0.6859047,-3.982527,4.4,-7.621024
12567,0.7098982,-3.99763,4.4,-7.621024
12568,0.7327776,-4.013158,4.4,-7.621024
12569,0.7566018,-4.030941,4.4,-7.621024
12570,0.7827469,-4.050135,4.4,-7.621024
12571,0.8081791,-4.070322,4.4,-7.621024
12572,0.8325124,-4.091236,4.4,-7.621024
12573,0.8581044,-4.112926,4.4,-7.621024
12574,0.8832631,-4.135825,4.4,-7.621024
12575,0.9060523,-4.158813,4.4,-7.621024
12576,0.9254634,-4.179151,4.4,-7.621024
12577,0.9487435,-4.200244,4.4,-7.621024
12578,0.9723411,-4.221764,4.4,-7.621024
12579,0.9957798,-4.245098,4.4,-7.621024
12580,1.020517,-4.270073,4.4,-7.621024
12581,1.041674,-4.291042,4.4,-7.621024
12582,1.061731,-4.31107,4.4,-7.621024
12583,1.080184,-4.326444,4.4,-7.621024
12584,1.09783,-4.340121,4.4,-7.621024
12585,1.117753,-4.35567,4.4,-7.621024
12586,1.133633,-4.369096,4.4,-7.621024
12587,1.15305,-4.3827,4.4,-7.621024
12588,1.173923,-4.395535,4.4,-7.621024
12589,1.193314,-4.40773,4.4,-7.621024
12590,1.213045,-4.422472,4.4,-7.621024
12591,1.235393,-4.43863,4.4,-7.621024
12592,1.256382,-4.452761,4.4,-7.621024
12593,1.275604,-4.4648,4.4,-7.621024
12594,1.293238,-4.477808,4.4,-7.621024
12595,1.31004,-4.490079,4.4,-7.621024
12596,1.327856,-4.49997,4.4,-7.621024
12597,1.344631,-4.509013,4.4,-7.621024
12598,1.3661,-4.520392,4.4,-7.621024
12599,1.386443,-4.531032,4.4,-7.621024
12600,1.406077,-4.54244,4.4,-7.621024
12601,1.427882,-4.554542,4.4,-7.621024
12602,1.446794,-4.566314,4.4,-7.621024
12603,1.468621,-4.576544,4.4,-7.621024
12604,1.493215,-4.588273,4.4,-7.621024
12605,1.5218,-4.599018,4.4,-7.621024
12606,1.551699,-4.611019,4.4,-7.621024
12607,1.582306,-4.624133,4.4,-7.621024
12608,1.612457,-4.637012,4.4,-7.621024
12609,1.640431,-4.648026,4.4,-7.621024
12610,1.667733,-4.658311,4.4,-7.621024
12611,1.693597,-4.667184,4.4,-7.621024
12612,1.718835,-4.674535,4.4,-7.621024
12613,1.74503,-4.68209,4.4,-7.621024
12614,1.773092,-4.69135,4.4,-7.621024
12615,1.802489,-4.703724,4.4,-7.621024
12616,1.83082,-4.715837,4.4,-7.621024
12617,1.855986,-4.727048,4.4,-7.621024
12618,1.879906,-4.73953,4.4,-7.621024
12619,1.905089,-4.750864,4.4,-7.621024
12620,1.930493,-4.764208,4.4,-7.621024
12621,1.954056,-4.777446,4.4,-7.621024
12622,1.976545,-4.792012,4.4,-7.621024
12623,1.997692,-4.807902,4.4,-7.621024
12624,2.018192,-4.824612,4.4,-7.621024
12625,2.039553,-4.844207,4.4,-7.621024
12626,2.06078,-4.865151,4.4,-7.621024
12627,2.081067,-4.885703,4.4,-7.621024
12628,2.103164,-4.908624,4.4,-7.621024
12629,2.124576,-4.928802,4.4,-7.621024
12630,2.147276,-4.949598,4.4,-7.621024
12631,2.170203,-4.97205,4.4,-7.621024
12632,2.193235,-4.995699,4.4,-7.621024
12633,2.216317,-5.020439,4.4,-7.621024
12634,2.238018,-5.045445,4.4,-7.621024
12635,2.258824,-5.068758,4.4,-7.621024
12636,2.277611,-5.090827,4.4,-7.621024
12637,2.294909,-5.107633,4.4,-7.621024
12638,2.312996,-5.122541,4.4,-7.621024
12639,2.330126,-5.137261,4.4,-7.621024
12640,2.34822,-5.151336,4.4,-7.621024
12641,2.367281,-5.163547,4.4,-7.621024
12642,2.385124,-5.175642,4.4,-7.621024
12643,2.404374,-5.188203,4.4,-7.621024
12644,2.425496,-5.200154,4.4,-7.621024
12645,2.449503,-5.213255,4.4,-7.621024
12646,2.470425,-5.227211,4.4,-7.621024
12647,2.487928,-5.238624,4.4,-7.621024
12648,2.504982,-5.246806,4.4,-7.621024
12649,2.52715,-5.257337,4.4,-7.621024
12650,2.550272,-5.269044,4.4,-7.621024
12651,2.570484,-5.280467,4.4,-7.621024
12652,2.592339,-5.29436,4.4,-7.621024
12653,2.61313,-5.306787,4.4,-7.621024
12654,2.635159,-5.319674,4.4,-7.621024
12655,2.657076,-5.331066,4.4,-7.621024
12656,2.682446,-5.344595,4.4,-7.621024
12657,2.710604,-5.359643,4.4,-7.621024
12658,2.735526,-5.373022,4.4,-7.621024
12659,2.761273,-5.38546,4.4,-7.621024
12660,2.787082,-5.395501,4.4,-7.621024
12661,2.809693,-5.405629,4.4,-7.621024
12662,2.832096,-5.417153,4.4,-7.621024
12663,2.857185,-5.428563,4.4,-7.621024
12664,2.880596,-5.4409,4.4,-7.621024
12665,2.902499,-5.450045,4.4,-7.621024
12666,2.923182,-5.460233,4.4,-7.621024
12667,2.945214,-5.471552,4.4,-7.621024
12668,2.9716,-5.48192,4.4,-7.621024
12669,2.998074,-5.49435,4.4,-7.621024
12670,3.023572,-5.508358,4.4,-7.621024
12671,3.047273,-5.519893,4.4,-7.621024
12672,3.072159,-5.531142,4.4,-7.621024
12673,3.097569,-5.544268,4.4,-7.621024
12674,3.120864,-5.556793,4.4,-7.621024
12675,3.141485,-5.569511,4.4,-7.621024
12676,3.160427,-5.584498,4.4,-7.621024
12677,3.180901,-5.60268,4.4,-7.621024
12678,3.200886,-5.622651,4.4,-7.621024
12679,3.222073,-5.644478,4.4,-7.621024
12680,3.243784,-5.669769,4.4,-7.621024
12681,3.264149,-5.695635,4.4,-7.621024
12682,3.283313,-5.720493,4.4,-7.621024
12683,3.302833,-5.741638,4.4,-7.621024
12684,3.322443,-5.764204,4.4,-7.621024
12685,3.339203,-5.786727,4.4,-7.621024
12686,3.357581,-5.812704,4.4,-7.621024
12687,3.37459,-5.838821,4.4,-7.621024
12688,3.390985,-5.863861,4.4,-7.621024
12689,3.408602,-5.887847,4.4,-7.621024
12690,3.426424,-5.911144,4.4,-7.621024
12691,3.444136,-5.933453,4.4,-7.621024
12692,3.459563,-5.953246,4.4,-7.621024
12693,3.472873,-5.972148,4.4,-7.621024
12694,3.484013,-5.987907,4.4,-7.621024
12695,3.497736,-6.002662,4.4,-7.621024
12696,3.51029,-6.018054,4.4,-7.621024
12697,3.525353,-6.032516,4.4,-7.621024
12698,3.543664,-6.052248,4.4,-7.621024
12699,3.560369,-6.070688,4.4,-7.621024
12700,3.575475,-6.085499,4.4,-7.621024
12701,3.593006,-6.09998,4.4,-7.621024
12702,3.612012,-6.115597,4.4,-7.621024
12703,3.630556,-6.130074,4.4,-7.621024
12704,3.647957,-6.144595,4.4,-7.621024
12705,3.664005,-6.15633,4.4,-7.621024
12706,3.680171,-6.169704,4.4,-7.621024
12707,3.695889,-6.18469,4.4,-7.621024
12708,3.711072,-6.200811,4.4,-7.621024
12709,3.729377,-6.220114,4.4,-7.621024
12710,3.747474,-6.237388,4.4,-7.621024
12711,3.768278,-6.254305,4.4,-7.621024
12712,3.787912,-6.270513,4.4,-7.621024
12713,3.805151,-6.287057,4.4,-7.621024
12714,3.823647,-6.305871,4.4,-7.621024
12715,3.839381,-6.321937,4.4,-7.621024
12716,3.854852,-6.337834,4.4,-7.621024
12717,3.871265,-6.352429,4.4,-7.621024
12718,3.886705,-6.365223,4.4,-7.621024
12719,3.902298,-6.378958,4.4,-7.621024
12720,3.920832,-6.394569,4.4,-7.621024
12721,3.941359,-6.412282,4.4,-7.621024
12722,3.959444,-6.427395,4.4,-7.621024
12723,3.977481,-6.44375,4.4,-7.621024
12724,3.995731,-6.459403,4.4,-7.621024
12725,4.014667,-6.476192,4.4,-7.621024
12726,4.03206,-6.493046,4.4,-7.621024
12727,4.047716,-6.510448,4.4,-7.621024
12728,4.064412,-6.529429,4.4,-7.621024
12729,4.080582,-6.55184,4.4,-7.621024
12730,4.094923,-6.572969,4.4,-7.621024
12731,4.109252,-6.594544,4.4,-7.621024
12732,4.122962,-6.617055,4.4,-7.621024
12733,4.136413,-6.639108,4.4,-7.621024
12734,4.15128,-6.666607,4.4,-7.621024
12735,4.164888,-6.69535,4.4,-7.621024
12736,4.179002,-6.72464,4.4,-7.621024
12737,4.190174,-6.75187,4.4,-7.621024
12738,4.199129,-6.778039,4.4,-7.621024
12739,4.209016,-6.803968,4.4,-7.621024
12740,4.22081,-6.831371,4.4,-7.621024
12741,4.233074,-6.860745,4.4,-7.621024
12742,4.241896,-6.890407,4.4,-7.621024
12743,4.251512,-6.91912,4.4,-7.621024
12744,4.259226,-6.946708,4.4,-7.621024
12745,4.267867,-6.973134,4.4,-7.621024
12746,4.278145,-6.998365,4.4,-7.621024
12747,4.286627,-7.01956,4.4,-7.621024
12748,4.294796,-7.03888,4.4,-7.621024
12749,4.303782,-7.057778,4.4,-7.621024
12750,4.314734,-7.080303,4.4,-7.621024
12751,4.325121,-7.100915,4.4,-7.621024
12752,4.333955,-7.120049,4.4,-7.621024
12753,4.34045,-7.140424,4.4,-7.621024
12754,4.349639,-7.160835,4.4,-7.621024
12755,4.361106,-7.181371,4.4,-7.621024
12756,4.372884,-7.201704,4.4,-7.621024
12757,4.386762,-7.221994,4.4,-7.621024
12758,4.398389,-7.240777,-4.4,7.621024
12759,4.410665,-7.25655,-4.4,7.621024
12760,4.425238,-7.27416,-4.4,7.621024
12761,4.439027,-7.292222,-4.4,7.621024
12762,4.454951,-7.309257,-4.4,7.621024
12763,4.472129,-7.32656,-4.4,7.621024
12764,4.491457,-7.345388,-4.4,7.621024
12765,4.510682,-7.365222,-4.4,7.621024
12766,4.527288,-7.38273,-4.4,7.621024
12767,4.541103,-7.396812,-4.4,7.621024
12768,4.552546,-7.4062,-4.4,7.621024
12769,4.561257,-7.415622,-4.4,7.621024
12770,4.567665,-7.43462,-4.4,7.621024
12771,4.568818,-7.45467,-4.4,7.621024
12772,4.567639,-7.473383,-4.4,7.621024
12773,4.568063,-7.489997,-4.4,7.621024
12774,4.566966,-7.507137,-4.4,7.621024
12775,4.564797,-7.520252,-4.4,7.621024
12776,4.56167,-7.532696,-4.4,7.621024
12777,4.557825,-7.544733,-4.4,7.621024
12778,4.554276,-7.555212,-4.4,7.621024
12779,4.545858,-7.564109,-4.4,7.621024
12780,4.536189,-7.572609,-4.4,7.621024
12781,4.524442,-7.578107,-4.4,7.621024
12782,4.512705,-7.580897,-4.4,7.621024
12783,4.501369,-7.580443,-4.4,7.621024
12784,4.487484,-7.579147,-4.4,7.621024
12785,4.472256,-7.574576,-4.4,7.621024
12786,4.454209,-7.56796,-4.4,7.621024
12787,4.435964,-7.557974,-4.4,7.621024
12788,4.418337,-7.547911,-4.4,7.621024
12789,4.400256,-7.536564,-4.4,7.621024
12790,4.379663,-7.525273,-4.4,7.621024
12791,4.359736,-7.513361,-4.4,7.621024
12792,4.33852,-7.498955,-4.4,7.621024
12793,4.31827,-7.484159,-4.4,7.621024
12794,4.299842,-7.472993,-4.4,7.621024
12795,4.28283,-7.461591,-4.4,7.621024
12796,4.268582,-7.451441,-4.4,7.621024
12797,4.2579,-7.444876,-4.4,7.621024
12798,4.244364,-7.441974,-4.4,7.621024
12799,4.228563,-7.435992,-4.4,7.621024
12800,4.213528,-7.428967,-4.4,7.621024
12801,4.198424,-7.425337,-4.4,7.621024
12802,4.179903,-7.420332,-4.4,7.621024
12803,4.158614,-7.415027,-4.4,7.621024
12804,4.138909,-7.408374,-4.4,7.621024
12805,4.119411,-7.399734,-4.4,7.621024
12806,4.101285,-7.391871,-4.4,7.621024
12807,4.086128,-7.386924,-4.4,7.621024
12808,4.068858,-7.385203,-4.4,7.621024
12809,4.050904,-7.386301,-4.4,7.621024
12810,4.034325,-7.386103,-4.4,7.621024
12811,4.02024,-7.385796,-4.4,7.621024
12812,4.006655,-7.3861,-4.4,7.621024
12813,3.990085,-7.386665,-4.4,7.621024
12814,3.970032,-7.38715,-4.4,7.621024
12815,3.948985,-7.386223,-4.4,7.621024
12816,3.933033,-7.38557,-4.4,7.621024
12817,3.916267,-7.385207,-4.4,7.621024
12818,3.899792,-7.383956,-4.4,7.621024
12819,3.881696,-7.380333,-4.4,7.621024
12820,3.863941,-7.375074,-4.4,7.621024
12821,3.84729,-7.371835,-4.4,7.621024
12822,3.83047,-7.370587,-4.4,7.621024
12823,3.810479,-7.367105,-4.4,7.621024
12824,3.792609,-7.361888,-4.4,7.621024
12825,3.774559,-7.35736,-4.4,7.621024
12826,3.75834,-7.353652,-4.4,7.621024
12827,3.741348,-7.349971,-4.4,7.621024
12828,3.725444,-7.344327,-4.4,7.621024
12829,3.708678,-7.33804,-4.4,7.621024
12830,3.690025,-7.332943,-4.4,7.621024
12831,3.669186,-7.327416,-4.4,7.621024
12832,3.648463,-7.322784,-4.4,7.621024
12833,3.627308,-7.316382,-4.4,7.621024
12834,3.606066,-7.310301,-4.4,7.621024
12835,3.584728,-7.302598,-4.4,7.621024
12836,3.565131,-7.29241,-4.4,7.621024
12837,3.547084,-7.28021,-4.4,7.621024
12838,3.530941,-7.265234,-4.4,7.621024
12839,3.514665,-7.248611,-4.4,7.621024
12840,3.500032,-7.231066,-4.4,7.621024
12841,3.486393,-7.214054,-4.4,7.621024
12842,3.472127,-7.195669,-4.4,7.621024
12843,3.456847,-7.174704,-4.4,7.621024
12844,3.441125,-7.152117,-4.4,7.621024
12845,3.425653,-7.130875,-4.4,7.621024
12846,3.408427,-7.108172,-4.4,7.621024
12847,3.3907,-7.080148,-4.4,7.621024
12848,3.372283,-7.051261,-4.4,7.621024
12849,3.353989,-7.023635,-4.4,7.621024
12850,3.336981,-6.996201,-4.4,7.621024
12851,3.32106,-6.965308,-4.4,7.621024
12852,3.306251,-6.938346,-4.4,7.621024
12853,3.291587,-6.913869,-4.4,7.621024
12854,3.279339,-6.894333,-4.4,7.621024
12855,3.266469,-6.877348,-4.4,7.621024
12856,3.250862,-6.857326,-4.4,7.621024
12857,3.236731,-6.839634,-4.4,7.621024
12858,3.223293,-6.824685,-4.4,7.621024
12859,3.209548,-6.80742,-4.4,7.621024
12860,3.19613,-6.791368,-4.4,7.621024
12861,3.179768,-6.771369,-4.4,7.621024
12862,3.163492,-6.751437,-4.4,7.621024
12863,3.147027,-6.732893,-4.4,7.621024
12864,3.132092,-6.717545,-4.4,7.621024
12865,3.118299,-6.699603,-4.4,7.621024
12866,3.102675,-6.683774,-4.4,7.621024
12867,3.087549,-6.667419,-4.4,7.621024
12868,3.071641,-6.649277,-4.4,7.621024
12869,3.055203,-6.629261,-4.4,7.621024
12870,3.039219,-6.609832,-4.4,7.621024
12871,3.023071,-6.590539,-4.4,7.621024
12872,3.005157,-6.570813,-4.4,7.621024
12873,2.986989,-6.552591,-4.4,7.621024
12874,2.969164,-6.532985,-4.4,7.621024
12875,2.948076,-6.511712,-4.4,7.621024
12876,2.922873,-6.488341,-4.4,7.621024
12877,2.895963,-6.463959,-4.4,7.621024
12878,2.871296,-6.440359,-4.4,7.621024
12879,2.848819,-6.417585,-4.4,7.621024
12880,2.830016,-6.398003,-4.4,7.621024
12881,2.811225,-6.378706,-4.4,7.621024
12882,2.791094,-6.360298,-4.4,7.621024
12883,2.772121,-6.338471,-4.4,7.621024
12884,2.75325,-6.314651,-4.4,7.621024
12885,2.734226,-6.289375,-4.4,7.621024
12886,2.716586,-6.266414,-4.4,7.621024
12887,2.698991,-6.241396,-4.4,7.621024
12888,2.682987,-6.215003,-4.4,7.621024
12889,2.668009,-6.192612,-4.4,7.621024
12890,2.654201,-6.168237,-4.4,7.621024
12891,2.640313,-6.143398,-4.4,7.621024
12892,2.625018,-6.116343,-4.4,7.621024
12893,2.612165,-6.088454,-4.4,7.621024
12894,2.598868,-6.057581,-4.4,7.621024
12895,2.588228,-6.029099,-4.4,7.621024
12896,2.57866,-6.004408,-4.4,7.621024
12897,2.568776,-5.976707,-4.4,7.621024
12898,2.559693,-5.949069,-4.4,7.621024
12899,2.550976,-5.92068,-4.4,7.621024
12900,2.544113,-5.892321,-4.4,7.621024
12901,2.538203,-5.867464,-4.4,7.621024
12902,2.530675,-5.84298,-4.4,7.621024
12903,2.523147,-5.817809,-4.4,7.621024
12904,2.51377,-5.793198,-4.4,7.621024
12905,2.503797,-5.769988,-4.4,7.621024
12906,2.496399,-5.748858,-4.4,7.621024
12907,2.488719,-5.729541,-4.4,7.621024
12908,2.482749,-5.711304,-4.4,7.621024
12909,2.476409,-5.69421,-4.4,7.621024
12910,2.467524,-5.675249,-4.4,7.621024
12911,2.458042,-5.654212,-4.4,7.621024
12912,2.447863,-5.635367,-4.4,7.621024
12913,2.436121,-5.614607,-4.4,7.621024
12914,2.42548,-5.596323,-4.4,7.621024
12915,2.412226,-5.579962,-4.4,7.621024
12916,2.398408,-5.562452,-4.4,7.621024
12917,2.384946,-5.544023,-4.4,7.621024
12918,2.371159,-5.525372,-4.4,7.621024
12919,2.356991,-5.505922,-4.4,7.621024
12920,2.345608,-5.485889,-4.4,7.621024
12921,2.335356,-5.466202,-4.4,7.621024
12922,2.323155,-5.448074,-4.4,7.621024
12923,2.308701,-5.428304,-4.4,7.621024
12924,2.292944,-5.406023,-4.4,7.621024
12925,2.27482,-5.383267,-4.4,7.621024
12926,2.257623,-5.362211,-4.4,7.621024
12927,2.240107,-5.339436,-4.4,7.621024
12928,2.222111,-5.314728,-4.4,7.621024
12929,2.201524,-5.28796,-4.4,7.621024
12930,2.18276,-5.263002,-4.4,7.621024
12931,2.165135,-5.23929,-4.4,7.621024
12932,2.149123,-5.218792,-4.4,7.621024
12933,2.133429,-5.19989,-4.4,7.621024
12934,2.116754,-5.180174,-4.4,7.621024
12935,2.099704,-5.158089,-4.4,7.621024
12936,2.081897,-5.133213,-4.4,7.621024
12937,2.063405,-5.110934,-4.4,7.621024
12938,2.045208,-5.087337,-4.4,7.621024
12939,2.029238,-5.064906,-4.4,7.621024
12940,2.013141,-5.04233,-4.4,7.621024
12941,1.997968,-5.019623,-4.4,7.621024
12942,1.984048,-4.997455,-4.4,7.621024
12943,1.971829,-4.974591,-4.4,7.621024
12944,1.95916,-4.949028,-4.4,7.621024
12945,1.943605,-4.924141,-4.4,7.621024
12946,1.930168,-4.895854,-4.4,7.621024
12947,1.917411,-4.867544,-4.4,7.621024
12948,1.904442,-4.83817,-4.4,7.621024
12949,1.892221,-4.80758,-4.4,7.621024
12950,1.881148,-4.777511,-4.4,7.621024
12951,1.872491,-4.748961,-4.4,7.621024
12952,1.864622,-4.720881,-4.4,7.621024
12953,1.857561,-4.692487,-4.4,7.621024
12954,1.849904,-4.66278,-4.4,7.621024
12955,1.842075,-4.632666,-4.4,7.621024
12956,1.835123,-4.606694,-4.4,7.621024
12957,1.828552,-4.578829,-4.4,7.621024
12958,1.822587,-4.551985,-4.4,7.621024
12959,1.816381,-4.526565,-4.4,7.621024
12960,1.809651,-4.503338,-4.4,7.621024
12961,1.799351,-4.481907,-4.4,7.621024
12962,1.79088,-4.459693,-4.4,7.621024
12963,1.782344,-4.443556,-4.4,7.621024
12964,1.774929,-4.425702,-4.4,7.621024
12965,1.76616,-4.408583,-4.4,7.621024
12966,1.755439,-4.393657,-4.4,7.621024
12967,1.744858,-4.375356,-4.4,7.621024
12968,1.734379,-4.353574,-4.4,7.621024
12969,1.721954,-4.336226,-4.4,7.621024
12970,1.708215,-4.317803,-4.4,7.621024
12971,1.694662,-4.297973,-4.4,7.621024
12972,1.683475,-4.278321,-4.4,7.621024
12973,1.67264,-4.257763,-4.4,7.621024
12974,1.66087,-4.236211,-4.4,7.621024
12975,1.649258,-4.213966,-4.4,7.621024
12976,1.635507,-4.189511,-4.4,7.621024
12977,1.62463,-4.167982,-4.4,7.621024
12978,1.614869,-4.146557,-4.4,7.621024
12979,1.604123,-4.124477,-4.4,7.621024
12980,1.590863,-4.104379,-4.4,7.621024
12981,1.574843,-4.082372,-4.4,7.621024
12982,1.556807,-4.057662,-4.4,7.621024
12983,1.536736,-4.029781,-4.4,7.621024
12984,1.517699,-4.001288,-4.4,7.621024
12985,1.498254,-3.976338,-4.4,7.621024
12986,1.482615,-3.95495,-4.4,7.621024
12987,1.465884,-3.9347,-4.4,7.621024
12988,1.44869,-3.913246,-4.4,7.621024
12989,1.42952,-3.893029,-4.4,7.621024
12990,1.40831,-3.874106,-4.4,7.621024
12991,1.391285,-3.852596,-4.4,7.621024
12992,1.37249,-3.830462,-4.4,7.621024
12993,1.354236,-3.805857,-4.4,7.621024
12994,1.336305,-3.78201,-4.4,7.621024
12995,1.320465,-3.755601,-4.4,7.621024
12996,1.305903,-3.729254,-4.4,7.621024
12997,1.292409,-3.705496,-4.4,7.621024
12998,1.280303,-3.676476,-4.4,7.621024
12999,1.269219,-3.64969,-4.4,7.621024
13000,1.256974,-3.622386,-4.4,7.621024
13001,1.24716,-3.591408,-4.4,7.621024
13002,1.237223,-3.562298,-4.4,7.621024
13003,1.225485,-3.533005,-4.4,7.621024
13004,1.216734,-3.502667,-4.4,7.621024
13005,1.20875,-3.475271,-4.4,7.621024
13006,1.200628,-3.445615,-4.4,7.621024
13007,1.192226,-3.415486,-4.4,7.621024
13008,1.182832,-3.382948,-4.4,7.621024
13009,1.174951,-3.351887,-4.4,7.621024
13010,1.165856,-3.321931,-4.4,7.621024
13011,1.15657,-3.292673,-4.4,7.621024
13012,1.146492,-3.264214,-4.4,7.621024
13013,1.137799,-3.238935,-4.4,7.621024
13014,1.131479,-3.216346,-4.4,7.621024
13015,1.12363,-3.19611,-4.4,7.621024
13016,1.116645,-3.176774,-4.4,7.621024
13017,1.107023,-3.155715,-4.4,7.621024
13018,1.097283,-3.133959,-4.4,7.621024
13019,1.086301,-3.111802,-4.4,7.621024
13020,1.074828,-3.088788,-4.4,7.621024
13021,1.066523,-3.066242,-4.4,7.621024
13022,1.055162,-3.043835,-4.4,7.621024
13023,1.041842,-3.023484,-4.4,7.621024
13024,1.027548,-3.004755,-4.4,7.621024
13025,1.015366,-2.984297,-4.4,7.621024
13026,1.003595,-2.964619,-4.4,7.621024
13027,0.9909896,-2.943417,-4.4,7.621024
13028,0.9762859,-2.920948,-4.4,7.621024
13029,0.9617712,-2.899657,-4.4,7.621024
13030,0.9469183,-2.877402,-4.4,7.621024
13031,0.9313483,-2.854645,-4.4,7.621024
13032,0.9142619,-2.831568,-4.4,7.621024
13033,0.8963436,-2.807622,-4.4,7.621024
13034,0.8779328,-2.783536,-4.4,7.621024
13035,0.8584914,-2.756521,-4.4,7.621024
13036,0.8419155,-2.732887,-4.4,7.621024
13037,0.8238538,-2.707719,-4.4,7.621024
13038,0.8054121,-2.68285,-4.4,7.621024
13039,0.7874988,-2.657658,-4.4,7.621024
13040,0.7714888,-2.636428,-4.4,7.621024
13041,0.7539803,-2.615613,-4.4,7.621024
13042,0.7366213,-2.593306,-4.4,7.621024
13043,0.7199202,-2.570328,-4.4,7.621024
13044,0.7018815,-2.546437,-4.4,7.621024
13045,0.6833887,-2.522547,-4.4,7.621024
13046,0.6666657,-2.503745,-4.4,7.621024
13047,0.6497406,-2.483586,-4.4,7.621024
13048,0.6313446,-2.462888,-4.4,7.621024
13049,0.6150735,-2.441648,-4.4,7.621024
13050,0.5998985,-2.420553,-4.4,7.621024
13051,0.5836107,-2.395941,-4.4,7.621024
13052,0.5675914,-2.369696,-4.4,7.621024
13053,0.5531589,-2.342414,-4.4,7.621024
13054,0.5403129,-2.317362,-4.4,7.621024
13055,0.5277922,-2.288503,-4.4,7.621024
13056,0.5166734,-2.259161,-4.4,7.621024
13057,0.5049515,-2.228352,-4.4,7.621024
13058,0.4924149,-2.197476,-4.4,7.621024
13059,0.4801275,-2.166279,-4.4,7.621024
13060,0.4681045,-2.13534,-4.4,7.621024
13061,0.4556815,-2.10331,-4.4,7.621024
13062,0.4431378,-2.072775,-4.4,7.621024
13063,0.4305113,-2.041697,-4.4,7.621024
13064,0.4180626,-2.010056,-4.4,7.621024
13065,0.4056876,-1.980307,-4.4,7.621024
13066,0.394403,-1.953189,-4.4,7.621024
13067,0.3853357,-1.929322,-4.4,7.621024
13068,0.3775814,-1.910104,-4.4,7.621024
13069,0.3662875,-1.889872,-4.4,7.621024
13070,0.3566612,-1.872599,-4.4,7.621024
13071,0.3452069,-1.854038,-4.4,7.621024
13072,0.334624,-1.839077,-4.4,7.621024
13073,0.3239141,-1.821304,-4.4,7.621024
13074,0.3109362,-1.798451,-4.4,7.621024
13075,0.2961015,-1.777951,-4.4,7.621024
13076,0.2801065,-1.757271,-4.4,7.621024
13077,0.2660929,-1.735757,-4.4,7.621024
13078,0.2497594,-1.714197,-4.4,7.621024
13079,0.2352425,-1.693895,-4.4,7.621024
13080,0.2228529,-1.67543,-4.4,7.621024
13081,0.2092152,-1.656216,-4.4,7.621024
13082,0.1931547,-1.634855,-4.4,7.621024
13083,0.1792213,-1.613878,-4.4,7.621024
13084,0.1630833,-1.591394,-4.4,7.621024
13085,0.146251,-1.569834,-4.4,7.621024
13086,0.1308609,-1.550799,-4.4,7.621024
13087,0.1158774,-1.532895,-4.4,7.621024
13088,0.09515159,-1.513942,-4.4,7.621024
13089,0.07242022,-1.495813,-4.4,7.621024
13090,0.04960179,-1.478176,-4.4,7.621024
13091,0.02809997,-1.458649,-4.4,7.621024
13092,0.008044403,-1.436502,-4.4,7.621024
13093,-0.01036963,-1.415086,-4.4,7.621024
13094,-0.02872527,-1.395417,-4.4,7.621024
13095,-0.04916539,-1.375613,-4.4,7.621024
13096,-0.06860417,-1.354248,-4.4,7.621024
13097,-0.08749662,-1.332487,-4.4,7.621024
13098,-0.1057384,-1.309941,-4.4,7.621024
13099,-0.1249168,-1.293668,-4.4,7.621024
13100,-0.142175,-1.27558,-4.4,7.621024
13101,-0.1604634,-1.257972,-4.4,7.621024
13102,-0.1784097,-1.241892,-4.4,7.621024
13103,-0.1943911,-1.225117,-4.4,7.621024
13104,-0.2102152,-1.204235,-4.4,7.621024
13105,-0.2265525,-1.180104,-4.4,7.621024
13106,-0.2427557,-1.155532,-4.4,7.621024
13107,-0.2578548,-1.128615,-4.4,7.621024
13108,-0.2724914,-1.100904,-4.4,7.621024
13109,-0.2865667,-1.074909,-4.4,7.621024
13110,-0.2996626,-1.047598,-4.4,7.621024
13111,-0.3115895,-1.017997,-4.4,7.621024
13112,-0.3239749,-0.9892017,-4.4,7.621024
13113,-0.3373386,-0.9608432,-4.4,7.621024
13114,-0.3497984,-0.9313439,-4.4,7.621024
13115,-0.3621777,-0.9008313,-4.4,7.621024
13116,-0.374481,-0.86946,-4.4,7.621024
13117,-0.3850395,-0.838236,-4.4,7.621024
13118,-0.3962717,-0.8079199,-4.4,7.621024
13119,-0.4089258,-0.7777679,-4.4,7.621024
13120,-0.4203263,-0.7507424,-4.4,7.621024
13121,-0.4303938,-0.7283956,-4.4,7.621024
13122,-0.4398052,-0.7065006,-4.4,7.621024
13123,-0.4491336,-0.6874777,-4.4,7.621024
13124,-0.4585636,-0.6693451,-4.4,7.621024
13125,-0.4696277,-0.6510074,-4.4,7.621024
13126,-0.4813494,-0.6329832,-4.4,7.621024
13127,-0.4931345,-0.6148989,-4.4,7.621024
13128,-0.5080631,-0.5948976,-4.4,7.621024
13129,-0.5229632,-0.5714923,-4.4,7.621024
13130,-0.5360491,-0.551033,-4.4,7.621024
13131,-0.5493118,-0.5311953,-4.4,7.621024
13132,-0.5630196,-0.5130515,-4.4,7.621024
13133,-0.5788507,-0.4931761,-4.4,7.621024
13134,-0.5926802,-0.4746314,-4.4,7.621024
13135,-0.605931,-0.4559072,-4.4,7.621024
13136,-0.6195751,-0.4353761,-4.4,7.621024
13137,-0.6335059,-0.415192,-4.4,7.621024
13138,-0.6497369,-0.3947999,-4.4,7.621024
13139,-0.6676291,-0.3729812,-4.4,7.621024
13140,-0.6890113,-0.3492776,-4.4,7.621024
13141,-0.7101094,-0.3267476,-4.4,7.621024
13142,-0.731555,-0.3021275,-4.4,7.621024
13143,-0.7535992,-0.276604,-4.4,7.621024
13144,-0.7759042,-0.2495624,-4.4,7.621024
13145,-0.7954968,-0.2251441,-4.4,7.621024
13146,-0.8134148,-0.2038381,-4.4,7.621024
13147,-0.8327128,-0.1851112,-4.4,7.621024
13148,-0.8520201,-0.1680376,-4.4,7.621024
13149,-0.8708403,-0.1500994,-4.4,7.621024
13150,-0.888916,-0.1290538,-4.4,7.621024
13151,-0.9061526,-0.1095677,-4.4,7.621024
13152,-0.9263388,-0.08965431,-4.4,7.621024
13153,-0.9469418,-0.06748833,-4.4,7.621024
13154,-0.9636772,-0.04574576,-4.4,7.621024
13155,-0.9802197,-0.02490178,-4.4,7.621024
13156,-0.9979912,-0.002073452,-4.4,7.621024
13157,-1.014868,0.01959528,-4.4,7.621024
13158,-1.03255,0.04283525,-4.4,7.621024
13159,-1.049682,0.0670595,-4.4,7.621024
13160,-1.064074,0.0923195,-4.4,7.621024
13161,-1.078504,0.1183129,-4.4,7.621024
13162,-1.091995,0.1455366,-4.4,7.621024
13163,-1.103417,0.1735646,-4.4,7.621024
13164,-1.116042,0.2013021,-4.4,7.621024
13165,-1.129357,0.2293324,-4.4,7.621024
13166,-1.141551,0.2558913,-4.4,7.621024
13167,-1.153821,0.2867122,-4.4,7.621024
13168,-1.165622,0.3135258,-4.4,7.621024
13169,-1.178567,0.3410248,-4.4,7.621024
13170,-1.192753,0.3732105,-4.4,7.621024
13171,-1.207275,0.4035835,-4.4,7.621024
13172,-1.220211,0.4348049,-4.4,7.621024
13173,-1.230419,0.4630124,-4.4,7.621024
13174,-1.240474,0.4897589,-4.4,7.621024
13175,-1.250102,0.5129209,-4.4,7.621024
13176,-1.259708,0.5337819,-4.4,7.621024
13177,-1.270064,0.5542348,-4.4,7.621024
13178,-1.28148,0.5751513,-4.4,7.621024
13179,-1.291856,0.5944385,-4.4,7.621024
13180,-1.304321,0.6124202,-4.4,7.621024
13181,-1.319496,0.6311202,-4.4,7.621024
13182,-1.333171,0.6527131,-4.4,7.621024
13183,-1.346961,0.6733522,-4.4,7.621024
13184,-1.36312,0.693476,-4.4,7.621024
13185,-1.379875,0.7136232,-4.4,7.621024
13186,-1.39476,0.7316949,-4.4,7.621024
13187,-1.4112,0.7495351,-4.4,7.621024
13188,-1.428092,0.7670467,-4.4,7.621024
13189,-1.445218,0.7839518,-4.4,7.621024
13190,-1.462001,0.8034284,-4.4,7.621024
13191,-1.477673,0.822024,-4.4,7.621024
13192,-1.493548,0.841079,-4.4,7.621024
13193,-1.512708,0.8612915,-4.4,7.621024
13194,-1.531239,0.8815073,-4.4,7.621024
13195,-1.550689,0.9032779,-4.4,7.621024
13196,-1.572186,0.9251199,-4.4,7.621024
13197,-1.597505,0.9507849,-4.4,7.621024
13198,-1.61881,0.9744329,-4.4,7.621024
13199,-1.637583,0.9961741,-4.4,7.621024
13200,-1.656939,1.01545,-4.4,7.621024
13201,-1.677356,1.034904,-4.4,7.621024
13202,-1.698472,1.055549,-4.4,7.621024
13203,-1.71957,1.07972,-4.4,7.621024
13204,-1.741153,1.103616,-4.4,7.621024
13205,-1.762052,1.124967,-4.4,7.621024
13206,-1.781918,1.145545,-4.4,7.621024
13207,-1.802527,1.167197,-4.4,7.621024
13208,-1.821716,1.189912,-4.4,7.621024
13209,-1.840766,1.212266,-4.4,7.621024
13210,-1.856864,1.233279,-4.4,7.621024
13211,-1.871065,1.252252,-4.4,7.621024
13212,-1.886069,1.274034,-4.4,7.621024
13213,-1.902947,1.296967,-4.4,7.621024
13214,-1.918897,1.323724,-4.4,7.621024
13215,-1.932735,1.351104,-4.4,7.621024
13216,-1.945828,1.379235,-4.4,7.621024
13217,-1.958572,1.407362,-4.4,7.621024
13218,-1.969204,1.43623,-4.4,7.621024
13219,-1.979899,1.46542,-4.4,7.621024
13220,-1.991639,1.494984,-4.4,7.621024
13221,-2.003053,1.522291,-4.4,7.621024
13222,-2.015218,1.550894,-4.4,7.621024
13223,-2.028975,1.580455,-4.4,7.621024
13224,-2.041765,1.612719,-4.4,7.621024
13225,-2.053064,1.645513,-4.4,7.621024
13226,-2.065506,1.675467,-4.4,7.621024
13227,-2.076763,1.702456,-4.4,7.621024
13228,-2.088527,1.726457,-4.4,7.621024
13229,-2.099213,1.748194,-4.4,7.621024
13230,-2.107058,1.76841,-4.4,7.621024
13231,-2.115726,1.786007,-4.4,7.621024
13232,-2.128367,1.805494,-4.4,7.621024
13233,-2.141867,1.824353,-4.4,7.621024
13234,-2.155004,1.843489,-4.4,7.621024
13235,-2.16829,1.864978,-4.4,7.621024
13236,-2.179728,1.88784,-4.4,7.621024
13237,-2.192968,1.909203,-4.4,7.621024
13238,-2.207702,1.930376,-4.4,7.621024
13239,-2.223106,1.950508,-4.4,7.621024
13240,-2.23791,1.970783,-4.4,7.621024
13241,-2.249212,1.989879,-4.4,7.621024
13242,-2.263714,2.01043,-4.4,7.621024
13243,-2.27933,2.030211,-4.4,7.621024
13244,-2.294255,2.050913,-4.4,7.621024
13245,-2.308291,2.07067,-4.4,7.621024
13246,-2.323918,2.090989,-4.4,7.621024
13247,-2.340682,2.113657,-4.4,7.621024
13248,-2.35818,2.134889,-4.4,7.621024
13249,-2.375216,2.155948,-4.4,7.621024
13250,-2.393231,2.179016,-4.4,7.621024
13251,-2.415601,2.205755,-4.4,7.621024
13252,-2.435163,2.228276,-4.4,7.621024
13253,-2.455309,2.251197,-4.4,7.621024
13254,-2.475971,2.274823,-4.4,7.621024
13255,-2.494608,2.29669,-4.4,7.621024
13256,-2.51257,2.316591,-4.4,7.621024
13257,-2.530155,2.335246,-4.4,7.621024
13258,-2.54776,2.357768,-4.4,7.621024
13259,-2.566227,2.381743,-4.4,7.621024
13260,-2.585552,2.40349,-4.4,7.621024
13261,-2.603729,2.42343,-4.4,7.621024
13262,-2.622301,2.446424,-4.4,7.621024
13263,-2.640923,2.470585,-4.4,7.621024
13264,-2.657529,2.49354,-4.4,7.621024
13265,-2.671947,2.515831,-4.4,7.621024
13266,-2.685978,2.53941,-4.4,7.621024
13267,-2.699724,2.563642,-4.4,7.621024
13268,-2.714068,2.589495,-4.4,7.621024
13269,-2.72857,2.617353,-4.4,7.621024
13270,-2.741489,2.646712,-4.4,7.621024
13271,-2.752119,2.675543,-4.4,7.621024
13272,-2.762847,2.70507,-4.4,7.621024
13273,-2.774818,2.734615,-4.4,7.621024
13274,-2.78808,2.765117,-4.4,7.621024
13275,-2.800662,2.794057,-4.4,7.621024
13276,-2.810377,2.822885,-4.4,7.621024
13277,-2.819247,2.854479,-4.4,7.621024
13278,-2.830772,2.884835,-4.4,7.621024
13279,-2.840491,2.916238,-4.4,7.621024
13280,-2.851396,2.947492,-4.4,7.621024
13281,-2.86162,2.977313,-4.4,7.621024
13282,-2.870971,3.002207,-4.4,7.621024
13283,-2.880617,3.024381,-4.4,7.621024
13284,-2.889898,3.04723,-4.4,7.621024
13285,-2.898367,3.067202,-4.4,7.621024
13286,-2.90812,3.08839,-4.4,7.621024
13287,-2.918506,3.109288,-4.4,7.621024
13288,-2.929972,3.131872,-4.4,7.621024
13289,-2.94388,3.155782,-4.4,7.621024
13290,-2.957563,3.177513,-4.4,7.621024
13291,-2.970889,3.196562,-4.4,7.621024
13292,-2.982733,3.214151,-4.4,7.621024
13293,-2.993189,3.229264,-4.4,7.621024
13294,-3.006143,3.248404,-4.4,7.621024
13295,-3.017806,3.266427,-4.4,7.621024
13296,-3.029201,3.285774,-4.4,7.621024
13297,-3.04059,3.305783,-4.4,7.621024
13298,-3.049643,3.326061,-4.4,7.621024
13299,-3.061597,3.346175,-4.4,7.621024
13300,-3.076101,3.366382,-4.4,7.621024
13301,-3.089726,3.386905,-4.4,7.621024
13302,-3.105208,3.408416,-4.4,7.621024
13303,-3.122683,3.431714,-4.4,7.621024
13304,-3.139896,3.456181,-4.4,7.621024
13305,-3.156588,3.480218,-4.4,7.621024
13306,-3.173629,3.504327,-4.4,7.621024
13307,-3.191474,3.529143,-4.4,7.621024
13308,-3.209938,3.554096,-4.4,7.621024
13309,-3.226032,3.575592,-4.4,7.621024
13310,-3.243321,3.595296,-4.4,7.621024
13311,-3.261803,3.614847,-4.4,7.621024
13312,-3.279027,3.635252,-4.4,7.621024
13313,-3.297545,3.65707,-4.4,7.621024
13314,-3.318426,3.679751,-4.4,7.621024
13315,-3.338839,3.701719,-4.4,7.621024
13316,-3.356083,3.723005,-4.4,7.621024
13317,-3.372559,3.745464,-4.4,7.621024
13318,-3.388222,3.768817,-4.4,7.621024
13319,-3.40308,3.791634,-4.4,7.621024
13320,-3.417504,3.815904,-4.4,7.621024
13321,-3.430552,3.842813,-4.4,7.621024
13322,-3.443275,3.869441,-4.4,7.621024
13323,-3.455587,3.898448,-4.4,7.621024
13324,-3.466419,3.927452,-4.4,7.621024
13325,-3.474741,3.956989,-4.4,7.621024
13326,-3.483302,3.986555,-4.4,7.621024
13327,-3.492642,4.014842,-4.4,7.621024
13328,-3.502571,4.045203,-4.4,7.621024
13329,-3.511201,4.074307,-4.4,7.621024
13330,-3.522282,4.104748,-4.4,7.621024
13331,-3.534381,4.139547,-4.4,7.621024
13332,-3.546389,4.174489,-4.4,7.621024
13333,-3.555802,4.207281,-4.4,7.621024
13334,-3.564561,4.23733,-4.4,7.621024
13335,-3.570817,4.264476,-4.4,7.621024
13336,-3.578185,4.288201,-4.4,7.621024
13337,-3.586169,4.310449,-4.4,7.621024
13338,-3.591899,4.330782,-4.4,7.621024
13339,-3.600386,4.350424,-4.4,7.621024
13340,-3.608781,4.373572,-4.4,7.621024
13341,-3.619085,4.394413,-4.4,7.621024
13342,-3.630561,4.416533,-4.4,7.621024
13343,-3.642803,4.438318,-4.4,7.621024
13344,-3.653294,4.460514,-4.4,7.621024
13345,-3.664262,4.480976,-4.4,7.621024
13346,-3.677693,4.499804,-4.4,7.621024
13347,-3.692509,4.51853,-4.4,7.621024
13348,-3.704577,4.534982,-4.4,7.621024
13349,-3.714551,4.547824,-4.4,7.621024
13350,-3.725112,4.56285,-4.4,7.621024
13351,-3.738125,4.581489,-4.4,7.621024
13352,-3.751001,4.601855,-4.4,7.621024
13353,-3.764273,4.622561,-4.4,7.621024
13354,-3.777416,4.642675,-4.4,7.621024
13355,-3.791956,4.665619,-4.4,7.621024
13356,-3.807764,4.686008,-4.4,7.621024
13357,-3.827433,4.707679,-4.4,7.621024
13358,-3.846762,4.731097,-4.4,7.621024
13359,-3.865173,4.754381,-4.4,7.621024
13360,-3.883528,4.776935,-4.4,7.621024
13361,-3.90108,4.799406,-4.4,7.621024
13362,-3.916861,4.82124,-4.4,7.621024
13363,-3.932214,4.842801,-4.4,7.621024
13364,-3.952634,4.86421,-4.4,7.621024
13365,-3.968097,4.88544,-4.4,7.621024
13366,-3.984438,4.904881,-4.4,7.621024
13367,-4.002697,4.921835,-4.4,7.621024
13368,-4.02153,4.942019,-4.4,7.621024
13369,-4.038607,4.964403,-4.4,7.621024
13370,-4.057509,4.987624,-4.4,7.621024
13371,-4.074978,5.012771,-4.4,7.621024
13372,-4.091767,5.037587,-4.4,7.621024
13373,-4.10538,5.061421,-4.4,7.621024
13374,-4.11799,5.085213,-4.4,7.621024
13375,-4.129336,5.112293,-4.4,7.621024
13376,-4.138575,5.141433,-4.4,7.621024
13377,-4.146743,5.171176,-4.4,7.621024
13378,-4.154878,5.20274,-4.4,7.621024
13379,-4.161276,5.232412,-4.4,7.621024
13380,-4.167478,5.26193,-4.4,7.621024
13381,-4.171761,5.293109,-4.4,7.621024
13382,-4.176822,5.325763,-4.4,7.621024
13383,-4.183469,5.359722,-4.4,7.621024
13384,-4.190344,5.394886,-4.4,7.621024
13385,-4.196262,5.431177,-4.4,7.621024
13386,-4.203131,5.466589,-4.4,7.621024
13387,-4.206648,5.499474,-4.4,7.621024
13388,-4.209864,5.52621,-4.4,7.621024
13389,-4.214459,5.547143,-4.4,7.621024
13390,-4.220051,5.571587,-4.4,7.621024
13391,-4.227136,5.597856,-4.4,7.621024
13392,-4.233922,5.619715,-4.4,7.621024
13393,-4.238477,5.640796,-4.4,7.621024
13394,-4.243272,5.6611,-4.4,7.621024
13395,-4.250593,5.681187,-4.4,7.621024
13396,-4.258874,5.70085,-4.4,7.621024
13397,-4.267554,5.726082,-4.4,7.621024
13398,-4.276125,5.749524,-4.4,7.621024
13399,-4.283421,5.769273,-4.4,7.621024
13400,-4.290115,5.789503,-4.4,7.621024
13401,-4.299901,5.812299,-4.4,7.621024
13402,-4.309808,5.836873,-4.4,7.621024
13403,-4.319323,5.859742,-4.4,7.621024
13404,-4.328162,5.885379,-4.4,7.621024
13405,-4.336778,5.909045,-4.4,7.621024
13406,-4.346243,5.934883,-4.4,7.621024
13407,-4.358039,5.959796,-4.4,7.621024
13408,-4.371176,5.985173,-4.4,7.621024
13409,-4.384167,6.012774,-4.4,7.621024
13410,-4.3952,6.040635,-4.4,7.621024
13411,-4.406729,6.069201,-4.4,7.621024
13412,-4.419931,6.099158,-4.4,7.621024
13413,-4.431803,6.126565,-4.4,7.621024
13414,-4.442602,6.154224,-4.4,7.621024
13415,-4.453154,6.179736,-4.4,7.621024
13416,-4.464718,6.20347,-4.4,7.621024
13417,-4.477069,6.227454,-4.4,7.621024
13418,-4.489806,6.254759,-4.4,7.621024
13419,-4.501107,6.278238,-4.4,7.621024
13420,-4.511881,6.304475,-4.4,7.621024
13421,-4.522983,6.32978,-4.4,7.621024
13422,-4.533111,6.355761,-4.4,7.621024
13423,-4.54262,6.384975,-4.4,7.621024
13424,-4.548605,6.409741,-4.4,7.621024
13425,-4.554224,6.434223,-4.4,7.621024
13426,-4.56112,6.459671,-4.4,7.621024
13427,-4.567445,6.48622,-4.4,7.621024
13428,-4.570566,6.513139,-4.4,7.621024
13429,-4.572251,6.541369,-4.4,7.621024
13430,-4.57312,6.572784,-4.4,7.621024
13431,-4.572486,6.601343,-4.4,7.621024
13432,-4.571204,6.635291,-4.4,7.621024
13433,-4.570317,6.66584,-4.4,7.621024
13434,-4.569994,6.696681,-4.4,7.621024
13435,-4.568675,6.730419,-4.4,7.621024
13436,-4.568228,6.760929,-4.4,7.621024
13437,-4.566891,6.797232,-4.4,7.621024
13438,-4.565053,6.831022,-4.4,7.621024
13439,-4.562447,6.866491,-4.4,7.621024
13440,-4.559482,6.899965,-4.4,7.621024
13441,-4.555294,6.931628,-4.4,7.621024
13442,-4.552942,6.961159,-4.4,7.621024
13443,-4.551886,6.98381,-4.4,7.621024
13444,-4.551275,7.006178,-4.4,7.621024
13445,-4.550099,7.028283,-4.4,7.621024
13446,-4.547321,7.049517,-4.4,7.621024
13447,-4.547546,7.069996,-4.4,7.621024
13448,-4.549653,7.09159,-4.4,7.621024
13449,-4.551311,7.110129,-4.4,7.621024
13450,-4.554166,7.134811,-4.4,7.621024
13451,-4.556722,7.15825,-4.4,7.621024
13452,-4.562017,7.180461,-4.4,7.621024
13453,-4.567104,7.205368,-4.4,7.621024
13454,-4.568678,7.225457,-4.4,7.621024
13455,-4.570764,7.242398,0,-8.8
13456,-4.575122,7.258541,0,-8.8
13457,-4.580067,7.275429,0,-8.8
13458,-4.585887,7.291875,0,-8.8
13459,-4.594379,7.308146,0,-8.8
13460,-4.605279,7.325245,0,-8.8
13461,-4.615749,7.341635,0,-8.8
13462,-4.626373,7.358974,0,-8.8
13463,-4.636065,7.376119,0,-8.8
13464,-4.645359,7.390291,0,-8.8
13465,-4.654556,7.404884,0,-8.8
13466,-4.660368,7.421301,0,-8.8
13467,-4.662588,7.443567,0,-8.8
13468,-4.659063,7.467176,0,-8.8
13469,-4.651792,7.490525,0,-8.8
13470,-4.64572,7.511892,0,-8.8
13471,-4.638361,7.527586,0,-8.8
13472,-4.632051,7.54245,0,-8.8
13473,-4.622318,7.556408,0,-8.8
13474,-4.612854,7.567147,0,-8.8
13475,-4.600573,7.576591,0,-8.8
13476,-4.585805,7.582485,0,-8.8
13477,-4.571213,7.586112,0,-8.8
13478,-4.555856,7.585057,0,-8.8
13479,-4.539183,7.582148,0,-8.8
13480,-4.52392,7.576254,0,-8.8
13481,-4.509036,7.567391,0,-8.8
13482,-4.494706,7.557372,0,-8.8
13483,-4.479552,7.548592,0,-8.8
13484,-4.467706,7.539772,0,-8.8
13485,-4.453129,7.529401,0,-8.8
13486,-4.437468,7.518312,0,-8.8
13487,-4.421845,7.507473,0,-8.8
13488,-4.405046,7.494507,0,-8.8
13489,-4.387649,7.483885,0,-8.8
13490,-4.373325,7.472933,0,-8.8
13491,-4.362099,7.465779,0,-8.8
13492,-4.350798,7.458401,0,-8.8
13493,-4.338911,7.451125,0,-8.8
13494,-4.32409,7.441004,0,-8.8
13495,-4.310978,7.431052,0,-8.8
13496,-4.2976,7.420802,0,-8.8
13497,-4.284176,7.409693,0,-8.8
13498,-4.27196,7.401555,0,-8.8
13499,-4.25876,7.39436,0,-8.8
13500,-4.243879,7.387686,0,-8.8
13501,-4.229896,7.382621,0,-8.8
13502,-4.217531,7.377673,0,-8.8
13503,-4.203439,7.371362,0,-8.8
13504,-4.18599,7.364456,0,-8.8
13505,-4.173962,7.361898,0,-8.8
13506,-4.157692,7.359574,0,-8.8
13507,-4.142536,7.357333,0,-8.8
13508,-4.124699,7.353787,0,-8.8
13509,-4.107513,7.354251,0,-8.8
13510,-4.093566,7.354857,0,-8.8
13511,-4.077559,7.353984,0,-8.8
13512,-4.061959,7.353391,0,-8.8
13513,-4.046877,7.353203,0,-8.8
13514,-4.029383,7.352295,0,-8.8
13515,-4.01577,7.350276,0,-8.8
13516,-4.002924,7.34843,0,-8.8
13517,-3.990942,7.347518,0,-8.8
13518,-3.977375,7.346134,0,-8.8
13519,-3.965607,7.341789,0,-8.8
13520,-3.954036,7.338842,0,-8.8
13521,-3.940569,7.334969,0,-8.8
13522,-3.928268,7.33024,0,-8.8
13523,-3.914268,7.32757,0,-8.8
13524,-3.898844,7.322368,0,-8.8
13525,-3.881392,7.315274,0,-8.8
13526,-3.865187,7.308141,0,-8.8
13527,-3.850395,7.302104,0,-8.8
13528,-3.833121,7.293024,0,-8.8
13529,-3.816454,7.283903,0,-8.8
13530,-3.800625,7.273963,0,-8.8
13531,-3.784724,7.264006,0,-8.8
13532,-3.770927,7.255508,0,-8.8
13533,-3.756986,7.246121,0,-8.8
13534,-3.744077,7.234559,0,-8.8
13535,-3.73184,7.223621,0,-8.8
13536,-3.720298,7.213141,0,-8.8
13537,-3.709139,7.199189,0,-8.8
13538,-3.69885,7.177228,0,-8.8
13539,-3.688094,7.153405,0,-8.8
13540,-3.677282,7.127924,0,-8.8
13541,-3.668461,7.100252,0,-8.8
13542,-3.661075,7.074416,0,-8.8
13543,-3.654806,7.049145,0,-8.8
13544,-3.649014,7.023651,0,-8.8
13545,-3.639883,6.995972,0,-8.8
13546,-3.6305,6.968576,0,-8.8
13547,-3.621588,6.940677,0,-8.8
13548,-3.61134,6.908685,0,-8.8
13549,-3.60266,6.876171,0,-8.8
13550,-3.594222,6.848924,0,-8.8
13551,-3.58533,6.821085,0,-8.8
13552,-3.58219,6.799257,0,-8.8
13553,-3.57876,6.779965,0,-8.8
13554,-3.570851,6.759377,0,-8.8
13555,-3.562031,6.738464,0,-8.8
13556,-3.553365,6.718974,0,-8.8
13557,-3.544828,6.699884,0,-8.8
13558,-3.535599,6.680963,0,-8.8
13559,-3.526172,6.661704,0,-8.8
13560,-3.514252,6.641856,0,-8.8
13561,-3.500453,6.620619,0,-8.8
13562,-3.48977,6.600212,0,-8.8
13563,-3.477657,6.58056,0,-8.8
13564,-3.465966,6.560428,0,-8.8
13565,-3.452526,6.539482,0,-8.8
13566,-3.438619,6.515771,0,-8.8
13567,-3.425725,6.492893,0,-8.8
13568,-3.413902,6.469602,0,-8.8
13569,-3.400548,6.445261,0,-8.8
13570,-3.386909,6.422043,0,-8.8
13571,-3.375278,6.400797,0,-8.8
13572,-3.362343,6.376633,0,-8.8
13573,-3.349359,6.354131,0,-8.8
13574,-3.333122,6.327988,0,-8.8
13575,-3.317602,6.301952,0,-8.8
13576,-3.303124,6.278063,0,-8.8
13577,-3.288998,6.254196,0,-8.8
13578,-3.273215,6.230319,0,-8.8
13579,-3.258877,6.205732,0,-8.8
13580,-3.243977,6.183114,0,-8.8
13581,-3.226941,6.156914,0,-8.8
13582,-3.213697,6.129673,0,-8.8
13583,-3.198742,6.106206,0,-8.8
13584,-3.186151,6.083302,0,-8.8
13585,-3.173283,6.059841,0,-8.8
13586,-3.16311,6.035093,0,-8.8
13587,-3.153726,6.008034,0,-8.8
13588,-3.147269,5.981107,0,-8.8
13589,-3.140307,5.955891,0,-8.8
13590,-3.132004,5.929501,0,-8.8
13591,-3.125233,5.902186,0,-8.8
13592,-3.118767,5.87246,0,-8.8
13593,-3.113968,5.840756,0,-8.8
13594,-3.109825,5.808897,0,-8.8
13595,-3.105453,5.77724,0,-8.8
13596,-3.100388,5.743224,0,-8.8
13597,-3.094738,5.707563,0,-8.8
13598,-3.090209,5.672935,0,-8.8
13599,-3.087247,5.63938,0,-8.8
13600,-3.084426,5.609014,0,-8.8
13601,-3.082015,5.578359,0,-8.8
13602,-3.079696,5.549819,0,-8.8
13603,-3.076538,5.523166,0,-8.8
13604,-3.072539,5.49946,0,-8.8
13605,-3.068384,5.477549,0,-8.8
13606,-3.065128,5.454328,0,-8.8
13607,-3.060467,5.43405,0,-8.8
13608,-3.053307,5.413775,0,-8.8
13609,-3.047657,5.393978,0,-8.8
13610,-3.040452,5.370812,0,-8.8
13611,-3.029533,5.348233,0,-8.8
13612,-3.022486,5.325486,0,-8.8
13613,-3.015016,5.30231,0,-8.8
13614,-3.007863,5.281188,0,-8.8
13615,-2.997861,5.25965,0,-8.8
13616,-2.987436,5.237598,0,-8.8
13617,-2.978612,5.215909,0,-8.8
13618,-2.970203,5.193593,0,-8.8
13619,-2.960561,5.169294,0,-8.8
13620,-2.951513,5.144206,0,-8.8
13621,-2.944514,5.120471,0,-8.8
13622,-2.934976,5.094971,0,-8.8
13623,-2.924306,5.067806,0,-8.8
13624,-2.911054,5.041651,0,-8.8
13625,-2.895859,5.012696,0,-8.8
13626,-2.879598,4.982583,0,-8.8
13627,-2.866001,4.954345,0,-8.8
13628,-2.851661,4.929036,0,-8.8
13629,-2.836483,4.902741,0,-8.8
13630,-2.821886,4.876236,0,-8.8
13631,-2.805624,4.85148,0,-8.8
13632,-2.794549,4.827394,0,-8.8
13633,-2.780399,4.801786,0,-8.8
13634,-2.768871,4.774932,0,-8.8
13635,-2.754811,4.749521,0,-8.8
13636,-2.740523,4.723751,0,-8.8
13637,-2.72671,4.697443,0,-8.8
13638,-2.713825,4.670581,0,-8.8
13639,-2.70202,4.644731,0,-8.8
13640,-2.693608,4.617816,0,-8.8
13641,-2.684606,4.591586,0,-8.8
13642,-2.675187,4.56591,0,-8.8
13643,-2.666343,4.538983,0,-8.8
13644,-2.657797,4.511015,0,-8.8
13645,-2.649717,4.480111,0,-8.8
13646,-2.641155,4.448098,0,-8.8
13647,-2.632458,4.416823,0,-8.8
13648,-2.625066,4.38578,0,-8.8
13649,-2.61903,4.354791,0,-8.8
13650,-2.613344,4.322418,0,-8.8
13651,-2.607359,4.28824,0,-8.8
13652,-2.602274,4.254193,0,-8.8
13653,-2.596396,4.222406,0,-8.8
13654,-2.590594,4.19137,0,-8.8
13655,-2.584117,4.160184,0,-8.8
13656,-2.580179,4.134598,0,-8.8
13657,-2.575322,4.10954,0,-8.8
13658,-2.570792,4.085293,0,-8.8
13659,-2.565237,4.064395,0,-8.8
13660,-2.554969,4.044021,0,-8.8
13661,-2.547421,4.02346,0,-8.8
13662,-2.541032,4.004186,0,-8.8
13663,-2.533163,3.983319,0,-8.8
13664,-2.52564,3.96387,0,-8.8
13665,-2.515037,3.943172,0,-8.8
13666,-2.506687,3.923302,0,-8.8
13667,-2.497646,3.899939,0,-8.8
13668,-2.486371,3.875997,0,-8.8
13669,-2.474333,3.853374,0,-8.8
13670,-2.461879,3.829115,0,-8.8
13671,-2.451631,3.807169,0,-8.8
13672,-2.442474,3.7859,0,-8.8
13673,-2.431375,3.761499,0,-8.8
13674,-2.418434,3.736046,0,-8.8
13675,-2.40764,3.712913,0,-8.8
13676,-2.396001,3.686037,0,-8.8
13677,-2.383959,3.66033,0,-8.8
13678,-2.370792,3.636073,0,-8.8
13679,-2.355898,3.609871,0,-8.8
13680,-2.339395,3.584694,0,-8.8
13681,-2.323029,3.557784,0,-8.8
13682,-2.308762,3.531777,0,-8.8
13683,-2.293273,3.504255,0,-8.8
13684,-2.276791,3.477993,0,-8.8
13685,-2.261299,3.45151,0,-8.8
13686,-2.24142,3.422832,0,-8.8
13687,-2.223351,3.393909,0,-8.8
13688,-2.205399,3.366586,0,-8.8
13689,-2.188043,3.337762,0,-8.8
13690,-2.171493,3.313918,0,-8.8
13691,-2.156161,3.291616,0,-8.8
13692,-2.139416,3.265732,0,-8.8
13693,-2.125621,3.239973,0,-8.8
13694,-2.113775,3.214361,0,-8.8
13695,-2.104187,3.187272,0,-8.8
13696,-2.094292,3.159075,0,-8.8
13697,-2.082562,3.129669,0,-8.8
13698,-2.072715,3.09742,0,-8.8
13699,-2.064426,3.064861,0,-8.8
13700,-2.058692,3.033531,0,-8.8
13701,-2.05226,3.002102,0,-8.8
13702,-2.045624,2.96936,0,-8.8
13703,-2.039005,2.935666,0,-8.8
13704,-2.032753,2.901526,0,-8.8
13705,-2.025777,2.869495,0,-8.8
13706,-2.019261,2.834118,0,-8.8
13707,-2.012431,2.800796,0,-8.8
13708,-2.005116,2.76811,0,-8.8
13709,-1.996729,2.737902,0,-8.8
13710,-1.988327,2.711077,0,-8.8
13711,-1.982103,2.687653,0,-8.8
13712,-1.974846,2.665255,0,-8.8
13713,-1.968099,2.641544,0,-8.8
13714,-1.959878,2.62096,0,-8.8
13715,-1.950343,2.600172,0,-8.8
13716,-1.940209,2.57954,0,-8.8
13717,-1.928162,2.557939,0,-8.8
13718,-1.917692,2.539509,0,-8.8
13719,-1.906454,2.515265,0,-8.8
13720,-1.895393,2.490529,0,-8.8
13721,-1.882448,2.466294,0,-8.8
13722,-1.869713,2.44348,0,-8.8
13723,-1.857226,2.422488,0,-8.8
13724,-1.844978,2.403272,0,-8.8
13725,-1.832939,2.382293,0,-8.8
13726,-1.822175,2.363385,0,-8.8
13727,-1.811814,2.342434,0,-8.8
13728,-1.80211,2.32118,0,-8.8
13729,-1.792463,2.299744,0,-8.8
13730,-1.780831,2.276941,0,-8.8
13731,-1.766824,2.25265,0,-8.8
13732,-1.750506,2.229094,0,-8.8
13733,-1.733838,2.204514,0,-8.8
13734,-1.71736,2.178802,0,-8.8
13735,-1.702513,2.155852,0,-8.8
13736,-1.687462,2.132385,0,-8.8
13737,-1.672132,2.1106,0,-8.8
13738,-1.656466,2.088164,0,-8.8
13739,-1.642362,2.064867,0,-8.8
13740,-1.629034,2.042283,0,-8.8
13741,-1.610553,2.020281,0,-8.8
13742,-1.593783,1.994806,0,-8.8
13743,-1.576505,1.97054,0,-8.8
13744,-1.562304,1.947795,0,-8.8
13745,-1.550316,1.923566,0,-8.8
13746,-1.53675,1.898314,0,-8.8
13747,-1.523504,1.873492,0,-8.8
13748,-1.511846,1.848048,0,-8.8
13749,-1.500397,1.82346,0,-8.8
13750,-1.491932,1.797118,0,-8.8
13751,-1.483681,1.770056,0,-8.8
13752,-1.475722,1.740705,0,-8.8
13753,-1.470717,1.710681,0,-8.8
13754,-1.466542,1.683391,0,-8.8
13755,-1.461466,1.654303,0,-8.8
13756,-1.457067,1.624201,0,-8.8
13757,-1.452447,1.595315,0,-8.8
13758,-1.448852,1.560559,0,-8.8
13759,-1.445988,1.528459,0,-8.8
13760,-1.443251,1.49903,0,-8.8
13761,-1.43794,1.468891,0,-8.8
13762,-1.432731,1.436578,0,-8.8
13763,-1.428955,1.404218,0,-8.8
13764,-1.426395,1.376657,0,-8.8
13765,-1.422805,1.352082,0,-8.8
13766,-1.419544,1.327626,0,-8.8
13767,-1.416148,1.307374,0,-8.8
13768,-1.410296,1.290167,0,-8.8
13769,-1.404011,1.268929,0,-8.8
13770,-1.394421,1.24908,0,-8.8
13771,-1.386803,1.227238,0,-8.8
13772,-1.380669,1.205668,0,-8.8
13773,-1.375195,1.182692,0,-8.8
13774,-1.366194,1.158197,0,-8.8
13775,-1.358531,1.137068,0,-8.8
13776,-1.35088,1.116067,0,-8.8
13777,-1.342022,1.09323,0,-8.8
13778,-1.33302,1.069373,0,-8.8
13779,-1.324833,1.047152,0,-8.8
13780,-1.316374,1.02637,0,-8.8
13781,-1.308889,1.003214,0,-8.8
13782,-1.301455,0.9794903,0,-8.8
13783,-1.293866,0.9555026,0,-8.8
13784,-1.28614,0.9319334,0,-8.8
13785,-1.276736,0.9088123,0,-8.8
13786,-1.266092,0.8840195,0,-8.8
13787,-1.250763,0.8579828,0,-8.8
13788,-1.235547,0.8327414,0,-8.8
13789,-1.221496,0.804476,0,-8.8
13790,-1.210092,0.779458,0,-8.8
13791,-1.196534,0.7515364,0,-8.8
13792,-1.183065,0.7215347,0,-8.8
13793,-1.170082,0.6935433,0,-8.8
13794,-1.155243,0.6638075,0,-8.8
13795,-1.138548,0.6328136,0,-8.8
13796,-1.123077,0.6009146,0,-8.8
13797,-1.109389,0.5721466,0,-8.8
13798,-1.094831,0.5463398,0,-8.8
13799,-1.081204,0.5181494,0,-8.8
13800,-1.068231,0.4911725,0,-8.8
13801,-1.056763,0.4632135,0,-8.8
13802,-1.048058,0.4339722,0,-8.8
13803,-1.038955,0.4061067,0,-8.8
13804,-1.032688,0.3760964,0,-8.8
13805,-1.028242,0.3442309,0,-8.8
13806,-1.023102,0.3112949,0,-8.8
13807,-1.017455,0.2800752,0,-8.8
13808,-1.011852,0.2477301,0,-8.8
13809,-1.007041,0.2163248,0,-8.8
13810,-1.001708,0.1842197,0,-8.8
13811,-0.9971147,0.1512471,0,-8.8
13812,-0.9914856,0.1191451,0,-8.8
13813,-0.9866019,0.08591081,0,-8.8
13814,-0.9827181,0.05251427,0,-8.8
13815,-0.9806313,0.02137015,0,-8.8
13816,-0.9799892,-0.009051904,0,-8.8
13817,-0.9772003,-0.03685353,0,-8.8
13818,-0.9735885,-0.06264546,0,-8.8
13819,-0.9682714,-0.0894593,0,-8.8
13820,-0.9620411,-0.1154755,0,-8.8
13821,-0.9577608,-0.13467,0,-8.8
13822,-0.9531536,-0.1544097,0,-8.8
13823,-0.9497246,-0.1744768,0,-8.8
13824,-0.9474972,-0.1954873,0,-8.8
13825,-0.9454536,-0.2167291,0,-8.8
13826,-0.9410354,-0.2407949,0,-8.8
13827,-0.9356608,-0.2631417,0,-8.8
13828,-0.927904,-0.2855515,0,-8.8
13829,-0.9177374,-0.3093261,0,-8.8
13830,-0.9061069,-0.3336878,0,-8.8
13831,-0.8962126,-0.356135,0,-8.8
13832,-0.8877253,-0.3768901,0,-8.8
13833,-0.880823,-0.3988333,0,-8.8
13834,-0.8745124,-0.4208803,0,-8.8
13835,-0.8661582,-0.4425522,0,-8.8
13836,-0.8587171,-0.4645224,0,-8.8
13837,-0.8497273,-0.4880876,0,-8.8
13838,-0.8404317,-0.5132768,0,-8.8
13839,-0.8308049,-0.5405055,0,-8.8
13840,-0.8176121,-0.5694665,0,-8.8
13841,-0.8027278,-0.5988699,0,-8.8
13842,-0.7875182,-0.6291775,0,-8.8
13843,-0.7736272,-0.6592534,0,-8.8
13844,-0.7613623,-0.684823,0,-8.8
13845,-0.7484065,-0.7106473,0,-8.8
13846,-0.7348863,-0.7367689,0,-8.8
13847,-0.7199661,-0.7655207,0,-8.8
13848,-0.7040913,-0.7933462,0,-8.8
13849,-0.6910764,-0.8223985,0,-8.8
13850,-0.6777003,-0.8489252,0,-8.8
13851,-0.6655916,-0.8763916,0,-8.8
13852,-0.6524918,-0.9027548,0,-8.8
13853,-0.6420062,-0.9241973,0,-8.8
13854,-0.6290977,-0.947726,0,-8.8
13855,-0.6177447,-0.9758541,0,-8.8
13856,-0.6076004,-1.001165,0,-8.8
13857,-0.6003243,-1.028491,0,-8.8
13858,-0.5947034,-1.056807,0,-8.8
13859,-0.5905544,-1.08845,0,-8.8
13860,-0.5861446,-1.121094,0,-8.8
13861,-0.5830099,-1.150794,0,-8.8
13862,-0.5793064,-1.184206,0,-8.8
13863,-0.5749341,-1.216744,0,-8.8
13864,-0.571494,-1.250696,0,-8.8
13865,-0.5679427,-1.286377,0,-8.8
13866,-0.5638235,-1.321592,0,-8.8
13867,-0.5606354,-1.357973,0,-8.8
13868,-0.5572901,-1.394279,0,-8.8
13869,-0.5541583,-1.429813,0,-8.8
13870,-0.5532612,-1.464933,0,-8.8
13871,-0.5516714,-1.496968,0,-8.8
13872,-0.548989,-1.52429,0,-8.8
13873,-0.545815,-1.548802,0,-8.8
13874,-0.5432345,-1.572664,0,-8.8
13875,-0.5395458,-1.596089,0,-8.8
13876,-0.5347472,-1.618638,0,-8.8
13877,-0.528073,-1.644189,0,-8.8
13878,-0.5198364,-1.666968,0,-8.8
13879,-0.5116296,-1.69079,0,-8.8
13880,-0.5040427,-1.717185,0,-8.8
13881,-0.4965124,-1.742115,0,-8.8
13882,-0.4898522,-1.765872,0,-8.8
13883,-0.4822047,-1.790529,0,-8.8
13884,-0.4762119,-1.814454,0,-8.8
13885,-0.4699186,-1.836454,0,-8.8
13886,-0.4626108,-1.858109,0,-8.8
13887,-0.4566792,-1.879048,0,-8.8
13888,-0.4501556,-1.899817,0,-8.8
13889,-0.443277,-1.922838,0,-8.8
13890,-0.436084,-1.947171,0,-8.8
13891,-0.4274881,-1.972303,0,-8.8
13892,-0.4152411,-1.999854,0,-8.8
13893,-0.402766,-2.026716,0,-8.8
13894,-0.3899588,-2.052704,0,-8.8
13895,-0.3781278,-2.081492,0,-8.8
13896,-0.3653851,-2.109747,0,-8.8
13897,-0.3538158,-2.137245,0,-8.8
13898,-0.3437196,-2.164025,0,-8.8
13899,-0.3318574,-2.189761,0,-8.8
13900,-0.3208502,-2.215697,0,-8.8
13901,-0.3130856,-2.243023,0,-8.8
13902,-0.2997179,-2.270801,0,-8.8
13903,-0.2878977,-2.298217,0,-8.8
13904,-0.2750712,-2.325787,0,-8.8
13905,-0.2631139,-2.352844,0,-8.8
13906,-0.2543588,-2.379618,0,-8.8
13907,-0.2451268,-2.408623,0,-8.8
13908,-0.2362093,-2.436234,0,-8.8
13909,-0.2297966,-2.463429,0,-8.8
13910,-0.2220446,-2.489183,0,-8.8
13911,-0.2156248,-2.516717,0,-8.8
13912,-0.2092274,-2.546478,0,-8.8
13913,-0.204287,-2.575833,0,-8.8
13914,-0.1996325,-2.606772,0,-8.8
13915,-0.1957782,-2.638796,0,-8.8
13916,-0.1912834,-2.668199,0,-8.8
13917,-0.188769,-2.698832,0,-8.8
13918,-0.1874655,-2.728116,0,-8.8
13919,-0.1868813,-2.758149,0,-8.8
13920,-0.1867304,-2.789161,0,-8.8
13921,-0.1858398,-2.823941,0,-8.8
13922,-0.1843862,-2.858339,0,-8.8
13923,-0.1843671,-2.887835,0,-8.8
13924,-0.1837341,-2.91628,0,-8.8
13925,-0.1835545,-2.943173,0,-8.8
13926,-0.1824536,-2.971829,0,-8.8
13927,-0.1805537,-2.998124,0,-8.8
13928,-0.1782584,-3.024527,0,-8.8
13929,-0.1759282,-3.049367,0,-8.8
13930,-0.1730482,-3.072443,0,-8.8
13931,-0.1685925,-3.096174,0,-8.8
13932,-0.164878,-3.117311,0,-8.8
13933,-0.1596133,-3.139596,0,-8.8
13934,-0.1554171,-3.162605,0,-8.8
13935,-0.1491456,-3.185431,0,-8.8
13936,-0.1424918,-3.209977,0,-8.8
13937,-0.1355752,-3.23202,0,-8.8
13938,-0.1271837,-3.255686,0,-8.8
13939,-0.1206366,-3.279712,0,-8.8
13940,-0.1151248,-3.306458,0,-8.8
13941,-0.1094077,-3.331655,0,-8.8
13942,-0.1038501,-3.354928,0,-8.8
13943,-0.09695883,-3.380354,0,-8.8
13944,-0.08873536,-3.40792,0,-8.8
13945,-0.07980213,-3.435763,0,-8.8
13946,-0.07232099,-3.462946,0,-8.8
13947,-0.0625849,-3.492457,0,-8.8
13948,-0.05159249,-3.523335,0,-8.8
13949,-0.04140786,-3.554994,0,-8.8
13950,-0.03141895,-3.588178,0,-8.8
13951,-0.0213165,-3.618954,0,-8.8
13952,-0.01080512,-3.646595,0,-8.8
13953,-0.0008786488,-3.672306,0,-8.8
13954,0.009331143,-3.695408,0,-8.8
13955,0.01827979,-3.720975,0,-8.8
13956,0.02782771,-3.747263,0,-8.8
13957,0.03716636,-3.77253,0,-8.8
13958,0.04566165,-3.79788,0,-8.8
13959,0.05617509,-3.825598,0,-8.8
13960,0.06491249,-3.853702,0,-8.8
13961,0.07336489,-3.880698,0,-8.8
13962,0.08103144,-3.909393,0,-8.8
13963,0.08874375,-3.937962,0,-8.8
13964,0.09457126,-3.964517,0,-8.8
13965,0.09725297,-3.991001,0,-8.8
13966,0.09932897,-4.017937,0,-8.8
13967,0.1028086,-4.046406,0,-8.8
13968,0.1065436,-4.076966,0,-8.8
13969,0.1086465,-4.112884,0,-8.8
13970,0.1081555,-4.148867,0,-8.8
13971,0.1078986,-4.180233,0,-8.8
13972,0.1085074,-4.210876,0,-8.8
13973,0.1095169,-4.241698,0,-8.8
13974,0.1093647,-4.272501,0,-8.8
13975,0.1098887,-4.303672,0,-8.8
13976,0.109446,-4.335665,0,-8.8
13977,0.1088973,-4.368029,0,-8.8
13978,0.1074457,-4.399534,0,-8.8
13979,0.106293,-4.428961,0,-8.8
13980,0.1056185,-4.456919,0,-8.8
13981,0.1044307,-4.48489,0,-8.8
13982,0.1037114,-4.510293,0,-8.8
13983,0.1030833,-4.536104,0,-8.8
13984,0.102543,-4.560282,0,-8.8
13985,0.1030707,-4.584665,0,-8.8
13986,0.106047,-4.606066,0,-8.8
13987,0.1103227,-4.628399,0,-8.8
13988,0.1122542,-4.648827,0,-8.8
13989,0.1151904,-4.671206,0,-8.8
13990,0.1204252,-4.692698,0,-8.8
13991,0.1275107,-4.717673,0,-8.8
13992,0.1321367,-4.738882,0,-8.8
13993,0.1388174,-4.760363,0,-8.8
13994,0.1459583,-4.782333,0,-8.8
13995,0.1511678,-4.807369,0,-8.8
13996,0.1572004,-4.832758,0,-8.8
13997,0.162395,-4.857629,0,-8.8
13998,0.1664314,-4.880958,0,-8.8
13999,0.1727569,-4.908525,0,-8.8
14000,0.1789081,-4.934504,0,-8.8
14001,0.1856979,-4.961449,0,-8.8
14002,0.1919455,-4.990571,0,-8.8
14003,0.2007021,-5.021757,0,-8.8
14004,0.2094624,-5.052945,0,-8.8
14005,0.2189949,-5.082373,0,-8.8
14006,0.229573,-5.113117,0,-8.8
14007,0.2385185,-5.139362,0,-8.8
14008,0.249691,-5.164095,0,-8.8
14009,0.2590933,-5.187147,0,-8.8
14010,0.268526,-5.212703,0,-8.8
14011,0.2755971,-5.238678,0,-8.8
14012,0.2834172,-5.269608,0,-8.8
14013,0.2909268,-5.29962,0,-8.8
14014,0.2976975,-5.327826,0,-8.8
14015,0.3036517,-5.356449,0,-8.8
14016,0.3093739,-5.385934,0,-8.8
14017,0.3147242,-5.415183,0,-8.8
14018,0.3181113,-5.442364,0,-8.8
14019,0.3195733,-5.470689,0,-8.8
14020,0.3184493,-5.501685,0,-8.8
14021,0.3173171,-5.532341,0,-8.8
14022,0.3163024,-5.565424,0,-8.8
14023,0.3140903,-5.598661,0,-8.8
14024,0.3110155,-5.630477,0,-8.8
14025,0.3087882,-5.661253,0,-8.8
14026,0.3061311,-5.693983,0,-8.8
14027,0.3020122,-5.724312,0,-8.8
14028,0.2970262,-5.755026,0,-8.8
14029,0.2942318,-5.785429,0,-8.8
14030,0.2912856,-5.818001,0,-8.8
14031,0.2873447,-5.847115,0,-8.8
14032,0.2819937,-5.873649,0,-8.8
14033,0.2778429,-5.898295,0,-8.8
14034,0.2746747,-5.922048,0,-8.8
14035,0.2720378,-5.948487,0,-8.8
14036,0.268812,-5.972498,0,-8.8
14037,0.2707144,-5.995953,0,-8.8
14038,0.2720371,-6.015762,0,-8.8
14039,0.2714487,-6.035602,0,-8.8
14040,0.2728512,-6.05895,0,-8.8
14041,0.2737277,-6.08361,0,-8.8
14042,0.2756061,-6.10323,0,-8.8
14043,0.2777494,-6.123961,0,-8.8
14044,0.2789996,-6.144213,0,-8.8
14045,0.281529,-6.1688,0,-8.8
14046,0.2834266,-6.193095,0,-8.8
14047,0.2861983,-6.219141,0,-8.8
14048,0.2889517,-6.243379,0,-8.8
14049,0.290225,-6.269397,0,-8.8
14050,0.2915289,-6.297038,0,-8.8
14051,0.2950395,-6.323157,0,-8.8
14052,0.2981844,-6.347054,0,-8.8
14053,0.3017682,-6.372594,0,-8.8
14054,0.3067164,-6.397384,0,-8.8
14055,0.3119504,-6.423522,0,-8.8
14056,0.3166599,-6.452385,0,-8.8
14057,0.3212247,-6.483256,0,-8.8
14058,0.3262967,-6.512862,0,-8.8
14059,0.3315238,-6.540049,0,-8.8
14060,0.337688,-6.56619,0,-8.8
14061,0.3419691,-6.590906,0,-8.8
14062,0.3452436,-6.615409,0,-8.8
14063,0.3513059,-6.640938,0,-8.8
14064,0.3551288,-6.668128,0,-8.8
14065,0.3588224,-6.696923,0,-8.8
14066,0.3625686,-6.725037,0,-8.8
14067,0.3673759,-6.754878,0,-8.8
14068,0.3689956,-6.786508,0,-8.8
14069,0.3698368,-6.816124,0,-8.8
14070,0.3715345,-6.846491,0,-8.8
14071,0.3721576,-6.876823,0,-8.8
14072,0.3725604,-6.907673,0,-8.8
14073,0.3738936,-6.93941,0,-8.8
14074,0.3731374,-6.973288,0,-8.8
14075,0.371236,-7.005298,0,-8.8
14076,0.3681983,-7.037508,0,-8.8
14077,0.3633839,-7.071495,0,-8.8
14078,0.3586726,-7.105961,0,-8.8
14079,0.3539798,-7.139154,0,-8.8
14080,0.3480567,-7.17229,0,-8.8
14081,0.3416699,-7.204438,0,-8.8
14082,0.3340709,-7.237186,0,-8.8
14083,0.3272187,-7.264405,0,-8.8
14084,0.3226469,-7.293184,0,-8.8
14085,0.3177875,-7.322355,0,-8.8
14086,0.3145683,-7.348818,0,-8.8
14087,0.3101758,-7.373637,0,-8.8
14088,0.3073568,-7.395802,0,-8.8
14089,0.305815,-7.417305,0,-8.8
14090,0.3030915,-7.440287,0,-8.8
14091,0.3021523,-7.461791,0,-8.8
14092,0.3013882,-7.47983,0,-8.8
14093,0.3025573,-7.49492,0,-8.8
14094,0.3046574,-7.515759,0,-8.8
14095,0.3061101,-7.539589,0,-8.8
14096,0.3069467,-7.563721,0,-8.8
14097,0.3096357,-7.584106,0,-8.8
14098,0.312455,-7.606007,0,-8.8
14099,0.3121621,-7.627554,0,-8.8
14100,0.3137158,-7.651198,0,-8.8
14101,0.3151527,-7.676608,0,-8.8
14102,0.3163487,-7.699984,0,-8.8
14103,0.3181452,-7.723763,0,-8.8
14104,0.3201273,-7.752992,0,-8.8
14105,0.323524,-7.780488,0,-8.8
14106,0.3280373,-7.808866,0,-8.8
14107,0.3330032,-7.838099,0,-8.8
14108,0.3374923,-7.866046,0,-8.8
14109,0.3431128,-7.894539,0,-8.8
14110,0.3483465,-7.919308,0,-8.8
14111,0.3515879,-7.942576,0,-8.8
14112,0.35422,-7.963541,0,-8.8
14113,0.3568288,-7.986933,0,-8.8
14114,0.3578146,-8.008995,0,-8.8
14115,0.3592189,-8.033346,0,-8.8
14116,0.361537,-8.056789,0,-8.8
14117,0.363372,-8.080498,0,-8.8
14118,0.3649571,-8.103919,0,-8.8
14119,0.3670145,-8.131077,0,-8.8
14120,0.3680202,-8.156732,0,-8.8
14121,0.3706723,-8.177151,0,-8.8
14122,0.3704306,-8.201386,0,-8.8
14123,0.3701077,-8.225456,0,-8.8
14124,0.369137,-8.249937,0,-8.8
14125,0.367745,-8.278281,0,-8.8
14126,0.362806,-8.305075,0,-8.8
14127,0.356759,-8.330528,0,-8.8
14128,0.3505959,-8.357886,0,-8.8
14129,0.3426219,-8.385192,0,-8.8
14130,0.3322421,-8.410053,0,-8.8
14131,0.322608,-8.4331,0,-8.8
14132,0.3124996,-8.455244,0,-8.8
14133,0.3003764,-8.480329,0,-8.8
14134,0.2875465,-8.504674,0,-8.8
14135,0.2740895,-8.531157,0,-8.8
14136,0.2592192,-8.557549,0,-8.8
14137,0.2451478,-8.586185,0,-8.8
14138,0.230352,-8.612837,0,-8.8
14139,0.2142206,-8.641275,0,-8.8
14140,0.1972894,-8.669975,0,-8.8
14141,0.1810318,-8.693249,0,-8.8
14142,0.1670202,-8.715075,0,-8.8
14143,0.1552399,-8.735956,0,8.8
14144,0.143242,-8.756842,0,8.8
14145,0.1320126,-8.775919,0,8.8
14146,0.1211063,-8.795856,0,8.8
14147,0.10971,-8.817927,0,8.8
14148,0.1012584,-8.841483,0,8.8
14149,0.09270658,-8.862906,0,8.8
14150,0.08749116,-8.883641,0,8.8
14151,0.08504972,-8.902764,0,8.8
14152,0.08565526,-8.920758,0,8.8
14153,0.08751073,-8.937508,0,8.8
14154,0.09085748,-8.956843,0,8.8
14155,0.09235769,-8.97818,0,8.8
14156,0.09292475,-9.001525,0,8.8
14157,0.09026715,-9.025149,0,8.8
14158,0.08892809,-9.045228,0,8.8
14159,0.08478384,-9.06507,0,8.8
14160,0.07297947,-9.079684,0,8.8
14161,0.05959229,-9.092606,0,8.8
14162,0.04502823,-9.102867,0,8.8
14163,0.0283939,-9.11024,0,8.8
14164,0.01333681,-9.116978,0,8.8
14165,0.003862211,-9.123259,0,8.8
14166,-0.003967396,-9.128348,0,8.8
14167,-0.01391714,-9.13045,0,8.8
14168,-0.02416912,-9.131525,0,8.8
14169,-0.03537299,-9.132586,0,8.8
14170,-0.04632713,-9.131995,0,8.8
14171,-0.05760112,-9.128723,0,8.8
14172,-0.06803036,-9.126496,0,8.8
14173,-0.08119426,-9.12388,0,8.8
14174,-0.09403003,-9.12015,0,8.8
14175,-0.108547,-9.113839,0,8.8
14176,-0.1209086,-9.102457,0,8.8
14177,-0.1289966,-9.091645,0,8.8
14178,-0.134735,-9.081436,0,8.8
14179,-0.1439284,-9.06634,0,8.8
14180,-0.1524981,-9.052893,0,8.8
14181,-0.1604389,-9.037987,0,8.8
14182,-0.166674,-9.021223,0,8.8
14183,-0.1734408,-9.001698,0,8.8
14184,-0.1784325,-8.983176,0,8.8
14185,-0.1853664,-8.964063,0,8.8
14186,-0.1932226,-8.943823,0,8.8
14187,-0.200968,-8.922688,0,8.8
14188,-0.2087501,-8.900365,0,8.8
14189,-0.2141744,-8.881102,0,8.8
14190,-0.2197962,-8.866332,0,8.8
14191,-0.2277823,-8.851528,0,8.8
14192,-0.2353056,-8.834781,0,8.8
14193,-0.2417817,-8.816494,0,8.8
14194,-0.2480161,-8.795111,0,8.8
14195,-0.2522404,-8.774997,0,8.8
14196,-0.2591192,-8.75605,0,8.8
14197,-0.2661334,-8.736521,0,8.8
14198,-0.2735057,-8.715769,0,8.8
14199,-0.279882,-8.697453,0,8.8
14200,-0.2868499,-8.678999,0,8.8
14201,-0.2937066,-8.661654,0,8.8
14202,-0.3015588,-8.642552,0,8.8
14203,-0.30814,-8.625795,0,8.8
14204,-0.314266,-8.611155,0,8.8
14205,-0.3209947,-8.593959,0,8.8
14206,-0.3304383,-8.576793,0,8.8
14207,-0.3393445,-8.557354,0,8.8
14208,-0.3480572,-8.538176,0,8.8
14209,-0.3564361,-8.519094,0,8.8
14210,-0.3633198,-8.49994,0,8.8
14211,-0.3688888,-8.481908,0,8.8
14212,-0.3755222,-8.464078,0,8.8
14213,-0.3823659,-8.441492,0,8.8
14214,-0.3882097,-8.418452,0,8.8
14215,-0.3960918,-8.393698,0,8.8
14216,-0.4049456,-8.369569,0,8.8
14217,-0.4166974,-8.343635,0,8.8
14218,-0.4289421,-8.314135,0,8.8
14219,-0.4423748,-8.284838,0,8.8
14220,-0.4514788,-8.257678,0,8.8
14221,-0.4616642,-8.232653,0,8.8
14222,-0.4687418,-8.207113,0,8.8
14223,-0.4779224,-8.181884,0,8.8
14224,-0.4871137,-8.154733,0,8.8
14225,-0.4931532,-8.128051,0,8.8
14226,-0.5017438,-8.10385,0,8.8
14227,-0.5094844,-8.07633,0,8.8
14228,-0.5146639,-8.048521,0,8.8
14229,-0.5213097,-8.022583,0,8.8
14230,-0.5263687,-7.997326,0,8.8
14231,-0.5298373,-7.972497,0,8.8
14232,-0.5314078,-7.948212,0,8.8
14233,-0.5324007,-7.925311,0,8.8
14234,-0.5314975,-7.900666,0,8.8
14235,-0.5291758,-7.874476,0,8.8
14236,-0.5255423,-7.847425,0,8.8
14237,-0.5206035,-7.819461,0,8.8
14238,-0.5142236,-7.788314,0,8.8
14239,-0.5066721,-7.759554,0,8.8
14240,-0.4970615,-7.73347,0,8.8
14241,-0.4878224,-7.706802,0,8.8
14242,-0.4781938,-7.678572,0,8.8
14243,-0.4675488,-7.650038,0,8.8
14244,-0.4567951,-7.623631,0,8.8
14245,-0.4485501,-7.597803,0,8.8
14246,-0.4406444,-7.573035,0,8.8
14247,-0.4329625,-7.547919,0,8.8
14248,-0.4264273,-7.524735,0,8.8
14249,-0.4196177,-7.502337,0,8.8
14250,-0.4132962,-7.481966,0,8.8
14251,-0.4097204,-7.462766,0,8.8
14252,-0.4055391,-7.443865,0,8.8
14253,-0.4031126,-7.423911,0,8.8
14254,-0.4014921,-7.408074,0,8.8
14255,-0.4009254,-7.394147,0,8.8
14256,-0.3981475,-7.371661,0,8.8
14257,-0.3948798,-7.351089,0,8.8
14258,-0.3917622,-7.328262,0,8.8
14259,-0.3919787,-7.304083,0,8.8
14260,-0.3933628,-7.279449,0,8.8
14261,-0.3916684,-7.258038,0,8.8
14262,-0.3904218,-7.238062,0,8.8
14263,-0.389086,-7.213375,0,8.8
14264,-0.3882657,-7.188572,0,8.8
14265,-0.3858329,-7.164907,0,8.8
14266,-0.3827125,-7.137911,0,8.8
14267,-0.3798534,-7.112193,0,8.8
14268,-0.3799418,-7.087247,0,8.8
14269,-0.3807675,-7.060802,0,8.8
14270,-0.3804328,-7.029681,0,8.8
14271,-0.380146,-6.997079,0,8.8
14272,-0.3782748,-6.965112,0,8.8
14273,-0.3770875,-6.935304,0,8.8
14274,-0.3757055,-6.908316,0,8.8
14275,-0.3742183,-6.884245,0,8.8
14276,-0.3735664,-6.858471,0,8.8
14277,-0.3757119,-6.832736,0,8.8
14278,-0.3756932,-6.806032,0,8.8
14279,-0.3749849,-6.779556,0,8.8
14280,-0.3768921,-6.753361,0,8.8
14281,-0.3758554,-6.725639,0,8.8
14282,-0.3753202,-6.697551,0,8.8
14283,-0.3748719,-6.67347,0,8.8
14284,-0.3732022,-6.648031,0,8.8
14285,-0.3726331,-6.620855,0,8.8
14286,-0.3703163,-6.591681,0,8.8
14287,-0.368486,-6.564969,0,8.8
14288,-0.3647152,-6.538322,0,8.8
14289,-0.3583801,-6.511166,0,8.8
14290,-0.3506898,-6.483742,0,8.8
14291,-0.3451931,-6.457093,0,8.8
14292,-0.3375846,-6.428305,0,8.8
14293,-0.3286595,-6.397238,0,8.8
14294,-0.3169396,-6.365433,0,8.8
14295,-0.3053501,-6.33563,0,8.8
14296,-0.2961587,-6.308213,0,8.8
14297,-0.2860388,-6.278663,0,8.8
14298,-0.2768593,-6.247974,0,8.8
14299,-0.2676608,-6.218583,0,8.8
14300,-0.2557622,-6.188338,0,8.8
14301,-0.2467374,-6.163072,0,8.8
14302,-0.2373431,-6.138908,0,8.8
14303,-0.229858,-6.114684,0,8.8
14304,-0.2240321,-6.086499,0,8.8
14305,-0.219313,-6.065309,0,8.8
14306,-0.2125832,-6.045403,0,8.8
14307,-0.2086025,-6.024303,0,8.8
14308,-0.2048494,-6.004107,0,8.8
14309,-0.1994473,-5.97973,0,8.8
14310,-0.1957526,-5.954589,0,8.8
14311,-0.1909324,-5.930841,0,8.8
14312,-0.1873845,-5.907611,0,8.8
14313,-0.1839414,-5.88743,0,8.8
14314,-0.1821396,-5.864038,0,8.8
14315,-0.1804054,-5.841583,0,8.8
14316,-0.1769096,-5.818897,0,8.8
14317,-0.1745508,-5.794899,0,8.8
14318,-0.1733589,-5.76987,0,8.8
14319,-0.1709143,-5.743136,0,8.8
14320,-0.1687154,-5.712728,0,8.8
14321,-0.1659993,-5.685431,0,8.8
14322,-0.1631811,-5.659823,0,8.8
14323,-0.1617788,-5.635472,0,8.8
14324,-0.1639058,-5.606308,0,8.8
14325,-0.1658345,-5.576077,0,8.8
14326,-0.1664346,-5.542914,0,8.8
14327,-0.1672243,-5.509274,0,8.8
14328,-0.1681983,-5.477258,0,8.8
14329,-0.1690448,-5.447228,0,8.8
14330,-0.1698689,-5.417835,0,8.8
14331,-0.1740684,-5.39191,0,8.8
14332,-0.1733484,-5.364397,0,8.8
14333,-0.1746852,-5.337313,0,8.8
14334,-0.1735999,-5.30673,0,8.8
14335,-0.1751646,-5.278244,0,8.8
14336,-0.1762307,-5.248807,0,8.8
14337,-0.1766119,-5.219238,0,8.8
14338,-0.1772664,-5.190209,0,8.8
14339,-0.1753512,-5.16219,0,8.8
14340,-0.1722478,-5.133991,0,8.8
14341,-0.1683533,-5.105521,0,8.8
14342,-0.1624632,-5.077511,0,8.8
14343,-0.1551992,-5.046971,0,8.8
14344,-0.1476023,-5.01573,0,8.8
14345,-0.1391454,-4.985508,0,8.8
14346,-0.1300651,-4.956235,0,8.8
14347,-0.1223797,-4.929595,0,8.8
14348,-0.1148545,-4.899172,0,8.8
14349,-0.1065066,-4.867117,0,8.8
14350,-0.09738459,-4.834616,0,8.8
14351,-0.09030861,-4.803041,0,8.8
14352,-0.08486544,-4.772366,0,8.8
14353,-0.0787297,-4.740571,0,8.8
14354,-0.07260176,-4.707765,0,8.8
14355,-0.06702088,-4.680449,0,8.8
14356,-0.0616742,-4.657237,0,8.8
14357,-0.05647227,-4.632838,0,8.8
14358,-0.05032939,-4.610879,0,8.8
14359,-0.04552093,-4.590693,0,8.8
14360,-0.04089359,-4.56988,0,8.8
14361,-0.03834178,-4.551978,0,8.8
14362,-0.03706974,-4.535794,0,8.8
14363,-0.03767139,-4.515403,0,8.8
14364,-0.03426611,-4.489483,0,8.8
14365,-0.03212628,-4.463616,0,8.8
14366,-0.02956024,-4.441489,0,8.8
14367,-0.02894624,-4.416903,0,8.8
14368,-0.02955811,-4.392245,0,8.8
14369,-0.0286376,-4.370531,0,8.8
14370,-0.02695117,-4.346829,0,8.8
14371,-0.0258643,-4.322112,0,8.8
14372,-0.02517564,-4.298013,0,8.8
14373,-0.02197263,-4.274085,0,8.8
14374,-0.01931949,-4.248688,0,8.8
14375,-0.01844714,-4.221132,0,8.8
14376,-0.01891403,-4.195041,0,8.8
14377,-0.01893999,-4.16863,0,8.8
14378,-0.02035332,-4.136022,0,8.8
14379,-0.02473312,-4.101793,0,8.8
14380,-0.02713576,-4.070339,0,8.8
14381,-0.03059531,-4.038503,0,8.8
14382,-0.03431181,-4.009435,0,8.8
14383,-0.03818859,-3.980958,0,8.8
14384,-0.03914493,-3.953325,0,8.8
14385,-0.03975649,-3.92637,0,8.8
14386,-0.04089996,-3.900958,0,8.8
14387,-0.04418101,-3.873534,0,8.8
14388,-0.04476256,-3.846475,0,8.8
14389,-0.04581232,-3.81908,0,8.8
14390,-0.04608332,-3.789418,0,8.8
14391,-0.04621284,-3.760125,0,8.8
14392,-0.04657344,-3.730082,0,8.8
14393,-0.04571591,-3.700699,0,8.8
14394,-0.04297793,-3.673569,0,8.8
14395,-0.03933653,-3.644421,0,8.8
14396,-0.03515401,-3.614755,0,8.8
14397,-0.03040387,-3.587157,0,8.8
14398,-0.02269265,-3.556563,0,8.8
14399,-0.01217571,-3.524679,0,8.8
14400,-0.002181508,-3.493689,0,8.8
14401,0.00619214,-3.464212,0,8.8
14402,0.01454787,-3.432693,0,8.8
14403,0.02430545,-3.401325,0,8.8
14404,0.03504632,-3.370745,0,8.8
14405,0.04439888,-3.342522,0,8.8
14406,0.05453413,-3.312502,0,8.8
14407,0.06293041,-3.283979,0,8.8
14408,0.07104088,-3.256485,0,8.8
14409,0.07750987,-3.231998,0,8.8
14410,0.08344343,-3.207488,0,8.8
14411,0.08765401,-3.186293,0,8.8
14412,0.09176097,-3.165728,0,8.8
14413,0.09440744,-3.147138,0,8.8
14414,0.09683851,-3.12797,0,8.8
14415,0.1010762,-3.106611,0,8.8
14416,0.1035672,-3.087392,0,8.8
14417,0.1036501,-3.063175,0,8.8
14418,0.1041311,-3.039032,0,8.8
14419,0.1065935,-3.012156,0,8.8
14420,0.1100944,-2.987969,0,8.8
14421,0.1118519,-2.962967,0,8.8
14422,0.1135579,-2.938985,0,8.8
14423,0.1148498,-2.916648,0,8.8
14424,0.1157976,-2.892729,0,8.8
14425,0.1185844,-2.864898,0,8.8
14426,0.1190692,-2.838011,0,8.8
14427,0.1211572,-2.811681,0,8.8
14428,0.1232735,-2.784508,0,8.8
14429,0.1230619,-2.759652,0,8.8
14430,0.1217861,-2.73261,0,8.8
14431,0.1185063,-2.699607,0,8.8
14432,0.1173013,-2.666887,0,8.8
14433,0.115047,-2.634781,0,8.8
14434,0.1137566,-2.60358,0,8.8
14435,0.1124563,-2.574827,0,8.8
14436,0.1085841,-2.545292,0,8.8
14437,0.1054433,-2.519906,0,8.8
14438,0.1015687,-2.492218,0,8.8
14439,0.09922192,-2.465431,0,8.8
14440,0.09474825,-2.436709,0,8.8
14441,0.0907928,-2.409892,0,8.8
14442,0.08792083,-2.38173,0,8.8
14443,0.08701983,-2.355246,0,8.8
14444,0.08582583,-2.325866,0,8.8
14445,0.08728782,-2.297981,0,8.8
14446,0.08888622,-2.272361,0,8.8
14447,0.09229595,-2.243992,0,8.8
14448,0.09626929,-2.215685,0,8.8
14449,0.100262,-2.186728,0,8.8
14450,0.1042811,-2.158973,0,8.8
14451,0.110279,-2.128995,0,8.8
14452,0.117883,-2.09587,0,8.8
14453,0.125401,-2.061389,0,8.8
14454,0.1324562,-2.029353,0,8.8
14455,0.1389647,-1.99832,0,8.8
14456,0.1459635,-1.967775,0,8.8
14457,0.1525394,-1.938968,0,8.8
14458,0.1610378,-1.907794,0,8.8
14459,0.1700479,-1.877976,0,8.8
14460,0.1781782,-1.848827,0,8.8
14461,0.1854515,-1.822339,0,8.8
14462,0.1911058,-1.795072,0,8.8
14463,0.1972472,-1.766822,0,8.8
14464,0.2009851,-1.742698,0,8.8
14465,0.2064132,-1.716869,0,8.8
14466,0.211099,-1.694142,0,8.8
14467,0.2140029,-1.673668,0,8.8
14468,0.2144028,-1.652003,0,8.8
14469,0.2151106,-1.627686,0,8.8
14470,0.2161039,-1.599468,0,8.8
14471,0.2173397,-1.572855,0,8.8
14472,0.2190729,-1.548924,0,8.8
14473,0.2208089,-1.525154,0,8.8
14474,0.2221558,-1.501446,0,8.8
14475,0.2225578,-1.478466,0,8.8
14476,0.2223693,-1.456065,0,8.8
14477,0.2226151,-1.4308,0,8.8
14478,0.2228649,-1.405165,0,8.8
14479,0.2234013,-1.380824,0,8.8
14480,0.2216172,-1.352974,0,8.8
14481,0.2190148,-1.325319,0,8.8
14482,0.2157493,-1.296492,0,8.8
14483,0.2134386,-1.268225,0,8.8
14484,0.210236,-1.237743,0,8.8
14485,0.2067451,-1.203772,0,8.8
14486,0.2036361,-1.169593,0,8.8
14487,0.1992329,-1.135541,0,8.8
14488,0.1949701,-1.101711,0,8.8
14489,0.1908518,-1.07117,0,8.8
14490,0.1874775,-1.043328,0,8.8
14491,0.1835123,-1.017622,0,8.8
14492,0.1783694,-0.9867647,0,8.8
14493,0.1728711,-0.959731,0,8.8
14494,0.1680775,-0.9280978,0,8.8
14495,0.1661528,-0.9005473,0,8.8
14496,0.163742,-0.8711909,0,8.8
14497,0.1613025,-0.8408482,0,8.8
14498,0.1598759,-0.809269,0,8.8
14499,0.1590496,-0.7786372,0,8.8
14500,0.1592959,-0.7488658,0,8.8
14501,0.1610929,-0.7208962,0,8.8
14502,0.1630205,-0.6928352,0,8.8
14503,0.1673128,-0.6648022,0,8.8
14504,0.1710088,-0.6347948,0,8.8
14505,0.1748828,-0.6030065,0,8.8
14506,0.1801391,-0.5728244,0,8.8
14507,0.1843976,-0.5415087,0,8.8
14508,0.1889432,-0.5098881,0,8.8
14509,0.1937839,-0.4764447,0,8.8
14510,0.1983066,-0.4448584,0,8.8
14511,0.2042672,-0.4134395,0,8.8
14512,0.212385,-0.3814814,0,8.8
14513,0.2189937,-0.35084,0,8.8
14514,0.2250039,-0.3203111,0,8.8
14515,0.2310532,-0.2938234,0,8.8
14516,0.2348288,-0.2680419,0,8.8
14517,0.238335,-0.2467775,0,8.8
14518,0.2402462,-0.2254762,0,8.8
14519,0.240684,-0.2030049,0,8.8
14520,0.2402277,-0.1825862,0,8.8
14521,0.2398707,-0.1614704,0,8.8
14522,0.2384174,-0.1425186,0,8.8
14523,0.2361389,-0.1222793,0,8.8
14524,0.2359247,-0.09630825,0,8.8
14525,0.2369398,-0.07207749,0,8.8
14526,0.2348416,-0.0479525,0,8.8
14527,0.233023,-0.02611466,0,8.8
14528,0.2317603,-0.004411377,0,8.8
14529,0.2316151,0.01722432,0,8.8
14530,0.2313402,0.03814523,0,8.8
14531,0.2302004,0.06178135,0,8.8
14532,0.2310272,0.08618807,0,8.8
14533,0.2304789,0.1116801,0,8.8
14534,0.2299972,0.1372081,0,8.8
14535,0.2277555,0.1661335,0,8.8
14536,0.2256016,0.193443,0,8.8
14537,0.2227867,0.2224425,0,8.8
14538,0.2187755,0.252034,0,8.8
14539,0.2133455,0.2828446,0,8.8
14540,0.2095207,0.3156135,0,8.8
14541,0.2048859,0.346851,0,8.8
14542,0.1992727,0.3750433,0,8.8
14543,0.1951248,0.4040149,0,8.8
14544,0.1900994,0.4289176,0,8.8
14545,0.1849468,0.4515192,0,8.8
14546,0.1767441,0.4785983,0,8.8
14547,0.1714858,0.5069715,0,8.8
14548,0.1680782,0.5346304,0,8.8
14549,0.164456,0.5600923,0,8.8
14550,0.1617777,0.5903429,0,8.8
14551,0.1567023,0.6209804,0,8.8
14552,0.1540643,0.6513609,0,8.8
14553,0.1514921,0.677637,0,8.8
14554,0.1497705,0.7035404,0,8.8
14555,0.1499556,0.7302305,0,8.8
14556,0.1505829,0.756101,0,8.8
14557,0.1517116,0.7825289,0,8.8
14558,0.1546887,0.8102027,0,8.8
14559,0.1574695,0.8398167,0,8.8
14560,0.1614127,0.8736312,0,8.8
14561,0.1663218,0.9056518,0,8.8
14562,0.1714953,0.9372147,0,8.8
14563,0.176245,0.9682166,0,8.8
14564,0.1800913,1.00024,0,8.8
14565,0.185872,1.034081,0,8.8
14566,0.1919326,1.065863,0,8.8
14567,0.1978875,1.097358,0,8.8
14568,0.2042669,1.128045,0,8.8
14569,0.2078001,1.158724,0,8.8
14570,0.2128171,1.186733,0,8.8
14571,0.2184105,1.215276,0,8.8
14572,0.2233643,1.240466,0,8.8
14573,0.2260047,1.265707,0,8.8
14574,0.2272652,1.289959,0,8.8
14575,0.227178,1.308848,0,8.8
14576,0.2256292,1.329724,0,8.8
14577,0.2244919,1.34782,0,8.8
14578,0.2227877,1.372609,0,8.8
14579,0.2213959,1.39712,0,8.8
14580,0.2191575,1.422365,0,8.8
14581,0.2168384,1.443256,0,8.8
14582,0.2154896,1.468073,0,8.8
14583,0.2141855,1.493434,0,8.8
14584,0.2131604,1.520352,0,8.8
14585,0.2111519,1.545751,0,8.8
14586,0.2078157,1.569909,0,8.8
14587,0.2049031,1.595471,0,8.8
14588,0.2024122,1.621146,0,8.8
14589,0.1993887,1.645107,0,8.8
14590,0.1959516,1.668254,0,8.8
14591,0.1929326,1.692954,0,8.8
14592,0.1893075,1.719769,0,8.8
14593,0.1860576,1.746336,0,8.8
14594,0.1810922,1.774384,0,8.8
14595,0.1731693,1.807073,0,8.8
14596,0.1649365,1.8383,0,8.8
14597,0.1568471,1.866696,0,8.8
14598,0.1512182,1.893534,0,8.8
14599,0.1436555,1.921431,0,8.8
14600,0.1380856,1.946994,0,8.8
14601,0.1350288,1.975518,0,8.8
14602,0.1309519,2.001524,0,8.8
14603,0.1231176,2.030063,0,8.8
14604,0.1157491,2.058717,0,8.8
14605,0.1089548,2.088777,0,8.8
14606,0.1004379,2.118026,0,8.8
14607,0.09415064,2.147385,0,8.8
14608,0.08943357,2.175623,0,8.8
14609,0.08499525,2.203783,0,8.8
14610,0.08124278,2.232819,0,8.8
14611,0.08043131,2.261087,0,8.8
14612,0.08088845,2.290704,0,8.8
14613,0.08241297,2.324153,0,8.8
14614,0.08401057,2.35886,0,8.8
14615,0.08574746,2.39209,0,8.8
14616,0.08746637,2.425222,0,8.8
14617,0.08969204,2.453208,0,8.8
14618,0.09315889,2.483498,0,8.8
14619,0.09568702,2.517139,0,8.8
14620,0.09863537,2.54916,0,8.8
14621,0.1022425,2.583724,0,8.8
14622,0.1064873,2.615289,0,8.8
14623,0.1090351,2.646313,0,8.8
14624,0.1110433,2.674339,0,8.8
14625,0.1119498,2.699907,0,8.8
14626,0.1120619,2.722691,0,8.8
14627,0.1104962,2.743515,0,8.8
14628,0.1076265,2.769408,0,8.8
14629,0.1050439,2.792127,0,8.8
14630,0.1036092,2.816571,0,8.8
14631,0.1001604,2.841014,0,8.8
14632,0.09655493,2.864656,0,8.8
14633,0.09347277,2.886998,0,8.8
14634,0.08923491,2.912213,0,8.8
14635,0.08295354,2.937299,0,8.8
14636,0.07923019,2.958589,0,8.8
14637,0.07614211,2.978753,0,8.8
14638,0.07129612,3.00295,0,8.8
14639,0.06911492,3.025558,0,8.8
14640,0.06814555,3.04948,0,8.8
14641,0.06572425,3.07349,0,8.8
14642,0.0630982,3.09628,0,8.8
14643,0.06061412,3.119282,0,8.8
14644,0.05665475,3.144963,0,8.8
14645,0.05009144,3.171198,0,8.8
14646,0.04265918,3.202076,0,8.8
14647,0.03322326,3.234394,0,8.8
14648,0.02438335,3.263377,0,8.8
14649,0.01821017,3.289182,0,8.8
14650,0.0111106,3.314776,0,8.8
14651,0.005601105,3.339948,0,8.8
14652,-0.0005041319,3.366076,0,8.8
14653,-0.006652159,3.389795,0,8.8
14654,-0.0132343,3.413316,0,8.8
14655,-0.01934926,3.43668,0,8.8
14656,-0.02495985,3.463596,0,8.8
14657,-0.03144215,3.490432,0,8.8
14658,-0.03916726,3.516011,0,8.8
14659,-0.04617928,3.54093,0,8.8
14660,-0.05036733,3.567621,0,8.8
14661,-0.05520321,3.593648,0,8.8
14662,-0.05822486,3.62151,0,8.8
14663,-0.06056251,3.650404,0,8.8
14664,-0.06075649,3.680509,0,8.8
14665,-0.06178213,3.712004,0,8.8
14666,-0.06181146,3.741225,0,8.8
14667,-0.05800285,3.77158,0,8.8
14668,-0.05399529,3.804187,0,8.8
14669,-0.04991302,3.836302,0,8.8
14670,-0.04592896,3.869143,0,8.8
14671,-0.04194446,3.899521,0,8.8
14672,-0.03904043,3.926942,0,8.8
14673,-0.03537465,3.95952,0,8.8
14674,-0.03126503,3.994748,0,8.8
14675,-0.02900104,4.027293,0,8.8
14676,-0.02655347,4.058686,0,8.8
14677,-0.02580825,4.087695,0,8.8
14678,-0.02583525,4.112165,0,8.8
14679,-0.02486158,4.136889,0,8.8
14680,-0.02610077,4.155784,0,8.8
14681,-0.02714615,4.178705,0,8.8
14682,-0.02829714,4.198956,0,8.8
14683,-0.03075825,4.218007,0,8.8
14684,-0.03400914,4.239261,0,8.8
14685,-0.03457769,4.263053,0,8.8
14686,-0.03474637,4.287357,0,8.8
14687,-0.03770728,4.308309,0,8.8
14688,-0.04120847,4.331979,0,8.8
14689,-0.04584163,4.358385,0,8.8
14690,-0.04970396,4.383814,0,8.8
14691,-0.05310783,4.407965,0,8.8
14692,-0.05575517,4.434058,0,8.8
14693,-0.05943938,4.461614,0,8.8
14694,-0.06173861,4.4862,0,8.8
14695,-0.06484448,4.512806,0,8.8
14696,-0.07047945,4.538805,0,8.8
14697,-0.07702219,4.563548,0,8.8
14698,-0.08253639,4.589432,0,8.8
14699,-0.08789662,4.617368,0,8.8
14700,-0.09508237,4.647136,0,8.8
14701,-0.1010724,4.674947,0,8.8
14702,-0.1072641,4.703908,0,8.8
14703,-0.1118221,4.729727,0,8.8
14704,-0.11613,4.754214,0,8.8
14705,-0.1215095,4.776869,0,8.8
14706,-0.1269428,4.800423,0,8.8
14707,-0.1318615,4.827116,0,8.8
14708,-0.1397567,4.851975,0,8.8
14709,-0.1465913,4.877567,0,8.8
14710,-0.153844,4.905231,0,8.8
14711,-0.1607485,4.932419,0,8.8
14712,-0.1659508,4.960399,0,8.8
14713,-0.1700885,4.989356,0,8.8
14714,-0.1725463,5.016869,0,8.8
14715,-0.1749892,5.045449,0,8.8
14716,-0.1767124,5.073796,0,8.8
14717,-0.178095,5.104195,0,8.8
14718,-0.1773271,5.135598,0,8.8
14719,-0.1766549,5.167319,0,8.8
14720,-0.1760634,5.197976,0,8.8
14721,-0.1746467,5.227935,0,8.8
14722,-0.1715836,5.259349,0,8.8
14723,-0.1687412,5.290576,0,8.8
14724,-0.1649455,5.322026,0,8.8
14725,-0.1598028,5.353459,0,8.8
14726,-0.15534,5.385516,0,8.8
14727,-0.1519032,5.420158,0,8.8
14728,-0.1469173,5.452896,0,8.8
14729,-0.1426501,5.479905,0,8.8
14730,-0.1390422,5.508885,0,8.8
14731,-0.1375453,5.534088,0,8.8
14732,-0.1350417,5.55455,0,8.8
14733,-0.1335603,5.576548,0,8.8
14734,-0.1310781,5.599727,0,8.8
14735,-0.1318803,5.624869,0,8.8
14736,-0.132905,5.648786,0,8.8
14737,-0.1311622,5.671009,0,8.8
14738,-0.131469,5.693807,0,8.8
14739,-0.1322318,5.719633,0,8.8
14740,-0.1336952,5.747399,0,8.8
14741,-0.1349826,5.770298,0,8.8
14742,-0.1388345,5.794556,0,8.8
14743,-0.1418071,5.81854,0,8.8
14744,-0.1443214,5.844685,0,8.8
14745,-0.1464613,5.86941,0,8.8
14746,-0.1476851,5.894855,0,8.8
14747,-0.1477966,5.920787,0,8.8
14748,-0.1487936,5.946357,0,8.8
14749,-0.1519096,5.972453,0,8.8
14750,-0.1571228,5.9996,0,8.8
14751,-0.1609796,6.026256,0,8.8
14752,-0.1663437,6.055064,0,8.8
14753,-0.1722645,6.084467,0,8.8
14754,-0.1781484,6.116716,0,8.8
14755,-0.1832283,6.147061,0,8.8
14756,-0.186965,6.178298,0,8.8
14757,-0.1913629,6.208333,0,8.8
14758,-0.1968522,6.234033,0,8.8
14759,-0.204014,6.259441,0,8.8
14760,-0.2103022,6.285251,0,8.8
14761,-0.2176551,6.31159,0,8.8
14762,-0.2267182,6.339801,0,8.8
14763,-0.2351506,6.370459,0,8.8
14764,-0.2442821,6.401276,0,8.8
14765,-0.2527864,6.432009,0,8.8
14766,-0.2603328,6.462211,0,8.8
14767,-0.2650085,6.491478,0,8.8
14768,-0.2682061,6.520776,0,8.8
14769,-0.2713656,6.54744,0,8.8
14770,-0.272163,6.577379,0,8.8
14771,-0.2709866,6.605064,0,8.8
14772,-0.2688391,6.634216,0,8.8
14773,-0.2660518,6.665288,0,8.8
14774,-0.2635066,6.693422,0,8.8
14775,-0.2597787,6.722784,0,8.8
14776,-0.2561109,6.753039,0,8.8
14777,-0.2510594,6.788299,0,8.8
14778,-0.2466885,6.823419,0,8.8
14779,-0.2432567,6.862798,0,8.8
14780,-0.2381876,6.900442,0,8.8
14781,-0.2350199,6.932207,0,8.8
14782,-0.2323784,6.963297,0,8.8
14783,-0.2286696,6.995931,0,8.8
14784,-0.2251098,7.024665,0,8.8
14785,-0.2232689,7.050721,0,8.8
14786,-0.2219325,7.073501,0,8.8
14787,-0.2213215,7.095573,0,8.8
14788,-0.2229322,7.11912,0,8.8
14789,-0.2235828,7.141603,0,8.8
14790,-0.2259711,7.163927,0,8.8
14791,-0.2284371,7.187478,0,8.8
14792,-0.2272801,7.212244,0,8.8
14793,-0.225653,7.239267,0,8.8
14794,-0.2265972,7.264894,0,8.8
14795,-0.2298313,7.287823,0,8.8
14796,-0.2353883,7.308262,0,8.8
14797,-0.2428527,7.331066,0,8.8
14798,-0.2493101,7.353498,0,8.8
14799,-0.2568202,7.376211,0,8.8
14800,-0.261804,7.396739,0,8.8
14801,-0.26618,7.416745,0,8.8
14802,-0.2696408,7.43544,0,8.8
14803,-0.2739437,7.457323,0,8.8
14804,-0.2792296,7.482993,0,8.8
14805,-0.2847394,7.509502,0,8.8
14806,-0.2932726,7.535776,0,8.8
14807,-0.3004127,7.562448,0,8.8
14808,-0.3076174,7.588529,0,8.8
14809,-0.3163181,7.615141,0,8.8
14810,-0.3231056,7.641863,0,8.8
14811,-0.3287819,7.666896,0,8.8
14812,-0.3340486,7.69057,0,8.8
14813,-0.3402548,7.711016,0,8.8
14814,-0.3445973,7.73111,0,8.8
14815,-0.3487743,7.752417,0,8.8
14816,-0.3530918,7.774709,0,8.8
14817,-0.3585872,7.796467,0,8.8
14818,-0.3632281,7.819909,0,8.8
14819,-0.3692733,7.840015,0,8.8
14820,-0.3751774,7.862507,0,8.8
14821,-0.3777641,7.885319,0,8.8
14822,-0.3784869,7.908129,0,8.8
14823,-0.3784259,7.929991,0,8.8
14824,-0.3751673,7.954953,0,8.8
14825,-0.3708839,7.981025,0,8.8
14826,-0.364734,8.007044,0,8.8
14827,-0.3573816,8.031965,0,8.8
14828,-0.3480577,8.059216,0,8.8
14829,-0.3386313,8.084623,0,8.8
14830,-0.3289832,8.10817,0,8.8
14831,-0.3193619,8.131149,0,8.8
14832,-0.3071451,8.152863,0,8.8
14833,-0.2944693,8.173384,0,8.8
14834,-0.2792732,8.198112,0,8.8
14835,-0.2651612,8.223492,0,8.8
14836,-0.2518696,8.249366,0,8.8
14837,-0.2388131,8.274873,0,8.8
14838,-0.2280862,8.297647,0,8.8
14839,-0.2191753,8.318791,0,8.8
14840,-0.2109219,8.336448,0,8.8
14841,-0.2025817,8.356146,0,8.8
14842,-0.1960425,8.374995,0,8.8
14843,-0.1906762,8.392025,0,8.8
14844,-0.1856276,8.408983,0,8.8
14845,-0.1793513,8.425874,0,8.8
14846,-0.1706795,8.448643,0,8.8
14847,-0.1639847,8.470819,0,8.8
14848,-0.1582526,8.491903,0,8.8
14849,-0.1536044,8.51418,0,8.8
14850,-0.1505573,8.534184,0,8.8
14851,-0.1487812,8.552976,0,8.8
14852,-0.147292,8.572758,0,8.8
14853,-0.1452638,8.591815,4.4,7.621024
14854,-0.1457565,8.607944,4.4,7.621024
14855,-0.14467,8.624164,4.4,7.621024
14856,-0.1434978,8.637682,4.4,7.621024
14857,-0.1453038,8.651584,4.4,7.621024
14858,-0.1471463,8.669946,4.4,7.621024
14859,-0.1501031,8.687447,4.4,7.621024
14860,-0.1508559,8.700792,4.4,7.621024
14861,-0.1490508,8.714999,4.4,7.621024
14862,-0.1435653,8.730579,4.4,7.621024
14863,-0.1364159,8.747042,4.4,7.621024
14864,-0.1276,8.765941,4.4,7.621024
14865,-0.1176875,8.785087,4.4,7.621024
14866,-0.1088544,8.803832,4.4,7.621024
14867,-0.09931295,8.82082,4.4,7.621024
14868,-0.09016243,8.833399,4.4,7.621024
14869,-0.07840625,8.845641,4.4,7.621024
14870,-0.06974107,8.855502,4.4,7.621024
14871,-0.06125259,8.866834,4.4,7.621024
14872,-0.05229028,8.876159,4.4,7.621024
14873,-0.04218227,8.884861,4.4,7.621024
14874,-0.03118808,8.894906,4.4,7.621024
14875,-0.0196478,8.904422,4.4,7.621024
14876,-0.007358126,8.913454,4.4,7.621024
14877,0.003803054,8.920074,4.4,7.621024
14878,0.01838843,8.925192,4.4,7.621024
14879,0.03790597,8.92829,4.4,7.621024
14880,0.0599464,8.929686,4.4,7.621024
14881,0.08210123,8.93122,4.4,7.621024
14882,0.1072533,8.932026,4.4,7.621024
14883,0.1359515,8.930876,4.4,7.621024
14884,0.163064,8.927238,4.4,7.621024
14885,0.1894922,8.924497,4.4,7.621024
14886,0.2117981,8.919879,4.4,7.621024
14887,0.2364471,8.919039,4.4,7.621024
14888,0.2645855,8.918265,4.4,7.621024
14889,0.2945888,8.915642,4.4,7.621024
14890,0.3241095,8.910988,4.4,7.621024
14891,0.3543901,8.90674,4.4,7.621024
14892,0.383393,8.903612,4.4,7.621024
14893,0.4042002,8.901005,4.4,7.621024
14894,0.4246731,8.901537,4.4,7.621024
14895,0.4430511,8.900838,4.4,7.621024
14896,0.4636574,8.899778,4.4,7.621024
14897,0.4831233,8.899339,4.4,7.621024
14898,0.5037908,8.897842,4.4,7.621024
14899,0.5262365,8.898082,4.4,7.621024
14900,0.5501845,8.899618,4.4,7.621024
14901,0.5762764,8.899995,4.4,7.621024
14902,0.6019757,8.899383,4.4,7.621024
14903,0.6247486,8.898589,4.4,7.621024
14904,0.6443034,8.895795,4.4,7.621024
14905,0.6625748,8.895342,4.4,7.621024
14906,0.6849656,8.899119,4.4,7.621024
14907,0.711457,8.90017,4.4,7.621024
14908,0.736235,8.900692,4.4,7.621024
14909,0.7604324,8.902189,4.4,7.621024
14910,0.7833144,8.90302,4.4,7.621024
14911,0.8102592,8.903099,4.4,7.621024
14912,0.8349771,8.903269,4.4,7.621024
14913,0.861073,8.905506,4.4,7.621024
14914,0.885984,8.906874,4.4,7.621024
14915,0.9126288,8.907279,4.4,7.621024
14916,0.940327,8.909448,4.4,7.621024
14917,0.9688553,8.911443,4.4,7.621024
14918,0.9993237,8.914155,4.4,7.621024
14919,1.030885,8.914931,4.4,7.621024
14920,1.058751,8.915923,4.4,7.621024
14921,1.081065,8.915797,4.4,7.621024
14922,1.104295,8.918272,4.4,7.621024
14923,1.128019,8.920938,4.4,7.621024
14924,1.156177,8.920624,4.4,7.621024
14925,1.184569,8.920184,4.4,7.621024
14926,1.212717,8.918854,4.4,7.621024
14927,1.241282,8.918233,4.4,7.621024
14928,1.268875,8.916663,4.4,7.621024
14929,1.293947,8.915606,4.4,7.621024
14930,1.320776,8.912326,4.4,7.621024
14931,1.346938,8.907917,4.4,7.621024
14932,1.373348,8.90099,4.4,7.621024
14933,1.402956,8.889997,4.4,7.621024
14934,1.432785,8.880311,4.4,7.621024
14935,1.461731,8.87088,4.4,7.621024
14936,1.49099,8.862254,4.4,7.621024
14937,1.519852,8.85299,4.4,7.621024
14938,1.546421,8.842458,4.4,7.621024
14939,1.56931,8.831584,4.4,7.621024
14940,1.597235,8.81937,4.4,7.621024
14941,1.625529,8.807805,4.4,7.621024
14942,1.656327,8.793011,4.4,7.621024
14943,1.686662,8.779454,4.4,7.621024
14944,1.712706,8.766881,4.4,7.621024
14945,1.740983,8.75453,4.4,7.621024
14946,1.767115,8.744762,4.4,7.621024
14947,1.791617,8.734112,4.4,7.621024
14948,1.812933,8.725823,4.4,7.621024
14949,1.834281,8.718809,4.4,7.621024
14950,1.857171,8.712013,4.4,7.621024
14951,1.877352,8.707488,4.4,7.621024
14952,1.896737,8.703713,4.4,7.621024
14953,1.915002,8.69829,4.4,7.621024
14954,1.936132,8.692946,4.4,7.621024
14955,1.958419,8.688397,4.4,7.621024
14956,1.980312,8.684889,4.4,7.621024
14957,2.002729,8.682016,4.4,7.621024
14958,2.0237,8.677992,4.4,7.621024
14959,2.044549,8.674934,4.4,7.621024
14960,2.067609,8.670322,4.4,7.621024
14961,2.091164,8.664526,4.4,7.621024
14962,2.112582,8.658807,4.4,7.621024
14963,2.135262,8.655898,4.4,7.621024
14964,2.159336,8.652704,4.4,7.621024
14965,2.18619,8.648268,4.4,7.621024
14966,2.212364,8.644425,4.4,7.621024
14967,2.239503,8.6407,4.4,7.621024
14968,2.268517,8.637733,4.4,7.621024
14969,2.299956,8.635787,4.4,7.621024
14970,2.330942,8.631597,4.4,7.621024
14971,2.358095,8.627649,4.4,7.621024
14972,2.385958,8.62561,4.4,7.621024
14973,2.411979,8.623198,4.4,7.621024
14974,2.43658,8.622099,4.4,7.621024
14975,2.461149,8.619932,4.4,7.621024
14976,2.487664,8.617922,4.4,7.621024
14977,2.517224,8.612968,4.4,7.621024
14978,2.544049,8.609257,4.4,7.621024
14979,2.571751,8.60611,4.4,7.621024
14980,2.601655,8.602465,4.4,7.621024
14981,2.631153,8.598453,4.4,7.621024
14982,2.66101,8.592292,4.4,7.621024
14983,2.689222,8.586937,4.4,7.621024
14984,2.717851,8.581071,4.4,7.621024
14985,2.746495,8.572037,4.4,7.621024
14986,2.775381,8.561031,4.4,7.621024
14987,2.804651,8.548076,4.4,7.621024
14988,2.830702,8.536161,4.4,7.621024
14989,2.8577,8.525312,4.4,7.621024
14990,2.885098,8.512423,4.4,7.621024
14991,2.91358,8.498229,4.4,7.621024
14992,2.94111,8.483317,4.4,7.621024
14993,2.968251,8.468359,4.4,7.621024
14994,2.99476,8.45435,4.4,7.621024
14995,3.024386,8.439343,4.4,7.621024
14996,3.053261,8.42358,4.4,7.621024
14997,3.080458,8.408145,4.4,7.621024
14998,3.108789,8.393355,4.4,7.621024
14999,3.133761,8.378468,4.4,7.621024
15000,3.158517,8.364931,4.4,7.621024
15001,3.180194,8.353123,4.4,7.621024
15002,3.201903,8.341584,4.4,7.621024
15003,3.221716,8.332669,4.4,7.621024
15004,3.240228,8.323109,4.4,7.621024
15005,3.25946,8.31624,4.4,7.621024
15006,3.276827,8.310768,4.4,7.621024
15007,3.299249,8.303349,4.4,7.621024
15008,3.323007,8.295391,4.4,7.621024
15009,3.345674,8.289867,4.4,7.621024
15010,3.366263,8.285976,4.4,7.621024
15011,3.386575,8.283302,4.4,7.621024
15012,3.408129,8.279256,4.4,7.621024
15013,3.428815,8.273574,4.4,7.621024
15014,3.449907,8.266726,4.4,7.621024
15015,3.469742,8.260532,4.4,7.621024
15016,3.490174,8.254247,4.4,7.621024
15017,3.5147,8.248673,4.4,7.621024
15018,3.53922,8.242925,4.4,7.621024
15019,3.562684,8.237498,4.4,7.621024
15020,3.585532,8.231264,4.4,7.621024
15021,3.60966,8.224827,4.4,7.621024
15022,3.635612,8.218742,4.4,7.621024
15023,3.664646,8.212064,4.4,7.621024
15024,3.691447,8.205416,4.4,7.621024
15025,3.717826,8.198802,4.4,7.621024
15026,3.740228,8.1907,4.4,7.621024
15027,3.761177,8.184951,4.4,7.621024
15028,3.78311,8.179445,4.4,7.621024
15029,3.804982,8.176484,4.4,7.621024
15030,3.828281,8.17162,4.4,7.621024
15031,3.851529,8.167871,4.4,7.621024
15032,3.874872,8.16236,4.4,7.621024
15033,3.900789,8.155079,4.4,7.621024
15034,3.925143,8.148908,4.4,7.621024
15035,3.952703,8.142653,4.4,7.621024
15036,3.979704,8.134281,4.4,7.621024
15037,4.002894,8.122631,4.4,7.621024
15038,4.023786,8.112071,4.4,7.621024
15039,4.045712,8.097816,4.4,7.621024
15040,4.068654,8.080522,4.4,7.621024
15041,4.092531,8.060143,4.4,7.621024
15042,4.115355,8.040233,4.4,7.621024
15043,4.136466,8.020339,4.4,7.621024
15044,4.153515,7.999965,4.4,7.621024
15045,4.17097,7.981313,4.4,7.621024
15046,4.189237,7.961262,4.4,7.621024
15047,4.209198,7.938581,4.4,7.621024
15048,4.229187,7.913431,4.4,7.621024
15049,4.251053,7.889597,4.4,7.621024
15050,4.271454,7.864319,4.4,7.621024
15051,4.28883,7.840873,4.4,7.621024
15052,4.305542,7.816781,4.4,7.621024
15053,4.322611,7.794405,4.4,7.621024
15054,4.33905,7.7769,-7.621024,-4.4
15055,4.352918,7.761713,-7.621024,-4.4
15056,4.370004,7.745168,-7.621024,-4.4
15057,4.386276,7.727853,-7.621024,-4.4
15058,4.401191,7.712087,-7.621024,-4.4
15059,4.416466,7.696622,-7.621024,-4.4
15060,4.431474,7.683114,-7.621024,-4.4
15061,4.447525,7.668939,-7.621024,-4.4
15062,4.464341,7.651695,-7.621024,-4.4
15063,4.479611,7.634975,-7.621024,-4.4
15064,4.494195,7.622714,-7.621024,-4.4
15065,4.511353,7.611186,-7.621024,-4.4
15066,4.527991,7.598644,-7.621024,-4.4
15067,4.543877,7.587958,-7.621024,-4.4
15068,4.562922,7.573669,-7.621024,-4.4
15069,4.583298,7.560917,-7.621024,-4.4
15070,4.604566,7.54775,-7.621024,-4.4
15071,4.625824,7.533377,-7.621024,-4.4
15072,4.642359,7.519095,-7.621024,-4.4
15073,4.656013,7.505265,-7.621024,-4.4
15074,4.667168,7.492923,-7.621024,-4.4
15075,4.677575,7.483491,-7.621024,-4.4
15076,4.688099,7.470437,-7.621024,-4.4
15077,4.698273,7.455362,-7.621024,-4.4
15078,4.707004,7.438967,-7.621024,-4.4
15079,4.716372,7.421061,-7.621024,-4.4
15080,4.723534,7.400607,-7.621024,-4.4
15081,4.730354,7.384128,-7.621024,-4.4
15082,4.737945,7.368472,-7.621024,-4.4
15083,4.745651,7.353715,-7.621024,-4.4
15084,4.751648,7.339559,-7.621024,-4.4
15085,4.75903,7.322933,-7.621024,-4.4
15086,4.764654,7.306606,-7.621024,-4.4
15087,4.768975,7.291322,-7.621024,-4.4
15088,4.772929,7.275691,-7.621024,-4.4
15089,4.775807,7.260575,-7.621024,-4.4
15090,4.77727,7.243198,-7.621024,-4.4
15091,4.774391,7.224544,-7.621024,-4.4
15092,4.768395,7.207025,-7.621024,-4.4
15093,4.760077,7.188698,-7.621024,-4.4
15094,4.749056,7.170818,-7.621024,-4.4
15095,4.73685,7.151375,-7.621024,-4.4
15096,4.722831,7.13204,-7.621024,-4.4
15097,4.708462,7.114252,-7.621024,-4.4
15098,4.69278,7.095901,-7.621024,-4.4
15099,4.676073,7.076573,-7.621024,-4.4
15100,4.659228,7.057236,-7.621024,-4.4
15101,4.643011,7.036355,-7.621024,-4.4
15102,4.626163,7.014875,-7.621024,-4.4
15103,4.606462,6.992331,-7.621024,-4.4
15104,4.585223,6.969894,-7.621024,-4.4
15105,4.564383,6.947247,-7.621024,-4.4
15106,4.547853,6.925133,-7.621024,-4.4
15107,4.530302,6.901615,-7.621024,-4.4
15108,4.514273,6.883028,-7.621024,-4.4
15109,4.501045,6.8643,-7.621024,-4.4
15110,4.489764,6.848956,-7.621024,-4.4
15111,4.479042,6.834794,-7.621024,-4.4
15112,4.468789,6.821548,-7.621024,-4.4
15113,4.45871,6.806035,-7.621024,-4.4
15114,4.449919,6.789645,-7.621024,-4.4
15115,4.437625,6.766304,-7.621024,-4.4
15116,4.423952,6.743402,-7.621024,-4.4
15117,4.409032,6.722569,-7.621024,-4.4
15118,4.395679,6.701932,-7.621024,-4.4
15119,4.381901,6.682133,-7.621024,-4.4
15120,4.368944,6.660196,-7.621024,-4.4
15121,4.356533,6.636935,-7.621024,-4.4
15122,4.344318,6.616262,-7.621024,-4.4
15123,4.33292,6.595874,-7.621024,-4.4
15124,4.320827,6.573869,-7.621024,-4.4
15125,4.308486,6.551866,-7.621024,-4.4
15126,4.297828,6.529335,-7.621024,-4.4
15127,4.287762,6.507838,-7.621024,-4.4
15128,4.275929,6.48544,-7.621024,-4.4
15129,4.262434,6.463971,-7.621024,-4.4
15130,4.249709,6.439605,-7.621024,-4.4
15131,4.235448,6.412376,-7.621024,-4.4
15132,4.222104,6.385957,-7.621024,-4.4
15133,4.206201,6.360669,-7.621024,-4.4
15134,4.192094,6.336433,-7.621024,-4.4
15135,4.179426,6.311389,-7.621024,-4.4
15136,4.167356,6.286207,-7.621024,-4.4
15137,4.155067,6.25772,-7.621024,-4.4
15138,4.140693,6.23224,-7.621024,-4.4
15139,4.128759,6.207909,-7.621024,-4.4
15140,4.118234,6.181121,-7.621024,-4.4
15141,4.106558,6.153257,-7.621024,-4.4
15142,4.093398,6.126908,-7.621024,-4.4
15143,4.079195,6.101797,-7.621024,-4.4
15144,4.063591,6.07876,-7.621024,-4.4
15145,4.047236,6.056849,-7.621024,-4.4
15146,4.030344,6.035204,-7.621024,-4.4
15147,4.0128,6.01375,-7.621024,-4.4
15148,3.991519,5.992126,-7.621024,-4.4
15149,3.968803,5.971049,-7.621024,-4.4
15150,3.945584,5.951726,-7.621024,-4.4
15151,3.923753,5.931997,-7.621024,-4.4
15152,3.898701,5.911224,-7.621024,-4.4
15153,3.875461,5.891248,-7.621024,-4.4
15154,3.850424,5.870678,-7.621024,-4.4
15155,3.825398,5.850406,-7.621024,-4.4
15156,3.801086,5.830823,-7.621024,-4.4
15157,3.777256,5.810123,-7.621024,-4.4
15158,3.753113,5.791144,-7.621024,-4.4
15159,3.72942,5.773367,-7.621024,-4.4
15160,3.7067,5.754033,-7.621024,-4.4
15161,3.686153,5.736547,-7.621024,-4.4
15162,3.665455,5.718792,-7.621024,-4.4
15163,3.649873,5.705233,-7.621024,-4.4
15164,3.633592,5.689389,-7.621024,-4.4
15165,3.617283,5.672412,-7.621024,-4.4
15166,3.602156,5.655728,-7.621024,-4.4
15167,3.588869,5.638764,-7.621024,-4.4
15168,3.574306,5.621755,-7.621024,-4.4
15169,3.559762,5.60054,-7.621024,-4.4
15170,3.544626,5.578784,-7.621024,-4.4
15171,3.53018,5.558662,-7.621024,-4.4
15172,3.513736,5.536639,-7.621024,-4.4
15173,3.497672,5.515693,-7.621024,-4.4
15174,3.483906,5.498275,-7.621024,-4.4
15175,3.470856,5.480371,-7.621024,-4.4
15176,3.457313,5.461412,-7.621024,-4.4
15177,3.442333,5.441157,-7.621024,-4.4
15178,3.426884,5.420328,-7.621024,-4.4
15179,3.409858,5.397043,-7.621024,-4.4
15180,3.393955,5.372075,-7.621024,-4.4
15181,3.379615,5.350438,-7.621024,-4.4
15182,3.365198,5.326284,-7.621024,-4.4
15183,3.348932,5.300625,-7.621024,-4.4
15184,3.334829,5.274114,-7.621024,-4.4
15185,3.31972,5.24664,-7.621024,-4.4
15186,3.303567,5.222013,-7.621024,-4.4
15187,3.287837,5.197684,-7.621024,-4.4
15188,3.272997,5.171598,-7.621024,-4.4
15189,3.258385,5.145967,-7.621024,-4.4
15190,3.244313,5.118216,-7.621024,-4.4
15191,3.228999,5.089687,-7.621024,-4.4
15192,3.21264,5.062081,-7.621024,-4.4
15193,3.198554,5.034925,-7.621024,-4.4
15194,3.185589,5.006809,-7.621024,-4.4
15195,3.169388,4.982041,-7.621024,-4.4
15196,3.152865,4.958137,-7.621024,-4.4
15197,3.135706,4.93325,-7.621024,-4.4
15198,3.121371,4.9101,-7.621024,-4.4
15199,3.105653,4.887057,-7.621024,-4.4
15200,3.087903,4.864574,-7.621024,-4.4
15201,3.068852,4.842642,-7.621024,-4.4
15202,3.047583,4.821641,-7.621024,-4.4
15203,3.023659,4.799926,-7.621024,-4.4
15204,2.999266,4.779731,-7.621024,-4.4
15205,2.973824,4.759933,-7.621024,-4.4
15206,2.94539,4.738418,-7.621024,-4.4
15207,2.919089,4.717087,-7.621024,-4.4
15208,2.896573,4.698882,-7.621024,-4.4
15209,2.871457,4.67922,-7.621024,-4.4
15210,2.842986,4.657333,-7.621024,-4.4
15211,2.817577,4.636796,-7.621024,-4.4
15212,2.791676,4.616779,-7.621024,-4.4
15213,2.765767,4.595127,-7.621024,-4.4
15214,2.740897,4.575343,-7.621024,-4.4
15215,2.719979,4.556388,-7.621024,-4.4
15216,2.701646,4.537758,-7.621024,-4.4
15217,2.679001,4.518033,-7.621024,-4.4
15218,2.660701,4.502015,-7.621024,-4.4
15219,2.644762,4.485408,-7.621024,-4.4
15220,2.628271,4.469519,-7.621024,-4.4
15221,2.616496,4.455734,-7.621024,-4.4
15222,2.603678,4.436674,-7.621024,-4.4
15223,2.588008,4.414655,-7.621024,-4.4
15224,2.572145,4.393594,-7.621024,-4.4
15225,2.55724,4.3749,-7.621024,-4.4
15226,2.542315,4.356712,-7.621024,-4.4
15227,2.528624,4.336794,-7.621024,-4.4
15228,2.514552,4.316084,-7.621024,-4.4
15229,2.500503,4.295359,-7.621024,-4.4
15230,2.485898,4.275133,-7.621024,-4.4
15231,2.470067,4.255008,-7.621024,-4.4
15232,2.454279,4.23656,-7.621024,-4.4
15233,2.438701,4.218391,-7.621024,-4.4
15234,2.421869,4.19572,-7.621024,-4.4
15235,2.405932,4.173449,-7.621024,-4.4
15236,2.38923,4.148881,-7.621024,-4.4
15237,2.372097,4.122902,-7.621024,-4.4
15238,2.354666,4.095211,-7.621024,-4.4
15239,2.338878,4.068698,-7.621024,-4.4
15240,2.318652,4.038048,-7.621024,-4.4
15241,2.298797,4.008439,-7.621024,-4.4
15242,2.282721,3.979805,-7.621024,-4.4
15243,2.266546,3.951228,-7.621024,-4.4
15244,2.250308,3.925303,-7.621024,-4.4
15245,2.238876,3.8983,-7.621024,-4.4
15246,2.224981,3.869751,-7.621024,-4.4
15247,2.20965,3.842344,-7.621024,-4.4
15248,2.191698,3.816701,-7.621024,-4.4
15249,2.172407,3.792839,-7.621024,-4.4
15250,2.154063,3.768587,-7.621024,-4.4
15251,2.133257,3.744934,-7.621024,-4.4
15252,2.113711,3.721556,-7.621024,-4.4
15253,2.091087,3.698087,-7.621024,-4.4
15254,2.06837,3.675631,-7.621024,-4.4
15255,2.044933,3.653792,-7.621024,-4.4
15256,2.020479,3.630496,-7.621024,-4.4
15257,1.996728,3.60958,-7.621024,-4.4
15258,1.972071,3.587914,-7.621024,-4.4
15259,1.945727,3.56635,-7.621024,-4.4
15260,1.92023,3.548107,-7.621024,-4.4
15261,1.895478,3.529266,-7.621024,-4.4
15262,1.87049,3.511094,-7.621024,-4.4
15263,1.844314,3.492668,-7.621024,-4.4
15264,1.81796,3.474207,-7.621024,-4.4
15265,1.794783,3.455566,-7.621024,-4.4
15266,1.770924,3.436571,-7.621024,-4.4
15267,1.74946,3.416897,-7.621024,-4.4
15268,1.731045,3.398601,-7.621024,-4.4
15269,1.715019,3.382931,-7.621024,-4.4
15270,1.698744,3.367284,-7.621024,-4.4
15271,1.684034,3.351529,-7.621024,-4.4
15272,1.671196,3.338302,-7.621024,-4.4
15273,1.658096,3.322471,-7.621024,-4.4
15274,1.642219,3.307387,-7.621024,-4.4
15275,1.626696,3.290254,-7.621024,-4.4
15276,1.613448,3.272111,-7.621024,-4.4
15277,1.60055,3.254198,-7.621024,-4.4
15278,1.588248,3.236211,-7.621024,-4.4
15279,1.576451,3.217748,-7.621024,-4.4
15280,1.561343,3.198898,-7.621024,-4.4
15281,1.547916,3.182748,-7.621024,-4.4
15282,1.532061,3.163702,-7.621024,-4.4
15283,1.517021,3.143023,-7.621024,-4.4
15284,1.50024,3.124132,-7.621024,-4.4
15285,1.482936,3.107165,-7.621024,-4.4
15286,1.464232,3.086949,-7.621024,-4.4
15287,1.446081,3.065166,-7.621024,-4.4
15288,1.428,3.041303,-7.621024,-4.4
15289,1.408597,3.016783,-7.621024,-4.4
15290,1.38887,2.990177,-7.621024,-4.4
15291,1.370381,2.963393,-7.621024,-4.4
15292,1.354445,2.935651,-7.621024,-4.4
15293,1.338175,2.908824,-7.621024,-4.4
15294,1.323519,2.884132,-7.621024,-4.4
15295,1.309563,2.860967,-7.621024,-4.4
15296,1.294433,2.839164,-7.621024,-4.4
15297,1.276279,2.8156,-7.621024,-4.4
15298,1.258965,2.793468,-7.621024,-4.4
15299,1.242377,2.768141,-7.621024,-4.4
15300,1.228658,2.745849,-7.621024,-4.4
15301,1.214293,2.723774,-7.621024,-4.4
15302,1.194301,2.700827,-7.621024,-4.4
15303,1.175403,2.677371,-7.621024,-4.4
15304,1.156627,2.654813,-7.621024,-4.4
15305,1.136274,2.633946,-7.621024,-4.4
15306,1.118887,2.615709,-7.621024,-4.4
15307,1.099829,2.597958,-7.621024,-4.4
15308,1.07671,2.579352,-7.621024,-4.4
15309,1.051028,2.55871,-7.621024,-4.4
15310,1.025311,2.537682,-7.621024,-4.4
15311,0.9990368,2.518166,-7.621024,-4.4
15312,0.9720784,2.500646,-7.621024,-4.4
15313,0.9463499,2.48584,-7.621024,-4.4
15314,0.9235083,2.471501,-7.621024,-4.4
15315,0.8991824,2.454929,-7.621024,-4.4
15316,0.8770694,2.439262,-7.621024,-4.4
15317,0.8510808,2.422,-7.621024,-4.4
15318,0.8244661,2.405814,-7.621024,-4.4
15319,0.7955219,2.387636,-7.621024,-4.4
15320,0.7697701,2.370498,-7.621024,-4.4
15321,0.7483064,2.356658,-7.621024,-4.4
15322,0.7268941,2.343356,-7.621024,-4.4
15323,0.7091742,2.331365,-7.621024,-4.4
15324,0.6937702,2.319216,-7.621024,-4.4
15325,0.6778507,2.305981,-7.621024,-4.4
15326,0.6600792,2.292545,-7.621024,-4.4
15327,0.6429477,2.278267,-7.621024,-4.4
15328,0.6260843,2.26334,-7.621024,-4.4
15329,0.6102566,2.250408,-7.621024,-4.4
15330,0.5939682,2.236246,-7.621024,-4.4
15331,0.5777378,2.221282,-7.621024,-4.4
15332,0.5599873,2.203469,-7.621024,-4.4
15333,0.5444263,2.185438,-7.621024,-4.4
15334,0.5312276,2.16977,-7.621024,-4.4
15335,0.5169665,2.154409,-7.621024,-4.4
15336,0.5015443,2.139123,-7.621024,-4.4
15337,0.4854974,2.123241,-7.621024,-4.4
15338,0.4674644,2.106398,-7.621024,-4.4
15339,0.4497504,2.088996,-7.621024,-4.4
15340,0.4318754,2.070903,-7.621024,-4.4
15341,0.4137217,2.05056,-7.621024,-4.4
15342,0.3946546,2.02767,-7.621024,-4.4
15343,0.3768138,2.006567,-7.621024,-4.4
15344,0.3597168,1.984402,-7.621024,-4.4
15345,0.3409953,1.961123,-7.621024,-4.4
15346,0.3233781,1.936728,-7.621024,-4.4
15347,0.3027005,1.912763,-7.621024,-4.4
15348,0.2822174,1.889624,-7.621024,-4.4
15349,0.2653351,1.86711,-7.621024,-4.4
15350,0.2501711,1.847337,-7.621024,-4.4
15351,0.2349639,1.823765,-7.621024,-4.4
15352,0.2168523,1.801387,-7.621024,-4.4
15353,0.1965496,1.780205,-7.621024,-4.4
15354,0.1809197,1.758393,-7.621024,-4.4
15355,0.1647635,1.734776,-7.621024,-4.4
15356,0.1461319,1.710317,-7.621024,-4.4
15357,0.12788,1.688264,-7.621024,-4.4
15358,0.1126941,1.66865,-7.621024,-4.4
15359,0.09419735,1.647173,-7.621024,-4.4
15360,0.07318638,1.626643,-7.621024,-4.4
15361,0.05588554,1.608405,-7.621024,-4.4
15362,0.03558913,1.59014,-7.621024,-4.4
15363,0.01254325,1.572476,-7.621024,-4.4
15364,-0.01296922,1.553845,-7.621024,-4.4
15365,-0.04007594,1.536891,-7.621024,-4.4
15366,-0.06631192,1.518618,-7.621024,-4.4
15367,-0.09425306,1.500775,-7.621024,-4.4
15368,-0.1225931,1.483051,-7.621024,-4.4
15369,-0.1473631,1.465572,-7.621024,-4.4
15370,-0.1731135,1.445958,-7.621024,-4.4
15371,-0.2011568,1.423879,-7.621024,-4.4
15372,-0.2294202,1.405714,-7.621024,-4.4
15373,-0.2594582,1.38702,-7.621024,-4.4
15374,-0.2870633,1.367794,-7.621024,-4.4
15375,-0.3111184,1.352766,-7.621024,-4.4
15376,-0.3334377,1.3365,-7.621024,-4.4
15377,-0.3545388,1.322705,-7.621024,-4.4
15378,-0.3736048,1.309792,-7.621024,-4.4
15379,-0.3923633,1.295492,-7.621024,-4.4
15380,-0.4101717,1.279,-7.621024,-4.4
15381,-0.4261546,1.263318,-7.621024,-4.4
15382,-0.4418668,1.246924,-7.621024,-4.4
15383,-0.4590446,1.230094,-7.621024,-4.4
15384,-0.4770021,1.213672,-7.621024,-4.4
15385,-0.4946867,1.193766,-7.621024,-4.4
15386,-0.5134509,1.174074,-7.621024,-4.4
15387,-0.5292798,1.155509,-7.621024,-4.4
15388,-0.5451826,1.136313,-7.621024,-4.4
15389,-0.5605599,1.120649,-7.621024,-4.4
15390,-0.5756928,1.104022,-7.621024,-4.4
15391,-0.5901743,1.087547,-7.621024,-4.4
15392,-0.6057536,1.072648,-7.621024,-4.4
15393,-0.6218009,1.055362,-7.621024,-4.4
15394,-0.6381463,1.037291,-7.621024,-4.4
15395,-0.6550365,1.017396,-7.621024,-4.4
15396,-0.6718664,0.9964658,-7.621024,-4.4
15397,-0.6897317,0.9725062,-7.621024,-4.4
15398,-0.7097877,0.9451097,-7.621024,-4.4
15399,-0.7292907,0.9163706,-7.621024,-4.4
15400,-0.7481501,0.8885137,-7.621024,-4.4
15401,-0.7655249,0.8637472,-7.621024,-4.4
15402,-0.7818667,0.8417498,-7.621024,-4.4
15403,-0.7989246,0.8193874,-7.621024,-4.4
15404,-0.8148147,0.7970592,-7.621024,-4.4
15405,-0.8314734,0.7727429,-7.621024,-4.4
15406,-0.8479397,0.7486252,-7.621024,-4.4
15407,-0.8650411,0.7252004,-7.621024,-4.4
15408,-0.8807153,0.6991628,-7.621024,-4.4
15409,-0.8993702,0.6751795,-7.621024,-4.4
15410,-0.9180649,0.6515315,-7.621024,-4.4
15411,-0.9376167,0.6294124,-7.621024,-4.4
15412,-0.954653,0.6083048,-7.621024,-4.4
15413,-0.9713068,0.586606,-7.621024,-4.4
15414,-0.9881551,0.5675484,-7.621024,-4.4
15415,-1.006294,0.5490673,-7.621024,-4.4
15416,-1.027831,0.5291213,-7.621024,-4.4
15417,-1.052979,0.5096715,-7.621024,-4.4
15418,-1.079231,0.4906173,-7.621024,-4.4
15419,-1.105855,0.4711488,-7.621024,-4.4
15420,-1.132313,0.451919,-7.621024,-4.4
15421,-1.157709,0.4337793,-7.621024,-4.4
15422,-1.184821,0.4161202,-7.621024,-4.4
15423,-1.209419,0.3997799,-7.621024,-4.4
15424,-1.234059,0.3835939,-7.621024,-4.4
15425,-1.262776,0.3658576,-7.621024,-4.4
15426,-1.290081,0.3498034,-7.621024,-4.4
15427,-1.313593,0.3338346,-7.621024,-4.4
15428,-1.337686,0.3190129,-7.621024,-4.4
15429,-1.359807,0.3060796,-7.621024,-4.4
15430,-1.379611,0.2929077,-7.621024,-4.4
15431,-1.398565,0.2798351,-7.621024,-4.4
15432,-1.41676,0.2682997,-7.621024,-4.4
15433,-1.435535,0.2568356,-7.621024,-4.4
15434,-1.452914,0.2421615,-7.621024,-4.4
15435,-1.469404,0.2284856,-7.621024,-4.4
15436,-1.485908,0.2144344,-7.621024,-4.4
15437,-1.50443,0.1978106,-7.621024,-4.4
15438,-1.524428,0.1801187,-7.621024,-4.4
15439,-1.542964,0.1640527,-7.621024,-4.4
15440,-1.558703,0.1476717,-7.621024,-4.4
15441,-1.574428,0.1325094,-7.621024,-4.4
15442,-1.589692,0.1159697,-7.621024,-4.4
15443,-1.605153,0.09898045,-7.621024,-4.4
15444,-1.62277,0.07985588,-7.621024,-4.4
15445,-1.640944,0.06173136,-7.621024,-4.4
15446,-1.660316,0.04354786,-7.621024,-4.4
15447,-1.678354,0.02564452,-7.621024,-4.4
15448,-1.695544,0.007833956,-7.621024,-4.4
15449,-1.714878,-0.01319452,-7.621024,-4.4
15450,-1.735597,-0.03613278,-7.621024,-4.4
15451,-1.754912,-0.05872646,-7.621024,-4.4
15452,-1.775207,-0.08394501,-7.621024,-4.4
15453,-1.798044,-0.1104878,-7.621024,-4.4
15454,-1.817654,-0.1351752,-7.621024,-4.4
15455,-1.836109,-0.1586923,-7.621024,-4.4
15456,-1.856051,-0.1821496,-7.621024,-4.4
15457,-1.875615,-0.2036418,-7.621024,-4.4
15458,-1.89411,-0.224359,-7.621024,-4.4
15459,-1.910319,-0.245671,-7.621024,-4.4
15460,-1.930419,-0.267125,-7.621024,-4.4
15461,-1.949476,-0.2860937,-7.621024,-4.4
15462,-1.969322,-0.308701,-7.621024,-4.4
15463,-1.991342,-0.3314446,-7.621024,-4.4
15464,-2.011183,-0.3536861,-7.621024,-4.4
15465,-2.030994,-0.3727541,-7.621024,-4.4
15466,-2.05465,-0.3904071,-7.621024,-4.4
15467,-2.077759,-0.4073956,-7.621024,-4.4
15468,-2.101157,-0.422915,-7.621024,-4.4
15469,-2.123368,-0.436448,-7.621024,-4.4
15470,-2.146837,-0.4511845,-7.621024,-4.4
15471,-2.173052,-0.4686611,-7.621024,-4.4
15472,-2.201067,-0.4851592,-7.621024,-4.4
15473,-2.231171,-0.5013966,-7.621024,-4.4
15474,-2.263866,-0.5178188,-7.621024,-4.4
15475,-2.293086,-0.5324464,-7.621024,-4.4
15476,-2.321177,-0.5463808,-7.621024,-4.4
15477,-2.351347,-0.5612186,-7.621024,-4.4
15478,-2.382579,-0.5753071,-7.621024,-4.4
15479,-2.413312,-0.5889881,-7.621024,-4.4
15480,-2.445511,-0.602181,-7.621024,-4.4
15481,-2.475134,-0.6145414,-7.621024,-4.4
15482,-2.501048,-0.6286909,-7.621024,-4.4
15483,-2.524085,-0.6408503,-7.621024,-4.4
15484,-2.543573,-0.6537232,-7.621024,-4.4
15485,-2.561503,-0.6660225,-7.621024,-4.4
15486,-2.577931,-0.6763743,-7.621024,-4.4
15487,-2.597481,-0.686507,-7.621024,-4.4
15488,-2.614096,-0.6957413,-7.621024,-4.4
15489,-2.631748,-0.7081722,-7.621024,-4.4
15490,-2.64888,-0.7198371,-7.621024,-4.4
15491,-2.668574,-0.7397518,-7.621024,-4.4
15492,-2.687783,-0.7599087,-7.621024,-4.4
15493,-2.706848,-0.7766184,-7.621024,-4.4
15494,-2.725054,-0.7922245,-7.621024,-4.4
15495,-2.741203,-0.8076543,-7.621024,-4.4
15496,-2.756402,-0.8248136,-7.621024,-4.4
15497,-2.771315,-0.8413385,-7.621024,-4.4
15498,-2.785559,-0.8544882,-7.621024,-4.4
15499,-2.800866,-0.8689666,-7.621024,-4.4
15500,-2.817964,-0.8850543,-7.621024,-4.4
15501,-2.835932,-0.8998546,-7.621024,-4.4
15502,-2.855544,-0.9187256,-7.621024,-4.4
15503,-2.875837,-0.9395276,-7.621024,-4.4
15504,-2.894644,-0.9592924,-7.621024,-4.4
15505,-2.914214,-0.9819818,-7.621024,-4.4
15506,-2.936286,-1.00478,-7.621024,-4.4
15507,-2.957588,-1.028667,-7.621024,-4.4
15508,-2.977366,-1.052133,-7.621024,-4.4
15509,-2.996295,-1.073781,-7.621024,-4.4
15510,-3.015439,-1.095799,-7.621024,-4.4
15511,-3.031413,-1.116104,-7.621024,-4.4
15512,-3.047882,-1.138203,-7.621024,-4.4
15513,-3.063795,-1.160357,-7.621024,-4.4
15514,-3.080723,-1.183876,-7.621024,-4.4
15515,-3.098718,-1.20615,-7.621024,-4.4
15516,-3.118545,-1.229524,-7.621024,-4.4
15517,-3.140562,-1.253537,-7.621024,-4.4
15518,-3.163638,-1.276135,-7.621024,-4.4
15519,-3.184969,-1.296042,-7.621024,-4.4
15520,-3.205631,-1.317094,-7.621024,-4.4
15521,-3.227321,-1.337963,-7.621024,-4.4
15522,-3.249872,-1.356527,-7.621024,-4.4
15523,-3.271821,-1.374759,-7.621024,-4.4
15524,-3.297687,-1.396001,-7.621024,-4.4
15525,-3.323357,-1.415664,-7.621024,-4.4
15526,-3.349543,-1.432923,-7.621024,-4.4
15527,-3.376725,-1.451073,-7.621024,-4.4
15528,-3.400887,-1.466928,-7.621024,-4.4
15529,-3.425966,-1.483114,-7.621024,-4.4
15530,-3.455277,-1.499803,-7.621024,-4.4
15531,-3.484473,-1.517677,-7.621024,-4.4
15532,-3.512157,-1.534756,-7.621024,-4.4
15533,-3.538424,-1.550492,-7.621024,-4.4
15534,-3.563443,-1.566256,-7.621024,-4.4
15535,-3.587207,-1.582236,-7.621024,-4.4
15536,-3.61197,-1.597717,-7.621024,-4.4
15537,-3.633143,-1.612424,-7.621024,-4.4
15538,-3.651612,-1.626024,-7.621024,-4.4
15539,-3.667326,-1.640445,-7.621024,-4.4
15540,-3.684309,-1.654862,-7.621024,-4.4
15541,-3.701095,-1.66654,-7.621024,-4.4
15542,-3.717729,-1.679289,-7.621024,-4.4
15543,-3.732385,-1.69276,-7.621024,-4.4
15544,-3.750198,-1.710425,-7.621024,-4.4
15545,-3.768505,-1.728588,-7.621024,-4.4
15546,-3.784534,-1.745825,-7.621024,-4.4
15547,-3.800919,-1.762967,-7.621024,-4.4
15548,-3.815371,-1.777613,-7.621024,-4.4
15549,-3.831271,-1.796507,-7.621024,-4.4
15550,-3.848057,-1.816577,-7.621024,-4.4
15551,-3.865973,-1.834549,-7.621024,-4.4
15552,-3.883178,-1.852006,-7.621024,-4.4
15553,-3.898791,-1.869148,-7.621024,-4.4
15554,-3.915676,-1.889165,-7.621024,-4.4
15555,-3.933378,-1.911255,-7.621024,-4.4
15556,-3.951493,-1.932748,-7.621024,-4.4
15557,-3.967858,-1.954641,-7.621024,-4.4
15558,-3.985907,-1.980724,-7.621024,-4.4
15559,-4.005724,-2.007569,-7.621024,-4.4
15560,-4.027488,-2.036083,-7.621024,-4.4
15561,-4.047377,-2.060171,-7.621024,-4.4
15562,-4.065517,-2.083519,-7.621024,-4.4
15563,-4.083099,-2.104219,-7.621024,-4.4
15564,-4.098825,-2.126131,-7.621024,-4.4
15565,-4.112989,-2.144958,-7.621024,-4.4
15566,-4.132053,-2.166535,-7.621024,-4.4
15567,-4.150985,-2.190129,-7.621024,-4.4
15568,-4.168711,-2.213356,-7.621024,-4.4
15569,-4.188874,-2.238726,-7.621024,-4.4
15570,-4.208794,-2.261372,-7.621024,-4.4
15571,-4.228676,-2.284503,-7.621024,-4.4
15572,-4.249462,-2.306317,-7.621024,-4.4
15573,-4.268751,-2.324509,-7.621024,-4.4
15574,-4.288954,-2.343131,-7.621024,-4.4
15575,-4.310144,-2.359675,-7.621024,-4.4
15576,-4.332422,-2.375146,-7.621024,-4.4
15577,-4.355937,-2.39139,-7.621024,-4.4
15578,-4.38104,-2.409415,-7.621024,-4.4
15579,-4.406615,-2.42703,-7.621024,-4.4
15580,-4.433186,-2.444049,-7.621024,-4.4
15581,-4.459285,-2.459056,-7.621024,-4.4
15582,-4.486417,-2.474579,-7.621024,-4.4
15583,-4.513981,-2.491163,-7.621024,-4.4
15584,-4.541862,-2.507537,-7.621024,-4.4
15585,-4.568172,-2.522633,-7.621024,-4.4
15586,-4.595392,-2.537464,-7.621024,-4.4
15587,-4.622021,-2.55262,-7.621024,-4.4
15588,-4.650193,-2.566934,-7.621024,-4.4
15589,-4.676517,-2.583173,-7.621024,-4.4
15590,-4.701122,-2.598089,-7.621024,-4.4
15591,-4.72132,-2.611771,-7.621024,-4.4
15592,-4.745082,-2.626083,-7.621024,-4.4
15593,-4.764866,-2.638395,-7.621024,-4.4
15594,-4.781808,-2.650981,-7.621024,-4.4
15595,-4.795402,-2.661868,-7.621024,-4.4
15596,-4.809823,-2.672955,-7.621024,-4.4
15597,-4.822728,-2.686721,-7.621024,-4.4
15598,-4.83798,-2.703728,-7.621024,-4.4
15599,-4.85552,-2.718922,-7.621024,-4.4
15600,-4.871744,-2.732823,-7.621024,-4.4
15601,-4.886951,-2.748149,-7.621024,-4.4
15602,-4.899364,-2.762858,-7.621024,-4.4
15603,-4.912797,-2.77412,-7.621024,-4.4
15604,-4.92851,-2.787866,-7.621024,-4.4
15605,-4.946103,-2.805762,-7.621024,-4.4
15606,-4.964577,-2.824428,-7.621024,-4.4
15607,-4.98299,-2.845281,-7.621024,-4.4
15608,-5.000562,-2.864051,-7.621024,-4.4
15609,-5.016668,-2.883188,-7.621024,-4.4
15610,-5.031094,-2.903002,-7.621024,-4.4
15611,-5.04777,-2.924242,-7.621024,-4.4
15612,-5.065926,-2.945359,-7.621024,-4.4
15613,-5.086453,-2.967571,-7.621024,-4.4
15614,-5.106896,-2.989547,-7.621024,-4.4
15615,-5.124379,-3.011632,-7.621024,-4.4
15616,-5.14191,-3.035178,-7.621024,-4.4
15617,-5.159896,-3.059847,-7.621024,-4.4
15618,-5.178127,-3.083687,-7.621024,-4.4
15619,-5.194281,-3.104321,-7.621024,-4.4
15620,-5.209899,-3.125583,-7.621024,-4.4
15621,-5.225196,-3.146182,-7.621024,-4.4
15622,-5.240881,-3.168178,-7.621024,-4.4
15623,-5.258417,-3.189102,-7.621024,-4.4
15624,-5.276282,-3.211813,-7.621024,-4.4
15625,-5.295643,-3.235421,-7.621024,-4.4
15626,-5.314934,-3.257352,-7.621024,-4.4
15627,-5.335001,-3.276423,-7.621024,-4.4
15628,-5.355175,-3.295414,-7.621024,-4.4
15629,-5.376648,-3.31319,-7.621024,-4.4
15630,-5.399333,-3.32954,-7.621024,-4.4
15631,-5.421132,-3.344735,-7.621024,-4.4
15632,-5.443663,-3.359364,-7.621024,-4.4
15633,-5.46725,-3.375435,-7.621024,-4.4
15634,-5.487973,-3.390334,-7.621024,-4.4
15635,-5.512318,-3.405837,-7.621024,-4.4
15636,-5.538002,-3.421502,-7.621024,-4.4
15637,-5.561831,-3.437387,-7.621024,-4.4
15638,-5.58447,-3.450871,-7.621024,-4.4
15639,-5.609125,-3.464356,-7.621024,-4.4
15640,-5.635664,-3.479972,-7.621024,-4.4
15641,-5.66313,-3.495483,-7.621024,-4.4
15642,-5.689284,-3.510918,-7.621024,-4.4
15643,-5.716593,-3.524932,-7.621024,-4.4
15644,-5.742824,-3.538005,-7.621024,-4.4
15645,-5.76619,-3.550377,-7.621024,-4.4
15646,-5.785495,-3.562171,-7.621024,-4.4
15647,-5.805494,-3.573007,-7.621024,-4.4
15648,-5.824258,-3.582764,-7.621024,-4.4
15649,-5.843021,-3.593407,-7.621024,-4.4
15650,-5.861083,-3.603857,-7.621024,-4.4
15651,-5.880064,-3.614599,-7.621024,-4.4
15652,-5.899921,-3.628639,-7.621024,-4.4
15653,-5.919322,-3.644069,-7.621024,-4.4
15654,-5.938229,-3.660653,-7.621024,-4.4
15655,-5.95685,-3.677544,-7.621024,-4.4
15656,-5.973831,-3.694029,-7.621024,-4.4
15657,-5.989766,-3.709609,-7.621024,-4.4
15658,-6.005434,-3.725333,-7.621024,-4.4
15659,-6.020969,-3.739794,-7.621024,-4.4
15660,-6.036632,-3.755611,-7.621024,-4.4
15661,-6.051628,-3.769878,-7.621024,-4.4
15662,-6.069187,-3.785156,-7.621024,-4.4
15663,-6.087408,-3.799896,-7.621024,-4.4
15664,-6.105247,-3.816993,-7.621024,-4.4
15665,-6.124784,-3.835261,-7.621024,-4.4
15666,-6.142598,-3.853476,-7.621024,-4.4
15667,-6.157187,-3.86642,-7.621024,-4.4
15668,-6.170611,-3.880123,-7.621024,-4.4
15669,-6.184862,-3.893295,-7.621024,-4.4
15670,-6.19839,-3.904465,-7.621024,-4.4
15671,-6.212994,-3.917826,-7.621024,-4.4
15672,-6.228921,-3.932952,-7.621024,-4.4
15673,-6.246666,-3.948834,-7.621024,-4.4
15674,-6.263432,-3.964297,-7.621024,-4.4
15675,-6.277563,-3.979817,-7.621024,-4.4
15676,-6.292535,-3.994781,-7.621024,-4.4
15677,-6.31002,-4.009799,-7.621024,-4.4
15678,-6.330491,-4.024418,-7.621024,-4.4
15679,-6.345288,-4.034812,-7.621024,-4.4
15680,-6.360665,-4.046177,-7.621024,-4.4
15681,-6.377961,-4.057407,-7.621024,-4.4
15682,-6.396858,-4.069899,-7.621024,-4.4
15683,-6.416866,-4.080811,-7.621024,-4.4
15684,-6.43822,-4.089836,-7.621024,-4.4
15685,-6.461929,-4.098672,-7.621024,-4.4
15686,-6.488701,-4.107483,-7.621024,-4.4
15687,-6.515758,-4.115494,-7.621024,-4.4
15688,-6.540769,-4.123823,-7.621024,-4.4
15689,-6.563843,-4.131099,-7.621024,-4.4
15690,-6.589038,-4.13757,-7.621024,-4.4
15691,-6.615942,-4.143791,-7.621024,-4.4
15692,-6.644279,-4.149923,-7.621024,-4.4
15693,-6.671747,-4.15694,-7.621024,-4.4
15694,-6.701245,-4.164408,-7.621024,-4.4
15695,-6.733043,-4.171287,-7.621024,-4.4
15696,-6.761286,-4.177064,-7.621024,-4.4
15697,-6.786948,-4.18276,-7.621024,-4.4
15698,-6.812439,-4.189478,-7.621024,-4.4
15699,-6.835138,-4.195842,-7.621024,-4.4
15700,-6.855757,-4.202836,-7.621024,-4.4
15701,-6.877349,-4.209272,-7.621024,-4.4
15702,-6.895349,-4.21589,-7.621024,-4.4
15703,-6.912725,-4.224109,-7.621024,-4.4
15704,-6.933064,-4.234508,-7.621024,-4.4
15705,-6.954076,-4.242426,-7.621024,-4.4
15706,-6.976778,-4.253284,-7.621024,-4.4
15707,-6.997882,-4.264184,-7.621024,-4.4
15708,-7.018042,-4.273999,-7.621024,-4.4
15709,-7.034769,-4.28333,-7.621024,-4.4
15710,-7.056139,-4.294974,-7.621024,-4.4
15711,-7.077857,-4.305452,-7.621024,-4.4
15712,-7.099305,-4.317828,-7.621024,-4.4
15713,-7.118661,-4.328723,-7.621024,-4.4
15714,-7.13619,-4.33795,7.621024,4.4
15715,-7.149199,-4.345319,7.621024,4.4
15716,-7.167016,-4.357991,7.621024,4.4
15717,-7.18574,-4.371325,7.621024,4.4
15718,-7.201494,-4.387084,7.621024,4.4
15719,-7.216406,-4.404571,7.621024,4.4
15720,-7.226953,-4.419423,7.621024,4.4
15721,-7.23619,-4.43592,7.621024,4.4
15722,-7.248695,-4.448082,7.621024,4.4
15723,-7.265794,-4.458277,7.621024,4.4
15724,-7.28703,-4.464875,7.621024,4.4
15725,-7.309096,-4.465678,7.621024,4.4
15726,-7.327521,-4.467027,7.621024,4.4
15727,-7.344569,-4.468931,7.621024,4.4
15728,-7.362102,-4.473338,7.621024,4.4
15729,-7.379229,-4.474542,7.621024,4.4
15730,-7.392596,-4.473775,7.621024,4.4
15731,-7.405489,-4.471732,7.621024,4.4
15732,-7.418612,-4.468113,7.621024,4.4
15733,-7.43049,-4.462131,7.621024,4.4
15734,-7.441834,-4.453811,7.621024,4.4
15735,-7.450425,-4.44475,7.621024,4.4
15736,-7.456661,-4.437848,7.621024,4.4
15737,-7.461379,-4.430336,7.621024,4.4
15738,-7.462142,-4.421074,7.621024,4.4
15739,-7.461153,-4.411576,7.621024,4.4
15740,-7.458634,-4.400264,7.621024,4.4
15741,-7.455804,-4.386668,7.621024,4.4
15742,-7.45209,-4.371355,7.621024,4.4
15743,-7.443396,-4.354412,7.621024,4.4
15744,-7.430874,-4.33673,7.621024,4.4
15745,-7.417695,-4.320552,7.621024,4.4
15746,-7.402912,-4.302137,7.621024,4.4
15747,-7.389412,-4.28214,7.621024,4.4
15748,-7.373656,-4.259745,7.621024,4.4
15749,-7.358182,-4.243419,7.621024,4.4
15750,-7.343878,-4.231213,7.621024,4.4
15751,-7.332772,-4.220556,7.621024,4.4
15752,-7.322122,-4.208273,7.621024,4.4
15753,-7.311316,-4.194861,7.621024,4.4
15754,-7.301041,-4.179907,7.621024,4.4
15755,-7.290586,-4.166041,7.621024,4.4
15756,-7.281799,-4.154117,7.621024,4.4
15757,-7.273742,-4.139591,7.621024,4.4
15758,-7.263035,-4.125114,7.621024,4.4
15759,-7.251822,-4.105864,7.621024,4.4
15760,-7.241681,-4.087049,7.621024,4.4
15761,-7.232752,-4.068383,7.621024,4.4
15762,-7.225191,-4.051265,7.621024,4.4
15763,-7.216635,-4.035486,7.621024,4.4
15764,-7.208762,-4.020903,7.621024,4.4
15765,-7.200597,-4.003841,7.621024,4.4
15766,-7.191772,-3.982963,7.621024,4.4
15767,-7.18116,-3.964278,7.621024,4.4
15768,-7.170691,-3.949186,7.621024,4.4
15769,-7.160058,-3.934752,7.621024,4.4
15770,-7.148296,-3.918683,7.621024,4.4
15771,-7.138321,-3.902009,7.621024,4.4
15772,-7.128094,-3.886015,7.621024,4.4
15773,-7.118437,-3.866605,7.621024,4.4
15774,-7.106594,-3.844801,7.621024,4.4
15775,-7.094174,-3.817854,7.621024,4.4
15776,-7.080522,-3.79125,7.621024,4.4
15777,-7.069418,-3.764342,7.621024,4.4
15778,-7.056224,-3.740103,7.621024,4.4
15779,-7.041345,-3.716094,7.621024,4.4
15780,-7.026649,-3.69036,7.621024,4.4
15781,-7.013813,-3.668541,7.621024,4.4
15782,-7.002366,-3.647427,7.621024,4.4
15783,-6.988746,-3.623492,7.621024,4.4
15784,-6.972717,-3.597916,7.621024,4.4
15785,-6.957789,-3.574786,7.621024,4.4
15786,-6.94047,-3.553282,7.621024,4.4
15787,-6.924051,-3.530674,7.621024,4.4
15788,-6.904885,-3.507728,7.621024,4.4
15789,-6.886878,-3.487504,7.621024,4.4
15790,-6.86946,-3.469419,7.621024,4.4
15791,-6.845973,-3.45066,7.621024,4.4
15792,-6.823,-3.433674,7.621024,4.4
15793,-6.797549,-3.416527,7.621024,4.4
15794,-6.775019,-3.399472,7.621024,4.4
15795,-6.753129,-3.384452,7.621024,4.4
15796,-6.731339,-3.371002,7.621024,4.4
15797,-6.707428,-3.357691,7.621024,4.4
15798,-6.684097,-3.343825,7.621024,4.4
15799,-6.658156,-3.328735,7.621024,4.4
15800,-6.628713,-3.313189,7.621024,4.4
15801,-6.599792,-3.298425,7.621024,4.4
15802,-6.571665,-3.284824,7.621024,4.4
15803,-6.545687,-3.271402,7.621024,4.4
15804,-6.518421,-3.257222,7.621024,4.4
15805,-6.493578,-3.244624,7.621024,4.4
15806,-6.472062,-3.231607,7.621024,4.4
15807,-6.454597,-3.21997,7.621024,4.4
15808,-6.434611,-3.20623,7.621024,4.4
15809,-6.417097,-3.19506,7.621024,4.4
15810,-6.400734,-3.181194,7.621024,4.4
15811,-6.385685,-3.16616,7.621024,4.4
15812,-6.36884,-3.151986,7.621024,4.4
15813,-6.35341,-3.13926,7.621024,4.4
15814,-6.337046,-3.126137,7.621024,4.4
15815,-6.319309,-3.108882,7.621024,4.4
15816,-6.302603,-3.089916,7.621024,4.4
15817,-6.286138,-3.071824,7.621024,4.4
15818,-6.272224,-3.054452,7.621024,4.4
15819,-6.259533,-3.036857,7.621024,4.4
15820,-6.246116,-3.019595,7.621024,4.4
15821,-6.231499,-3.002001,7.621024,4.4
15822,-6.214801,-2.986543,7.621024,4.4
15823,-6.199325,-2.97115,7.621024,4.4
15824,-6.182322,-2.951336,7.621024,4.4
15825,-6.163999,-2.931765,7.621024,4.4
15826,-6.145945,-2.909827,7.621024,4.4
15827,-6.126365,-2.886718,7.621024,4.4
15828,-6.111737,-2.866915,7.621024,4.4
15829,-6.093624,-2.844927,7.621024,4.4
15830,-6.076273,-2.821776,7.621024,4.4
15831,-6.060764,-2.799752,7.621024,4.4
15832,-6.045666,-2.78123,7.621024,4.4
15833,-6.029852,-2.760928,7.621024,4.4
15834,-6.01558,-2.743166,7.621024,4.4
15835,-5.999425,-2.722726,7.621024,4.4
15836,-5.984313,-2.699811,7.621024,4.4
15837,-5.969309,-2.678519,7.621024,4.4
15838,-5.952052,-2.656045,7.621024,4.4
15839,-5.934925,-2.63359,7.621024,4.4
15840,-5.919081,-2.615128,7.621024,4.4
15841,-5.901122,-2.596875,7.621024,4.4
15842,-5.882845,-2.578316,7.621024,4.4
15843,-5.863996,-2.55991,7.621024,4.4
15844,-5.842796,-2.540019,7.621024,4.4
15845,-5.820389,-2.523483,7.621024,4.4
15846,-5.800851,-2.508814,7.621024,4.4
15847,-5.779208,-2.492108,7.621024,4.4
15848,-5.756661,-2.474731,7.621024,4.4
15849,-5.732222,-2.457943,7.621024,4.4
15850,-5.707403,-2.441827,7.621024,4.4
15851,-5.682552,-2.426571,7.621024,4.4
15852,-5.657279,-2.410359,7.621024,4.4
15853,-5.631151,-2.394033,7.621024,4.4
15854,-5.602983,-2.378385,7.621024,4.4
15855,-5.57429,-2.361748,7.621024,4.4
15856,-5.544344,-2.34584,7.621024,4.4
15857,-5.515424,-2.329154,7.621024,4.4
15858,-5.489,-2.315326,7.621024,4.4
15859,-5.467405,-2.303205,7.621024,4.4
15860,-5.447391,-2.290463,7.621024,4.4
15861,-5.428005,-2.278739,7.621024,4.4
15862,-5.409408,-2.265848,7.621024,4.4
15863,-5.390098,-2.252571,7.621024,4.4
15864,-5.370653,-2.239064,7.621024,4.4
15865,-5.350651,-2.222956,7.621024,4.4
15866,-5.333304,-2.20639,7.621024,4.4
15867,-5.315066,-2.186327,7.621024,4.4
15868,-5.295395,-2.169392,7.621024,4.4
15869,-5.277047,-2.154026,7.621024,4.4
15870,-5.26018,-2.137293,7.621024,4.4
15871,-5.242608,-2.120744,7.621024,4.4
15872,-5.226276,-2.104942,7.621024,4.4
15873,-5.209883,-2.085522,7.621024,4.4
15874,-5.191691,-2.068736,7.621024,4.4
15875,-5.177298,-2.053691,7.621024,4.4
15876,-5.160766,-2.034199,7.621024,4.4
15877,-5.1425,-2.012113,7.621024,4.4
15878,-5.122686,-1.988985,7.621024,4.4
15879,-5.103608,-1.967066,7.621024,4.4
15880,-5.084464,-1.943886,7.621024,4.4
15881,-5.064175,-1.920035,7.621024,4.4
15882,-5.042141,-1.89642,7.621024,4.4
15883,-5.02141,-1.871439,7.621024,4.4
15884,-5.003647,-1.851366,7.621024,4.4
15885,-4.987905,-1.831692,7.621024,4.4
15886,-4.971989,-1.810417,7.621024,4.4
15887,-4.956089,-1.790239,7.621024,4.4
15888,-4.939772,-1.768938,7.621024,4.4
15889,-4.923006,-1.744157,7.621024,4.4
15890,-4.904961,-1.719571,7.621024,4.4
15891,-4.883747,-1.695941,7.621024,4.4
15892,-4.862634,-1.672591,7.621024,4.4
15893,-4.841281,-1.650157,7.621024,4.4
15894,-4.820848,-1.62927,7.621024,4.4
15895,-4.800043,-1.609675,7.621024,4.4
15896,-4.778365,-1.591418,7.621024,4.4
15897,-4.757325,-1.575467,7.621024,4.4
15898,-4.73548,-1.558841,7.621024,4.4
15899,-4.709888,-1.541597,7.621024,4.4
15900,-4.683511,-1.526648,7.621024,4.4
15901,-4.656658,-1.514334,7.621024,4.4
15902,-4.627059,-1.501037,7.621024,4.4
15903,-4.597125,-1.486591,7.621024,4.4
15904,-4.567453,-1.47311,7.621024,4.4
15905,-4.537336,-1.458742,7.621024,4.4
15906,-4.506338,-1.444453,7.621024,4.4
15907,-4.472182,-1.428822,7.621024,4.4
15908,-4.439073,-1.414329,7.621024,4.4
15909,-4.40619,-1.399273,7.621024,4.4
15910,-4.375445,-1.384228,7.621024,4.4
15911,-4.344064,-1.370981,7.621024,4.4
15912,-4.321672,-1.362332,7.621024,4.4
15913,-4.300167,-1.355426,7.621024,4.4
15914,-4.27956,-1.347487,7.621024,4.4
15915,-4.261495,-1.337487,7.621024,4.4
15916,-4.242876,-1.327463,7.621024,4.4
15917,-4.227005,-1.316295,7.621024,4.4
15918,-4.209855,-1.303793,7.621024,4.4
15919,-4.194435,-1.291941,7.621024,4.4
15920,-4.175992,-1.276653,7.621024,4.4
15921,-4.155588,-1.259377,7.621024,4.4
15922,-4.137674,-1.244084,7.621024,4.4
15923,-4.119731,-1.229338,7.621024,4.4
15924,-4.101749,-1.213809,7.621024,4.4
15925,-4.085391,-1.197343,7.621024,4.4
15926,-4.070081,-1.181077,7.621024,4.4
15927,-4.052105,-1.165022,7.621024,4.4
15928,-4.033469,-1.149808,7.621024,4.4
15929,-4.014993,-1.134617,7.621024,4.4
15930,-3.994615,-1.116579,7.621024,4.4
15931,-3.976505,-1.099728,7.621024,4.4
15932,-3.957942,-1.081931,7.621024,4.4
15933,-3.937177,-1.061864,7.621024,4.4
15934,-3.91785,-1.04448,7.621024,4.4
15935,-3.898149,-1.02704,7.621024,4.4
15936,-3.876924,-1.005162,7.621024,4.4
15937,-3.854935,-0.9847643,7.621024,4.4
15938,-3.833863,-0.964068,7.621024,4.4
15939,-3.813944,-0.9417255,7.621024,4.4
15940,-3.796049,-0.9197616,7.621024,4.4
15941,-3.778625,-0.8974892,7.621024,4.4
15942,-3.759856,-0.8764877,7.621024,4.4
15943,-3.740523,-0.8533257,7.621024,4.4
15944,-3.720228,-0.8303819,7.621024,4.4
15945,-3.698747,-0.8048673,7.621024,4.4
15946,-3.67799,-0.7808498,7.621024,4.4
15947,-3.654722,-0.75765,7.621024,4.4
15948,-3.632311,-0.7358681,7.621024,4.4
15949,-3.610649,-0.7164281,7.621024,4.4
15950,-3.587566,-0.6972803,7.621024,4.4
15951,-3.561744,-0.678304,7.621024,4.4
15952,-3.535787,-0.6611364,7.621024,4.4
15953,-3.507999,-0.643064,7.621024,4.4
15954,-3.476914,-0.6246296,7.621024,4.4
15955,-3.445299,-0.6073784,7.621024,4.4
15956,-3.416165,-0.5919781,7.621024,4.4
15957,-3.387708,-0.5785371,7.621024,4.4
15958,-3.357513,-0.5649399,7.621024,4.4
15959,-3.330892,-0.5506206,7.621024,4.4
15960,-3.30601,-0.5374444,7.621024,4.4
15961,-3.280259,-0.5234408,7.621024,4.4
15962,-3.25198,-0.5097681,7.621024,4.4
15963,-3.224194,-0.4967897,7.621024,4.4
15964,-3.199217,-0.4834722,7.621024,4.4
15965,-3.178204,-0.4708109,7.621024,4.4
15966,-3.15979,-0.4591792,7.621024,4.4
15967,-3.142131,-0.4492385,7.621024,4.4
15968,-3.123767,-0.4391665,7.621024,4.4
15969,-3.10438,-0.4249002,7.621024,4.4
15970,-3.085389,-0.4123859,7.621024,4.4
15971,-3.068213,-0.3990362,7.621024,4.4
15972,-3.049543,-0.3844844,7.621024,4.4
15973,-3.032291,-0.3712208,7.621024,4.4
15974,-3.012898,-0.3568701,7.621024,4.4
15975,-2.99671,-0.3430507,7.621024,4.4
15976,-2.97932,-0.3283054,7.621024,4.4
15977,-2.961635,-0.3112296,7.621024,4.4
15978,-2.939715,-0.2943349,7.621024,4.4
15979,-2.920133,-0.2809843,7.621024,4.4
15980,-2.904361,-0.2663265,7.621024,4.4
15981,-2.885922,-0.2510151,7.621024,4.4
15982,-2.865973,-0.2337567,7.621024,4.4
15983,-2.845442,-0.215043,7.621024,4.4
15984,-2.825513,-0.1964763,7.621024,4.4
15985,-2.803447,-0.1752441,7.621024,4.4
15986,-2.77973,-0.1519272,7.621024,4.4
15987,-2.754587,-0.1293982,7.621024,4.4
15988,-2.73147,-0.1094738,7.621024,4.4
15989,-2.708616,-0.0887828,7.621024,4.4
15990,-2.686895,-0.06945021,7.621024,4.4
15991,-2.664235,-0.04854649,7.621024,4.4
15992,-2.641927,-0.02897745,7.621024,4.4
15993,-2.617938,-0.007405752,7.621024,4.4
15994,-2.595117,0.01355014,7.621024,4.4
15995,-2.575558,0.03210697,7.621024,4.4
15996,-2.557012,0.05056062,7.621024,4.4
15997,-2.53883,0.06906246,7.621024,4.4
15998,-2.519906,0.08817349,7.621024,4.4
15999,-2.5014,0.1084604,7.621024,4.4
16000,-2.482429,0.1279984,7.621024,4.4
16001,-2.462519,0.1458324,7.621024,4.4
16002,-2.43945,0.1645544,7.621024,4.4
16003,-2.417951,0.1803602,7.621024,4.4
16004,-2.397843,0.1950209,7.621024,4.4
16005,-2.375007,0.209496,7.621024,4.4
16006,-2.350633,0.2243517,7.621024,4.4
16007,-2.32249,0.2386755,7.621024,4.4
16008,-2.294909,0.2531186,7.621024,4.4
16009,-2.26518,0.267712,7.621024,4.4
16010,-2.239613,0.2803175,7.621024,4.4
16011,-2.213738,0.2930067,7.621024,4.4
16012,-2.188239,0.3077787,7.621024,4.4
16013,-2.159106,0.324051,7.621024,4.4
16014,-2.128435,0.3389366,7.621024,4.4
16015,-2.098596,0.3519601,7.621024,4.4
16016,-2.070078,0.3662418,7.621024,4.4
16017,-2.042204,0.380882,7.621024,4.4
16018,-2.01431,0.3953573,7.621024,4.4
16019,-1.985282,0.4100991,7.621024,4.4
16020,-1.961296,0.4198679,7.621024,4.4
16021,-1.941987,0.4293819,7.621024,4.4
16022,-1.922332,0.4425829,7.621024,4.4
16023,-1.901346,0.4546832,7.621024,4.4
16024,-1.88287,0.4651215,7.621024,4.4
16025,-1.865723,0.4771946,7.621024,4.4
16026,-1.848691,0.4914296,7.621024,4.4
16027,-1.829819,0.5062767,7.621024,4.4
16028,-1.809139,0.5245656,7.621024,4.4
16029,-1.788807,0.5445637,7.621024,4.4
16030,-1.768796,0.5647588,7.621024,4.4
16031,-1.748455,0.5822087,7.621024,4.4
16032,-1.730793,0.5960677,7.621024,4.4
16033,-1.713726,0.6094744,7.621024,4.4
16034,-1.69728,0.6238762,7.621024,4.4
16035,-1.680453,0.6391549,7.621024,4.4
16036,-1.662337,0.6543583,7.621024,4.4
16037,-1.642861,0.6722676,7.621024,4.4
16038,-1.623141,0.6901073,7.621024,4.4
16039,-1.603011,0.7066884,7.621024,4.4
16040,-1.58009,0.7271953,7.621024,4.4
16041,-1.557207,0.747523,7.621024,4.4
16042,-1.53517,0.7671981,7.621024,4.4
16043,-1.51346,0.7887007,7.621024,4.4
16044,-1.490823,0.811896,7.621024,4.4
16045,-1.469208,0.8336436,7.621024,4.4
16046,-1.448444,0.8562199,7.621024,4.4
16047,-1.431117,0.8793965,7.621024,4.4
16048,-1.414448,0.9014314,7.621024,4.4
16049,-1.397743,0.9240464,7.621024,4.4
16050,-1.380213,0.9468827,7.621024,4.4
16051,-1.358154,0.9700532,7.621024,4.4
16052,-1.337786,0.991504,7.621024,4.4
16053,-1.318583,1.011647,7.621024,4.4
16054,-1.297759,1.034043,7.621024,4.4
16055,-1.273433,1.055701,7.621024,4.4
16056,-1.251513,1.074328,7.621024,4.4
16057,-1.227163,1.091022,7.621024,4.4
16058,-1.203887,1.108156,7.621024,4.4
16059,-1.181108,1.12519,7.621024,4.4
16060,-1.156261,1.141621,7.621024,4.4
16061,-1.128454,1.156721,7.621024,4.4
16062,-1.098452,1.172684,7.621024,4.4
16063,-1.06787,1.189397,7.621024,4.4
16064,-1.040297,1.204437,7.621024,4.4
16065,-1.01254,1.216361,7.621024,4.4
16066,-0.9832128,1.229539,7.621024,4.4
16067,-0.9539742,1.244662,7.621024,4.4
16068,-0.9255697,1.259362,7.621024,4.4
16069,-0.8967131,1.273144,7.621024,4.4
16070,-0.8654482,1.286351,7.621024,4.4
16071,-0.8323842,1.299456,7.621024,4.4
16072,-0.8022504,1.311429,7.621024,4.4
16073,-0.775471,1.322398,7.621024,4.4
16074,-0.7501027,1.333871,7.621024,4.4
16075,-0.7279463,1.344842,7.621024,4.4
16076,-0.7089986,1.355909,7.621024,4.4
16077,-0.6876765,1.365668,7.621024,4.4
16078,-0.6711181,1.376025,7.621024,4.4
16079,-0.6555014,1.387446,7.621024,4.4
16080,-0.6398743,1.403296,7.621024,4.4
16081,-0.619563,1.417878,7.621024,4.4
16082,-0.598279,1.43331,7.621024,4.4
16083,-0.5737824,1.448627,7.621024,4.4
16084,-0.5536234,1.462689,7.621024,4.4
16085,-0.5347855,1.478301,7.621024,4.4
16086,-0.5170289,1.492022,7.621024,4.4
16087,-0.49932,1.506731,7.621024,4.4
16088,-0.4798811,1.523469,7.621024,4.4
16089,-0.4617557,1.537293,7.621024,4.4
16090,-0.4422265,1.552105,7.621024,4.4
16091,-0.4214502,1.567775,7.621024,4.4
16092,-0.3997586,1.584204,7.621024,4.4
16093,-0.3766679,1.602046,7.621024,4.4
16094,-0.3557385,1.62097,7.621024,4.4
16095,-0.33344,1.642308,7.621024,4.4
16096,-0.3114125,1.661396,7.621024,4.4
16097,-0.2872312,1.681867,7.621024,4.4
16098,-0.2659067,1.699643,7.621024,4.4
16099,-0.24515,1.719055,7.621024,4.4
16100,-0.2232332,1.737712,7.621024,4.4
16101,-0.2021058,1.757964,7.621024,4.4
16102,-0.1808879,1.776829,7.621024,4.4
16103,-0.1588806,1.795465,7.621024,4.4
16104,-0.1386466,1.813532,7.621024,4.4
16105,-0.1174358,1.833544,7.621024,4.4
16106,-0.09540059,1.853587,7.621024,4.4
16107,-0.0727099,1.873816,7.621024,4.4
16108,-0.04950742,1.891769,7.621024,4.4
16109,-0.0291506,1.908876,7.621024,4.4
16110,-0.007814078,1.924418,7.621024,4.4
16111,0.01501535,1.938785,7.621024,4.4
16112,0.03961447,1.952516,7.621024,4.4
16113,0.06396317,1.964334,7.621024,4.4
16114,0.0913071,1.977161,7.621024,4.4
16115,0.1210355,1.989679,7.621024,4.4
16116,0.15074,2.000971,7.621024,4.4
16117,0.1824911,2.0129,7.621024,4.4
16118,0.214198,2.024161,7.621024,4.4
16119,0.2430067,2.034427,7.621024,4.4
16120,0.2722754,2.045046,7.621024,4.4
16121,0.3045802,2.056593,7.621024,4.4
16122,0.3357434,2.06784,7.621024,4.4
16123,0.3674736,2.077846,7.621024,4.4
16124,0.3973349,2.085775,7.621024,4.4
16125,0.4276714,2.095838,7.621024,4.4
16126,0.4585392,2.105725,7.621024,4.4
16127,0.48304,2.116131,7.621024,4.4
16128,0.5092438,2.125973,7.621024,4.4
16129,0.5337539,2.136066,7.621024,4.4
16130,0.5540769,2.143337,7.621024,4.4
16131,0.5739136,2.152883,7.621024,4.4
16132,0.5902185,2.163624,7.621024,4.4
16133,0.6085502,2.174599,7.621024,4.4
16134,0.6290237,2.184664,7.621024,4.4
16135,0.6505836,2.197171,7.621024,4.4
16136,0.6711882,2.20776,7.621024,4.4
16137,0.6911433,2.220361,7.621024,4.4
16138,0.7112039,2.233375,7.621024,4.4
16139,0.7337145,2.247662,7.621024,4.4
16140,0.7559485,2.261411,7.621024,4.4
16141,0.7742322,2.27339,7.621024,4.4
16142,0.7942353,2.286666,7.621024,4.4
16143,0.8138034,2.298797,7.621024,4.4
16144,0.8328563,2.308228,7.621024,4.4
16145,0.852509,2.320021,7.621024,4.4
16146,0.8743679,2.332908,7.621024,4.4
16147,0.8954752,2.345547,7.621024,4.4
16148,0.9166354,2.359215,7.621024,4.4
16149,0.9398421,2.375523,7.621024,4.4
16150,0.9633538,2.393075,7.621024,4.4
16151,0.9853157,2.411018,7.621024,4.4
16152,1.011288,2.431987,7.621024,4.4
16153,1.037366,2.450945,7.621024,4.4
16154,1.058449,2.467909,7.621024,4.4
16155,1.079498,2.485959,7.621024,4.4
16156,1.100839,2.501672,7.621024,4.4
16157,1.121934,2.517459,7.621024,4.4
16158,1.141938,2.535753,7.621024,4.4
16159,1.160516,2.551994,7.621024,4.4
16160,1.185922,2.571929,7.621024,4.4
16161,1.210162,2.591577,7.621024,4.4
16162,1.233961,2.608475,7.621024,4.4
16163,1.257578,2.624672,7.621024,4.4
16164,1.283659,2.640717,7.621024,4.4
16165,1.310099,2.656087,7.621024,4.4
16166,1.336607,2.669313,7.621024,4.4
16167,1.363024,2.68156,7.621024,4.4
16168,1.389477,2.694025,7.621024,4.4
16169,1.418004,2.705915,7.621024,4.4
16170,1.445908,2.715582,7.621024,4.4
16171,1.473027,2.724546,7.621024,4.4
16172,1.501159,2.73382,7.621024,4.4
16173,1.528228,2.742254,7.621024,4.4
16174,1.55772,2.751875,7.621024,4.4
16175,1.586847,2.762188,7.621024,4.4
16176,1.6152,2.773126,7.621024,4.4
16177,1.648055,2.781342,7.621024,4.4
16178,1.681895,2.789479,7.621024,4.4
16179,1.71331,2.797255,7.621024,4.4
16180,1.741171,2.804822,7.621024,4.4
16181,1.765403,2.810891,7.621024,4.4
16182,1.791167,2.819227,7.621024,4.4
16183,1.811848,2.827172,7.621024,4.4
16184,1.837145,2.83542,7.621024,4.4
16185,1.861446,2.840715,7.621024,4.4
16186,1.882972,2.848071,7.621024,4.4
16187,1.90119,2.856355,7.621024,4.4
16188,1.923255,2.865265,7.621024,4.4
16189,1.947118,2.87585,7.621024,4.4
16190,1.969693,2.886808,7.621024,4.4
16191,1.990853,2.898558,7.621024,4.4
16192,2.011764,2.911407,7.621024,4.4
16193,2.031661,2.92444,7.621024,4.4
16194,2.049865,2.935362,7.621024,4.4
16195,2.069455,2.947779,7.621024,4.4
16196,2.092872,2.96183,7.621024,4.4
16197,2.113912,2.972792,7.621024,4.4
16198,2.135829,2.985155,7.621024,4.4
16199,2.157519,2.996379,7.621024,4.4
16200,2.178113,3.008023,7.621024,4.4
16201,2.201453,3.023772,7.621024,4.4
16202,2.223905,3.039018,7.621024,4.4
16203,2.246236,3.055655,7.621024,4.4
16204,2.270628,3.072515,7.621024,4.4
16205,2.297371,3.089067,7.621024,4.4
16206,2.323604,3.106791,7.621024,4.4
16207,2.349157,3.123792,7.621024,4.4
16208,2.37193,3.141293,7.621024,4.4
16209,2.393596,3.15491,7.621024,4.4
16210,2.413614,3.171884,7.621024,4.4
16211,2.437304,3.189026,7.621024,4.4
16212,2.459576,3.20793,7.621024,4.4
16213,2.486422,3.22765,7.621024,4.4
16214,2.513129,3.24551,7.621024,4.4
16215,2.536968,3.261301,7.621024,4.4
16216,2.561455,3.278515,7.621024,4.4
16217,2.586655,3.294605,7.621024,4.4
16218,2.610759,3.310456,7.621024,4.4
16219,2.635729,3.324314,7.621024,4.4
16220,2.658896,3.336229,7.621024,4.4
16221,2.684138,3.346562,7.621024,4.4
16222,2.710249,3.357506,7.621024,4.4
16223,2.740089,3.36872,7.621024,4.4
16224,2.772705,3.380687,7.621024,4.4
16225,2.807711,3.390404,7.621024,4.4
16226,2.838876,3.398964,7.621024,4.4
16227,2.871142,3.406087,7.621024,4.4
16228,2.900402,3.413259,7.621024,4.4
16229,2.929661,3.422145,7.621024,4.4
16230,2.958444,3.429117,7.621024,4.4
16231,2.992982,3.437369,7.621024,4.4
16232,3.028358,3.446527,7.621024,4.4
16233,3.064486,3.453078,7.621024,4.4
16234,3.097181,3.460491,7.621024,4.4
16235,3.12179,3.467204,7.621024,4.4
16236,3.146872,3.475148,7.621024,4.4
16237,3.170876,3.481248,7.621024,4.4
16238,3.192181,3.488883,7.621024,4.4
16239,3.212621,3.497206,7.621024,4.4
16240,3.234535,3.507056,7.621024,4.4
16241,3.255548,3.516492,7.621024,4.4
16242,3.277931,3.528055,7.621024,4.4
16243,3.296711,3.541137,7.621024,4.4
16244,3.314229,3.550986,7.621024,4.4
16245,3.33509,3.560991,7.621024,4.4
16246,3.355278,3.573265,7.621024,4.4
16247,3.373463,3.584976,7.621024,4.4
16248,3.393397,3.597058,7.621024,4.4
16249,3.414401,3.608304,7.621024,4.4
16250,3.435097,3.617485,7.621024,4.4
16251,3.453878,3.626909,7.621024,4.4
16252,3.4744,3.637791,7.621024,4.4
16253,3.494493,3.649995,7.621024,4.4
16254,3.515615,3.663666,7.621024,4.4
16255,3.538112,3.678815,7.621024,4.4
16256,3.560583,3.693359,7.621024,4.4
16257,3.582625,3.709024,7.621024,4.4
16258,3.603304,3.724343,7.621024,4.4
16259,3.625378,3.739382,7.621024,4.4
16260,3.646448,3.754186,7.621024,4.4
16261,3.66854,3.767523,7.621024,4.4
16262,3.692822,3.782219,7.621024,4.4
16263,3.716533,3.800375,7.621024,4.4
16264,3.73989,3.819113,7.621024,4.4
16265,3.762757,3.840256,7.621024,4.4
16266,3.784395,3.856854,7.621024,4.4
16267,3.80797,3.873079,7.621024,4.4
16268,3.831083,3.889924,7.621024,4.4
16269,3.853589,3.904087,7.621024,4.4
16270,3.874905,3.917526,7.621024,4.4
16271,3.898102,3.93242,7.621024,4.4
16272,3.923878,3.946276,7.621024,4.4
16273,3.951274,3.960836,7.621024,4.4
16274,3.977769,3.973729,7.621024,4.4
16275,4.004524,3.984183,7.621024,4.4
16276,4.031148,3.993286,7.621024,4.4
16277,4.058549,4.002725,7.621024,4.4
16278,4.089416,4.010959,7.621024,4.4
16279,4.116991,4.019662,7.621024,4.4
16280,4.147215,4.027565,7.621024,4.4
16281,4.177536,4.035018,7.621024,4.4
16282,4.20618,4.040729,7.621024,4.4
16283,4.233563,4.045314,7.621024,4.4
16284,4.264124,4.052585,7.621024,4.4
16285,4.296587,4.060414,7.621024,4.4
16286,4.332479,4.067842,7.621024,4.4
16287,4.367205,4.074092,7.621024,4.4
16288,4.39921,4.080748,7.621024,4.4
16289,4.424095,4.08532,7.621024,4.4
16290,4.451036,4.090467,7.621024,4.4
16291,4.477515,4.096507,7.621024,4.4
16292,4.500425,4.10097,7.621024,4.4
16293,4.521541,4.104851,7.621024,4.4
16294,4.541258,4.110171,7.621024,4.4
16295,4.56296,4.11414,7.621024,4.4
16296,4.585705,4.120178,7.621024,4.4
16297,4.609017,4.128792,7.621024,4.4
16298,4.63118,4.136097,7.621024,4.4
16299,4.653319,4.144048,7.621024,4.4
16300,4.677581,4.153692,7.621024,4.4
16301,4.696375,4.162414,7.621024,4.4
16302,4.71641,4.170416,7.621024,4.4
16303,4.736,4.178912,7.621024,4.4
16304,4.756505,4.18901,7.621024,4.4
16305,4.777038,4.199008,7.621024,4.4
16306,4.798168,4.211087,7.621024,4.4
16307,4.823333,4.2256,7.621024,4.4
16308,4.849736,4.237578,7.621024,4.4
16309,4.872876,4.246374,7.621024,4.4
16310,4.895288,4.255737,7.621024,4.4
16311,4.919241,4.265489,7.621024,4.4
16312,4.944472,4.276087,7.621024,4.4
16313,4.972691,4.28852,7.621024,4.4
16314,5.000157,4.299599,7.621024,4.4
16315,5.026792,4.311131,7.621024,4.4
16316,5.05007,4.321742,7.621024,4.4
16317,5.070983,4.332057,7.621024,4.4
16318,5.093313,4.340436,7.621024,4.4
16319,5.116678,4.349431,7.621024,4.4
16320,5.142991,4.359246,7.621024,4.4
16321,5.167483,4.368858,7.621024,4.4
16322,5.194759,4.38043,7.621024,4.4
16323,5.221559,4.391788,7.621024,4.4
16324,5.248735,4.401042,7.621024,4.4
16325,5.276736,4.40748,7.621024,4.4
16326,5.303581,4.413296,7.621024,4.4
16327,5.330151,4.418395,7.621024,4.4
16328,5.359735,4.419718,7.621024,4.4
16329,5.390714,4.420263,7.621024,4.4
16330,5.421209,4.4187,7.621024,4.4
16331,5.450792,4.415842,7.621024,4.4
16332,5.478196,4.414032,7.621024,4.4
16333,5.504509,4.411049,7.621024,4.4
16334,5.529104,4.40843,7.621024,4.4
16335,5.556191,4.403063,7.621024,4.4
16336,5.5836,4.397973,7.621024,4.4
16337,5.610143,4.391378,7.621024,4.4
16338,5.634488,4.385374,7.621024,4.4
16339,5.658597,4.381121,7.621024,4.4
16340,5.685164,4.377958,7.621024,4.4
16341,5.710415,4.374516,7.621024,4.4
16342,5.734081,4.373202,7.621024,4.4
16343,5.76012,4.370641,7.621024,4.4
16344,5.783685,4.368876,7.621024,4.4
16345,5.802791,4.369336,7.621024,4.4
16346,5.822566,4.370296,7.621024,4.4
16347,5.841697,4.370382,7.621024,4.4
16348,5.85761,4.37258,7.621024,4.4
16349,5.876025,4.372121,7.621024,4.4
16350,5.901397,4.372389,7.621024,4.4
16351,5.925203,4.373583,7.621024,4.4
16352,5.948052,4.375038,7.621024,4.4
16353,5.967608,4.380263,7.621024,4.4
16354,5.988617,4.38453,7.621024,4.4
16355,6.009633,4.386566,7.621024,4.4
16356,6.030808,4.38854,7.621024,4.4
16357,6.052116,4.388963,7.621024,4.4
16358,6.074456,4.388849,7.621024,4.4
16359,6.097409,4.390646,7.621024,4.4
16360,6.121403,4.391517,7.621024,4.4
16361,6.149386,4.394429,7.621024,4.4
16362,6.176862,4.398999,7.621024,4.4
16363,6.205601,4.404117,7.621024,4.4
16364,6.234739,4.409679,7.621024,4.4
16365,6.262208,4.41652,7.621024,4.4
16366,6.288081,4.422302,7.621024,4.4
16367,6.318599,4.426964,7.621024,4.4
16368,6.347108,4.432109,7.621024,4.4
16369,6.373582,4.437984,7.621024,4.4
16370,6.400886,4.443614,7.621024,4.4
16371,6.426439,4.448206,7.621024,4.4
16372,6.451241,4.452197,7.621024,4.4
16373,6.47798,4.459372,7.621024,4.4
16374,6.503963,4.467176,7.621024,4.4
16375,6.530796,4.473911,7.621024,4.4
16376,6.560724,4.480135,7.621024,4.4
16377,6.591625,4.485954,7.621024,4.4
16378,6.622602,4.491412,7.621024,4.4
16379,6.65239,4.49483,7.621024,4.4
16380,6.678634,4.498567,7.621024,4.4
16381,6.709096,4.501876,7.621024,4.4
16382,6.740122,4.502478,7.621024,4.4
16383,6.768714,4.501664,7.621024,4.4
16384,6.796701,4.501703,7.621024,4.4
16385,6.826275,4.499794,7.621024,4.4
16386,6.857278,4.49859,7.621024,4.4
16387,6.891342,4.497433,7.621024,4.4
16388,6.922597,4.495805,7.621024,4.4
16389,6.953436,4.49436,7.621024,4.4
16390,6.988445,4.494183,7.621024,4.4
16391,7.021835,4.490992,7.621024,4.4
16392,7.055473,4.488012,7.621024,4.4
16393,7.085497,4.484043,7.621024,4.4
16394,7.11437,4.479501,7.621024,4.4
16395,7.143302,4.475373,7.621024,4.4
16396,7.170749,4.472929,7.621024,4.4
16397,7.19312,4.470835,7.621024,4.4
16398,7.213891,4.470278,7.621024,4.4
16399,7.236748,4.470951,7.621024,4.4
16400,7.259343,4.472886,7.621024,4.4
16401,7.280088,4.475196,7.621024,4.4
16402,7.303103,4.476612,7.621024,4.4
16403,7.32704,4.477952,7.621024,4.4
16404,7.351179,4.48133,7.621024,4.4
16405,7.377599,4.484796,7.621024,4.4
16406,7.401367,4.489301,7.621024,4.4
16407,7.42503,4.492842,7.621024,4.4
16408,7.449365,4.495325,-8.8,0
16409,7.469208,4.500416,-8.8,0
16410,7.489449,4.505197,-8.8,0
16411,7.509774,4.510098,-8.8,0
16412,7.529634,4.516199,-8.8,0
16413,7.550041,4.524262,-8.8,0
16414,7.570154,4.533793,-8.8,0
16415,7.586341,4.544572,-8.8,0
16416,7.599582,4.553937,-8.8,0
16417,7.617318,4.559868,-8.8,0
16418,7.63857,4.560931,-8.8,0
16419,7.657288,4.559254,-8.8,0
16420,7.676991,4.554154,-8.8,0
16421,7.697976,4.544505,-8.8,0
16422,7.711449,4.536216,-8.8,0
16423,7.724962,4.531854,-8.8,0
16424,7.740046,4.529195,-8.8,0
16425,7.755547,4.52415,-8.8,0
16426,7.769117,4.517014,-8.8,0
16427,7.781417,4.505548,-8.8,0
16428,7.790675,4.4939,-8.8,0
16429,7.798111,4.482271,-8.8,0
16430,7.805324,4.471212,-8.8,0
16431,7.810018,4.459987,-8.8,0
16432,7.811997,4.44905,-8.8,0
16433,7.811652,4.439199,-8.8,0
16434,7.81153,4.42974,-8.8,0
16435,7.809516,4.415041,-8.8,0
16436,7.803442,4.401585,-8.8,0
16437,7.795634,4.389217,-8.8,0
16438,7.787162,4.377564,-8.8,0
16439,7.778754,4.365434,-8.8,0
16440,7.769323,4.354093,-8.8,0
16441,7.758921,4.343683,-8.8,0
16442,7.745777,4.33045,-8.8,0
16443,7.730392,4.316607,-8.8,0
16444,7.713921,4.303833,-8.8,0
16445,7.697758,4.291615,-8.8,0
16446,7.679756,4.27696,-8.8,0
16447,7.659904,4.261093,-8.8,0
16448,7.639228,4.242614,-8.8,0
16449,7.620484,4.225765,-8.8,0
16450,7.603042,4.211404,-8.8,0
16451,7.588819,4.197455,-8.8,0
16452,7.576138,4.183836,-8.8,0
16453,7.563531,4.171906,-8.8,0
16454,7.551148,4.1631,-8.8,0
16455,7.542713,4.152069,-8.8,0
16456,7.531554,4.138417,-8.8,0
16457,7.519376,4.123553,-8.8,0
16458,7.506159,4.109343,-8.8,0
16459,7.491971,4.094468,-8.8,0
16460,7.477081,4.077064,-8.8,0
16461,7.462743,4.059366,-8.8,0
16462,7.452739,4.044999,-8.8,0
16463,7.445367,4.029275,-8.8,0
16464,7.437204,4.012965,-8.8,0
16465,7.426005,3.995973,-8.8,0
16466,7.413576,3.979813,-8.8,0
16467,7.401234,3.962662,-8.8,0
16468,7.388123,3.946504,-8.8,0
16469,7.378138,3.931722,-8.8,0
16470,7.368462,3.915332,-8.8,0
16471,7.356976,3.899001,-8.8,0
16472,7.345539,3.881995,-8.8,0
16473,7.335562,3.865335,-8.8,0
16474,7.322423,3.847811,-8.8,0
16475,7.306985,3.828774,-8.8,0
16476,7.292615,3.811295,-8.8,0
16477,7.279219,3.793367,-8.8,0
16478,7.264668,3.774913,-8.8,0
16479,7.250953,3.756946,-8.8,0
16480,7.238375,3.738881,-8.8,0
16481,7.221707,3.721688,-8.8,0
16482,7.206407,3.705554,-8.8,0
16483,7.190102,3.688135,-8.8,0
16484,7.173847,3.671773,-8.8,0
16485,7.155436,3.654679,-8.8,0
16486,7.135811,3.637103,-8.8,0
16487,7.116435,3.623161,-8.8,0
16488,7.097191,3.608874,-8.8,0
16489,7.076693,3.596883,-8.8,0
16490,7.057787,3.584661,-8.8,0
16491,7.035124,3.573069,-8.8,0
16492,7.009258,3.563248,-8.8,0
16493,6.981592,3.555557,-8.8,0
16494,6.954482,3.549082,-8.8,0
16495,6.927167,3.543638,-8.8,0
16496,6.901491,3.537766,-8.8,0
16497,6.876967,3.532778,-8.8,0
16498,6.850659,3.52932,-8.8,0
16499,6.824052,3.524764,-8.8,0
16500,6.793727,3.518428,-8.8,0
16501,6.762905,3.512226,-8.8,0
16502,6.733016,3.50786,-8.8,0
16503,6.702032,3.501281,-8.8,0
16504,6.671855,3.496341,-8.8,0
16505,6.64752,3.490992,-8.8,0
16506,6.627341,3.487094,-8.8,0
16507,6.603602,3.481507,-8.8,0
16508,6.58213,3.473696,-8.8,0
16509,6.563973,3.46678,-8.8,0
16510,6.543202,3.457452,-8.8,0
16511,6.522775,3.448267,-8.8,0
16512,6.502213,3.439604,-8.8,0
16513,6.481186,3.429885,-8.8,0
16514,6.460675,3.420095,-8.8,0
16515,6.438553,3.41074,-8.8,0
16516,6.417513,3.401021,-8.8,0
16517,6.396915,3.392973,-8.8,0
16518,6.375306,3.384551,-8.8,0
16519,6.354612,3.374,-8.8,0
16520,6.328892,3.362142,-8.8,0
16521,6.302749,3.350052,-8.8,0
16522,6.277284,3.338285,-8.8,0
16523,6.25257,3.3271,-8.8,0
16524,6.226871,3.31491,-8.8,0
16525,6.202956,3.303844,-8.8,0
16526,6.175167,3.289552,-8.8,0
16527,6.149396,3.274929,-8.8,0
16528,6.124178,3.259411,-8.8,0
16529,6.097038,3.243954,-8.8,0
16530,6.070598,3.232639,-8.8,0
16531,6.043207,3.218743,-8.8,0
16532,6.0179,3.205805,-8.8,0
16533,5.993073,3.191197,-8.8,0
16534,5.970787,3.177824,-8.8,0
16535,5.947532,3.162054,-8.8,0
16536,5.923254,3.147875,-8.8,0
16537,5.896839,3.133505,-8.8,0
16538,5.869961,3.119842,-8.8,0
16539,5.84306,3.105094,-8.8,0
16540,5.813979,3.091512,-8.8,0
16541,5.787299,3.080876,-8.8,0
16542,5.76257,3.071792,-8.8,0
16543,5.735963,3.062802,-8.8,0
16544,5.70634,3.053787,-8.8,0
16545,5.675176,3.04635,-8.8,0
16546,5.643614,3.038099,-8.8,0
16547,5.610634,3.030303,-8.8,0
16548,5.578043,3.024525,-8.8,0
16549,5.544701,3.019427,-8.8,0
16550,5.514197,3.014955,-8.8,0
16551,5.484996,3.010385,-8.8,0
16552,5.452918,3.00531,-8.8,0
16553,5.419535,3.000105,-8.8,0
16554,5.388232,2.995162,-8.8,0
16555,5.361011,2.991641,-8.8,0
16556,5.335195,2.989207,-8.8,0
16557,5.3083,2.984791,-8.8,0
16558,5.286265,2.980176,-8.8,0
16559,5.262905,2.975567,-8.8,0
16560,5.239567,2.972065,-8.8,0
16561,5.21957,2.968212,-8.8,0
16562,5.199863,2.961908,-8.8,0
16563,5.17745,2.955395,-8.8,0
16564,5.154942,2.947696,-8.8,0
16565,5.129836,2.938198,-8.8,0
16566,5.108109,2.931015,-8.8,0
16567,5.084709,2.923084,-8.8,0
16568,5.063676,2.912986,-8.8,0
16569,5.042778,2.903605,-8.8,0
16570,5.021867,2.895831,-8.8,0
16571,5.000538,2.888072,-8.8,0
16572,4.977324,2.880969,-8.8,0
16573,4.956421,2.874513,-8.8,0
16574,4.932314,2.866232,-8.8,0
16575,4.908153,2.857592,-8.8,0
16576,4.883725,2.847529,-8.8,0
16577,4.856364,2.835598,-8.8,0
16578,4.828351,2.824478,-8.8,0
16579,4.798424,2.812272,-8.8,0
16580,4.766616,2.797351,-8.8,0
16581,4.737481,2.78299,-8.8,0
16582,4.709141,2.768803,-8.8,0
16583,4.684235,2.756565,-8.8,0
16584,4.659324,2.74588,-8.8,0
16585,4.634848,2.73231,-8.8,0
16586,4.612046,2.720032,-8.8,0
16587,4.586622,2.70721,-8.8,0
16588,4.559721,2.694777,-8.8,0
16589,4.531811,2.681867,-8.8,0
16590,4.501939,2.669143,-8.8,0
16591,4.475791,2.657,-8.8,0
16592,4.451896,2.645223,-8.8,0
16593,4.427874,2.63546,-8.8,0
16594,4.40577,2.626043,-8.8,0
16595,4.381631,2.617776,-8.8,0
16596,4.355989,2.610665,-8.8,0
16597,4.328299,2.606618,-8.8,0
16598,4.30073,2.602417,-8.8,0
16599,4.271892,2.598295,-8.8,0
16600,4.241389,2.59501,-8.8,0
16601,4.210972,2.592295,-8.8,0
16602,4.179395,2.590626,-8.8,0
16603,4.148052,2.588709,-8.8,0
16604,4.117033,2.58614,-8.8,0
16605,4.084574,2.583607,-8.8,0
16606,4.051652,2.580965,-8.8,0
16607,4.018264,2.578467,-8.8,0
16608,3.982748,2.57538,-8.8,0
16609,3.950708,2.574661,-8.8,0
16610,3.921289,2.574558,-8.8,0
16611,3.895141,2.572719,-8.8,0
16612,3.866906,2.568494,-8.8,0
16613,3.841028,2.564299,-8.8,0
16614,3.815651,2.562022,-8.8,0
16615,3.793619,2.559133,-8.8,0
16616,3.773284,2.553784,-8.8,0
16617,3.750856,2.55083,-8.8,0
16618,3.731424,2.548052,-8.8,0
16619,3.70868,2.542868,-8.8,0
16620,3.684073,2.535518,-8.8,0
16621,3.65981,2.525526,-8.8,0
16622,3.636392,2.516478,-8.8,0
16623,3.61403,2.508595,-8.8,0
16624,3.593729,2.501565,-8.8,0
16625,3.574141,2.495454,-8.8,0
16626,3.551863,2.488549,-8.8,0
16627,3.526886,2.481522,-8.8,0
16628,3.502698,2.474384,-8.8,0
16629,3.478916,2.467352,-8.8,0
16630,3.455567,2.457336,-8.8,0
16631,3.432342,2.448143,-8.8,0
16632,3.405003,2.437473,-8.8,0
16633,3.377473,2.42572,-8.8,0
16634,3.348144,2.413368,-8.8,0
16635,3.317779,2.400559,-8.8,0
16636,3.288791,2.389655,-8.8,0
16637,3.263273,2.377568,-8.8,0
16638,3.238989,2.364855,-8.8,0
16639,3.216273,2.353609,-8.8,0
16640,3.193492,2.343734,-8.8,0
16641,3.168725,2.330325,-8.8,0
16642,3.142346,2.316817,-8.8,0
16643,3.11657,2.30322,-8.8,0
16644,3.088093,2.291997,-8.8,0
16645,3.058101,2.280933,-8.8,0
16646,3.031832,2.267784,-8.8,0
16647,3.008373,2.2562,-8.8,0
16648,2.983176,2.247394,-8.8,0
16649,2.958686,2.239569,-8.8,0
16650,2.933306,2.232451,-8.8,0
16651,2.904481,2.224918,-8.8,0
16652,2.873765,2.218174,-8.8,0
16653,2.842614,2.213551,-8.8,0
16654,2.810579,2.208313,-8.8,0
16655,2.779179,2.202996,-8.8,0
16656,2.745887,2.198126,-8.8,0
16657,2.71324,2.192972,-8.8,0
16658,2.67971,2.190414,-8.8,0
16659,2.647589,2.188565,-8.8,0
16660,2.614303,2.185783,-8.8,0
16661,2.581868,2.183482,-8.8,0
16662,2.548625,2.181267,-8.8,0
16663,2.513897,2.178704,-8.8,0
16664,2.480906,2.175079,-8.8,0
16665,2.45169,2.172238,-8.8,0
16666,2.424654,2.169547,-8.8,0
16667,2.398179,2.167469,-8.8,0
16668,2.372353,2.163119,-8.8,0
16669,2.348391,2.157764,-8.8,0
16670,2.326066,2.151707,-8.8,0
16671,2.305002,2.145304,-8.8,0
16672,2.285898,2.136415,-8.8,0
16673,2.260714,2.129284,-8.8,0
16674,2.235387,2.121507,-8.8,0
16675,2.211579,2.113183,-8.8,0
16676,2.190117,2.10546,-8.8,0
16677,2.166351,2.09594,-8.8,0
16678,2.142055,2.087023,-8.8,0
16679,2.119739,2.077842,-8.8,0
16680,2.096283,2.069018,-8.8,0
16681,2.070286,2.059083,-8.8,0
16682,2.04598,2.05173,-8.8,0
16683,2.019391,2.043191,-8.8,0
16684,1.995033,2.033913,-8.8,0
16685,1.97015,2.023398,-8.8,0
16686,1.94381,2.012651,-8.8,0
16687,1.915723,1.999542,-8.8,0
16688,1.887446,1.985761,-8.8,0
16689,1.85871,1.97166,-8.8,0
16690,1.829523,1.957831,-8.8,0
16691,1.801475,1.945801,-8.8,0
16692,1.77731,1.933295,-8.8,0
16693,1.755271,1.922966,-8.8,0
16694,1.730659,1.910574,-8.8,0
16695,1.704576,1.898737,-8.8,0
16696,1.678317,1.885346,-8.8,0
16697,1.64827,1.871786,-8.8,0
16698,1.621637,1.857187,-8.8,0
16699,1.594861,1.842241,-8.8,0
16700,1.56782,1.831439,-8.8,0
16701,1.539685,1.820808,-8.8,0
16702,1.509666,1.811378,-8.8,0
16703,1.478002,1.80519,-8.8,0
16704,1.447536,1.799277,-8.8,0
16705,1.417692,1.793866,-8.8,0
16706,1.387211,1.790469,-8.8,0
16707,1.356499,1.785645,-8.8,0
16708,1.324039,1.780151,-8.8,0
16709,1.292871,1.775609,-8.8,0
16710,1.263155,1.771734,-8.8,0
16711,1.23303,1.767954,-8.8,0
16712,1.201027,1.765795,-8.8,0
16713,1.17028,1.764025,-8.8,0
16714,1.13965,1.760344,-8.8,0
16715,1.10734,1.756243,-8.8,0
16716,1.078886,1.751931,-8.8,0
16717,1.051589,1.746646,-8.8,0
16718,1.02538,1.741582,-8.8,0
16719,1.000655,1.736409,-8.8,0
16720,0.9795765,1.733173,-8.8,0
16721,0.9583554,1.727615,-8.8,0
16722,0.940347,1.723603,-8.8,0
16723,0.9215875,1.718899,-8.8,0
16724,0.9015557,1.711618,-8.8,0
16725,0.8787413,1.705037,-8.8,0
16726,0.8545351,1.696771,-8.8,0
16727,0.833042,1.688866,-8.8,0
16728,0.8095512,1.682508,-8.8,0
16729,0.7881013,1.674984,-8.8,0
16730,0.7658743,1.667797,-8.8,0
16731,0.7433289,1.660422,-8.8,0
16732,0.7223217,1.651828,-8.8,0
16733,0.6998864,1.643568,-8.8,0
16734,0.6756831,1.632535,-8.8,0
16735,0.6538829,1.623744,-8.8,0
16736,0.6322867,1.615608,-8.8,0
16737,0.6109643,1.60801,-8.8,0
16738,0.5891501,1.598348,-8.8,0
16739,0.5620356,1.58563,-8.8,0
16740,0.5338035,1.5718,-8.8,0
16741,0.5067184,1.557775,-8.8,0
16742,0.4770098,1.543335,-8.8,0
16743,0.446808,1.530691,-8.8,0
16744,0.4166788,1.516782,-8.8,0
16745,0.3903491,1.50191,-8.8,0
16746,0.3657153,1.488966,-8.8,0
16747,0.3422007,1.475491,-8.8,0
16748,0.3179707,1.462251,-8.8,0
16749,0.2913961,1.448479,-8.8,0
16750,0.2622955,1.435669,-8.8,0
16751,0.2332791,1.423581,-8.8,0
16752,0.2081096,1.411986,-8.8,0
16753,0.1834911,1.398779,-8.8,0
16754,0.1556944,1.386637,-8.8,0
16755,0.1296486,1.376855,-8.8,0
16756,0.107301,1.367675,-8.8,0
16757,0.08140363,1.358234,-8.8,0
16758,0.05615055,1.352041,-8.8,0
16759,0.02839403,1.344938,-8.8,0
16760,-0.0008960329,1.335921,-8.8,0
16761,-0.03331655,1.328318,-8.8,0
16762,-0.06382298,1.322961,-8.8,0
16763,-0.09467392,1.318145,-8.8,0
16764,-0.1256615,1.313155,-8.8,0
16765,-0.1543591,1.308424,-8.8,0
16766,-0.1863371,1.305078,-8.8,0
16767,-0.2187936,1.301873,-8.8,0
16768,-0.2508561,1.298986,-8.8,0
16769,-0.2844884,1.297778,-8.8,0
16770,-0.3151572,1.295612,-8.8,0
16771,-0.3406594,1.292201,-8.8,0
16772,-0.3674462,1.286945,-8.8,0
16773,-0.393014,1.281822,-8.8,0
16774,-0.4124139,1.277469,-8.8,0
16775,-0.4335686,1.270883,-8.8,0
16776,-0.4558508,1.261988,-8.8,0
16777,-0.4794705,1.254447,-8.8,0
16778,-0.5018623,1.247495,-8.8,0
16779,-0.5222628,1.240817,-8.8,0
16780,-0.543187,1.232231,-8.8,0
16781,-0.5655357,1.223107,-8.8,0
16782,-0.5887077,1.214731,-8.8,0
16783,-0.6138426,1.205875,-8.8,0
16784,-0.6332195,1.197312,-8.8,0
16785,-0.6551735,1.18784,-8.8,0
16786,-0.6782809,1.179013,-8.8,0
16787,-0.7000387,1.170326,-8.8,0
16788,-0.7205542,1.162521,-8.8,0
16789,-0.7432339,1.154991,-8.8,0
16790,-0.7674268,1.145576,-8.8,0
16791,-0.7917699,1.133815,-8.8,0
16792,-0.8178043,1.120843,-8.8,0
16793,-0.8420979,1.107439,-8.8,0
16794,-0.8700112,1.091526,-8.8,0
16795,-0.89796,1.077208,-8.8,0
16796,-0.9273301,1.062439,-8.8,0
16797,-0.9542099,1.047471,-8.8,0
16798,-0.9797595,1.031281,-8.8,0
16799,-1.003894,1.016222,-8.8,0
16800,-1.028811,1.002256,-8.8,0
16801,-1.055808,0.9907445,-8.8,0
16802,-1.081443,0.976437,-8.8,0
16803,-1.103972,0.9601046,-8.8,0
16804,-1.127239,0.9429333,-8.8,0
16805,-1.153386,0.9276425,-8.8,0
16806,-1.179654,0.9117738,-8.8,0
16807,-1.2045,0.8975374,-8.8,0
16808,-1.230428,0.8855205,-8.8,0
16809,-1.258517,0.8760877,-8.8,0
16810,-1.287044,0.8662301,-8.8,0
16811,-1.314602,0.8582172,-8.8,0
16812,-1.339662,0.8524925,-8.8,0
16813,-1.366675,0.8481378,-8.8,0
16814,-1.396666,0.8448492,-8.8,0
16815,-1.427556,0.8409664,-8.8,0
16816,-1.46119,0.8370702,-8.8,0
16817,-1.49393,0.8337678,-8.8,0
16818,-1.523998,0.8324287,-8.8,0
16819,-1.555747,0.8292586,-8.8,0
16820,-1.588986,0.8267992,-8.8,0
16821,-1.623289,0.8251722,-8.8,0
16822,-1.655866,0.823331,-8.8,0
16823,-1.683223,0.8210927,-8.8,0
16824,-1.709364,0.8165186,-8.8,0
16825,-1.734842,0.8133315,-8.8,0
16826,-1.76052,0.8101155,-8.8,0
16827,-1.78184,0.8087504,-8.8,0
16828,-1.802169,0.8034413,-8.8,0
16829,-1.822845,0.7982859,-8.8,0
16830,-1.845048,0.792317,-8.8,0
16831,-1.866191,0.7880396,-8.8,0
16832,-1.88429,0.7849056,-8.8,0
16833,-1.905647,0.7754298,-8.8,0
16834,-1.927822,0.7675682,-8.8,0
16835,-1.948791,0.760772,-8.8,0
16836,-1.970642,0.7533114,-8.8,0
16837,-1.990206,0.7441398,-8.8,0
16838,-2.010739,0.7363655,-8.8,0
16839,-2.032363,0.7294366,-8.8,0
16840,-2.054785,0.7211604,-8.8,0
16841,-2.078491,0.7144673,-8.8,0
16842,-2.103007,0.7083837,-8.8,0
16843,-2.127672,0.7014996,-8.8,0
16844,-2.155009,0.6914127,-8.8,0
16845,-2.181717,0.6811861,-8.8,0
16846,-2.206805,0.6686631,-8.8,0
16847,-2.235878,0.6537992,-8.8,0
16848,-2.267432,0.6391829,-8.8,0
16849,-2.298809,0.6244773,-8.8,0
16850,-2.327852,0.6117876,-8.8,0
16851,-2.357866,0.599045,-8.8,0
16852,-2.38247,0.5863348,-8.8,0
16853,-2.406395,0.5746605,-8.8,0
16854,-2.432994,0.5624551,-8.8,0
16855,-2.459794,0.55049,-8.8,0
16856,-2.486658,0.5371563,-8.8,0
16857,-2.513219,0.5242445,-8.8,0
16858,-2.541245,0.511948,-8.8,0
16859,-2.569049,0.4995875,-8.8,0
16860,-2.597448,0.4885527,-8.8,0
16861,-2.621981,0.4806235,-8.8,0
16862,-2.648792,0.4738102,-8.8,0
16863,-2.676484,0.4674601,-8.8,0
16864,-2.705088,0.462669,-8.8,0
16865,-2.734991,0.4575987,-8.8,0
16866,-2.767149,0.452524,-8.8,0
16867,-2.799487,0.4499236,-8.8,0
16868,-2.830233,0.4489557,-8.8,0
16869,-2.862063,0.445961,-8.8,0
16870,-2.892322,0.4438712,-8.8,0
16871,-2.918725,0.444107,-8.8,0
16872,-2.948295,0.4432209,-8.8,0
16873,-2.982811,0.441632,-8.8,0
16874,-3.016483,0.4387266,-8.8,0
16875,-3.04925,0.4383337,-8.8,0
16876,-3.07612,0.4373111,-8.8,0
16877,-3.10278,0.4356082,-8.8,0
16878,-3.130809,0.4331727,-8.8,0
16879,-3.155993,0.4301286,-8.8,0
16880,-3.179413,0.4254902,-8.8,0
16881,-3.202498,0.4229295,-8.8,0
16882,-3.222366,0.4207115,-8.8,0
16883,-3.239377,0.4167283,-8.8,0
16884,-3.257664,0.4132379,-8.8,0
16885,-3.276416,0.4088039,-8.8,0
16886,-3.296054,0.4040274,-8.8,0
16887,-3.316737,0.4003842,-8.8,0
16888,-3.336845,0.3934868,-8.8,0
16889,-3.359932,0.38624,-8.8,0
16890,-3.383297,0.3787542,-8.8,0
16891,-3.40393,0.3728503,-8.8,0
16892,-3.42803,0.3649441,-8.8,0
16893,-3.453939,0.3565692,-8.8,0
16894,-3.477968,0.3490911,-8.8,0
16895,-3.502999,0.3419018,-8.8,0
16896,-3.525235,0.3362262,-8.8,0
16897,-3.547879,0.3294762,-8.8,0
16898,-3.570651,0.3219297,-8.8,0
16899,-3.596543,0.3141297,-8.8,0
16900,-3.624686,0.3036521,-8.8,0
16901,-3.65481,0.293231,-8.8,0
16902,-3.68278,0.2818018,-8.8,0
16903,-3.711802,0.2702241,-8.8,0
16904,-3.740652,0.2566213,-8.8,0
16905,-3.766992,0.244514,-8.8,0
16906,-3.794708,0.2305086,-8.8,0
16907,-3.818465,0.2178789,-8.8,0
16908,-3.840922,0.2091554,-8.8,0
16909,-3.86737,0.2002538,-8.8,0
16910,-3.894311,0.1877362,-8.8,0
16911,-3.919196,0.1765141,-8.8,0
16912,-3.944449,0.1639085,-8.8,0
16913,-3.968324,0.1540202,-8.8,0
16914,-3.993725,0.1426003,-8.8,0
16915,-4.020147,0.1317567,-8.8,0
16916,-4.04757,0.1242874,-8.8,0
16917,-4.075955,0.1182416,-8.8,0
16918,-4.10436,0.1138978,-8.8,0
16919,-4.134121,0.1096345,-8.8,0
16920,-4.163816,0.1073543,-8.8,0
16921,-4.194161,0.1059204,-8.8,0
16922,-4.224792,0.1030443,-8.8,0
16923,-4.256488,0.1003191,-8.8,0
16924,-4.289081,0.09785754,-8.8,0
16925,-4.323871,0.09626091,-8.8,0
16926,-4.356194,0.09473258,-8.8,0
16927,-4.38629,0.0941837,-8.8,0
16928,-4.41991,0.09411146,-8.8,0
16929,-4.453852,0.09393794,-8.8,0
16930,-4.485792,0.09551052,-8.8,0
16931,-4.513687,0.09602625,-8.8,0
16932,-4.53988,0.09590632,-8.8,0
16933,-4.566659,0.09499788,-8.8,0
16934,-4.590018,0.09167726,-8.8,0
16935,-4.609804,0.09131987,-8.8,0
16936,-4.629021,0.0899251,-8.8,0
16937,-4.646492,0.08895174,-8.8,0
16938,-4.664427,0.08679214,-8.8,0
16939,-4.680792,0.08265003,-8.8,0
16940,-4.70131,0.07704268,-8.8,0
16941,-4.724608,0.07225898,-8.8,0
16942,-4.750432,0.06952088,-8.8,0
16943,-4.774681,0.06630281,-8.8,0
16944,-4.79573,0.0625683,-8.8,0
16945,-4.818676,0.05637744,-8.8,0
16946,-4.840926,0.049432,-8.8,0
16947,-4.864135,0.0413742,-8.8,0
16948,-4.886665,0.0325571,-8.8,0
16949,-4.907525,0.02370869,-8.8,0
16950,-4.930191,0.01565874,-8.8,0
16951,-4.953984,0.008215372,-8.8,0
16952,-4.979879,0.001415836,-8.8,0
16953,-5.004977,-0.006456962,-8.8,0
16954,-5.031812,-0.01527713,-8.8,0
16955,-5.061143,-0.0244265,-8.8,0
16956,-5.090157,-0.03540076,-8.8,0
16957,-5.116154,-0.04474683,-8.8,0
16958,-5.143864,-0.05373202,-8.8,0
16959,-5.16922,-0.06340573,-8.8,0
16960,-5.194838,-0.0711367,-8.8,0
16961,-5.220578,-0.0818828,-8.8,0
16962,-5.244227,-0.0909752,-8.8,0
16963,-5.26684,-0.1032656,-8.8,0
16964,-5.292057,-0.115544,-8.8,0
16965,-5.317788,-0.1251944,-8.8,0
16966,-5.345115,-0.1334616,-8.8,0
16967,-5.371435,-0.1423499,-8.8,0
16968,-5.397501,-0.1512824,-8.8,0
16969,-5.424542,-0.1594393,-8.8,0
16970,-5.45408,-0.166079,-8.8,0
16971,-5.484207,-0.1719632,-8.8,0
16972,-5.514168,-0.1742142,-8.8,0
16973,-5.542425,-0.174724,-8.8,0
16974,-5.572382,-0.1747042,-8.8,0
16975,-5.604417,-0.1758661,-8.8,0
16976,-5.635368,-0.1762853,-8.8,0
16977,-5.670348,-0.1741241,-8.8,0
16978,-5.704007,-0.1725148,-8.8,0
16979,-5.736149,-0.1719393,-8.8,0
16980,-5.770709,-0.1695578,-8.8,0
16981,-5.802627,-0.1676534,-8.8,0
16982,-5.837196,-0.1656774,-8.8,0
16983,-5.87192,-0.1631954,-8.8,0
16984,-5.9048,-0.1585945,-8.8,0
16985,-5.934082,-0.1528118,-8.8,0
16986,-5.960606,-0.150156,-8.8,0
16987,-5.983156,-0.1500434,-8.8,0
16988,-6.005408,-0.1501594,-8.8,0
16989,-6.027681,-0.150939,-8.8,0
16990,-6.046031,-0.1501693,-8.8,0
16991,-6.067205,-0.1505505,-8.8,0
16992,-6.088213,-0.1541281,-8.8,0
16993,-6.112344,-0.155732,-8.8,0
16994,-6.140552,-0.1574724,-8.8,0
16995,-6.16592,-0.1597343,-8.8,0
16996,-6.189819,-0.1625976,-8.8,0
16997,-6.211843,-0.1628226,-8.8,0
16998,-6.234612,-0.1668455,-8.8,0
16999,-6.255799,-0.1709316,-8.8,0
17000,-6.277385,-0.1740915,-8.8,0
17001,-6.299862,-0.1777375,-8.8,0
17002,-6.323843,-0.1818548,-8.8,0
17003,-6.350792,-0.1848285,-8.8,0
17004,-6.375181,-0.1862385,-8.8,0
17005,-6.399136,-0.188551,-8.8,0
17006,-6.423778,-0.1920046,-8.8,0
17007,-6.452504,-0.1966041,-8.8,0
17008,-6.479813,-0.2009711,-8.8,0
17009,-6.507199,-0.2073448,-8.8,0
17010,-6.537223,-0.2160876,-8.8,0
17011,-6.567477,-0.223518,-8.8,0
17012,-6.597001,-0.2286013,-8.8,0
17013,-6.625491,-0.2330053,-8.8,0
17014,-6.651821,-0.2390283,-8.8,0
17015,-6.675162,-0.2456894,-8.8,0
17016,-6.698913,-0.2514368,-8.8,0
17017,-6.720746,-0.2567711,-8.8,0
17018,-6.744564,-0.2645627,-8.8,0
17019,-6.77342,-0.270439,-8.8,0
17020,-6.801407,-0.2748966,-8.8,0
17021,-6.829742,-0.2789136,-8.8,0
17022,-6.855695,-0.2827605,-8.8,0
17023,-6.882223,-0.2854952,-8.8,0
17024,-6.910538,-0.2867922,-8.8,0
17025,-6.939441,-0.2860203,-8.8,0
17026,-6.968719,-0.2854714,-8.8,0
17027,-6.998326,-0.2832784,-8.8,0
17028,-7.02958,-0.2803297,-8.8,0
17029,-7.062362,-0.2744459,-8.8,0
17030,-7.093633,-0.2681125,-8.8,0
17031,-7.126934,-0.2624566,-8.8,0
17032,-7.158251,-0.2558728,-8.8,0
17033,-7.185894,-0.2489424,-8.8,0
17034,-7.21484,-0.2426485,-8.8,0
17035,-7.244838,-0.2376955,-8.8,0
17036,-7.274714,-0.2306328,-8.8,0
17037,-7.304949,-0.2251449,-8.8,0
17038,-7.336301,-0.2176029,-8.8,0
17039,-7.365551,-0.2109149,-8.8,0
17040,-7.391402,-0.2056251,-8.8,0
17041,-7.415656,-0.2015849,-8.8,0
17042,-7.436911,-0.2013828,-8.8,0
17043,-7.458947,-0.1998538,-8.8,0
17044,-7.477892,-0.1973621,-8.8,0
17045,-7.499547,-0.1957439,-8.8,0
17046,-7.522209,-0.1936477,-8.8,0
17047,-7.542155,-0.1935365,-8.8,0
17048,-7.563789,-0.1922432,-8.8,0
17049,-7.587923,-0.1914932,-8.8,0
17050,-7.612479,-0.1912216,-8.8,0
17051,-7.635577,-0.1905884,-8.8,0
17052,-7.661044,-0.1921533,-8.8,0
17053,-7.684896,-0.1943551,-8.8,0
17054,-7.710809,-0.1976736,-8.8,0
17055,-7.734946,-0.2004672,-8.8,0
17056,-7.757631,-0.2037467,-8.8,0
17057,-7.783191,-0.2065428,-8.8,0
17058,-7.808629,-0.2091658,-8.8,0
17059,-7.831888,-0.2109378,-8.8,0
17060,-7.857934,-0.2130744,-8.8,0
17061,-7.883631,-0.2163916,-8.8,0
17062,-7.910649,-0.220415,-8.8,0
17063,-7.941125,-0.2247664,-8.8,0
17064,-7.969665,-0.229022,-8.8,0
17065,-7.996691,-0.2326187,-8.8,0
17066,-8.022334,-0.2362783,-8.8,0
17067,-8.048188,-0.2414531,-8.8,0
17068,-8.07354,-0.244621,-8.8,0
17069,-8.094081,-0.249849,-8.8,0
17070,-8.1191,-0.256161,-8.8,0
17071,-8.149337,-0.2606906,-8.8,0
17072,-8.179573,-0.2643442,-8.8,0
17073,-8.207816,-0.2679819,-8.8,0
17074,-8.235312,-0.2732951,-8.8,0
17075,-8.265053,-0.279536,-8.8,0
17076,-8.291364,-0.2839893,-8.8,0
17077,-8.31868,-0.2862337,-8.8,0
17078,-8.345907,-0.2868784,-8.8,0
17079,-8.372177,-0.2860024,-8.8,0
17080,-8.399102,-0.2829037,-8.8,0
17081,-8.42592,-0.27922,-8.8,0
17082,-8.45438,-0.2714464,-8.8,0
17083,-8.48398,-0.2631534,-8.8,0
17084,-8.51138,-0.2548463,-8.8,0
17085,-8.538472,-0.2465612,-8.8,0
17086,-8.563389,-0.2384934,-8.8,0
17087,-8.587038,-0.2307287,-8.8,0
17088,-8.614796,-0.2236328,-8.8,0
17089,-8.642204,-0.2190826,-8.8,0
17090,-8.670701,-0.2140386,-8.8,0
17091,-8.704448,-0.2047962,-8.8,0
17092,-8.737411,-0.1946009,-8.8,0
17093,-8.767853,-0.1829259,-8.8,0
17094,-8.794513,-0.173918,-8.8,0
17095,-8.820734,-0.1662015,-7.621023,4.4
17096,-8.848571,-0.1569935,-7.621023,4.4
17097,-8.870882,-0.1477814,-7.621023,4.4
17098,-8.890283,-0.1423286,-7.621023,4.4
17099,-8.909941,-0.1368596,-7.621023,4.4
17100,-8.931262,-0.1303023,-7.621023,4.4
17101,-8.95238,-0.1218325,-7.621023,4.4
17102,-8.97252,-0.1163129,-7.621023,4.4
17103,-8.991192,-0.1125666,-7.621023,4.4
17104,-9.010675,-0.1102586,-7.621023,4.4
17105,-9.031069,-0.1072336,-7.621023,4.4
17106,-9.050848,-0.1024385,-7.621023,4.4
17107,-9.068072,-0.09971131,-7.621023,4.4
17108,-9.0894,-0.0974329,-7.621023,4.4
17109,-9.111732,-0.09534363,-7.621023,4.4
17110,-9.138377,-0.08976691,-7.621023,4.4
17111,-9.163074,-0.08548582,-7.621023,4.4
17112,-9.186886,-0.08324405,-7.621023,4.4
17113,-9.208045,-0.08165414,-7.621023,4.4
17114,-9.225853,-0.07862324,-7.621023,4.4
17115,-9.240374,-0.07692239,-7.621023,4.4
17116,-9.254683,-0.07168261,-7.621023,4.4
17117,-9.268099,-0.06681234,-7.621023,4.4
17118,-9.280753,-0.06184324,-7.621023,4.4
17119,-9.297469,-0.05572239,-7.621023,4.4
17120,-9.315056,-0.04784443,-7.621023,4.4
17121,-9.33124,-0.0368681,-7.621023,4.4
17122,-9.347351,-0.02739563,-7.621023,4.4
17123,-9.362722,-0.01710465,-7.621023,4.4
17124,-9.37756,-0.008275279,-7.621023,4.4
17125,-9.389564,0.003928171,-7.621023,4.4
17126,-9.401238,0.01401443,-7.621023,4.4
17127,-9.413168,0.02559821,-7.621023,4.4
17128,-9.423226,0.03866418,-7.621023,4.4
17129,-9.433438,0.05104571,-7.621023,4.4
17130,-9.443613,0.06484003,-7.621023,4.4
17131,-9.452688,0.07695176,-7.621023,4.4
17132,-9.460933,0.09044605,-7.621023,4.4
17133,-9.464725,0.1067296,-7.621023,4.4
17134,-9.467195,0.1222816,-7.621023,4.4
17135,-9.467416,0.1408302,-7.621023,4.4
17136,-9.466089,0.1618144,-7.621023,4.4
17137,-9.462863,0.1838172,-7.621023,4.4
17138,-9.457047,0.206061,-7.621023,4.4
17139,-9.450428,0.2285384,-7.621023,4.4
17140,-9.443032,0.2482614,-7.621023,4.4
17141,-9.434853,0.2653092,-7.621023,4.4
17142,-9.427671,0.2836975,-7.621023,4.4
17143,-9.418804,0.3057456,-7.621023,4.4
17144,-9.409956,0.3301253,-7.621023,4.4
17145,-9.399702,0.3557323,-7.621023,4.4
17146,-9.38832,0.3816906,-7.621023,4.4
17147,-9.377391,0.4090914,-7.621023,4.4
17148,-9.365587,0.4377951,-7.621023,4.4
17149,-9.355011,0.4665413,-7.621023,4.4
17150,-9.344531,0.4878014,-7.621023,4.4
17151,-9.336482,0.5083376,-7.621023,4.4
17152,-9.331342,0.52372,-7.621023,4.4
17153,-9.325198,0.5439591,-7.621023,4.4
17154,-9.319837,0.5629367,-7.621023,4.4
17155,-9.314865,0.581008,-7.621023,4.4
17156,-9.309028,0.5992709,-7.621023,4.4
17157,-9.302567,0.6211638,-7.621023,4.4
17158,-9.297759,0.6442406,-7.621023,4.4
17159,-9.293314,0.6651587,-7.621023,4.4
17160,-9.288858,0.6845227,-7.621023,4.4
17161,-9.286475,0.7021568,-7.621023,4.4
17162,-9.284429,0.720489,-7.621023,4.4
17163,-9.281542,0.7435293,-7.621023,4.4
17164,-9.276025,0.7647828,-7.621023,4.4
17165,-9.26971,0.7861835,-7.621023,4.4
17166,-9.264556,0.8081099,-7.621023,4.4
17167,-9.260003,0.8318459,-7.621023,4.4
17168,-9.255219,0.856805,-7.621023,4.4
17169,-9.250378,0.8806617,-7.621023,4.4
17170,-9.24596,0.9049972,-7.621023,4.4
17171,-9.242295,0.9328587,-7.621023,4.4
17172,-9.236663,0.9613186,-7.621023,4.4
17173,-9.231214,0.9914874,-7.621023,4.4
17174,-9.225852,1.02357,-7.621023,4.4
17175,-9.220216,1.053576,-7.621023,4.4
17176,-9.215063,1.079154,-7.621023,4.4
17177,-9.21319,1.105796,-7.621023,4.4
17178,-9.210704,1.129141,-7.621023,4.4
17179,-9.209533,1.154554,-7.621023,4.4
17180,-9.205499,1.181348,-7.621023,4.4
17181,-9.200112,1.209036,-7.621023,4.4
17182,-9.19472,1.237389,-7.621023,4.4
17183,-9.191038,1.264261,-7.621023,4.4
17184,-9.186834,1.292421,-7.621023,4.4
17185,-9.178963,1.321377,-7.621023,4.4
17186,-9.170717,1.348302,-7.621023,4.4
17187,-9.162934,1.373461,-7.621023,4.4
17188,-9.151723,1.39888,-7.621023,4.4
17189,-9.1398,1.423722,-7.621023,4.4
17190,-9.126365,1.450798,-7.621023,4.4
17191,-9.11052,1.480465,-7.621023,4.4
17192,-9.094553,1.508438,-7.621023,4.4
17193,-9.078436,1.53584,-7.621023,4.4
17194,-9.061328,1.565309,-7.621023,4.4
17195,-9.044657,1.59398,-7.621023,4.4
17196,-9.028793,1.623121,-7.621023,4.4
17197,-9.011029,1.652523,-7.621023,4.4
17198,-8.993066,1.681653,-7.621023,4.4
17199,-8.976687,1.709365,-7.621023,4.4
17200,-8.963289,1.733152,-7.621023,4.4
17201,-8.949721,1.756539,-7.621023,4.4
17202,-8.935705,1.77859,-7.621023,4.4
17203,-8.925847,1.800774,-7.621023,4.4
17204,-8.914942,1.822811,-7.621023,4.4
17205,-8.904483,1.845727,-7.621023,4.4
17206,-8.893187,1.865582,-7.621023,4.4
17207,-8.884492,1.884163,-7.621023,4.4
17208,-8.877639,1.902568,-7.621023,4.4
17209,-8.869786,1.922153,-7.621023,4.4
17210,-8.861629,1.944337,-7.621023,4.4
17211,-8.851974,1.968397,-7.621023,4.4
17212,-8.846645,1.992638,-7.621023,4.4
17213,-8.842087,2.011227,-7.621023,4.4
17214,-8.836493,2.031509,-7.621023,4.4
17215,-8.83206,2.055006,-7.621023,4.4
17216,-8.826906,2.079434,-7.621023,4.4
17217,-8.82073,2.102694,-7.621023,4.4
17218,-8.813583,2.127034,-7.621023,4.4
17219,-8.80683,2.14885,-7.621023,4.4
17220,-8.799104,2.172419,-7.621023,4.4
17221,-8.791265,2.196316,-7.621023,4.4
17222,-8.784066,2.219287,-7.621023,4.4
17223,-8.777407,2.244106,-7.621023,4.4
17224,-8.770404,2.271418,-7.621023,4.4
17225,-8.764325,2.299892,-7.621023,4.4
17226,-8.757246,2.330455,-7.621023,4.4
17227,-8.751715,2.358013,-7.621023,4.4
17228,-8.745125,2.387614,-7.621023,4.4
17229,-8.73789,2.413758,-7.621023,4.4
17230,-8.734793,2.44163,-7.621023,4.4
17231,-8.730725,2.469855,-7.621023,4.4
17232,-8.724902,2.497811,-7.621023,4.4
17233,-8.722599,2.523638,-7.621023,4.4
17234,-8.719317,2.550391,-7.621023,4.4
17235,-8.715399,2.578411,-7.621023,4.4
17236,-8.711665,2.604768,-7.621023,4.4
17237,-8.706968,2.630369,-7.621023,4.4
17238,-8.700218,2.654596,-7.621023,4.4
17239,-8.692636,2.676738,-7.621023,4.4
17240,-8.684814,2.70054,-7.621023,4.4
17241,-8.675529,2.725502,-7.621023,4.4
17242,-8.66412,2.749296,-7.621023,4.4
17243,-8.650566,2.774027,-7.621023,4.4
17244,-8.637118,2.79842,-7.621023,4.4
17245,-8.621842,2.824013,-7.621023,4.4
17246,-8.606472,2.84947,-7.621023,4.4
17247,-8.589873,2.875353,-7.621023,4.4
17248,-8.573098,2.898289,-7.621023,4.4
17249,-8.559399,2.920653,-7.621023,4.4
17250,-8.54198,2.946266,-7.621023,4.4
17251,-8.522945,2.973548,-7.621023,4.4
17252,-8.503422,3.002623,-7.621023,4.4
17253,-8.484105,3.031616,-7.621023,4.4
17254,-8.464556,3.058884,-7.621023,4.4
17255,-8.44632,3.083216,-7.621023,4.4
17256,-8.43203,3.104676,-7.621023,4.4
17257,-8.418291,3.124821,-7.621023,4.4
17258,-8.408203,3.14497,-7.621023,4.4
17259,-8.398294,3.164757,-7.621023,4.4
17260,-8.388934,3.184833,-7.621023,4.4
17261,-8.379655,3.203007,-7.621023,4.4
17262,-8.371078,3.220276,-7.621023,4.4
17263,-8.363067,3.240691,-7.621023,4.4
17264,-8.352927,3.262515,-7.621023,4.4
17265,-8.342426,3.287869,-7.621023,4.4
17266,-8.334238,3.314911,-7.621023,4.4
17267,-8.326822,3.340793,-7.621023,4.4
17268,-8.321967,3.365292,-7.621023,4.4
17269,-8.317341,3.388397,-7.621023,4.4
17270,-8.311392,3.409868,-7.621023,4.4
17271,-8.303915,3.430886,-7.621023,4.4
17272,-8.295649,3.451456,-7.621023,4.4
17273,-8.286753,3.476617,-7.621023,4.4
17274,-8.278196,3.500357,-7.621023,4.4
17275,-8.269215,3.521515,-7.621023,4.4
17276,-8.261597,3.547981,-7.621023,4.4
17277,-8.253223,3.57614,-7.621023,4.4
17278,-8.245092,3.604512,-7.621023,4.4
17279,-8.238543,3.633459,-7.621023,4.4
17280,-8.231145,3.664135,-7.621023,4.4
17281,-8.222718,3.691249,-7.621023,4.4
17282,-8.215552,3.71672,-7.621023,4.4
17283,-8.20892,3.741899,-7.621023,4.4
17284,-8.203301,3.769668,-7.621023,4.4
17285,-8.196928,3.794492,-7.621023,4.4
17286,-8.190729,3.817327,-7.621023,4.4
17287,-8.184621,3.840292,-7.621023,4.4
17288,-8.179277,3.867705,-7.621023,4.4
17289,-8.172313,3.896791,-7.621023,4.4
17290,-8.166106,3.923309,-7.621023,4.4
17291,-8.158608,3.949873,-7.621023,4.4
17292,-8.150406,3.973906,-7.621023,4.4
17293,-8.140992,3.998298,-7.621023,4.4
17294,-8.128051,4.023746,-7.621023,4.4
17295,-8.115279,4.046115,-7.621023,4.4
17296,-8.101673,4.06635,-7.621023,4.4
17297,-8.084978,4.08862,-7.621023,4.4
17298,-8.067103,4.110273,-7.621023,4.4
17299,-8.04574,4.134111,-7.621023,4.4
17300,-8.022789,4.156309,-7.621023,4.4
17301,-8.001151,4.178042,-7.621023,4.4
17302,-7.976586,4.201019,-7.621023,4.4
17303,-7.953609,4.222755,-7.621023,4.4
17304,-7.930738,4.24573,-7.621023,4.4
17305,-7.906114,4.268983,-7.621023,4.4
17306,-7.880202,4.293157,-7.621023,4.4
17307,-7.855437,4.316203,-7.621023,4.4
17308,-7.831644,4.339219,-7.621023,4.4
17309,-7.810649,4.357547,-7.621023,4.4
17310,-7.79114,4.375298,-7.621023,4.4
17311,-7.773274,4.395123,7.621023,-4.4
17312,-7.759916,4.411511,7.621023,-4.4
17313,-7.745272,4.429818,7.621023,-4.4
17314,-7.731992,4.447755,7.621023,-4.4
17315,-7.716599,4.464765,7.621023,-4.4
17316,-7.700247,4.481716,7.621023,-4.4
17317,-7.685738,4.497935,7.621023,-4.4
17318,-7.673205,4.513621,7.621023,-4.4
17319,-7.659678,4.531646,7.621023,-4.4
17320,-7.644687,4.549955,7.621023,-4.4
17321,-7.631789,4.567381,7.621023,-4.4
17322,-7.621018,4.581748,7.621023,-4.4
17323,-7.611197,4.597803,7.621023,-4.4
17324,-7.600153,4.614362,7.621023,-4.4
17325,-7.588829,4.634425,7.621023,-4.4
17326,-7.57742,4.656652,7.621023,-4.4
17327,-7.566736,4.677155,7.621023,-4.4
17328,-7.554195,4.695108,7.621023,-4.4
17329,-7.543453,4.711362,7.621023,-4.4
17330,-7.532978,4.726545,7.621023,-4.4
17331,-7.52137,4.739442,7.621023,-4.4
17332,-7.509298,4.751686,7.621023,-4.4
17333,-7.494442,4.765243,7.621023,-4.4
17334,-7.478883,4.778439,7.621023,-4.4
17335,-7.462054,4.79046,7.621023,-4.4
17336,-7.444799,4.800331,7.621023,-4.4
17337,-7.43072,4.811791,7.621023,-4.4
17338,-7.416184,4.82379,7.621023,-4.4
17339,-7.398711,4.833752,7.621023,-4.4
17340,-7.380004,4.842914,7.621023,-4.4
17341,-7.361181,4.85148,7.621023,-4.4
17342,-7.341578,4.858128,7.621023,-4.4
17343,-7.323921,4.86481,7.621023,-4.4
17344,-7.308455,4.870127,7.621023,-4.4
17345,-7.292321,4.876433,7.621023,-4.4
17346,-7.274632,4.882283,7.621023,-4.4
17347,-7.25526,4.884252,7.621023,-4.4
17348,-7.234706,4.884439,7.621023,-4.4
17349,-7.21248,4.883372,7.621023,-4.4
17350,-7.190031,4.881381,7.621023,-4.4
17351,-7.16906,4.877666,7.621023,-4.4
17352,-7.146651,4.869897,7.621023,-4.4
17353,-7.123418,4.861862,7.621023,-4.4
17354,-7.099786,4.853402,7.621023,-4.4
17355,-7.074638,4.841434,7.621023,-4.4
17356,-7.047817,4.830719,7.621023,-4.4
17357,-7.021813,4.820654,7.621023,-4.4
17358,-6.994384,4.809932,7.621023,-4.4
17359,-6.964106,4.799741,7.621023,-4.4
17360,-6.933439,4.786955,7.621023,-4.4
17361,-6.89967,4.771948,7.621023,-4.4
17362,-6.871241,4.758858,7.621023,-4.4
17363,-6.846854,4.748513,7.621023,-4.4
17364,-6.822472,4.73955,7.621023,-4.4
17365,-6.800112,4.731931,7.621023,-4.4
17366,-6.778193,4.725982,7.621023,-4.4
17367,-6.758071,4.716732,7.621023,-4.4
17368,-6.735239,4.710159,7.621023,-4.4
17369,-6.710323,4.702434,7.621023,-4.4
17370,-6.685192,4.695076,7.621023,-4.4
17371,-6.66101,4.689813,7.621023,-4.4
17372,-6.637067,4.683579,7.621023,-4.4
17373,-6.612141,4.679069,7.621023,-4.4
17374,-6.586573,4.673145,7.621023,-4.4
17375,-6.561849,4.669676,7.621023,-4.4
17376,-6.537718,4.668749,7.621023,-4.4
17377,-6.515788,4.664834,7.621023,-4.4
17378,-6.494769,4.660391,7.621023,-4.4
17379,-6.472163,4.657211,7.621023,-4.4
17380,-6.445748,4.654042,7.621023,-4.4
17381,-6.421137,4.65103,7.621023,-4.4
17382,-6.393585,4.647858,7.621023,-4.4
17383,-6.367076,4.645267,7.621023,-4.4
17384,-6.337972,4.642092,7.621023,-4.4
17385,-6.307761,4.639354,7.621023,-4.4
17386,-6.277731,4.636132,7.621023,-4.4
17387,-6.243408,4.631994,7.621023,-4.4
17388,-6.211004,4.625131,7.621023,-4.4
17389,-6.182525,4.618711,7.621023,-4.4
17390,-6.158036,4.614582,7.621023,-4.4
17391,-6.131776,4.611535,7.621023,-4.4
17392,-6.105247,4.607572,7.621023,-4.4
17393,-6.078245,4.607173,7.621023,-4.4
17394,-6.050654,4.604087,7.621023,-4.4
17395,-6.021837,4.600741,7.621023,-4.4
17396,-5.992554,4.596697,7.621023,-4.4
17397,-5.966482,4.593515,7.621023,-4.4
17398,-5.940773,4.590109,7.621023,-4.4
17399,-5.913973,4.585105,7.621023,-4.4
17400,-5.887065,4.576795,7.621023,-4.4
17401,-5.863119,4.568388,7.621023,-4.4
17402,-5.838778,4.558089,7.621023,-4.4
17403,-5.812923,4.546127,7.621023,-4.4
17404,-5.787416,4.532159,7.621023,-4.4
17405,-5.761648,4.516372,7.621023,-4.4
17406,-5.737801,4.500245,7.621023,-4.4
17407,-5.711128,4.482506,7.621023,-4.4
17408,-5.681978,4.464009,7.621023,-4.4
17409,-5.652772,4.446374,7.621023,-4.4
17410,-5.624105,4.428062,7.621023,-4.4
17411,-5.594725,4.40979,7.621023,-4.4
17412,-5.565964,4.391198,7.621023,-4.4
17413,-5.540555,4.372803,7.621023,-4.4
17414,-5.517553,4.358156,7.621023,-4.4
17415,-5.492528,4.342279,7.621023,-4.4
17416,-5.47258,4.328504,7.621023,-4.4
17417,-5.454811,4.318316,7.621023,-4.4
17418,-5.432411,4.307061,7.621023,-4.4
17419,-5.410106,4.298259,7.621023,-4.4
17420,-5.390316,4.288485,7.621023,-4.4
17421,-5.370273,4.278065,7.621023,-4.4
17422,-5.352301,4.270662,7.621023,-4.4
17423,-5.330757,4.264142,7.621023,-4.4
17424,-5.305184,4.255922,7.621023,-4.4
17425,-5.281336,4.247646,7.621023,-4.4
17426,-5.258223,4.238077,7.621023,-4.4
17427,-5.237339,4.229213,7.621023,-4.4
17428,-5.215635,4.221859,7.621023,-4.4
17429,-5.192677,4.215185,7.621023,-4.4
17430,-5.167346,4.207716,7.621023,-4.4
17431,-5.141683,4.198662,7.621023,-4.4
17432,-5.118331,4.189809,7.621023,-4.4
17433,-5.095301,4.181001,7.621023,-4.4
17434,-5.067886,4.171398,7.621023,-4.4
17435,-5.040078,4.163692,7.621023,-4.4
17436,-5.01031,4.15731,7.621023,-4.4
17437,-4.980433,4.150687,7.621023,-4.4
17438,-4.949368,4.142996,7.621023,-4.4
17439,-4.920568,4.137134,7.621023,-4.4
17440,-4.890769,4.129703,7.621023,-4.4
17441,-4.858488,4.122285,7.621023,-4.4
17442,-4.826653,4.114923,7.621023,-4.4
17443,-4.797368,4.10944,7.621023,-4.4
17444,-4.769123,4.103599,7.621023,-4.4
17445,-4.741045,4.100403,7.621023,-4.4
17446,-4.714446,4.096056,7.621023,-4.4
17447,-4.686033,4.092968,7.621023,-4.4
17448,-4.656825,4.089386,7.621023,-4.4
17449,-4.629375,4.086216,7.621023,-4.4
17450,-4.600985,4.080732,7.621023,-4.4
17451,-4.571526,4.075154,7.621023,-4.4
17452,-4.541918,4.06796,7.621023,-4.4
17453,-4.513503,4.06108,7.621023,-4.4
17454,-4.486868,4.05247,7.621023,-4.4
17455,-4.461493,4.042681,7.621023,-4.4
17456,-4.437786,4.033081,7.621023,-4.4
17457,-4.411819,4.021314,7.621023,-4.4
17458,-4.384904,4.007104,7.621023,-4.4
17459,-4.36,3.992536,7.621023,-4.4
17460,-4.336013,3.978932,7.621023,-4.4
17461,-4.312647,3.966062,7.621023,-4.4
17462,-4.289003,3.952095,7.621023,-4.4
17463,-4.2634,3.93731,7.621023,-4.4
17464,-4.235259,3.920377,7.621023,-4.4
17465,-4.208615,3.903856,7.621023,-4.4
17466,-4.182418,3.889471,7.621023,-4.4
17467,-4.154326,3.875094,7.621023,-4.4
17468,-4.125157,3.858787,7.621023,-4.4
17469,-4.096916,3.842204,7.621023,-4.4
17470,-4.07164,3.826775,7.621023,-4.4
17471,-4.048006,3.815647,7.621023,-4.4
17472,-4.023324,3.803566,7.621023,-4.4
17473,-4.000921,3.793647,7.621023,-4.4
17474,-3.980307,3.784154,7.621023,-4.4
17475,-3.959138,3.774784,7.621023,-4.4
17476,-3.937444,3.76818,7.621023,-4.4
17477,-3.913609,3.760895,7.621023,-4.4
17478,-3.888191,3.754572,7.621023,-4.4
17479,-3.867791,3.7483,7.621023,-4.4
17480,-3.845438,3.74368,7.621023,-4.4
17481,-3.821342,3.739398,7.621023,-4.4
17482,-3.797787,3.736422,7.621023,-4.4
17483,-3.775649,3.732968,7.621023,-4.4
17484,-3.752355,3.729538,7.621023,-4.4
17485,-3.727612,3.725265,7.621023,-4.4
17486,-3.70182,3.720095,7.621023,-4.4
17487,-3.674999,3.715632,7.621023,-4.4
17488,-3.645241,3.711495,7.621023,-4.4
17489,-3.613803,3.70734,7.621023,-4.4
17490,-3.586616,3.704834,7.621023,-4.4
17491,-3.555476,3.702711,7.621023,-4.4
17492,-3.526559,3.701146,7.621023,-4.4
17493,-3.496693,3.698893,7.621023,-4.4
17494,-3.463484,3.696933,7.621023,-4.4
17495,-3.430864,3.693344,7.621023,-4.4
17496,-3.402421,3.689481,7.621023,-4.4
17497,-3.371891,3.686358,7.621023,-4.4
17498,-3.342481,3.686343,7.621023,-4.4
17499,-3.312328,3.686328,7.621023,-4.4
17500,-3.2803,3.686138,7.621023,-4.4
17501,-3.249238,3.683195,7.621023,-4.4
17502,-3.220578,3.681135,7.621023,-4.4
17503,-3.190418,3.676204,7.621023,-4.4
17504,-3.161476,3.67252,7.621023,-4.4
17505,-3.136334,3.671432,7.621023,-4.4
17506,-3.109817,3.668287,7.621023,-4.4
17507,-3.082711,3.663015,7.621023,-4.4
17508,-3.05672,3.655551,7.621023,-4.4
17509,-3.02945,3.64912,7.621023,-4.4
17510,-3.001302,3.639865,7.621023,-4.4
17511,-2.973798,3.629964,7.621023,-4.4
17512,-2.947088,3.617248,7.621023,-4.4
17513,-2.919463,3.6036,7.621023,-4.4
17514,-2.88987,3.588716,7.621023,-4.4
17515,-2.860713,3.572889,7.621023,-4.4
17516,-2.833801,3.557723,7.621023,-4.4
17517,-2.80729,3.54272,7.621023,-4.4
17518,-2.777758,3.52617,7.621023,-4.4
17519,-2.748748,3.506642,7.621023,-4.4
17520,-2.720778,3.490069,7.621023,-4.4
17521,-2.691489,3.473413,7.621023,-4.4
17522,-2.663111,3.456866,7.621023,-4.4
17523,-2.637568,3.443585,7.621023,-4.4
17524,-2.614003,3.43136,7.621023,-4.4
17525,-2.592566,3.421878,7.621023,-4.4
17526,-2.569904,3.411015,7.621023,-4.4
17527,-2.54929,3.403196,7.621023,-4.4
17528,-2.528022,3.395123,7.621023,-4.4
17529,-2.509095,3.387934,7.621023,-4.4
17530,-2.486153,3.380225,7.621023,-4.4
17531,-2.45881,3.370446,7.621023,-4.4
17532,-2.435194,3.362052,7.621023,-4.4
17533,-2.412413,3.355517,7.621023,-4.4
17534,-2.388034,3.348057,7.621023,-4.4
17535,-2.363937,3.34282,7.621023,-4.4
17536,-2.339568,3.337442,7.621023,-4.4
17537,-2.318428,3.332792,7.621023,-4.4
17538,-2.296738,3.326297,7.621023,-4.4
17539,-2.271939,3.320014,7.621023,-4.4
17540,-2.245308,3.311816,7.621023,-4.4
17541,-2.220705,3.303555,7.621023,-4.4
17542,-2.1956,3.297234,7.621023,-4.4
17543,-2.167972,3.291906,7.621023,-4.4
17544,-2.136372,3.286144,7.621023,-4.4
17545,-2.10362,3.279497,7.621023,-4.4
17546,-2.071415,3.272598,7.621023,-4.4
17547,-2.03867,3.265244,7.621023,-4.4
17548,-2.008561,3.255936,7.621023,-4.4
17549,-1.97721,3.248571,7.621023,-4.4
17550,-1.947396,3.241982,7.621023,-4.4
17551,-1.921034,3.236843,7.621023,-4.4
17552,-1.892756,3.232959,7.621023,-4.4
17553,-1.865797,3.229111,7.621023,-4.4
17554,-1.836202,3.223477,7.621023,-4.4
17555,-1.808528,3.219556,7.621023,-4.4
17556,-1.778658,3.215926,7.621023,-4.4
17557,-1.747073,3.209745,7.621023,-4.4
17558,-1.719972,3.202458,7.621023,-4.4
17559,-1.695803,3.196199,7.621023,-4.4
17560,-1.66838,3.189929,7.621023,-4.4
17561,-1.641952,3.181065,7.621023,-4.4
17562,-1.618234,3.171969,7.621023,-4.4
17563,-1.592655,3.157823,7.621023,-4.4
17564,-1.567954,3.142065,7.621023,-4.4
17565,-1.543405,3.125006,7.621023,-4.4
17566,-1.518996,3.107123,7.621023,-4.4
17567,-1.496462,3.08836,7.621023,-4.4
17568,-1.472114,3.069624,7.621023,-4.4
17569,-1.446434,3.049441,7.621023,-4.4
17570,-1.419818,3.027499,7.621023,-4.4
17571,-1.39191,3.007135,7.621023,-4.4
17572,-1.364835,2.986866,7.621023,-4.4
17573,-1.338379,2.965824,7.621023,-4.4
17574,-1.312383,2.944969,7.621023,-4.4
17575,-1.285932,2.923766,7.621023,-4.4
17576,-1.257741,2.900666,7.621023,-4.4
17577,-1.233679,2.882949,7.621023,-4.4
17578,-1.212431,2.866478,7.621023,-4.4
17579,-1.191917,2.853008,7.621023,-4.4
17580,-1.172244,2.840575,7.621023,-4.4
17581,-1.151517,2.828345,7.621023,-4.4
17582,-1.12962,2.815858,7.621023,-4.4
17583,-1.108625,2.806819,7.621023,-4.4
17584,-1.087494,2.79676,7.621023,-4.4
17585,-1.063838,2.783729,7.621023,-4.4
17586,-1.041853,2.772702,7.621023,-4.4
17587,-1.018181,2.763226,7.621023,-4.4
17588,-0.9940705,2.753482,7.621023,-4.4
17589,-0.974622,2.745905,7.621023,-4.4
17590,-0.9521122,2.738774,7.621023,-4.4
17591,-0.9291516,2.731819,7.621023,-4.4
17592,-0.9084161,2.72464,7.621023,-4.4
17593,-0.8876652,2.715251,7.621023,-4.4
17594,-0.8650171,2.704049,7.621023,-4.4
17595,-0.8408231,2.694426,7.621023,-4.4
17596,-0.8162284,2.687488,7.621023,-4.4
17597,-0.7884411,2.679943,7.621023,-4.4
17598,-0.7591304,2.67069,7.621023,-4.4
17599,-0.7296034,2.660219,7.621023,-4.4
17600,-0.7000392,2.650214,7.621023,-4.4
17601,-0.6693499,2.641442,7.621023,-4.4
17602,-0.6388202,2.633155,7.621023,-4.4
17603,-0.6079364,2.624178,7.621023,-4.4
17604,-0.5785362,2.614266,7.621023,-4.4
17605,-0.5460774,2.605424,7.621023,-4.4
17606,-0.5148482,2.599249,7.621023,-4.4
17607,-0.48529,2.593943,7.621023,-4.4
17608,-0.4570253,2.586186,7.621023,-4.4
17609,-0.427413,2.579494,7.621023,-4.4
17610,-0.3958366,2.570403,7.621023,-4.4
17611,-0.3644911,2.560597,7.621023,-4.4
17612,-0.3369076,2.552629,7.621023,-4.4
17613,-0.3108508,2.54501,7.621023,-4.4
17614,-0.2842917,2.536496,7.621023,-4.4
17615,-0.2578324,2.526754,7.621023,-4.4
17616,-0.232022,2.51444,7.621023,-4.4
17617,-0.2063288,2.501327,7.621023,-4.4
17618,-0.1798501,2.486191,7.621023,-4.4
17619,-0.1526904,2.469761,7.621023,-4.4
17620,-0.1233685,2.450673,7.621023,-4.4
17621,-0.09606738,2.433471,7.621023,-4.4
17622,-0.07057869,2.416913,7.621023,-4.4
17623,-0.04236958,2.398907,7.621023,-4.4
17624,-0.01455285,2.380224,7.621023,-4.4
17625,0.01299284,2.361174,7.621023,-4.4
17626,0.04041171,2.341273,7.621023,-4.4
17627,0.06789874,2.322715,7.621023,-4.4
17628,0.09594389,2.304818,7.621023,-4.4
17629,0.125429,2.283436,7.621023,-4.4
17630,0.1491396,2.265363,7.621023,-4.4
17631,0.1703399,2.250792,7.621023,-4.4
17632,0.1955011,2.234352,7.621023,-4.4
17633,0.215773,2.219059,7.621023,-4.4
17634,0.2342805,2.20598,7.621023,-4.4
17635,0.2512696,2.195,7.621023,-4.4
17636,0.2709134,2.187228,7.621023,-4.4
17637,0.2887556,2.177969,7.621023,-4.4
17638,0.310517,2.169194,7.621023,-4.4
17639,0.3354913,2.157837,7.621023,-4.4
17640,0.3601034,2.145699,7.621023,-4.4
17641,0.3855309,2.133371,7.621023,-4.4
17642,0.4066906,2.122674,7.621023,-4.4
17643,0.4292003,2.111471,7.621023,-4.4
17644,0.450559,2.100626,7.621023,-4.4
17645,0.4746792,2.090337,7.621023,-4.4
17646,0.49994,2.079957,7.621023,-4.4
17647,0.5252117,2.069605,7.621023,-4.4
17648,0.5502017,2.060287,7.621023,-4.4
17649,0.5756699,2.049731,7.621023,-4.4
17650,0.6004821,2.040408,7.621023,-4.4
17651,0.6270858,2.030771,7.621023,-4.4
17652,0.6526822,2.02056,7.621023,-4.4
17653,0.6820509,2.009198,7.621023,-4.4
17654,0.7118094,1.996655,7.621023,-4.4
17655,0.7427961,1.983716,7.621023,-4.4
17656,0.768994,1.971125,7.621023,-4.4
17657,0.7957847,1.960418,7.621023,-4.4
17658,0.8227416,1.951157,7.621023,-4.4
17659,0.8510171,1.942649,7.621023,-4.4
17660,0.880663,1.934171,7.621023,-4.4
17661,0.9064654,1.92666,7.621023,-4.4
17662,0.9340972,1.916688,7.621023,-4.4
17663,0.9625506,1.905369,7.621023,-4.4
17664,0.9910952,1.892032,7.621023,-4.4
17665,1.016991,1.88124,7.621023,-4.4
17666,1.043104,1.869311,7.621023,-4.4
17667,1.06981,1.855009,7.621023,-4.4
17668,1.094999,1.841197,7.621023,-4.4
17669,1.119644,1.82647,7.621023,-4.4
17670,1.1415,1.811063,7.621023,-4.4
17671,1.163229,1.797263,7.621023,-4.4
17672,1.187255,1.781339,7.621023,-4.4
17673,1.211708,1.762989,7.621023,-4.4
17674,1.237414,1.742812,7.621023,-4.4
17675,1.264343,1.718627,7.621023,-4.4
17676,1.290177,1.693557,7.621023,-4.4
17677,1.313042,1.670584,7.621023,-4.4
17678,1.335489,1.648763,7.621023,-4.4
17679,1.356883,1.627715,7.621023,-4.4
17680,1.380564,1.605644,7.621023,-4.4
17681,1.403425,1.583979,7.621023,-4.4
17682,1.426776,1.56065,7.621023,-4.4
17683,1.448997,1.538541,7.621023,-4.4
17684,1.46908,1.515735,7.621023,-4.4
17685,1.488111,1.495751,7.621023,-4.4
17686,1.506775,1.478368,7.621023,-4.4
17687,1.522857,1.464334,7.621023,-4.4
17688,1.539135,1.450385,7.621023,-4.4
17689,1.555777,1.437946,7.621023,-4.4
17690,1.573887,1.425991,7.621023,-4.4
17691,1.589078,1.415389,7.621023,-4.4
17692,1.606642,1.405621,7.621023,-4.4
17693,1.626812,1.392169,7.621023,-4.4
17694,1.649747,1.380041,7.621023,-4.4
17695,1.670803,1.368631,7.621023,-4.4
17696,1.691018,1.358675,7.621023,-4.4
17697,1.710035,1.347285,7.621023,-4.4
17698,1.728137,1.337416,7.621023,-4.4
17699,1.747774,1.32643,7.621023,-4.4
17700,1.768823,1.315763,7.621023,-4.4
17701,1.788104,1.303147,7.621023,-4.4
17702,1.80742,1.291367,7.621023,-4.4
17703,1.828099,1.27951,7.621023,-4.4
17704,1.852077,1.265437,7.621023,-4.4
17705,1.877485,1.251677,7.621023,-4.4
17706,1.902678,1.238842,7.621023,-4.4
17707,1.928961,1.226613,7.621023,-4.4
17708,1.956687,1.214253,7.621023,-4.4
17709,1.98487,1.201153,7.621023,-4.4
17710,2.014485,1.187867,7.621023,-4.4
17711,2.042205,1.17673,7.621023,-4.4
17712,2.068614,1.166195,7.621023,-4.4
17713,2.095675,1.155606,7.621023,-4.4
17714,2.120527,1.14401,7.621023,-4.4
17715,2.148755,1.135158,7.621023,-4.4
17716,2.176223,1.125314,7.621023,-4.4
17717,2.203862,1.116959,7.621023,-4.4
17718,2.230113,1.107397,7.621023,-4.4
17719,2.255698,1.095808,7.621023,-4.4
17720,2.281672,1.086378,7.621023,-4.4
17721,2.307352,1.075696,7.621023,-4.4
17722,2.332482,1.061648,7.621023,-4.4
17723,2.358074,1.04506,7.621023,-4.4
17724,2.381299,1.028678,7.621023,-4.4
17725,2.40495,1.010174,7.621023,-4.4
17726,2.428874,0.9927765,7.621023,-4.4
17727,2.453473,0.9731554,7.621023,-4.4
17728,2.477511,0.9533791,7.621023,-4.4
17729,2.5008,0.9328044,7.621023,-4.4
17730,2.522865,0.9122134,7.621023,-4.4
17731,2.545814,0.8883207,7.621023,-4.4
17732,2.569538,0.865275,7.621023,-4.4
17733,2.591535,0.8429607,7.621023,-4.4
17734,2.616612,0.8198229,7.621023,-4.4
17735,2.642864,0.797194,7.621023,-4.4
17736,2.667218,0.7756484,7.621023,-4.4
17737,2.690152,0.7559398,7.621023,-4.4
17738,2.7136,0.737345,7.621023,-4.4
17739,2.733699,0.7177362,7.621023,-4.4
17740,2.751734,0.7017815,7.621023,-4.4
17741,2.772135,0.6838346,7.621023,-4.4
17742,2.790112,0.6709768,7.621023,-4.4
17743,2.809901,0.6561607,7.621023,-4.4
17744,2.826899,0.6409945,7.621023,-4.4
17745,2.84552,0.6275823,7.621023,-4.4
17746,2.865863,0.6131561,7.621023,-4.4
17747,2.886146,0.600437,7.621023,-4.4
17748,2.909263,0.5892414,7.621023,-4.4
17749,2.931909,0.5779248,7.621023,-4.4
17750,2.951731,0.5687594,7.621023,-4.4
17751,2.970864,0.5591671,7.621023,-4.4
17752,2.992298,0.5471004,7.621023,-4.4
17753,3.014583,0.5349247,7.621023,-4.4
17754,3.03736,0.5216026,7.621023,-4.4
17755,3.062634,0.5086976,7.621023,-4.4
17756,3.086519,0.4952375,7.621023,-4.4
17757,3.109644,0.481543,7.621023,-4.4
17758,3.133872,0.4686827,7.621023,-4.4
17759,3.159559,0.4558607,7.621023,-4.4
17760,3.187844,0.4428231,7.621023,-4.4
17761,3.217218,0.4304975,7.621023,-4.4
17762,3.244437,0.4175196,7.621023,-4.4
17763,3.273616,0.402524,7.621023,-4.4
17764,3.300922,0.3894025,7.621023,-4.4
17765,3.325766,0.377042,7.621023,-4.4
17766,3.352726,0.3637399,7.621023,-4.4
17767,3.379393,0.3525215,7.621023,-4.4
17768,3.408577,0.3417478,7.621023,-4.4
17769,3.437162,0.3313515,7.621023,-4.4
17770,3.4657,0.3188444,7.621023,-4.4
17771,3.493918,0.3069414,7.621023,-4.4
17772,3.51984,0.2963262,7.621023,-4.4
17773,3.54573,0.2851017,7.621023,-4.4
17774,3.569823,0.2737202,7.621023,-4.4
17775,3.59217,0.2593845,7.621023,-4.4
17776,3.613568,0.2456361,7.621023,-4.4
17777,3.636696,0.230039,7.621023,-4.4
17778,3.658981,0.2135873,7.621023,-4.4
17779,3.681183,0.1936782,7.621023,-4.4
17780,3.70432,0.17266,7.621023,-4.4
17781,3.72937,0.1500146,7.621023,-4.4
17782,3.75174,0.1291489,7.621023,-4.4
17783,3.774847,0.1077822,7.621023,-4.4
17784,3.798101,0.08431675,7.621023,-4.4
17785,3.819572,0.06025734,7.621023,-4.4
17786,3.840934,0.0348853,7.621023,-4.4
17787,3.863167,0.01062677,7.621023,-4.4
17788,3.884551,-0.01481204,7.621023,-4.4
17789,3.906682,-0.03880773,7.621023,-4.4
17790,3.928142,-0.06479727,7.621023,-4.4
17791,3.95053,-0.08853745,7.621023,-4.4
17792,3.973609,-0.1107748,7.621023,-4.4
17793,3.991717,-0.1304141,7.621023,-4.4
17794,4.008453,-0.147839,7.621023,-4.4
17795,4.026979,-0.1655902,7.621023,-4.4
17796,4.044386,-0.1789916,7.621023,-4.4
17797,4.062017,-0.1935353,7.621023,-4.4
17798,4.07777,-0.2064638,7.621023,-4.4
17799,4.094069,-0.2182863,7.621023,-4.4
17800,4.113934,-0.2322258,7.621023,-4.4
17801,4.133991,-0.2459636,7.621023,-4.4
17802,4.153433,-0.2600581,7.621023,-4.4
17803,4.174507,-0.2729317,7.621023,-4.4
17804,4.194194,-0.2846529,7.621023,-4.4
17805,4.213418,-0.2973058,7.621023,-4.4
17806,4.235075,-0.3093067,7.621023,-4.4
17807,4.252607,-0.3201742,7.621023,-4.4
17808,4.274472,-0.3333965,7.621023,-4.4
17809,4.295319,-0.3465959,7.621023,-4.4
17810,4.316541,-0.3619344,7.621023,-4.4
17811,4.341412,-0.3785811,7.621023,-4.4
17812,4.364943,-0.3940144,7.621023,-4.4
17813,4.388758,-0.408487,7.621023,-4.4
17814,4.414743,-0.4227186,7.621023,-4.4
17815,4.439016,-0.4373282,7.621023,-4.4
17816,4.466908,-0.4519109,7.621023,-4.4
17817,4.493737,-0.4692494,7.621023,-4.4
17818,4.516583,-0.4834643,7.621023,-4.4
17819,4.540813,-0.4957181,7.621023,-4.4
17820,4.564023,-0.509238,7.621023,-4.4
17821,4.588779,-0.5200607,7.621023,-4.4
17822,4.616782,-0.5319069,7.621023,-4.4
17823,4.645895,-0.5447114,7.621023,-4.4
17824,4.675782,-0.5593972,7.621023,-4.4
17825,4.704313,-0.5751873,7.621023,-4.4
17826,4.731057,-0.5862526,7.621023,-4.4
17827,4.757297,-0.6010818,7.621023,-4.4
17828,4.782762,-0.6158359,7.621023,-4.4
17829,4.804681,-0.6289494,7.621023,-4.4
17830,4.825229,-0.6416804,7.621023,-4.4
17831,4.849867,-0.6588943,7.621023,-4.4
17832,4.873599,-0.6795024,7.621023,-4.4
17833,4.896147,-0.7021938,7.621023,-4.4
17834,4.919329,-0.724431,7.621023,-4.4
17835,4.94171,-0.7459753,7.621023,-4.4
17836,4.966227,-0.7687525,7.621023,-4.4
17837,4.991727,-0.7939866,7.621023,-4.4
17838,5.014163,-0.8187091,7.621023,-4.4
17839,5.035364,-0.8425215,7.621023,-4.4
17840,5.056264,-0.8664155,7.621023,-4.4
17841,5.078363,-0.8921096,7.621023,-4.4
17842,5.102376,-0.9193416,7.621023,-4.4
17843,5.125492,-0.9465215,7.621023,-4.4
17844,5.147895,-0.9717273,7.621023,-4.4
17845,5.167468,-0.9990965,7.621023,-4.4
17846,5.184574,-1.022793,7.621023,-4.4
17847,5.199275,-1.040606,7.621023,-4.4
17848,5.217738,-1.060148,7.621023,-4.4
17849,5.232549,-1.076754,7.621023,-4.4
17850,5.247694,-1.09084,7.621023,-4.4
17851,5.264618,-1.107005,7.621023,-4.4
17852,5.278929,-1.120913,7.621023,-4.4
17853,5.29344,-1.133881,7.621023,-4.4
17854,5.312287,-1.149818,7.621023,-4.4
17855,5.330441,-1.163596,7.621023,-4.4
17856,5.347803,-1.17688,7.621023,-4.4
17857,5.366421,-1.191996,7.621023,-4.4
17858,5.383424,-1.20753,7.621023,-4.4
17859,5.40095,-1.224146,7.621023,-4.4
17860,5.421348,-1.241854,7.621023,-4.4
17861,5.44236,-1.259627,7.621023,-4.4
17862,5.463891,-1.276434,7.621023,-4.4
17863,5.484343,-1.291564,7.621023,-4.4
17864,5.507483,-1.307495,7.621023,-4.4
17865,5.529679,-1.324784,7.621023,-4.4
17866,5.55315,-1.342018,7.621023,-4.4
17867,5.57745,-1.357876,7.621023,-4.4
17868,5.603791,-1.375769,7.621023,-4.4
17869,5.627193,-1.393993,7.621023,-4.4
17870,5.651121,-1.411528,7.621023,-4.4
17871,5.674839,-1.428316,7.621023,-4.4
17872,5.698972,-1.44292,7.621023,-4.4
17873,5.72332,-1.45841,7.621023,-4.4
17874,5.747203,-1.47539,7.621023,-4.4
17875,5.769525,-1.493189,7.621023,-4.4
17876,5.791286,-1.507062,7.621023,-4.4
17877,5.813374,-1.523613,7.621023,-4.4
17878,5.835551,-1.539064,7.621023,-4.4
17879,5.861002,-1.554818,7.621023,-4.4
17880,5.886301,-1.572226,7.621023,-4.4
17881,5.909423,-1.589734,7.621023,-4.4
17882,5.933339,-1.609389,7.621023,-4.4
17883,5.954214,-1.629826,7.621023,-4.4
17884,5.973947,-1.647614,7.621023,-4.4
17885,5.994216,-1.667436,7.621023,-4.4
17886,6.013828,-1.688183,7.621023,-4.4
17887,6.033076,-1.710379,7.621023,-4.4
17888,6.050915,-1.73553,7.621023,-4.4
17889,6.068771,-1.760568,7.621023,-4.4
17890,6.086771,-1.787877,7.621023,-4.4
17891,6.104915,-1.815707,7.621023,-4.4
17892,6.122141,-1.84161,7.621023,-4.4
17893,6.140197,-1.867609,7.621023,-4.4
17894,6.159615,-1.896437,7.621023,-4.4
17895,6.17959,-1.926776,7.621023,-4.4
17896,6.199272,-1.953736,7.621023,-4.4
17897,6.217646,-1.980426,7.621023,-4.4
17898,6.233154,-2.009298,7.621023,-4.4
17899,6.249338,-2.035134,7.621023,-4.4
17900,6.263041,-2.056968,7.621023,-4.4
17901,6.277748,-2.078184,7.621023,-4.4
17902,6.290503,-2.09798,7.621023,-4.4
17903,6.305055,-2.114479,7.621023,-4.4
17904,6.320923,-2.134086,7.621023,-4.4
17905,6.334457,-2.148956,7.621023,-4.4
17906,6.350478,-2.165731,7.621023,-4.4
17907,6.368225,-2.180153,7.621023,-4.4
17908,6.3859,-2.197623,7.621023,-4.4
17909,6.402531,-2.214497,7.621023,-4.4
17910,6.420789,-2.229508,7.621023,-4.4
17911,6.437698,-2.243486,7.621023,-4.4
17912,6.454757,-2.256696,7.621023,-4.4
17913,6.472962,-2.271281,7.621023,-4.4
17914,6.491302,-2.28583,7.621023,-4.4
17915,6.510066,-2.301095,7.621023,-4.4
17916,6.530963,-2.317016,7.621023,-4.4
17917,6.550022,-2.333535,7.621023,-4.4
17918,6.571622,-2.351157,7.621023,-4.4
17919,6.591228,-2.367744,7.621023,-4.4
17920,6.613844,-2.384265,7.621023,-4.4
17921,6.637706,-2.40018,7.621023,-4.4
17922,6.665075,-2.418974,7.621023,-4.4
17923,6.689905,-2.436242,7.621023,-4.4
17924,6.710616,-2.453301,7.621023,-4.4
17925,6.730518,-2.469635,7.621023,-4.4
17926,6.750957,-2.483365,7.621023,-4.4
17927,6.770546,-2.497304,7.621023,-4.4
17928,6.789818,-2.51121,7.621023,-4.4
17929,6.808167,-2.525676,7.621023,-4.4
17930,6.827497,-2.538719,7.621023,-4.4
17931,6.848253,-2.553118,7.621023,-4.4
17932,6.870103,-2.566405,7.621023,-4.4
17933,6.892766,-2.579732,7.621023,-4.4
17934,6.912976,-2.597181,7.621023,-4.4
17935,6.932582,-2.614763,7.621023,-4.4
17936,6.949679,-2.635004,7.621023,-4.4
17937,6.964873,-2.655965,7.621023,-4.4
17938,6.981491,-2.677729,7.621023,-4.4
17939,6.998146,-2.699242,7.621023,-4.4
17940,7.013997,-2.717931,7.621023,-4.4
17941,7.028274,-2.74096,7.621023,-4.4
17942,7.042507,-2.765964,7.621023,-4.4
17943,7.056047,-2.794999,7.621023,-4.4
17944,7.069536,-2.821488,7.621023,-4.4
17945,7.081984,-2.849255,7.621023,-4.4
17946,7.090707,-2.874696,7.621023,-4.4
17947,7.101871,-2.902616,7.621023,-4.4
17948,7.113714,-2.929864,7.621023,-4.4
17949,7.125137,-2.958566,7.621023,-4.4
17950,7.138249,-2.987937,7.621023,-4.4
17951,7.148508,-3.015562,7.621023,-4.4
17952,7.159083,-3.04491,7.621023,-4.4
17953,7.16853,-3.070357,7.621023,-4.4
17954,7.177901,-3.093483,7.621023,-4.4
17955,7.187885,-3.1154,7.621023,-4.4
17956,7.196677,-3.138199,7.621023,-4.4
17957,7.206447,-3.158231,7.621023,-4.4
17958,7.216105,-3.175695,7.621023,-4.4
17959,7.224053,-3.190319,7.621023,-4.4
17960,7.234262,-3.206665,7.621023,-4.4
17961,7.245221,-3.225901,7.621023,-4.4
17962,7.257292,-3.247818,7.621023,-4.4
17963,7.270459,-3.267214,7.621023,-4.4
17964,7.285154,-3.287223,7.621023,-4.4
17965,7.298332,-3.305325,7.621023,-4.4
17966,7.307815,-3.319985,7.621023,-4.4
17967,7.319289,-3.336565,7.621023,-4.4
17968,7.331556,-3.35491,7.621023,-4.4
17969,7.343176,-3.373971,7.621023,-4.4
17970,7.354705,-3.391101,7.621023,-4.4
17971,7.368551,-3.408775,7.621023,-4.4
17972,7.381999,-3.427152,7.621023,-4.4
17973,7.397164,-3.447546,7.621023,-4.4
17974,7.413513,-3.468133,7.621023,-4.4
17975,7.430376,-3.488056,7.621023,-4.4
17976,7.447653,-3.510105,7.621023,-4.4
17977,7.466702,-3.532018,7.621023,-4.4
17978,7.48631,-3.553968,7.621023,-4.4
17979,7.504353,-3.578899,7.621023,-4.4
17980,7.521356,-3.600727,7.621023,-4.4
17981,7.536301,-3.619431,7.621023,-4.4
17982,7.550991,-3.637124,7.621023,-4.4
17983,7.568219,-3.655446,7.621023,-4.4
17984,7.584256,-3.674182,7.621023,-4.4
17985,7.601644,-3.692829,7.621023,-4.4
17986,7.620705,-3.715058,7.621023,-4.4
17987,7.639328,-3.736231,7.621023,-4.4
17988,7.656336,-3.757758,7.621023,-4.4
17989,7.671139,-3.779195,7.621023,-4.4
17990,7.684271,-3.801137,7.621023,-4.4
17991,7.699463,-3.82388,7.621023,-4.4
17992,7.711605,-3.845524,7.621023,-4.4
17993,7.722729,-3.864773,7.621023,-4.4
17994,7.732478,-3.889776,7.621023,-4.4
17995,7.740476,-3.918564,7.621023,-4.4
17996,7.748794,-3.947913,7.621023,-4.4
17997,7.7563,-3.974489,7.621023,-4.4
17998,7.761549,-3.999268,7.621023,-4.4
17999,7.766814,-4.026042,7.621023,-4.4
18000,7.77037,-4.056116,7.621023,-4.4
18001,7.773988,-4.087519,7.621023,-4.4
18002,7.779703,-4.121384,7.621023,-4.4
18003,7.783501,-4.153257,7.621023,-4.4
18004,7.786391,-4.184831,7.621023,-4.4
18005,7.789524,-4.220057,7.621023,-4.4
18006,7.793529,-4.254403,7.621023,-4.4
18007,7.798172,-4.290445,7.621023,-4.4
18008,7.800704,-4.319765,7.621023,-4.4
18009,7.80241,-4.344116,7.621023,-4.4
18010,7.804339,-4.365241,7.621023,-4.4
18011,7.80847,-4.388819,-4.4,7.621024
18012,7.812617,-4.412596,-4.4,7.621024
18013,7.815794,-4.437736,-4.4,7.621024
18014,7.818271,-4.463254,-4.4,7.621024
18015,7.821225,-4.482533,-4.4,7.621024
18016,7.824256,-4.498348,-4.4,7.621024
18017,7.829241,-4.515022,-4.4,7.621024
18018,7.838661,-4.535397,-4.4,7.621024
18019,7.846979,-4.55756,-4.4,7.621024
18020,7.855819,-4.580935,-4.4,7.621024
18021,7.867618,-4.607335,-4.4,7.621024
18022,7.877157,-4.630918,-4.4,7.621024
18023,7.887929,-4.651793,-4.4,7.621024
18024,7.897101,-4.67039,-4.4,7.621024
18025,7.904362,-4.687616,-4.4,7.621024
18026,7.911118,-4.701487,-4.4,7.621024
18027,7.91525,-4.714241,-4.4,7.621024
18028,7.91491,-4.727323,-4.4,7.621024
18029,7.911876,-4.742276,-4.4,7.621024
18030,7.907574,-4.755109,-4.4,7.621024
18031,7.902787,-4.765577,-4.4,7.621024
18032,7.898203,-4.776747,-4.4,7.621024
18033,7.894876,-4.786263,-4.4,7.621024
18034,7.893093,-4.794296,-4.4,7.621024
18035,7.88949,-4.803632,-4.4,7.621024
18036,7.883581,-4.815686,-4.4,7.621024
18037,7.87513,-4.827234,-4.4,7.621024
18038,7.867448,-4.835172,-4.4,7.621024
18039,7.858116,-4.841589,-4.4,7.621024
18040,7.84661,-4.846451,-4.4,7.621024
18041,7.838096,-4.848469,-4.4,7.621024
18042,7.825763,-4.848092,-4.4,7.621024
18043,7.808018,-4.844456,-4.4,7.621024
18044,7.790687,-4.836645,-4.4,7.621024
18045,7.775709,-4.828317,-4.4,7.621024
18046,7.761019,-4.817861,-4.4,7.621024
18047,7.746686,-4.808084,-4.4,7.621024
18048,7.732662,-4.796914,-4.4,7.621024
18049,7.71736,-4.784849,-4.4,7.621024
18050,7.702229,-4.7718,-4.4,7.621024
18051,7.687946,-4.758831,-4.4,7.621024
18052,7.673146,-4.745944,-4.4,7.621024
18053,7.661376,-4.733552,-4.4,7.621024
18054,7.645719,-4.7191,-4.4,7.621024
18055,7.628986,-4.704186,-4.4,7.621024
18056,7.607897,-4.689238,-4.4,7.621024
18057,7.587869,-4.672575,-4.4,7.621024
18058,7.570804,-4.658287,-4.4,7.621024
18059,7.553453,-4.644046,-4.4,7.621024
18060,7.53591,-4.633034,-4.4,7.621024
18061,7.520133,-4.623057,-4.4,7.621024
18062,7.506748,-4.613876,-4.4,7.621024
18063,7.49238,-4.604363,-4.4,7.621024
18064,7.477552,-4.593472,-4.4,7.621024
18065,7.461481,-4.583441,-4.4,7.621024
18066,7.444473,-4.573384,-4.4,7.621024
18067,7.427065,-4.562943,-4.4,7.621024
18068,7.408644,-4.551818,-4.4,7.621024
18069,7.390215,-4.541212,-4.4,7.621024
18070,7.373243,-4.528534,-4.4,7.621024
18071,7.354956,-4.518264,-4.4,7.621024
18072,7.337829,-4.509851,-4.4,7.621024
18073,7.321041,-4.501285,-4.4,7.621024
18074,7.301658,-4.495196,-4.4,7.621024
18075,7.28233,-4.489584,-4.4,7.621024
18076,7.265342,-4.48416,-4.4,7.621024
18077,7.248205,-4.476329,-4.4,7.621024
18078,7.232524,-4.468841,-4.4,7.621024
18079,7.214624,-4.459036,-4.4,7.621024
18080,7.196036,-4.449472,-4.4,7.621024
18081,7.176012,-4.439128,-4.4,7.621024
18082,7.152907,-4.427488,-4.4,7.621024
18083,7.128768,-4.415781,-4.4,7.621024
18084,7.102723,-4.40341,-4.4,7.621024
18085,7.079779,-4.391618,-4.4,7.621024
18086,7.056671,-4.38082,-4.4,7.621024
18087,7.032594,-4.370939,-4.4,7.621024
18088,7.008272,-4.361396,-4.4,7.621024
18089,6.98297,-4.350258,-4.4,7.621024
18090,6.959958,-4.341447,-4.4,7.621024
18091,6.935118,-4.331812,-4.4,7.621024
18092,6.9106,-4.32037,-4.4,7.621024
18093,6.887234,-4.309968,-4.4,7.621024
18094,6.863076,-4.29741,-4.4,7.621024
18095,6.838213,-4.283609,-4.4,7.621024
18096,6.815581,-4.266455,-4.4,7.621024
18097,6.796207,-4.252985,-4.4,7.621024
18098,6.775094,-4.236978,-4.4,7.621024
18099,6.756262,-4.22062,-4.4,7.621024
18100,6.738802,-4.205156,-4.4,7.621024
18101,6.717946,-4.186788,-4.4,7.621024
18102,6.697723,-4.167679,-4.4,7.621024
18103,6.680467,-4.14899,-4.4,7.621024
18104,6.661503,-4.125875,-4.4,7.621024
18105,6.64213,-4.102428,-4.4,7.621024
18106,6.623578,-4.081225,-4.4,7.621024
18107,6.605111,-4.056722,-4.4,7.621024
18108,6.586574,-4.030241,-4.4,7.621024
18109,6.569803,-4.004491,-4.4,7.621024
18110,6.553061,-3.981041,-4.4,7.621024
18111,6.533902,-3.955787,-4.4,7.621024
18112,6.515206,-3.930556,-4.4,7.621024
18113,6.499414,-3.905592,-4.4,7.621024
18114,6.483739,-3.881424,-4.4,7.621024
18115,6.468494,-3.861234,-4.4,7.621024
18116,6.451997,-3.842336,-4.4,7.621024
18117,6.440725,-3.827169,-4.4,7.621024
18118,6.427495,-3.809962,-4.4,7.621024
18119,6.413786,-3.794647,-4.4,7.621024
18120,6.399278,-3.782126,-4.4,7.621024
18121,6.381685,-3.768621,-4.4,7.621024
18122,6.361856,-3.752361,-4.4,7.621024
18123,6.34673,-3.734775,-4.4,7.621024
18124,6.330034,-3.716234,-4.4,7.621024
18125,6.310047,-3.701566,-4.4,7.621024
18126,6.291509,-3.688022,-4.4,7.621024
18127,6.275848,-3.67582,-4.4,7.621024
18128,6.263585,-3.662863,-4.4,7.621024
18129,6.246318,-3.649141,-4.4,7.621024
18130,6.226352,-3.632091,-4.4,7.621024
18131,6.209705,-3.614986,-4.4,7.621024
18132,6.193024,-3.599136,-4.4,7.621024
18133,6.174674,-3.582035,-4.4,7.621024
18134,6.155962,-3.565233,-4.4,7.621024
18135,6.137437,-3.550598,-4.4,7.621024
18136,6.117013,-3.535286,-4.4,7.621024
18137,6.095419,-3.520042,-4.4,7.621024
18138,6.071433,-3.502614,-4.4,7.621024
18139,6.048644,-3.484284,-4.4,7.621024
18140,6.025527,-3.468265,-4.4,7.621024
18141,6.001458,-3.453158,-4.4,7.621024
18142,5.977935,-3.437382,-4.4,7.621024
18143,5.955454,-3.42136,-4.4,7.621024
18144,5.932538,-3.406033,-4.4,7.621024
18145,5.906022,-3.391243,-4.4,7.621024
18146,5.878449,-3.372607,-4.4,7.621024
18147,5.852285,-3.35494,-4.4,7.621024
18148,5.826983,-3.338402,-4.4,7.621024
18149,5.803662,-3.319302,-4.4,7.621024
18150,5.779732,-3.299741,-4.4,7.621024
18151,5.759484,-3.284036,-4.4,7.621024
18152,5.739769,-3.265868,-4.4,7.621024
18153,5.718403,-3.244697,-4.4,7.621024
18154,5.69834,-3.223006,-4.4,7.621024
18155,5.681484,-3.199352,-4.4,7.621024
18156,5.663715,-3.175933,-4.4,7.621024
18157,5.645043,-3.152109,-4.4,7.621024
18158,5.626681,-3.124768,-4.4,7.621024
18159,5.607941,-3.096068,-4.4,7.621024
18160,5.589243,-3.068944,-4.4,7.621024
18161,5.572793,-3.044114,-4.4,7.621024
18162,5.557749,-3.018078,-4.4,7.621024
18163,5.540491,-2.99018,-4.4,7.621024
18164,5.521306,-2.961685,-4.4,7.621024
18165,5.503303,-2.931428,-4.4,7.621024
18166,5.48711,-2.905683,-4.4,7.621024
18167,5.471029,-2.881707,-4.4,7.621024
18168,5.45444,-2.859474,-4.4,7.621024
18169,5.43923,-2.83856,-4.4,7.621024
18170,5.423051,-2.819228,-4.4,7.621024
18171,5.406655,-2.799965,-4.4,7.621024
18172,5.39325,-2.784656,-4.4,7.621024
18173,5.38151,-2.770882,-4.4,7.621024
18174,5.369751,-2.756893,-4.4,7.621024
18175,5.355027,-2.741278,-4.4,7.621024
18176,5.3367,-2.722996,-4.4,7.621024
18177,5.318439,-2.706548,-4.4,7.621024
18178,5.302016,-2.688954,-4.4,7.621024
18179,5.285178,-2.672307,-4.4,7.621024
18180,5.266803,-2.653223,-4.4,7.621024
18181,5.24609,-2.635175,-4.4,7.621024
18182,5.228816,-2.618833,-4.4,7.621024
18183,5.210103,-2.600655,-4.4,7.621024
18184,5.193377,-2.582837,-4.4,7.621024
18185,5.175478,-2.564659,-4.4,7.621024
18186,5.155231,-2.54555,-4.4,7.621024
18187,5.135417,-2.528322,-4.4,7.621024
18188,5.112808,-2.509087,-4.4,7.621024
18189,5.088859,-2.491208,-4.4,7.621024
18190,5.062279,-2.470753,-4.4,7.621024
18191,5.034598,-2.449327,-4.4,7.621024
18192,5.007138,-2.430059,-4.4,7.621024
18193,4.980548,-2.409373,-4.4,7.621024
18194,4.957362,-2.390014,-4.4,7.621024
18195,4.932652,-2.37355,-4.4,7.621024
18196,4.90987,-2.35569,-4.4,7.621024
18197,4.888138,-2.340323,-4.4,7.621024
18198,4.869987,-2.329359,-4.4,7.621024
18199,4.848822,-2.316411,-4.4,7.621024
18200,4.824606,-2.301849,-4.4,7.621024
18201,4.801974,-2.286638,-4.4,7.621024
18202,4.77894,-2.27029,-4.4,7.621024
18203,4.757658,-2.253942,-4.4,7.621024
18204,4.733325,-2.235651,-4.4,7.621024
18205,4.709662,-2.215034,-4.4,7.621024
18206,4.687536,-2.195066,-4.4,7.621024
18207,4.666706,-2.172228,-4.4,7.621024
18208,4.646957,-2.15127,-4.4,7.621024
18209,4.625731,-2.127672,-4.4,7.621024
18210,4.604839,-2.104096,-4.4,7.621024
18211,4.584234,-2.079239,-4.4,7.621024
18212,4.564833,-2.052903,-4.4,7.621024
18213,4.547182,-2.028516,-4.4,7.621024
18214,4.529016,-2.003415,-4.4,7.621024
18215,4.509368,-1.977092,-4.4,7.621024
18216,4.488431,-1.950064,-4.4,7.621024
18217,4.46999,-1.92492,-4.4,7.621024
18218,4.450527,-1.899535,-4.4,7.621024
18219,4.429541,-1.872753,-4.4,7.621024
18220,4.411867,-1.847237,-4.4,7.621024
18221,4.39297,-1.822425,-4.4,7.621024
18222,4.375634,-1.800919,-4.4,7.621024
18223,4.359873,-1.781019,-4.4,7.621024
18224,4.345967,-1.765903,-4.4,7.621024
18225,4.331451,-1.750392,-4.4,7.621024
18226,4.317505,-1.735625,-4.4,7.621024
18227,4.30306,-1.723001,-4.4,7.621024
18228,4.285302,-1.710907,-4.4,7.621024
18229,4.270645,-1.696989,-4.4,7.621024
18230,4.252924,-1.680158,-4.4,7.621024
18231,4.234971,-1.661827,-4.4,7.621024
18232,4.216142,-1.642215,-4.4,7.621024
18233,4.197502,-1.625055,-4.4,7.621024
18234,4.181108,-1.608856,-4.4,7.621024
18235,4.163909,-1.592282,-4.4,7.621024
18236,4.144451,-1.575848,-4.4,7.621024
18237,4.123764,-1.559959,-4.4,7.621024
18238,4.103583,-1.544702,-4.4,7.621024
18239,4.084049,-1.529387,-4.4,7.621024
18240,4.062751,-1.513326,-4.4,7.621024
18241,4.041407,-1.49737,-4.4,7.621024
18242,4.022837,-1.482878,-4.4,7.621024
18243,4.002017,-1.466912,-4.4,7.621024
18244,3.979078,-1.450635,-4.4,7.621024
18245,3.951625,-1.433335,-4.4,7.621024
18246,3.924035,-1.41744,-4.4,7.621024
18247,3.896556,-1.399401,-4.4,7.621024
18248,3.871175,-1.38151,-4.4,7.621024
18249,3.846857,-1.364366,-4.4,7.621024
18250,3.824351,-1.350138,-4.4,7.621024
18251,3.802353,-1.33911,-4.4,7.621024
18252,3.778924,-1.32439,-4.4,7.621024
18253,3.754378,-1.306514,-4.4,7.621024
18254,3.728593,-1.287701,-4.4,7.621024
18255,3.704974,-1.270711,-4.4,7.621024
18256,3.682606,-1.255207,-4.4,7.621024
18257,3.65807,-1.238187,-4.4,7.621024
18258,3.637105,-1.220482,-4.4,7.621024
18259,3.617363,-1.20449,-4.4,7.621024
18260,3.596152,-1.188408,-4.4,7.621024
18261,3.574646,-1.167529,-4.4,7.621024
18262,3.553937,-1.145452,-4.4,7.621024
18263,3.536137,-1.12235,-4.4,7.621024
18264,3.519495,-1.099318,-4.4,7.621024
18265,3.503154,-1.075676,-4.4,7.621024
18266,3.485931,-1.050397,-4.4,7.621024
18267,3.468572,-1.027102,-4.4,7.621024
18268,3.450776,-1.003885,-4.4,7.621024
18269,3.432333,-0.9793069,-4.4,7.621024
18270,3.413001,-0.9534144,-4.4,7.621024
18271,3.394711,-0.9281882,-4.4,7.621024
18272,3.375262,-0.9022439,-4.4,7.621024
18273,3.357165,-0.8741767,-4.4,7.621024
18274,3.340359,-0.8484361,-4.4,7.621024
18275,3.324548,-0.8244934,-4.4,7.621024
18276,3.310938,-0.8024237,-4.4,7.621024
18277,3.300421,-0.7842956,-4.4,7.621024
18278,3.286895,-0.7678769,-4.4,7.621024
18279,3.273403,-0.7526854,-4.4,7.621024
18280,3.259277,-0.7375539,-4.4,7.621024
18281,3.246984,-0.7226105,-4.4,7.621024
18282,3.232277,-0.7049869,-4.4,7.621024
18283,3.21434,-0.6860956,-4.4,7.621024
18284,3.195688,-0.6669131,-4.4,7.621024
18285,3.179683,-0.6493564,-4.4,7.621024
18286,3.163944,-0.633378,-4.4,7.621024
18287,3.145988,-0.6179719,-4.4,7.621024
18288,3.126632,-0.603066,-4.4,7.621024
18289,3.106734,-0.5883355,-4.4,7.621024
18290,3.087693,-0.5710862,-4.4,7.621024
18291,3.067699,-0.553293,-4.4,7.621024
18292,3.049044,-0.5355184,-4.4,7.621024
18293,3.03195,-0.5190033,-4.4,7.621024
18294,3.014314,-0.5025579,-4.4,7.621024
18295,2.995092,-0.4857553,-4.4,7.621024
18296,2.97418,-0.468372,-4.4,7.621024
18297,2.951045,-0.4518864,-4.4,7.621024
18298,2.927147,-0.4340893,-4.4,7.621024
18299,2.902737,-0.4153191,-4.4,7.621024
18300,2.876609,-0.3952145,-4.4,7.621024
18301,2.849688,-0.3749718,-4.4,7.621024
18302,2.827575,-0.3563703,-4.4,7.621024
18303,2.803868,-0.339743,-4.4,7.621024
18304,2.78201,-0.3238875,-4.4,7.621024
18305,2.761835,-0.3123181,-4.4,7.621024
18306,2.740497,-0.2982834,-4.4,7.621024
18307,2.718714,-0.2834757,-4.4,7.621024
18308,2.694375,-0.2689109,-4.4,7.621024
18309,2.669974,-0.2530947,-4.4,7.621024
18310,2.645115,-0.2373764,-4.4,7.621024
18311,2.618558,-0.2190883,-4.4,7.621024
18312,2.593291,-0.201698,-4.4,7.621024
18313,2.571251,-0.1828883,-4.4,7.621024
18314,2.550809,-0.1633721,-4.4,7.621024
18315,2.527657,-0.1444339,-4.4,7.621024
18316,2.504705,-0.1228295,-4.4,7.621024
18317,2.484428,-0.1020267,-4.4,7.621024
18318,2.462777,-0.07770029,-4.4,7.621024
18319,2.441688,-0.05255473,-4.4,7.621024
18320,2.420845,-0.02725721,-4.4,7.621024
18321,2.400517,-0.002298811,-4.4,7.621024
18322,2.37953,0.02463146,-4.4,7.621024
18323,2.357069,0.05190741,-4.4,7.621024
18324,2.335421,0.0793021,-4.4,7.621024
18325,2.31558,0.1041094,-4.4,7.621024
18326,2.294567,0.1305232,-4.4,7.621024
18327,2.270547,0.1588415,-4.4,7.621024
18328,2.249647,0.1843149,-4.4,7.621024
18329,2.231007,0.2073114,-4.4,7.621024
18330,2.214304,0.2274802,-4.4,7.621024
18331,2.198842,0.2438634,-4.4,7.621024
18332,2.184014,0.2592447,-4.4,7.621024
18333,2.16891,0.2757073,-4.4,7.621024
18334,2.154057,0.2907818,-4.4,7.621024
18335,2.136117,0.3037774,-4.4,7.621024
18336,2.120503,0.3166851,-4.4,7.621024
18337,2.104191,0.3300763,-4.4,7.621024
18338,2.087029,0.3443258,-4.4,7.621024
18339,2.069631,0.3597388,-4.4,7.621024
18340,2.054242,0.3751215,-4.4,7.621024
18341,2.035028,0.3895208,-4.4,7.621024
18342,2.01639,0.4034078,-4.4,7.621024
18343,1.996889,0.4164169,-4.4,7.621024
18344,1.976339,0.4299354,-4.4,7.621024
18345,1.954605,0.446177,-4.4,7.621024
18346,1.934982,0.4611589,-4.4,7.621024
18347,1.914967,0.4775461,-4.4,7.621024
18348,1.893745,0.4947523,-4.4,7.621024
18349,1.87107,0.5117837,-4.4,7.621024
18350,1.848226,0.5282714,-4.4,7.621024
18351,1.826593,0.5431778,-4.4,7.621024
18352,1.801295,0.5598058,-4.4,7.621024
18353,1.771261,0.5766756,-4.4,7.621024
18354,1.745641,0.5936522,-4.4,7.621024
18355,1.719237,0.6130594,-4.4,7.621024
18356,1.696346,0.6285133,-4.4,7.621024
18357,1.675199,0.6432649,-4.4,7.621024
18358,1.656597,0.6549628,-4.4,7.621024
18359,1.634861,0.6669257,-4.4,7.621024
18360,1.612033,0.6801335,-4.4,7.621024
18361,1.586974,0.693967,-4.4,7.621024
18362,1.560053,0.711315,-4.4,7.621024
18363,1.531533,0.7287316,-4.4,7.621024
18364,1.504516,0.7474695,-4.4,7.621024
18365,1.479224,0.7625447,-4.4,7.621024
18366,1.454335,0.7782362,-4.4,7.621024
18367,1.432231,0.7955581,-4.4,7.621024
18368,1.409857,0.81341,-4.4,7.621024
18369,1.387843,0.8347986,-4.4,7.621024
18370,1.367516,0.853062,-4.4,7.621024
18371,1.345818,0.8749014,-4.4,7.621024
18372,1.325079,0.898102,-4.4,7.621024
18373,1.305416,0.9218063,-4.4,7.621024
18374,1.282041,0.9476035,-4.4,7.621024
18375,1.260057,0.9741415,-4.4,7.621024
18376,1.238624,1.000656,-4.4,7.621024
18377,1.21849,1.025281,-4.4,7.621024
18378,1.197881,1.047911,-4.4,7.621024
18379,1.174094,1.073391,-4.4,7.621024
18380,1.151578,1.100268,-4.4,7.621024
18381,1.129822,1.126372,-4.4,7.621024
18382,1.108583,1.150934,-4.4,7.621024
18383,1.089073,1.174703,-4.4,7.621024
18384,1.073144,1.193548,-4.4,7.621024
18385,1.056394,1.211902,-4.4,7.621024
18386,1.038361,1.229712,-4.4,7.621024
18387,1.022268,1.245503,-4.4,7.621024
18388,1.005916,1.261289,-4.4,7.621024
18389,0.9888351,1.274875,-4.4,7.621024
18390,0.9721531,1.290017,-4.4,7.621024
18391,0.9524361,1.30456,-4.4,7.621024
18392,0.9356468,1.31879,-4.4,7.621024
18393,0.9191918,1.331304,-4.4,7.621024
18394,0.8980088,1.343571,-4.4,7.621024
18395,0.8767596,1.356543,-4.4,7.621024
18396,0.8561872,1.369041,-4.4,7.621024
18397,0.8354461,1.384156,-4.4,7.621024
18398,0.8160751,1.397762,-4.4,7.621024
18399,0.7966079,1.412222,-4.4,7.621024
18400,0.7759013,1.427033,-4.4,7.621024
18401,0.7535029,1.442872,-4.4,7.621024
18402,0.728966,1.459695,-4.4,7.621024
18403,0.7043512,1.474387,-4.4,7.621024
18404,0.6818092,1.487433,-4.4,7.621024
18405,0.6548007,1.501653,-4.4,7.621024
18406,0.6262071,1.516916,-4.4,7.621024
18407,0.6015736,1.533752,-4.4,7.621024
18408,0.5752203,1.5485,-4.4,7.621024
18409,0.551523,1.562604,-4.4,7.621024
18410,0.5287945,1.576398,-4.4,7.621024
18411,0.5062684,1.5918,-4.4,7.621024
18412,0.4830021,1.603921,-4.4,7.621024
18413,0.4583111,1.618373,-4.4,7.621024
18414,0.432627,1.632875,-4.4,7.621024
18415,0.405404,1.648768,-4.4,7.621024
18416,0.3791364,1.665496,-4.4,7.621024
18417,0.3555608,1.681755,-4.4,7.621024
18418,0.3301457,1.69688,-4.4,7.621024
18419,0.3050388,1.71305,-4.4,7.621024
18420,0.2825795,1.728304,-4.4,7.621024
18421,0.2601208,1.747012,-4.4,7.621024
18422,0.2386251,1.765536,-4.4,7.621024
18423,0.2157334,1.78718,-4.4,7.621024
18424,0.1923145,1.811955,-4.4,7.621024
18425,0.1715875,1.834332,-4.4,7.621024
18426,0.1501507,1.857413,-4.4,7.621024
18427,0.12838,1.880587,-4.4,7.621024
18428,0.1088774,1.904879,-4.4,7.621024
18429,0.08847412,1.927783,-4.4,7.621024
18430,0.06709245,1.952395,-4.4,7.621024
18431,0.04902489,1.976936,-4.4,7.621024
18432,0.0317081,1.999304,-4.4,7.621024
18433,0.01506458,2.022861,-4.4,7.621024
18434,-0.002187794,2.043309,-4.4,7.621024
18435,-0.02101385,2.065941,-4.4,7.621024
18436,-0.03805132,2.087459,-4.4,7.621024
18437,-0.0539173,2.106188,-4.4,7.621024
18438,-0.06823379,2.122177,-4.4,7.621024
18439,-0.08271994,2.138002,-4.4,7.621024
18440,-0.09698543,2.152197,-4.4,7.621024
18441,-0.1116929,2.167975,-4.4,7.621024
18442,-0.126945,2.181306,-4.4,7.621024
18443,-0.1438397,2.195341,-4.4,7.621024
18444,-0.1636245,2.211233,-4.4,7.621024
18445,-0.1820977,2.228842,-4.4,7.621024
18446,-0.1989528,2.244863,-4.4,7.621024
18447,-0.2149653,2.260754,-4.4,7.621024
18448,-0.2319498,2.276498,-4.4,7.621024
18449,-0.2490189,2.290704,-4.4,7.621024
18450,-0.265476,2.305115,-4.4,7.621024
18451,-0.2819826,2.320446,-4.4,7.621024
18452,-0.3000231,2.336681,-4.4,7.621024
18453,-0.3212993,2.353727,-4.4,7.621024
18454,-0.342419,2.369599,-4.4,7.621024
18455,-0.364633,2.38679,-4.4,7.621024
18456,-0.3857583,2.402188,-4.4,7.621024
18457,-0.4093423,2.417844,-4.4,7.621024
18458,-0.4366207,2.438341,-4.4,7.621024
18459,-0.462821,2.45784,-4.4,7.621024
18460,-0.486249,2.477061,-4.4,7.621024
18461,-0.5097282,2.49447,-4.4,7.621024
18462,-0.5344446,2.51137,-4.4,7.621024
18463,-0.5575587,2.526794,-4.4,7.621024
18464,-0.5805541,2.5428,-4.4,7.621024
18465,-0.606047,2.55702,-4.4,7.621024
18466,-0.6306712,2.570148,-4.4,7.621024
18467,-0.6589258,2.584774,-4.4,7.621024
18468,-0.6858441,2.601539,-4.4,7.621024
18469,-0.7098421,2.619541,-4.4,7.621024
18470,-0.7309698,2.636227,-4.4,7.621024
18471,-0.7526651,2.653717,-4.4,7.621024
18472,-0.7763394,2.674025,-4.4,7.621024
18473,-0.8004801,2.695483,-4.4,7.621024
18474,-0.8241834,2.719055,-4.4,7.621024
18475,-0.8461679,2.74189,-4.4,7.621024
18476,-0.8676194,2.763522,-4.4,7.621024
18477,-0.8886216,2.786664,-4.4,7.621024
18478,-0.9078386,2.809572,-4.4,7.621024
18479,-0.9278889,2.83165,-4.4,7.621024
18480,-0.9495776,2.854472,-4.4,7.621024
18481,-0.9736681,2.879351,-4.4,7.621024
18482,-0.9960505,2.905853,-4.4,7.621024
18483,-1.014242,2.929213,-4.4,7.621024
18484,-1.03204,2.952418,-4.4,7.621024
18485,-1.053344,2.977643,-4.4,7.621024
18486,-1.071226,3.002095,-4.4,7.621024
18487,-1.087263,3.026033,-4.4,7.621024
18488,-1.106362,3.051524,-4.4,7.621024
18489,-1.125099,3.075294,-4.4,7.621024
18490,-1.139707,3.096505,-4.4,7.621024
18491,-1.153981,3.115486,-4.4,7.621024
18492,-1.169059,3.134448,-4.4,7.621024
18493,-1.182076,3.150996,-4.4,7.621024
18494,-1.195945,3.168028,-4.4,7.621024
18495,-1.212699,3.185596,-4.4,7.621024
18496,-1.228513,3.201881,-4.4,7.621024
18497,-1.244643,3.218314,-4.4,7.621024
18498,-1.260358,3.235416,-4.4,7.621024
18499,-1.276169,3.249673,-4.4,7.621024
18500,-1.292098,3.264828,-4.4,7.621024
18501,-1.309593,3.277884,-4.4,7.621024
18502,-1.32809,3.29256,-4.4,7.621024
18503,-1.347795,3.308249,-4.4,7.621024
18504,-1.366906,3.32099,-4.4,7.621024
18505,-1.385568,3.33535,-4.4,7.621024
18506,-1.404949,3.348596,-4.4,7.621024
18507,-1.42565,3.36526,-4.4,7.621024
18508,-1.444302,3.380409,-4.4,7.621024
18509,-1.468091,3.396343,-4.4,7.621024
18510,-1.490304,3.412626,-4.4,7.621024
18511,-1.513769,3.429511,-4.4,7.621024
18512,-1.538734,3.447459,-4.4,7.621024
18513,-1.565529,3.465811,-4.4,7.621024
18514,-1.591766,3.485382,-4.4,7.621024
18515,-1.613395,3.502658,-4.4,7.621024
18516,-1.633918,3.518407,-4.4,7.621024
18517,-1.65389,3.532191,-4.4,7.621024
18518,-1.675337,3.545083,-4.4,7.621024
18519,-1.699561,3.559853,-4.4,7.621024
18520,-1.724054,3.577452,-4.4,7.621024
18521,-1.748363,3.592795,-4.4,7.621024
18522,-1.770308,3.609893,-4.4,7.621024
18523,-1.793928,3.625171,-4.4,7.621024
18524,-1.817047,3.640421,-4.4,7.621024
18525,-1.838727,3.657546,-4.4,7.621024
18526,-1.859623,3.672148,-4.4,7.621024
18527,-1.878682,3.688467,-4.4,7.621024
18528,-1.898406,3.706321,-4.4,7.621024
18529,-1.918036,3.725093,-4.4,7.621024
18530,-1.936947,3.744878,-4.4,7.621024
18531,-1.95665,3.767202,-4.4,7.621024
18532,-1.97428,3.790775,-4.4,7.621024
18533,-1.989086,3.814215,-4.4,7.621024
18534,-2.004453,3.836281,-4.4,7.621024
18535,-2.020885,3.861374,-4.4,7.621024
18536,-2.038479,3.887032,-4.4,7.621024
18537,-2.055616,3.914261,-4.4,7.621024
18538,-2.069879,3.937599,-4.4,7.621024
18539,-2.084176,3.963842,-4.4,7.621024
18540,-2.098258,3.989621,-4.4,7.621024
18541,-2.113354,4.016461,-4.4,7.621024
18542,-2.128258,4.043375,-4.4,7.621024
18543,-2.143327,4.069149,-4.4,7.621024
18544,-2.156666,4.092976,-4.4,7.621024
18545,-2.169387,4.115594,-4.4,7.621024
18546,-2.183624,4.136014,-4.4,7.621024
18547,-2.195994,4.154302,-4.4,7.621024
18548,-2.207398,4.171618,-4.4,7.621024
18549,-2.219852,4.191036,-4.4,7.621024
18550,-2.233879,4.209535,-4.4,7.621024
18551,-2.248271,4.224584,-4.4,7.621024
18552,-2.266193,4.241683,-4.4,7.621024
18553,-2.283163,4.257895,-4.4,7.621024
18554,-2.300844,4.27371,-4.4,7.621024
18555,-2.31868,4.290682,-4.4,7.621024
18556,-2.336087,4.306108,-4.4,7.621024
18557,-2.35,4.319733,-4.4,7.621024
18558,-2.365739,4.334892,-4.4,7.621024
18559,-2.382966,4.349898,-4.4,7.621024
18560,-2.400519,4.367004,-4.4,7.621024
18561,-2.416745,4.384965,-4.4,7.621024
18562,-2.434368,4.403352,-4.4,7.621024
18563,-2.454396,4.422085,-4.4,7.621024
18564,-2.474895,4.442538,-4.4,7.621024
18565,-2.496458,4.460586,-4.4,7.621024
18566,-2.519942,4.480693,-4.4,7.621024
18567,-2.540497,4.500737,-4.4,7.621024
18568,-2.561813,4.520126,-4.4,7.621024
18569,-2.583712,4.53933,-4.4,7.621024
18570,-2.60299,4.557665,-4.4,7.621024
18571,-2.620989,4.5734,-4.4,7.621024
18572,-2.638597,4.58923,-4.4,7.621024
18573,-2.66021,4.605786,-4.4,7.621024
18574,-2.680822,4.621824,-4.4,7.621024
18575,-2.70121,4.639529,-4.4,7.621024
18576,-2.723955,4.658352,-4.4,7.621024
18577,-2.746253,4.681001,-4.4,7.621024
18578,-2.768346,4.705141,-4.4,7.621024
18579,-2.790593,4.726815,-4.4,7.621024
18580,-2.809999,4.746829,-4.4,7.621024
18581,-2.829332,4.768853,-4.4,7.621024
18582,-2.84953,4.791431,-4.4,7.621024
18583,-2.869646,4.813788,-4.4,7.621024
18584,-2.88683,4.83525,-4.4,7.621024
18585,-2.903378,4.862645,-4.4,7.621024
18586,-2.919255,4.890323,-4.4,7.621024
18587,-2.934235,4.918668,-4.4,7.621024
18588,-2.949221,4.943979,-4.4,7.621024
18589,-2.962325,4.968104,-4.4,7.621024
18590,-2.975812,4.995608,-4.4,7.621024
18591,-2.990059,5.02597,-4.4,7.621024
18592,-3.003878,5.05369,-4.4,7.621024
18593,-3.017797,5.083731,-4.4,7.621024
18594,-3.030016,5.112184,-4.4,7.621024
18595,-3.042691,5.141619,-4.4,7.621024
18596,-3.056367,5.169544,-4.4,7.621024
18597,-3.06768,5.193445,-4.4,7.621024
18598,-3.079394,5.213458,-4.4,7.621024
18599,-3.090614,5.234101,-4.4,7.621024
18600,-3.101427,5.253911,-4.4,7.621024
18601,-3.110978,5.272081,-4.4,7.621024
18602,-3.122283,5.289185,-4.4,7.621024
18603,-3.133012,5.306189,-4.4,7.621024
18604,-3.144577,5.324554,-4.4,7.621024
18605,-3.157299,5.34321,-4.4,7.621024
18606,-3.171976,5.365551,-4.4,7.621024
18607,-3.187534,5.386685,-4.4,7.621024
18608,-3.202653,5.402697,-4.4,7.621024
18609,-3.216664,5.416727,-4.4,7.621024
18610,-3.231559,5.432024,-4.4,7.621024
18611,-3.246616,5.448347,-4.4,7.621024
18612,-3.262875,5.46587,-4.4,7.621024
18613,-3.277784,5.483277,-4.4,7.621024
18614,-3.293528,5.50365,-4.4,7.621024
18615,-3.310254,5.524034,-4.4,7.621024
18616,-3.327899,5.545862,-4.4,7.621024
18617,-3.346881,5.566895,-4.4,7.621024
18618,-3.368671,5.587441,-4.4,7.621024
18619,-3.391789,5.610648,-4.4,7.621024
18620,-3.414401,5.632442,-4.4,7.621024
18621,-3.435432,5.654244,-4.4,7.621024
18622,-3.455884,5.673838,-4.4,7.621024
18623,-3.475284,5.692089,-4.4,7.621024
18624,-3.493546,5.70857,-4.4,7.621024
18625,-3.511971,5.726429,-4.4,7.621024
18626,-3.532248,5.744209,-4.4,7.621024
18627,-3.551189,5.759265,-4.4,7.621024
18628,-3.570957,5.775047,-4.4,7.621024
18629,-3.589684,5.794288,-4.4,7.621024
18630,-3.609944,5.815818,-4.4,7.621024
18631,-3.629194,5.835802,-4.4,7.621024
18632,-3.648409,5.851479,-4.4,7.621024
18633,-3.668074,5.868664,-4.4,7.621024
18634,-3.686683,5.888733,-4.4,7.621024
18635,-3.703839,5.908403,-4.4,7.621024
18636,-3.720708,5.9282,-4.4,7.621024
18637,-3.737222,5.95096,-4.4,7.621024
18638,-3.751726,5.972868,-4.4,7.621024
18639,-3.766279,5.998538,-4.4,7.621024
18640,-3.779866,6.023839,-4.4,7.621024
18641,-3.792351,6.048431,-4.4,7.621024
18642,-3.803159,6.073905,-4.4,7.621024
18643,-3.813402,6.097576,-4.4,7.621024
18644,-3.824357,6.121907,-4.4,7.621024
18645,-3.83757,6.148978,-4.4,7.621024
18646,-3.850789,6.175594,-4.4,7.621024
18647,-3.864729,6.20507,-4.4,7.621024
18648,-3.878642,6.233527,-4.4,7.621024
18649,-3.892499,6.264265,-4.4,7.621024
18650,-3.905349,6.294451,-4.4,7.621024
18651,-3.917727,6.326477,-4.4,7.621024
18652,-3.930771,6.352259,-4.4,7.621024
18653,-3.941651,6.3762,-4.4,7.621024
18654,-3.950754,6.396469,-4.4,7.621024
18655,-3.963293,6.420594,-4.4,7.621024
18656,-3.973787,6.441293,-4.4,7.621024
18657,-3.985137,6.460765,-4.4,7.621024
18658,-3.998397,6.478525,-4.4,7.621024
18659,-4.011954,6.496696,-4.4,7.621024
18660,-4.025904,6.516116,-4.4,7.621024
18661,-4.038302,6.536543,-4.4,7.621024
18662,-4.049802,6.556249,-4.4,7.621024
18663,-4.064802,6.576002,-4.4,7.621024
18664,-4.079282,6.59657,-4.4,7.621024
18665,-4.094377,6.616313,-4.4,7.621024
18666,-4.109213,6.63448,-4.4,7.621024
18667,-4.125155,6.653796,-4.4,7.621024
18668,-4.140868,6.673179,-4.4,7.621024
18669,-4.156028,6.69346,-4.4,7.621024
18670,-4.1722,6.711659,-4.4,7.621024
18671,-4.187776,6.729391,-4.4,7.621024
18672,-4.20325,6.748054,-4.4,7.621024
18673,-4.219748,6.767779,-4.4,7.621024
18674,-4.240436,6.790884,-4.4,7.621024
18675,-4.259298,6.813334,-4.4,7.621024
18676,-4.27721,6.835178,-4.4,7.621024
18677,-4.292356,6.855044,-4.4,7.621024
18678,-4.307918,6.875051,-4.4,7.621024
18679,-4.321894,6.894731,-4.4,7.621024
18680,-4.336449,6.910257,-4.4,7.621024
18681,-4.352892,6.930016,-4.4,7.621024
18682,-4.36959,6.949538,-4.4,7.621024
18683,-4.383171,6.967453,-4.4,7.621024
18684,-4.39664,6.986742,-4.4,7.621024
18685,-4.408731,7.008361,-4.4,7.621024
18686,-4.423,7.029178,-4.4,7.621024
18687,-4.436392,7.052073,-4.4,7.621024
18688,-4.448518,7.073351,-4.4,7.621024
18689,-4.46102,7.095796,-4.4,7.621024
18690,-4.47193,7.117963,-4.4,7.621024
18691,-4.480965,7.139208,-4.4,7.621024
18692,-4.486889,7.162575,-4.4,7.621024
18693,-4.490859,7.18937,-4.4,7.621024
18694,-4.494345,7.217344,-4.4,7.621024
18695,-4.496264,7.247901,-4.4,7.621024
18696,-4.496696,7.277577,-4.4,7.621024
18697,-4.498543,7.308709,-4.4,7.621024
18698,-4.499046,7.338974,-4.4,7.621024
18699,-4.497302,7.370252,-4.4,7.621024
18700,-4.494446,7.401676,-4.4,7.621024
18701,-4.491958,7.435251,-4.4,7.621024
18702,-4.488235,7.470699,-4.4,7.621024
18703,-4.486241,7.500782,4.4,-7.621024
18704,-4.487114,7.527898,4.4,-7.621024
18705,-4.487104,7.552178,4.4,-7.621024
18706,-4.487365,7.579594,4.4,-7.621024
18707,-4.490381,7.60754,4.4,-7.621024
18708,-4.492459,7.631494,4.4,-7.621024
18709,-4.493617,7.6559,4.4,-7.621024
18710,-4.49505,7.677319,4.4,-7.621024
18711,-4.497974,7.696451,4.4,-7.621024
18712,-4.504093,7.717162,4.4,-7.621024
18713,-4.513012,7.739907,4.4,-7.621024
18714,-4.523585,7.761166,4.4,-7.621024
18715,-4.535139,7.783256,4.4,-7.621024
18716,-4.545718,7.805269,4.4,-7.621024
18717,-4.556394,7.827745,4.4,-7.621024
18718,-4.566034,7.853542,4.4,-7.621024
18719,-4.57638,7.879539,4.4,-7.621024
18720,-4.584373,7.900409,4.4,-7.621024
18721,-4.590204,7.916399,4.4,-7.621024
18722,-4.595078,7.930955,4.4,-7.621024
18723,-4.597117,7.949028,4.4,-7.621024
18724,-4.594819,7.96559,4.4,-7.621024
18725,-4.586987,7.979243,4.4,-7.621024
18726,-4.580456,7.989296,4.4,-7.621024
18727,-4.576939,8.000247,4.4,-7.621024
18728,-4.574912,8.010177,4.4,-7.621024
18729,-4.572976,8.016945,4.4,-7.621024
18730,-4.571007,8.023226,4.4,-7.621024
18731,-4.571348,8.02902,4.4,-7.621024
18732,-4.573907,8.033722,4.4,-7.621024
18733,-4.575627,8.039097,4.4,-7.621024
18734,-4.573705,8.045382,4.4,-7.621024
18735,-4.56977,8.050511,4.4,-7.621024
18736,-4.564068,8.055595,4.4,-7.621024
18737,-4.559698,8.061221,4.4,-7.621024
18738,-4.554155,8.063627,4.4,-7.621024
18739,-4.548782,8.064429,4.4,-7.621024
18740,-4.542727,8.064436,4.4,-7.621024
18741,-4.534351,8.062273,4.4,-7.621024
18742,-4.525291,8.057521,4.4,-7.621024
18743,-4.51824,8.053081,4.4,-7.621024
18744,-4.510683,8.046083,4.4,-7.621024
18745,-4.501662,8.036811,4.4,-7.621024
18746,-4.492298,8.023966,4.4,-7.621024
18747,-4.485026,8.007967,4.4,-7.621024
18748,-4.479561,7.993064,4.4,-7.621024
18749,-4.472138,7.977863,4.4,-7.621024
18750,-4.463126,7.962323,4.4,-7.621024
18751,-4.452773,7.946453,4.4,-7.621024
18752,-4.439554,7.927494,4.4,-7.621024
18753,-4.427132,7.906944,4.4,-7.621024
18754,-4.415195,7.887428,4.4,-7.621024
18755,-4.403826,7.871734,4.4,-7.621024
18756,-4.392125,7.854632,4.4,-7.621024
18757,-4.381716,7.837942,4.4,-7.621024
18758,-4.373504,7.825792,4.4,-7.621024
18759,-4.364408,7.810885,4.4,-7.621024
18760,-4.357011,7.796403,4.4,-7.621024
18761,-4.345194,7.782504,4.4,-7.621024
18762,-4.333739,7.76783,4.4,-7.621024
18763,-4.324521,7.75457,4.4,-7.621024
18764,-4.317173,7.741412,4.4,-7.621024
18765,-4.308172,7.72813,4.4,-7.621024
18766,-4.297788,7.713171,4.4,-7.621024
18767,-4.282712,7.696966,4.4,-7.621024
18768,-4.267414,7.681409,4.4,-7.621024
18769,-4.255457,7.664953,4.4,-7.621024
18770,-4.243293,7.64981,4.4,-7.621024
18771,-4.23138,7.635833,4.4,-7.621024
18772,-4.218353,7.620968,4.4,-7.621024
18773,-4.206711,7.606854,4.4,-7.621024
18774,-4.196466,7.591304,4.4,-7.621024
18775,-4.182644,7.574361,4.4,-7.621024
18776,-4.169413,7.557549,4.4,-7.621024
18777,-4.155196,7.54056,4.4,-7.621024
18778,-4.141877,7.523481,4.4,-7.621024
18779,-4.127738,7.506291,4.4,-7.621024
18780,-4.112944,7.486765,4.4,-7.621024
18781,-4.09705,7.466365,4.4,-7.621024
18782,-4.079339,7.44461,4.4,-7.621024
18783,-4.061078,7.42009,4.4,-7.621024
18784,-4.042267,7.395815,4.4,-7.621024
18785,-4.024259,7.373558,4.4,-7.621024
18786,-4.005497,7.355539,4.4,-7.621024
18787,-3.987274,7.339747,4.4,-7.621024
18788,-3.969542,7.322481,4.4,-7.621024
18789,-3.952145,7.303385,4.4,-7.621024
18790,-3.934574,7.285795,4.4,-7.621024
18791,-3.918675,7.265177,4.4,-7.621024
18792,-3.902994,7.243369,4.4,-7.621024
18793,-3.888458,7.220401,4.4,-7.621024
18794,-3.875189,7.195311,4.4,-7.621024
18795,-3.860647,7.171119,4.4,-7.621024
18796,-3.846236,7.148625,4.4,-7.621024
18797,-3.833873,7.127221,4.4,-7.621024
18798,-3.822108,7.10556,4.4,-7.621024
18799,-3.811702,7.079673,4.4,-7.621024
18800,-3.802957,7.0539,4.4,-7.621024
18801,-3.793336,7.026905,4.4,-7.621024
18802,-3.785268,6.998044,4.4,-7.621024
18803,-3.778378,6.970775,4.4,-7.621024
18804,-3.771924,6.944079,4.4,-7.621024
18805,-3.765143,6.921687,4.4,-7.621024
18806,-3.760286,6.89562,4.4,-7.621024
18807,-3.754635,6.870301,4.4,-7.621024
18808,-3.749555,6.842146,4.4,-7.621024
18809,-3.743898,6.814257,4.4,-7.621024
18810,-3.738693,6.78684,4.4,-7.621024
18811,-3.733916,6.759826,4.4,-7.621024
18812,-3.727557,6.733864,4.4,-7.621024
18813,-3.720658,6.708645,4.4,-7.621024
18814,-3.714719,6.683595,4.4,-7.621024
18815,-3.708484,6.660944,4.4,-7.621024
18816,-3.704308,6.638437,4.4,-7.621024
18817,-3.700416,6.619144,4.4,-7.621024
18818,-3.696525,6.601666,4.4,-7.621024
18819,-3.693512,6.582099,4.4,-7.621024
18820,-3.685914,6.557374,4.4,-7.621024
18821,-3.675153,6.531856,4.4,-7.621024
18822,-3.66365,6.508928,4.4,-7.621024
18823,-3.652594,6.486185,4.4,-7.621024
18824,-3.642624,6.465301,4.4,-7.621024
18825,-3.632423,6.446699,4.4,-7.621024
18826,-3.621575,6.426904,4.4,-7.621024
18827,-3.614502,6.405584,4.4,-7.621024
18828,-3.60588,6.383095,4.4,-7.621024
18829,-3.599339,6.361694,4.4,-7.621024
18830,-3.589043,6.338882,4.4,-7.621024
18831,-3.577749,6.317223,4.4,-7.621024
18832,-3.565188,6.291661,4.4,-7.621024
18833,-3.552032,6.264585,4.4,-7.621024
18834,-3.537431,6.23888,4.4,-7.621024
18835,-3.520094,6.211267,4.4,-7.621024
18836,-3.501311,6.182603,4.4,-7.621024
18837,-3.482797,6.15203,4.4,-7.621024
18838,-3.463408,6.124743,4.4,-7.621024
18839,-3.447118,6.096564,4.4,-7.621024
18840,-3.431108,6.068091,4.4,-7.621024
18841,-3.415486,6.045366,4.4,-7.621024
18842,-3.402483,6.023439,4.4,-7.621024
18843,-3.388128,5.998401,4.4,-7.621024
18844,-3.375058,5.974969,4.4,-7.621024
18845,-3.362802,5.953441,4.4,-7.621024
18846,-3.348885,5.93001,4.4,-7.621024
18847,-3.335691,5.9066,4.4,-7.621024
18848,-3.32409,5.883821,4.4,-7.621024
18849,-3.313165,5.858964,4.4,-7.621024
18850,-3.302368,5.83233,4.4,-7.621024
18851,-3.290957,5.804574,4.4,-7.621024
18852,-3.280557,5.777045,4.4,-7.621024
18853,-3.270717,5.74874,4.4,-7.621024
18854,-3.262506,5.718864,4.4,-7.621024
18855,-3.255594,5.687881,4.4,-7.621024
18856,-3.248353,5.657967,4.4,-7.621024
18857,-3.242106,5.628072,4.4,-7.621024
18858,-3.237463,5.599588,4.4,-7.621024
18859,-3.232291,5.569587,4.4,-7.621024
18860,-3.225566,5.538956,4.4,-7.621024
18861,-3.2167,5.507298,4.4,-7.621024
18862,-3.208663,5.473645,4.4,-7.621024
18863,-3.20271,5.442643,4.4,-7.621024
18864,-3.197198,5.413077,4.4,-7.621024
18865,-3.191036,5.38224,4.4,-7.621024
18866,-3.184457,5.354435,4.4,-7.621024
18867,-3.178286,5.327748,4.4,-7.621024
18868,-3.171818,5.304875,4.4,-7.621024
18869,-3.168571,5.289064,4.4,-7.621024
18870,-3.161503,5.268277,4.4,-7.621024
18871,-3.155134,5.248777,4.4,-7.621024
18872,-3.149616,5.229333,4.4,-7.621024
18873,-3.141286,5.209707,4.4,-7.621024
18874,-3.131982,5.186675,4.4,-7.621024
18875,-3.124048,5.162817,4.4,-7.621024
18876,-3.113482,5.13851,4.4,-7.621024
18877,-3.102543,5.115942,4.4,-7.621024
18878,-3.091873,5.094044,4.4,-7.621024
18879,-3.080838,5.071928,4.4,-7.621024
18880,-3.072967,5.049687,4.4,-7.621024
18881,-3.063128,5.028673,4.4,-7.621024
18882,-3.053855,5.006858,4.4,-7.621024
18883,-3.043935,4.983438,4.4,-7.621024
18884,-3.034173,4.961327,4.4,-7.621024
18885,-3.022492,4.938968,4.4,-7.621024
18886,-3.009256,4.914615,4.4,-7.621024
18887,-2.993005,4.88627,4.4,-7.621024
18888,-2.97783,4.858467,4.4,-7.621024
18889,-2.959781,4.829994,4.4,-7.621024
18890,-2.940359,4.800356,4.4,-7.621024
18891,-2.921575,4.771474,4.4,-7.621024
18892,-2.904759,4.746515,4.4,-7.621024
18893,-2.888773,4.723333,4.4,-7.621024
18894,-2.873746,4.6991,4.4,-7.621024
18895,-2.858427,4.676643,4.4,-7.621024
18896,-2.844789,4.654191,4.4,-7.621024
18897,-2.828825,4.632263,4.4,-7.621024
18898,-2.816696,4.609682,4.4,-7.621024
18899,-2.802757,4.584558,4.4,-7.621024
18900,-2.786838,4.556495,4.4,-7.621024
18901,-2.772589,4.528201,4.4,-7.621024
18902,-2.75824,4.497771,4.4,-7.621024
18903,-2.745182,4.46808,4.4,-7.621024
18904,-2.733549,4.441129,4.4,-7.621024
18905,-2.72407,4.413491,4.4,-7.621024
18906,-2.715571,4.384804,4.4,-7.621024
18907,-2.706735,4.355773,4.4,-7.621024
18908,-2.698416,4.325646,4.4,-7.621024
18909,-2.68995,4.293914,4.4,-7.621024
18910,-2.681766,4.261469,4.4,-7.621024
18911,-2.674853,4.226371,4.4,-7.621024
18912,-2.667686,4.194871,4.4,-7.621024
18913,-2.661408,4.165431,4.4,-7.621024
18914,-2.655837,4.135417,4.4,-7.621024
18915,-2.650352,4.107055,4.4,-7.621024
18916,-2.642078,4.076412,4.4,-7.621024
18917,-2.636662,4.048532,4.4,-7.621024
18918,-2.63278,4.021024,4.4,-7.621024
18919,-2.629547,3.996735,4.4,-7.621024
18920,-2.625844,3.97536,4.4,-7.621024
18921,-2.619713,3.952556,4.4,-7.621024
18922,-2.612604,3.93313,4.4,-7.621024
18923,-2.603823,3.909027,4.4,-7.621024
18924,-2.595133,3.885903,4.4,-7.621024
18925,-2.587234,3.867796,4.4,-7.621024
18926,-2.580419,3.851321,4.4,-7.621024
18927,-2.574374,3.836213,4.4,-7.621024
18928,-2.565609,3.817312,4.4,-7.621024
18929,-2.55506,3.79566,4.4,-7.621024
18930,-2.546562,3.773772,4.4,-7.621024
18931,-2.537956,3.754347,4.4,-7.621024
18932,-2.527657,3.734869,4.4,-7.621024
18933,-2.517962,3.714072,4.4,-7.621024
18934,-2.507914,3.692426,4.4,-7.621024
18935,-2.496,3.67253,4.4,-7.621024
18936,-2.483994,3.650376,4.4,-7.621024
18937,-2.472181,3.627617,4.4,-7.621024
18938,-2.460605,3.60597,4.4,-7.621024
18939,-2.449959,3.58429,4.4,-7.621024
18940,-2.438747,3.561862,4.4,-7.621024
18941,-2.425106,3.539232,4.4,-7.621024
18942,-2.409411,3.51442,4.4,-7.621024
18943,-2.390559,3.485747,4.4,-7.621024
18944,-2.371506,3.456646,4.4,-7.621024
18945,-2.353826,3.428422,4.4,-7.621024
18946,-2.338026,3.403677,4.4,-7.621024
18947,-2.322091,3.381352,4.4,-7.621024
18948,-2.306661,3.357387,4.4,-7.621024
18949,-2.288323,3.332931,4.4,-7.621024
18950,-2.270917,3.310517,4.4,-7.621024
18951,-2.254502,3.28956,4.4,-7.621024
18952,-2.235988,3.267471,4.4,-7.621024
18953,-2.21947,3.242559,4.4,-7.621024
18954,-2.204543,3.219964,4.4,-7.621024
18955,-2.190825,3.196238,4.4,-7.621024
18956,-2.176642,3.170739,4.4,-7.621024
18957,-2.162016,3.148007,4.4,-7.621024
18958,-2.14588,3.123928,4.4,-7.621024
18959,-2.132514,3.095985,4.4,-7.621024
18960,-2.120949,3.07041,4.4,-7.621024
18961,-2.109868,3.043696,4.4,-7.621024
18962,-2.099646,3.016457,4.4,-7.621024
18963,-2.089703,2.986626,4.4,-7.621024
18964,-2.07901,2.955968,4.4,-7.621024
18965,-2.067506,2.92485,4.4,-7.621024
18966,-2.054479,2.893744,4.4,-7.621024
18967,-2.042872,2.861712,4.4,-7.621024
18968,-2.032572,2.833604,4.4,-7.621024
18969,-2.02183,2.805352,4.4,-7.621024
18970,-2.010845,2.775337,4.4,-7.621024
18971,-2.000546,2.746455,4.4,-7.621024
18972,-1.989592,2.717071,4.4,-7.621024
18973,-1.978151,2.687169,4.4,-7.621024
18974,-1.966715,2.661164,4.4,-7.621024
18975,-1.954408,2.637241,4.4,-7.621024
18976,-1.944155,2.617355,4.4,-7.621024
18977,-1.933788,2.596577,4.4,-7.621024
18978,-1.925518,2.578156,4.4,-7.621024
18979,-1.919592,2.56083,4.4,-7.621024
18980,-1.911538,2.543479,4.4,-7.621024
18981,-1.898118,2.520316,4.4,-7.621024
18982,-1.884248,2.496804,4.4,-7.621024
18983,-1.869698,2.4752,4.4,-7.621024
18984,-1.856261,2.453471,4.4,-7.621024
18985,-1.842295,2.433597,4.4,-7.621024
18986,-1.827812,2.414707,4.4,-7.621024
18987,-1.815176,2.396751,4.4,-7.621024
18988,-1.80398,2.376582,4.4,-7.621024
18989,-1.790303,2.357212,4.4,-7.621024
18990,-1.778214,2.33876,4.4,-7.621024
18991,-1.763997,2.318353,4.4,-7.621024
18992,-1.746436,2.296669,4.4,-7.621024
18993,-1.728915,2.276784,4.4,-7.621024
18994,-1.710606,2.256224,4.4,-7.621024
18995,-1.689663,2.235326,4.4,-7.621024
18996,-1.667043,2.211854,4.4,-7.621024
18997,-1.643014,2.186313,4.4,-7.621024
18998,-1.621628,2.163747,4.4,-7.621024
18999,-1.601102,2.14172,4.4,-7.621024
19000,-1.581336,2.122477,4.4,-7.621024
19001,-1.562381,2.102743,4.4,-7.621024
19002,-1.544071,2.085119,4.4,-7.621024
19003,-1.524869,2.06529,4.4,-7.621024
19004,-1.507614,2.045688,4.4,-7.621024
19005,-1.491044,2.028206,4.4,-7.621024
19006,-1.473548,2.011112,4.4,-7.621024
19007,-1.453689,1.989565,4.4,-7.621024
19008,-1.432661,1.969713,4.4,-7.621024
19009,-1.412071,1.949463,4.4,-7.621024
19010,-1.392274,1.928469,4.4,-7.621024
19011,-1.372379,1.906268,4.4,-7.621024
19012,-1.353534,1.882251,4.4,-7.621024
19013,-1.336743,1.857952,4.4,-7.621024
19014,-1.319203,1.833521,4.4,-7.621024
19015,-1.302192,1.807593,4.4,-7.621024
19016,-1.286838,1.781898,4.4,-7.621024
19017,-1.273038,1.75385,4.4,-7.621024
19018,-1.259399,1.727739,4.4,-7.621024
19019,-1.247702,1.702831,4.4,-7.621024
19020,-1.235963,1.676501,4.4,-7.621024
19021,-1.225056,1.64865,4.4,-7.621024
19022,-1.212671,1.621981,4.4,-7.621024
19023,-1.200419,1.595135,4.4,-7.621024
19024,-1.186993,1.568727,4.4,-7.621024
19025,-1.174721,1.542712,4.4,-7.621024
19026,-1.162159,1.516787,4.4,-7.621024
19027,-1.14844,1.492121,4.4,-7.621024
19028,-1.136401,1.469332,4.4,-7.621024
19029,-1.126329,1.452316,4.4,-7.621024
19030,-1.117936,1.437397,4.4,-7.621024
19031,-1.110724,1.421847,4.4,-7.621024
19032,-1.101067,1.406336,4.4,-7.621024
19033,-1.087839,1.386523,4.4,-7.621024
19034,-1.077931,1.371736,4.4,-7.621024
19035,-1.06381,1.351514,4.4,-7.621024
19036,-1.049767,1.33065,4.4,-7.621024
19037,-1.035054,1.311153,4.4,-7.621024
19038,-1.020508,1.290744,4.4,-7.621024
19039,-1.006463,1.273136,4.4,-7.621024
19040,-0.9925932,1.256478,4.4,-7.621024
19041,-0.9789836,1.238199,4.4,-7.621024
19042,-0.9637682,1.220074,4.4,-7.621024
19043,-0.9477991,1.202629,4.4,-7.621024
19044,-0.9308628,1.185469,4.4,-7.621024
19045,-0.9161062,1.167689,4.4,-7.621024
19046,-0.8992451,1.147293,4.4,-7.621024
19047,-0.8836603,1.128709,4.4,-7.621024
19048,-0.8654649,1.110807,4.4,-7.621024
19049,-0.8445498,1.089543,4.4,-7.621024
19050,-0.8246274,1.070086,4.4,-7.621024
19051,-0.8013998,1.051159,4.4,-7.621024
19052,-0.7771388,1.032065,4.4,-7.621024
19053,-0.754792,1.011387,4.4,-7.621024
19054,-0.7318755,0.9894561,4.4,-7.621024
19055,-0.7114623,0.9713296,4.4,-7.621024
19056,-0.692349,0.9536116,4.4,-7.621024
19057,-0.6728499,0.9370446,4.4,-7.621024
19058,-0.6512973,0.9196469,4.4,-7.621024
19059,-0.6296512,0.8999273,4.4,-7.621024
19060,-0.604137,0.8811148,4.4,-7.621024
19061,-0.5802535,0.8587121,4.4,-7.621024
19062,-0.5584667,0.8363841,4.4,-7.621024
19063,-0.5378748,0.8171895,4.4,-7.621024
19064,-0.5197816,0.7987877,4.4,-7.621024
19065,-0.5012241,0.7774426,4.4,-7.621024
19066,-0.4830982,0.755115,4.4,-7.621024
19067,-0.4659258,0.7333413,4.4,-7.621024
19068,-0.4482727,0.7109866,4.4,-7.621024
19069,-0.4288837,0.6858378,4.4,-7.621024
19070,-0.412161,0.659272,4.4,-7.621024
19071,-0.3949472,0.6299163,4.4,-7.621024
19072,-0.379559,0.6027618,4.4,-7.621024
19073,-0.3678084,0.5788029,4.4,-7.621024
19074,-0.3541579,0.553134,4.4,-7.621024
19075,-0.3396295,0.5284026,4.4,-7.621024
19076,-0.3228675,0.5005713,4.4,-7.621024
19077,-0.3064808,0.4706839,4.4,-7.621024
19078,-0.2899162,0.4413078,4.4,-7.621024
19079,-0.2747727,0.4125476,4.4,-7.621024
19080,-0.2594597,0.3868198,4.4,-7.621024
19081,-0.2456165,0.3626215,4.4,-7.621024
19082,-0.2327532,0.3402351,4.4,-7.621024
19083,-0.2183069,0.3169498,4.4,-7.621024
19084,-0.2049007,0.2957248,4.4,-7.621024
19085,-0.1921561,0.2749556,4.4,-7.621024
19086,-0.1783731,0.2549936,4.4,-7.621024
19087,-0.1656035,0.2379027,4.4,-7.621024
19088,-0.1502067,0.2198241,4.4,-7.621024
19089,-0.1319225,0.2001017,4.4,-7.621024
19090,-0.1160432,0.1834534,4.4,-7.621024
19091,-0.09950472,0.1666315,4.4,-7.621024
19092,-0.08352204,0.1477948,4.4,-7.621024
19093,-0.06824966,0.1303135,4.4,-7.621024
19094,-0.05208419,0.11362,4.4,-7.621024
19095,-0.03586044,0.0957962,4.4,-7.621024
19096,-0.01734114,0.07594589,4.4,-7.621024
19097,-0.001279604,0.05634499,4.4,-7.621024
19098,0.01779371,0.03730235,4.4,-7.621024
19099,0.03435527,0.01771571,4.4,-7.621024
19100,0.05132458,-0.002224879,4.4,-7.621024
19101,0.07302076,-0.02418907,4.4,-7.621024
19102,0.09424539,-0.04417534,4.4,-7.621024
19103,0.1168298,-0.06687436,4.4,-7.621024
19104,0.1408991,-0.090728,4.4,-7.621024
19105,0.1634569,-0.1110447,4.4,-7.621024
19106,0.1851211,-0.1281013,4.4,-7.621024
19107,0.2075676,-0.1462556,4.4,-7.621024
19108,0.2283778,-0.1623755,4.4,-7.621024
19109,0.250312,-0.180992,4.4,-7.621024
19110,0.2723912,-0.2030883,4.4,-7.621024
19111,0.2948973,-0.2215315,4.4,-7.621024
19112,0.3190725,-0.2409825,4.4,-7.621024
19113,0.3423332,-0.2603512,4.4,-7.621024
19114,0.3697523,-0.2812588,4.4,-7.621024
19115,0.3938449,-0.302874,4.4,-7.621024
19116,0.4141958,-0.3198824,4.4,-7.621024
19117,0.4350145,-0.3372428,4.4,-7.621024
19118,0.4545297,-0.3581716,4.4,-7.621024
19119,0.4716439,-0.3803164,4.4,-7.621024
19120,0.4871232,-0.4045163,4.4,-7.621024
19121,0.5015391,-0.4264551,4.4,-7.621024
19122,0.5173739,-0.4504435,4.4,-7.621024
19123,0.5328153,-0.4733982,4.4,-7.621024
19124,0.5482319,-0.49631,4.4,-7.621024
19125,0.5643643,-0.521919,4.4,-7.621024
19126,0.5808832,-0.5497869,4.4,-7.621024
19127,0.5986956,-0.5780331,4.4,-7.621024
19128,0.6185867,-0.6079793,4.4,-7.621024
19129,0.6374122,-0.6372557,4.4,-7.621024
19130,0.6550643,-0.6676292,4.4,-7.621024
19131,0.6728805,-0.6973005,4.4,-7.621024
19132,0.6896482,-0.7274258,4.4,-7.621024
19133,0.7064259,-0.7566361,4.4,-7.621024
19134,0.723068,-0.78417,4.4,-7.621024
19135,0.7376904,-0.8113147,4.4,-7.621024
19136,0.751579,-0.8358806,4.4,-7.621024
19137,0.7659198,-0.8573972,4.4,-7.621024
19138,0.7813068,-0.8765876,4.4,-7.621024
19139,0.7974718,-0.8978818,4.4,-7.621024
19140,0.8098415,-0.9170974,4.4,-7.621024
19141,0.8231395,-0.935962,4.4,-7.621024
19142,0.8400224,-0.9543872,4.4,-7.621024
19143,0.8557577,-0.9736499,4.4,-7.621024
19144,0.8697318,-0.9920431,4.4,-7.621024
19145,0.883068,-1.008544,4.4,-7.621024
19146,0.8975945,-1.025038,4.4,-7.621024
19147,0.914263,-1.043447,4.4,-7.621024
19148,0.9323248,-1.060502,4.4,-7.621024
19149,0.9496984,-1.078575,4.4,-7.621024
19150,0.9683064,-1.096916,4.4,-7.621024
19151,0.9852546,-1.114306,4.4,-7.621024
19152,1.003567,-1.133741,4.4,-7.621024
19153,1.02326,-1.153159,4.4,-7.621024
19154,1.044357,-1.172655,4.4,-7.621024
19155,1.066733,-1.192959,4.4,-7.621024
19156,1.090982,-1.213876,4.4,-7.621024
19157,1.117263,-1.235714,4.4,-7.621024
19158,1.141639,-1.258211,4.4,-7.621024
19159,1.165155,-1.275944,4.4,-7.621024
19160,1.189184,-1.293975,4.4,-7.621024
19161,1.214768,-1.312724,4.4,-7.621024
19162,1.238867,-1.330495,4.4,-7.621024
19163,1.260347,-1.34867,4.4,-7.621024
19164,1.281628,-1.366339,4.4,-7.621024
19165,1.305699,-1.384728,4.4,-7.621024
19166,1.328402,-1.402206,4.4,-7.621024
19167,1.352737,-1.423328,4.4,-7.621024
19168,1.376783,-1.445453,4.4,-7.621024
19169,1.397059,-1.464588,4.4,-7.621024
19170,1.415042,-1.483912,4.4,-7.621024
19171,1.433561,-1.501692,4.4,-7.621024
19172,1.451695,-1.524592,4.4,-7.621024
19173,1.469377,-1.548305,4.4,-7.621024
19174,1.487398,-1.573342,4.4,-7.621024
19175,1.503559,-1.599518,4.4,-7.621024
19176,1.519788,-1.624274,4.4,-7.621024
19177,1.535849,-1.651604,4.4,-7.621024
19178,1.550925,-1.679125,4.4,-7.621024
19179,1.565366,-1.708659,4.4,-7.621024
19180,1.579928,-1.737395,4.4,-7.621024
19181,1.595312,-1.765337,4.4,-7.621024
19182,1.611857,-1.79347,4.4,-7.621024
19183,1.628005,-1.822477,4.4,-7.621024
19184,1.641794,-1.851843,4.4,-7.621024
19185,1.655932,-1.880615,4.4,-7.621024
19186,1.670311,-1.913066,4.4,-7.621024
19187,1.682369,-1.941877,4.4,-7.621024
19188,1.69469,-1.965668,4.4,-7.621024
19189,1.709346,-1.989785,4.4,-7.621024
19190,1.721283,-2.008653,4.4,-7.621024
19191,1.734224,-2.029042,4.4,-7.621024
19192,1.746609,-2.048335,4.4,-7.621024
19193,1.758293,-2.065465,4.4,-7.621024
19194,1.770105,-2.081532,4.4,-7.621024
19195,1.782141,-2.098139,4.4,-7.621024
19196,1.796544,-2.116277,4.4,-7.621024
19197,1.808892,-2.135083,4.4,-7.621024
19198,1.818839,-2.15248,4.4,-7.621024
19199,1.831682,-2.17226,4.4,-7.621024
19200,1.847899,-2.192108,4.4,-7.621024
19201,1.865393,-2.212157,4.4,-7.621024
19202,1.882679,-2.230787,4.4,-7.621024
19203,1.902023,-2.251365,4.4,-7.621024
19204,1.919223,-2.273328,4.4,-7.621024
19205,1.933313,-2.291791,4.4,-7.621024
19206,1.950855,-2.312926,4.4,-7.621024
19207,1.969142,-2.333962,4.4,-7.621024
19208,1.985821,-2.353366,4.4,-7.621024
19209,2.002944,-2.374428,4.4,-7.621024
19210,2.021909,-2.397421,4.4,-7.621024
19211,2.043985,-2.422543,4.4,-7.621024
19212,2.065317,-2.444844,4.4,-7.621024
19213,2.087998,-2.468213,4.4,-7.621024
19214,2.107879,-2.49137,4.4,-7.621024
19215,2.12717,-2.515106,4.4,-7.621024
19216,2.143839,-2.536973,4.4,-7.621024
19217,2.160751,-2.554432,4.4,-7.621024
19218,2.176566,-2.57371,4.4,-7.621024
19219,2.192594,-2.594179,4.4,-7.621024
19220,2.209801,-2.614928,4.4,-7.621024
19221,2.228434,-2.63512,4.4,-7.621024
19222,2.248719,-2.655806,4.4,-7.621024
19223,2.269613,-2.679963,4.4,-7.621024
19224,2.29213,-2.703717,4.4,-7.621024
19225,2.31198,-2.727133,4.4,-7.621024
19226,2.327931,-2.752709,4.4,-7.621024
19227,2.340999,-2.775764,4.4,-7.621024
19228,2.352318,-2.801798,4.4,-7.621024
19229,2.365015,-2.829391,4.4,-7.621024
19230,2.377684,-2.858417,4.4,-7.621024
19231,2.389506,-2.88873,4.4,-7.621024
19232,2.399973,-2.916925,4.4,-7.621024
19233,2.411187,-2.945879,4.4,-7.621024
19234,2.420588,-2.972001,4.4,-7.621024
19235,2.431015,-2.999784,4.4,-7.621024
19236,2.440574,-3.029181,4.4,-7.621024
19237,2.45074,-3.059866,4.4,-7.621024
19238,2.458877,-3.089914,4.4,-7.621024
19239,2.46677,-3.117729,4.4,-7.621024
19240,2.476268,-3.1457,4.4,-7.621024
19241,2.486032,-3.171081,4.4,-7.621024
19242,2.496524,-3.193796,4.4,-7.621024
19243,2.505815,-3.21779,4.4,-7.621024
19244,2.515742,-3.238222,4.4,-7.621024
19245,2.524909,-3.256586,4.4,-7.621024
19246,2.533155,-3.275064,4.4,-7.621024
19247,2.542685,-3.294262,4.4,-7.621024
19248,2.553516,-3.311932,4.4,-7.621024
19249,2.564527,-3.327747,4.4,-7.621024
19250,2.575197,-3.344948,4.4,-7.621024
19251,2.587074,-3.364267,4.4,-7.621024
19252,2.598382,-3.38508,4.4,-7.621024
19253,2.61116,-3.405059,4.4,-7.621024
19254,2.622148,-3.423412,4.4,-7.621024
19255,2.635287,-3.440708,4.4,-7.621024
19256,2.64733,-3.458913,4.4,-7.621024
19257,2.661561,-3.477694,4.4,-7.621024
19258,2.6758,-3.496713,4.4,-7.621024
19259,2.689725,-3.516905,4.4,-7.621024
19260,2.704137,-3.538069,4.4,-7.621024
19261,2.718098,-3.558556,4.4,-7.621024
19262,2.732489,-3.58082,4.4,-7.621024
19263,2.747041,-3.601959,4.4,-7.621024
19264,2.762703,-3.625096,4.4,-7.621024
19265,2.779881,-3.648372,4.4,-7.621024
19266,2.797374,-3.670784,4.4,-7.621024
19267,2.816755,-3.696229,4.4,-7.621024
19268,2.836317,-3.719954,4.4,-7.621024
19269,2.854074,-3.740645,4.4,-7.621024
19270,2.872136,-3.763453,4.4,-7.621024
19271,2.88977,-3.785477,4.4,-7.621024
19272,2.908284,-3.806553,4.4,-7.621024
19273,2.926761,-3.830946,4.4,-7.621024
19274,2.946301,-3.85538,4.4,-7.621024
19275,2.964893,-3.881299,4.4,-7.621024
19276,2.982265,-3.903887,4.4,-7.621024
19277,2.998696,-3.926297,4.4,-7.621024
19278,3.015328,-3.95269,4.4,-7.621024
19279,3.028634,-3.976838,4.4,-7.621024
19280,3.043117,-4.00121,4.4,-7.621024
19281,3.057369,-4.028027,4.4,-7.621024
19282,3.070787,-4.052785,4.4,-7.621024
19283,3.083743,-4.080294,4.4,-7.621024
19284,3.095583,-4.108655,4.4,-7.621024
19285,3.108788,-4.138286,4.4,-7.621024
19286,3.120957,-4.167696,4.4,-7.621024
19287,3.134571,-4.197527,4.4,-7.621024
19288,3.146055,-4.224128,4.4,-7.621024
19289,3.155568,-4.251956,4.4,-7.621024
19290,3.163705,-4.280906,4.4,-7.621024
19291,3.172879,-4.309484,4.4,-7.621024
19292,3.181884,-4.340494,4.4,-7.621024
19293,3.189827,-4.368887,4.4,-7.621024
19294,3.19652,-4.393682,4.4,-7.621024
19295,3.204699,-4.417768,4.4,-7.621024
19296,3.213476,-4.440644,4.4,-7.621024
19297,3.221093,-4.461493,4.4,-7.621024
19298,3.228657,-4.480325,4.4,-7.621024
19299,3.237342,-4.50094,4.4,-7.621024
19300,3.245353,-4.518338,4.4,-7.621024
19301,3.255752,-4.53664,4.4,-7.621024
19302,3.265969,-4.55496,4.4,-7.621024
19303,3.276029,-4.575816,4.4,-7.621024
19304,3.290719,-4.60269,4.4,-7.621024
19305,3.300097,-4.624395,4.4,-7.621024
19306,3.310232,-4.643855,4.4,-7.621024
19307,3.323471,-4.664762,4.4,-7.621024
19308,3.336935,-4.68192,4.4,-7.621024
19309,3.350525,-4.698966,4.4,-7.621024
19310,3.364955,-4.716986,4.4,-7.621024
19311,3.377282,-4.733377,4.4,-7.621024
19312,3.38869,-4.749399,4.4,-7.621024
19313,3.402571,-4.76728,4.4,-7.621024
19314,3.418434,-4.788609,4.4,-7.621024
19315,3.434769,-4.809366,4.4,-7.621024
19316,3.451216,-4.830483,4.4,-7.621024
19317,3.471279,-4.855545,4.4,-7.621024
19318,3.491193,-4.880152,4.4,-7.621024
19319,3.510805,-4.905539,4.4,-7.621024
19320,3.529955,-4.931842,4.4,-7.621024
19321,3.549534,-4.957089,4.4,-7.621024
19322,3.567574,-4.978802,4.4,-7.621024
19323,3.585284,-4.996855,4.4,-7.621024
19324,3.603502,-5.018369,4.4,-7.621024
19325,3.622386,-5.035951,4.4,-7.621024
19326,3.639844,-5.052369,4.4,-7.621024
19327,3.657672,-5.070213,4.4,-7.621024
19328,3.676481,-5.089247,4.4,-7.621024
19329,3.693163,-5.109312,4.4,-7.621024
19330,3.709932,-5.130357,4.4,-7.621024
19331,3.726005,-5.150993,4.4,-7.621024
19332,3.742603,-5.173499,4.4,-7.621024
19333,3.758998,-5.198625,4.4,-7.621024
19334,3.773248,-5.224403,4.4,-7.621024
19335,3.786039,-5.250944,4.4,-7.621024
19336,3.797643,-5.278257,4.4,-7.621024
19337,3.810265,-5.304777,4.4,-7.621024
19338,3.824533,-5.332968,4.4,-7.621024
19339,3.839323,-5.360747,4.4,-7.621024
19340,3.851221,-5.390445,4.4,-7.621024
19341,3.860528,-5.419439,4.4,-7.621024
19342,3.869053,-5.450271,4.4,-7.621024
19343,3.877694,-5.481137,4.4,-7.621024
19344,3.888849,-5.511106,4.4,-7.621024
19345,3.898621,-5.541731,4.4,-7.621024
19346,3.905611,-5.571446,4.4,-7.621024
19347,3.912916,-5.602141,4.4,-7.621024
19348,3.922187,-5.631255,4.4,-7.621024
19349,3.930085,-5.662052,4.4,-7.621024
19350,3.937367,-5.689817,4.4,-7.621024
19351,3.94477,-5.713528,4.4,-7.621024
19352,3.954043,-5.735412,4.4,-7.621024
19353,3.962788,-5.755317,4.4,-7.621024
19354,3.969277,-5.773361,4.4,-7.621024
19355,3.976541,-5.789232,4.4,-7.621024
19356,3.986611,-5.805336,4.4,-7.621024
19357,3.998629,-5.826866,4.4,-7.621024
19358,4.010767,-5.849094,4.4,-7.621024
19359,4.022103,-5.872653,4.4,-7.621024
19360,4.032223,-5.897708,4.4,-7.621024
19361,4.042956,-5.919215,4.4,-7.621024
19362,4.055106,-5.937929,4.4,-7.621024
19363,4.067511,-5.956594,4.4,-7.621024
19364,4.080246,-5.975613,4.4,-7.621024
19365,4.093564,-5.997008,4.4,-7.621024
19366,4.104832,-6.018333,4.4,-7.621024
19367,4.11758,-6.040321,4.4,-7.621024
19368,4.130476,-6.062053,4.4,-7.621024
19369,4.142996,-6.085034,4.4,-7.621024
19370,4.157854,-6.109038,4.4,-7.621024
19371,4.174,-6.132953,4.4,-7.621024
19372,4.190707,-6.158414,4.4,-7.621024
19373,4.207088,-6.186686,4.4,-7.621024
19374,4.223091,-6.21401,4.4,-7.621024
19375,4.236809,-6.237936,4.4,-7.621024
19376,4.250591,-6.259562,4.4,-7.621024
19377,4.266459,-6.281579,4.4,-7.621024
19378,4.281033,-6.304758,4.4,-7.621024
19379,4.29425,-6.327528,4.4,-7.621024
19380,4.308501,-6.347622,4.4,-7.621024
19381,4.324021,-6.367982,4.4,-7.621024
19382,4.3383,-6.39055,4.4,-7.621024
19383,4.352566,-6.41249,4.4,-7.621024
19384,4.366667,-6.436331,4.4,-7.621024
19385,4.379559,-6.460387,4.4,-7.621024
19386,4.392097,-6.486695,4.4,-7.621024
19387,4.402408,-6.513057,4.4,-7.621024
19388,4.412751,-6.540158,4.4,-7.621024
19389,4.421598,-6.567754,4.4,-7.621024
19390,4.427906,-6.593782,4.4,-7.621024
19391,4.434437,-6.622956,4.4,-7.621024
19392,4.440596,-6.652407,4.4,-7.621024
19393,4.445136,-6.68221,4.4,-7.621024
19394,4.447948,-6.714691,4.4,-7.621024
19395,4.449822,-6.745843,4.4,-7.621024
19396,4.453219,-6.775502,4.4,-7.621024
19397,4.458156,-6.806085,4.4,-7.621024
19398,4.463393,-6.837048,4.4,-7.621024
19399,4.468984,-6.870053,4.4,-7.621024
19400,4.47299,-6.905002,4.4,-7.621024
19401,4.476251,-6.938231,4.4,-7.621024
19402,4.478665,-6.967273,4.4,-7.621024
19403,4.480664,-6.994996,4.4,-7.621024
19404,4.481835,-7.021093,4.4,-7.621024
19405,4.485183,-7.045364,4.4,-7.621024
19406,4.4891,-7.069674,4.4,-7.621024
19407,4.494156,-7.08783,4.4,-7.621024
19408,4.501567,-7.10789,4.4,-7.621024
19409,4.506965,-7.131075,4.4,-7.621024
19410,4.511762,-7.152631,4.4,-7.621024
19411,4.518447,-7.173973,4.4,-7.621024
19412,4.527521,-7.19406,4.4,-7.621024
19413,4.539284,-7.215487,4.4,-7.621024
19414,4.549171,-7.23779,4.4,-7.621024
19415,4.557655,-7.257159,0,8.8
19416,4.566918,-7.277061,0,8.8
19417,4.576003,-7.295944,0,8.8
19418,4.586302,-7.313942,0,8.8
19419,4.599024,-7.331534,0,8.8
19420,4.612164,-7.346404,0,8.8
19421,4.624345,-7.359176,0,8.8
19422,4.636152,-7.371758,0,8.8
19423,4.648432,-7.385389,0,8.8
19424,4.658177,-7.401794,0,8.8
19425,4.663357,-7.422165,0,8.8
19426,4.664029,-7.443189,0,8.8
19427,4.661556,-7.464251,0,8.8
19428,4.655571,-7.482183,0,8.8
19429,4.649211,-7.499471,0,8.8
19430,4.644622,-7.515698,0,8.8
19431,4.645153,-7.532701,0,8.8
19432,4.646646,-7.549683,0,8.8
19433,4.64657,-7.564845,0,8.8
19434,4.639671,-7.581768,0,8.8
19435,4.629601,-7.598387,0,8.8
19436,4.617573,-7.612376,0,8.8
19437,4.602886,-7.624273,0,8.8
19438,4.588579,-7.633231,0,8.8
19439,4.572737,-7.641264,0,8.8
19440,4.557934,-7.647165,0,8.8
19441,4.54219,-7.653774,0,8.8
19442,4.522477,-7.660288,0,8.8
19443,4.501245,-7.66533,0,8.8
19444,4.478525,-7.670533,0,8.8
19445,4.457164,-7.676864,0,8.8
19446,4.436358,-7.685566,0,8.8
19447,4.415771,-7.694342,0,8.8
19448,4.398856,-7.702505,0,8.8
19449,4.381162,-7.707104,0,8.8
19450,4.36715,-7.710837,0,8.8
19451,4.353289,-7.712738,0,8.8
19452,4.338052,-7.714815,0,8.8
19453,4.321051,-7.716499,0,8.8
19454,4.30343,-7.713868,0,8.8
19455,4.285954,-7.710053,0,8.8
19456,4.267682,-7.707297,0,8.8
19457,4.249256,-7.702007,0,8.8
19458,4.233355,-7.697939,0,8.8
19459,4.219835,-7.696554,0,8.8
19460,4.205174,-7.695465,0,8.8
19461,4.184067,-7.68869,0,8.8
19462,4.163494,-7.681058,0,8.8
19463,4.147208,-7.673045,0,8.8
19464,4.133318,-7.665567,0,8.8
19465,4.118478,-7.661787,0,8.8
19466,4.10755,-7.65936,0,8.8
19467,4.094557,-7.662627,0,8.8
19468,4.077371,-7.66748,0,8.8
19469,4.054837,-7.669869,0,8.8
19470,4.036752,-7.671467,0,8.8
19471,4.023136,-7.674331,0,8.8
19472,4.008171,-7.679666,0,8.8
19473,3.991379,-7.683908,0,8.8
19474,3.976068,-7.684533,0,8.8
19475,3.962414,-7.6864,0,8.8
19476,3.94817,-7.687047,0,8.8
19477,3.935994,-7.686507,0,8.8
19478,3.922384,-7.68396,0,8.8
19479,3.909886,-7.679594,0,8.8
19480,3.897231,-7.675565,0,8.8
19481,3.884207,-7.669286,0,8.8
19482,3.868973,-7.660061,0,8.8
19483,3.856297,-7.651009,0,8.8
19484,3.844412,-7.641605,0,8.8
19485,3.829449,-7.632875,0,8.8
19486,3.816223,-7.623164,0,8.8
19487,3.803338,-7.615549,0,8.8
19488,3.795708,-7.608008,0,8.8
19489,3.785661,-7.600375,0,8.8
19490,3.775912,-7.59135,0,8.8
19491,3.764808,-7.583752,0,8.8
19492,3.75196,-7.574055,0,8.8
19493,3.740607,-7.561769,0,8.8
19494,3.729445,-7.550234,0,8.8
19495,3.717258,-7.534226,0,8.8
19496,3.704582,-7.516355,0,8.8
19497,3.690751,-7.495183,0,8.8
19498,3.67857,-7.470697,0,8.8
19499,3.669225,-7.445211,0,8.8
19500,3.659849,-7.421052,0,8.8
19501,3.649959,-7.396811,0,8.8
19502,3.641829,-7.370371,0,8.8
19503,3.63291,-7.34131,0,8.8
19504,3.621826,-7.31176,0,8.8
19505,3.611606,-7.283169,0,8.8
19506,3.60154,-7.252965,0,8.8
19507,3.593018,-7.22368,0,8.8
19508,3.586007,-7.20061,0,8.8
19509,3.577944,-7.177655,0,8.8
19510,3.570313,-7.158347,0,8.8
19511,3.55975,-7.137157,0,8.8
19512,3.551194,-7.119601,0,8.8
19513,3.54096,-7.101598,0,8.8
19514,3.530907,-7.082236,0,8.8
19515,3.522032,-7.064995,0,8.8
19516,3.513139,-7.046822,0,8.8
19517,3.50263,-7.02883,0,8.8
19518,3.493371,-7.009563,0,8.8
19519,3.479064,-6.989263,0,8.8
19520,3.463964,-6.969619,0,8.8
19521,3.449273,-6.949325,0,8.8
19522,3.437627,-6.931436,0,8.8
19523,3.425544,-6.912937,0,8.8
19524,3.414601,-6.893382,0,8.8
19525,3.40499,-6.876399,0,8.8
19526,3.391143,-6.857172,0,8.8
19527,3.37773,-6.83755,0,8.8
19528,3.364872,-6.814588,0,8.8
19529,3.353217,-6.792655,0,8.8
19530,3.339344,-6.769183,0,8.8
19531,3.325747,-6.744655,0,8.8
19532,3.313367,-6.721811,0,8.8
19533,3.299253,-6.698698,0,8.8
19534,3.280698,-6.672936,0,8.8
19535,3.262965,-6.648046,0,8.8
19536,3.244047,-6.623797,0,8.8
19537,3.229375,-6.598986,0,8.8
19538,3.216603,-6.575089,0,8.8
19539,3.200862,-6.552409,0,8.8
19540,3.183687,-6.529807,0,8.8
19541,3.166834,-6.509226,0,8.8
19542,3.150038,-6.488598,0,8.8
19543,3.133991,-6.463083,0,8.8
19544,3.119061,-6.437259,0,8.8
19545,3.106492,-6.41199,0,8.8
19546,3.093518,-6.387847,0,8.8
19547,3.081628,-6.361414,0,8.8
19548,3.072253,-6.333405,0,8.8
19549,3.063169,-6.303711,0,8.8
19550,3.055664,-6.275692,0,8.8
19551,3.049166,-6.250171,0,8.8
19552,3.043103,-6.222166,0,8.8
19553,3.040358,-6.190649,0,8.8
19554,3.037741,-6.160733,0,8.8
19555,3.034922,-6.131542,0,8.8
19556,3.033314,-6.101757,0,8.8
19557,3.031807,-6.070338,0,8.8
19558,3.029757,-6.039749,0,8.8
19559,3.026872,-6.011127,0,8.8
19560,3.02405,-5.983702,0,8.8
19561,3.021677,-5.954211,0,8.8
19562,3.019228,-5.925376,0,8.8
19563,3.016672,-5.898385,0,8.8
19564,3.013867,-5.870893,0,8.8
19565,3.011904,-5.846706,0,8.8
19566,3.009054,-5.828126,0,8.8
19567,3.00665,-5.807388,0,8.8
19568,3.003103,-5.787954,0,8.8
19569,2.99926,-5.768039,0,8.8
19570,2.996064,-5.751341,0,8.8
19571,2.993704,-5.731318,0,8.8
19572,2.986882,-5.708774,0,8.8
19573,2.981381,-5.686439,0,8.8
19574,2.975537,-5.66604,0,8.8
19575,2.968532,-5.643361,0,8.8
19576,2.959585,-5.622569,0,8.8
19577,2.949368,-5.602385,0,8.8
19578,2.939819,-5.580264,0,8.8
19579,2.934096,-5.558716,0,8.8
19580,2.924232,-5.53451,0,8.8
19581,2.915822,-5.509655,0,8.8
19582,2.909092,-5.486054,0,8.8
19583,2.901284,-5.461915,0,8.8
19584,2.892217,-5.437573,0,8.8
19585,2.882271,-5.410887,0,8.8
19586,2.873158,-5.382872,0,8.8
19587,2.861634,-5.35128,0,8.8
19588,2.848748,-5.319237,0,8.8
19589,2.838792,-5.290109,0,8.8
19590,2.828132,-5.262112,0,8.8
19591,2.818481,-5.238812,0,8.8
19592,2.806901,-5.218469,0,8.8
19593,2.797282,-5.19538,0,8.8
19594,2.786439,-5.169833,0,8.8
19595,2.774508,-5.144998,0,8.8
19596,2.763114,-5.118907,0,8.8
19597,2.752388,-5.090095,0,8.8
19598,2.742586,-5.062548,0,8.8
19599,2.732202,-5.036974,0,8.8
19600,2.722331,-5.010174,0,8.8
19601,2.713115,-4.984431,0,8.8
19602,2.705373,-4.955667,0,8.8
19603,2.699322,-4.92665,0,8.8
19604,2.692156,-4.899271,0,8.8
19605,2.684763,-4.871171,0,8.8
19606,2.678873,-4.842414,0,8.8
19607,2.673937,-4.811508,0,8.8
19608,2.669276,-4.781728,0,8.8
19609,2.666393,-4.751532,0,8.8
19610,2.663585,-4.720748,0,8.8
19611,2.6592,-4.690309,0,8.8
19612,2.655859,-4.65948,0,8.8
19613,2.653044,-4.62785,0,8.8
19614,2.650046,-4.597111,0,8.8
19615,2.646827,-4.564092,0,8.8
19616,2.645604,-4.533589,0,8.8
19617,2.646782,-4.507924,0,8.8
19618,2.646042,-4.479099,0,8.8
19619,2.644054,-4.451116,0,8.8
19620,2.642008,-4.425605,0,8.8
19621,2.638072,-4.401475,0,8.8
19622,2.632024,-4.378278,0,8.8
19623,2.627107,-4.358119,0,8.8
19624,2.62079,-4.337901,0,8.8
19625,2.615887,-4.318102,0,8.8
19626,2.609725,-4.295792,0,8.8
19627,2.602993,-4.271946,0,8.8
19628,2.59489,-4.248433,0,8.8
19629,2.58606,-4.22378,0,8.8
19630,2.577081,-4.19906,0,8.8
19631,2.567598,-4.172304,0,8.8
19632,2.560367,-4.148492,0,8.8
19633,2.552901,-4.125307,0,8.8
19634,2.543259,-4.101877,0,8.8
19635,2.534826,-4.075224,0,8.8
19636,2.524896,-4.050591,0,8.8
19637,2.512431,-4.026922,0,8.8
19638,2.498827,-4.001195,0,8.8
19639,2.485236,-3.975917,0,8.8
19640,2.469165,-3.946622,0,8.8
19641,2.456138,-3.918387,0,8.8
19642,2.444523,-3.888971,0,8.8
19643,2.431785,-3.85913,0,8.8
19644,2.419296,-3.835584,0,8.8
19645,2.407241,-3.811632,0,8.8
19646,2.393492,-3.788149,0,8.8
19647,2.381004,-3.765233,0,8.8
19648,2.366642,-3.740466,0,8.8
19649,2.350674,-3.713661,0,8.8
19650,2.334491,-3.68684,0,8.8
19651,2.321247,-3.660819,0,8.8
19652,2.308599,-3.632556,0,8.8
19653,2.295197,-3.603809,0,8.8
19654,2.282459,-3.574533,0,8.8
19655,2.271531,-3.547259,0,8.8
19656,2.262386,-3.519598,0,8.8
19657,2.252693,-3.491384,0,8.8
19658,2.244282,-3.465908,0,8.8
19659,2.236747,-3.437643,0,8.8
19660,2.228314,-3.407748,0,8.8
19661,2.221255,-3.379258,0,8.8
19662,2.216157,-3.35094,0,8.8
19663,2.209531,-3.318266,0,8.8
19664,2.205149,-3.285242,0,8.8
19665,2.200599,-3.253392,0,8.8
19666,2.19529,-3.221695,0,8.8
19667,2.190644,-3.19111,0,8.8
19668,2.184889,-3.159076,0,8.8
19669,2.17703,-3.125366,0,8.8
19670,2.169881,-3.092382,0,8.8
19671,2.162305,-3.061038,0,8.8
19672,2.155142,-3.033775,0,8.8
19673,2.148125,-3.01003,0,8.8
19674,2.141748,-2.987683,0,8.8
19675,2.134956,-2.964233,0,8.8
19676,2.12733,-2.940997,0,8.8
19677,2.118448,-2.920026,0,8.8
19678,2.113123,-2.900873,0,8.8
19679,2.104272,-2.88221,0,8.8
19680,2.095163,-2.862334,0,8.8
19681,2.083592,-2.841864,0,8.8
19682,2.072727,-2.821656,0,8.8
19683,2.061085,-2.799728,0,8.8
19684,2.050845,-2.780748,0,8.8
19685,2.04055,-2.760932,0,8.8
19686,2.031009,-2.741116,0,8.8
19687,2.019856,-2.717928,0,8.8
19688,2.010071,-2.697161,0,8.8
19689,2.000757,-2.675962,0,8.8
19690,1.993111,-2.65438,0,8.8
19691,1.983689,-2.63142,0,8.8
19692,1.972953,-2.608826,0,8.8
19693,1.96055,-2.585968,0,8.8
19694,1.945704,-2.563282,0,8.8
19695,1.930211,-2.53948,0,8.8
19696,1.915459,-2.513126,0,8.8
19697,1.902874,-2.486432,0,8.8
19698,1.889159,-2.46349,0,8.8
19699,1.874377,-2.442796,0,8.8
19700,1.858781,-2.420842,0,8.8
19701,1.843124,-2.39737,0,8.8
19702,1.828496,-2.372836,0,8.8
19703,1.814829,-2.348074,0,8.8
19704,1.798949,-2.325559,0,8.8
19705,1.7842,-2.302349,0,8.8
19706,1.77,-2.277137,0,8.8
19707,1.756643,-2.252705,0,8.8
19708,1.741739,-2.227016,0,8.8
19709,1.727296,-2.200195,0,8.8
19710,1.713201,-2.174127,0,8.8
19711,1.702448,-2.150144,0,8.8
19712,1.692591,-2.125576,0,8.8
19713,1.683178,-2.098218,0,8.8
19714,1.677943,-2.068678,0,8.8
19715,1.671921,-2.038026,0,8.8
19716,1.665192,-2.008334,0,8.8
19717,1.658853,-1.979936,0,8.8
19718,1.653613,-1.949784,0,8.8
19719,1.648272,-1.917036,0,8.8
19720,1.64342,-1.883023,0,8.8
19721,1.639019,-1.849034,0,8.8
19722,1.635771,-1.819395,0,8.8
19723,1.631443,-1.788885,0,8.8
19724,1.628434,-1.755695,0,8.8
19725,1.626685,-1.728521,0,8.8
19726,1.62365,-1.702903,0,8.8
19727,1.620402,-1.680111,0,8.8
19728,1.61745,-1.654552,0,8.8
19729,1.614027,-1.632713,0,8.8
19730,1.608704,-1.614058,0,8.8
19731,1.601826,-1.592944,0,8.8
19732,1.594775,-1.571508,0,8.8
19733,1.584211,-1.547416,0,8.8
19734,1.572665,-1.524067,0,8.8
19735,1.562337,-1.501001,0,8.8
19736,1.551626,-1.475334,0,8.8
19737,1.542632,-1.453244,0,8.8
19738,1.533463,-1.428935,0,8.8
19739,1.524481,-1.40456,0,8.8
19740,1.515008,-1.38103,0,8.8
19741,1.502972,-1.356259,0,8.8
19742,1.494063,-1.334139,0,8.8
19743,1.482558,-1.308807,0,8.8
19744,1.471059,-1.284975,0,8.8
19745,1.459305,-1.261279,0,8.8
19746,1.446443,-1.236338,0,8.8
19747,1.431852,-1.208897,0,8.8
19748,1.415955,-1.179934,0,8.8
19749,1.401255,-1.1542,0,8.8
19750,1.388643,-1.125769,0,8.8
19751,1.374002,-1.098346,0,8.8
19752,1.358084,-1.072577,0,8.8
19753,1.341311,-1.046648,0,8.8
19754,1.325482,-1.0205,0,8.8
19755,1.310462,-0.9940506,0,8.8
19756,1.295498,-0.9674791,0,8.8
19757,1.281972,-0.9393019,0,8.8
19758,1.269088,-0.9141185,0,8.8
19759,1.255248,-0.8895082,0,8.8
19760,1.241771,-0.8633807,0,8.8
19761,1.22829,-0.8351681,0,8.8
19762,1.215132,-0.8061289,0,8.8
19763,1.205475,-0.7781485,0,8.8
19764,1.195861,-0.747942,0,8.8
19765,1.189213,-0.7215039,0,8.8
19766,1.18303,-0.6930461,0,8.8
19767,1.17541,-0.6625884,0,8.8
19768,1.169,-0.6314992,0,8.8
19769,1.161628,-0.5997042,0,8.8
19770,1.154929,-0.5677243,0,8.8
19771,1.148828,-0.5363714,0,8.8
19772,1.143344,-0.5055014,0,8.8
19773,1.138183,-0.4740782,0,8.8
19774,1.133944,-0.4400772,0,8.8
19775,1.12901,-0.4053903,0,8.8
19776,1.123936,-0.3721705,0,8.8
19777,1.120658,-0.3409297,0,8.8
19778,1.117082,-0.3154622,0,8.8
19779,1.11262,-0.2892524,0,8.8
19780,1.105679,-0.2639876,0,8.8
19781,1.100832,-0.2425321,0,8.8
19782,1.096051,-0.2230675,0,8.8
19783,1.088595,-0.2057745,0,8.8
19784,1.078968,-0.187394,0,8.8
19785,1.070256,-0.164989,0,8.8
19786,1.062631,-0.1432912,0,8.8
19787,1.052529,-0.1206611,0,8.8
19788,1.046873,-0.09651168,0,8.8
19789,1.036692,-0.07418858,0,8.8
19790,1.026469,-0.05230006,0,8.8
19791,1.018843,-0.03002304,0,8.8
19792,1.01112,-0.009842061,0,8.8
19793,1.000872,0.01096122,0,8.8
19794,0.9911097,0.03260858,0,8.8
19795,0.9810963,0.05509643,0,8.8
19796,0.9719836,0.07702594,0,8.8
19797,0.9631783,0.09752418,0,8.8
19798,0.9519582,0.1232804,0,8.8
19799,0.9405339,0.1492218,0,8.8
19800,0.9279765,0.1755306,0,8.8
19801,0.9140763,0.2027662,0,8.8
19802,0.9003027,0.2308538,0,8.8
19803,0.8859596,0.2556661,0,8.8
19804,0.8710878,0.2803393,0,8.8
19805,0.858157,0.3024592,0,8.8
19806,0.8450071,0.3254781,0,8.8
19807,0.8287014,0.3483175,0,8.8
19808,0.8114237,0.3731037,0,8.8
19809,0.7950235,0.399488,0,8.8
19810,0.7833874,0.4284314,0,8.8
19811,0.7682565,0.4555927,0,8.8
19812,0.7560452,0.4792316,0,8.8
19813,0.7438014,0.5051779,0,8.8
19814,0.7325871,0.5316694,0,8.8
19815,0.7206149,0.5553662,0,8.8
19816,0.7087483,0.5816416,0,8.8
19817,0.6989565,0.6086149,0,8.8
19818,0.6897551,0.6341182,0,8.8
19819,0.6813723,0.6581051,0,8.8
19820,0.6739234,0.684454,0,8.8
19821,0.6674129,0.7108228,0,8.8
19822,0.6602393,0.7437714,0,8.8
19823,0.6544494,0.7775103,0,8.8
19824,0.6494859,0.809387,0,8.8
19825,0.6442564,0.8405174,0,8.8
19826,0.6387753,0.8730422,0,8.8
19827,0.6329065,0.9062331,0,8.8
19828,0.6273234,0.9383025,0,8.8
19829,0.6218174,0.9719616,0,8.8
19830,0.616907,1.006278,0,8.8
19831,0.6128487,1.040065,0,8.8
19832,0.6098791,1.070576,0,8.8
19833,0.6085662,1.098203,0,8.8
19834,0.6050131,1.122127,0,8.8
19835,0.6007397,1.146286,0,8.8
19836,0.5962563,1.16977,0,8.8
19837,0.5910386,1.18928,0,8.8
19838,0.5848042,1.209718,0,8.8
19839,0.5759649,1.233165,0,8.8
19840,0.5669471,1.257229,0,8.8
19841,0.5571055,1.280941,0,8.8
19842,0.5487366,1.307357,0,8.8
19843,0.5379351,1.331741,0,8.8
19844,0.5281753,1.351093,0,8.8
19845,0.5168597,1.367833,0,8.8
19846,0.5064923,1.387062,0,8.8
19847,0.4952708,1.408233,0,8.8
19848,0.4862072,1.430368,0,8.8
19849,0.4773946,1.454539,0,8.8
19850,0.4689288,1.476586,0,8.8
19851,0.4597107,1.501503,0,8.8
19852,0.4483825,1.526233,0,8.8
19853,0.4362833,1.552852,0,8.8
19854,0.4232347,1.580228,0,8.8
19855,0.4115852,1.605946,0,8.8
19856,0.3983448,1.63207,0,8.8
19857,0.3837028,1.660089,0,8.8
19858,0.3680152,1.687108,0,8.8
19859,0.3534155,1.711266,0,8.8
19860,0.3391053,1.735932,0,8.8
19861,0.3259489,1.760279,0,8.8
19862,0.3096573,1.783494,0,8.8
19863,0.2928008,1.806751,0,8.8
19864,0.2793907,1.833822,0,8.8
19865,0.2640997,1.862945,0,8.8
19866,0.2503002,1.89142,0,8.8
19867,0.2371204,1.920156,0,8.8
19868,0.2245115,1.94681,0,8.8
19869,0.2118465,1.971197,0,8.8
19870,0.1997733,1.996245,0,8.8
19871,0.1872845,2.023579,0,8.8
19872,0.178354,2.049673,0,8.8
19873,0.1707714,2.076156,0,8.8
19874,0.1633155,2.105125,0,8.8
19875,0.1576205,2.13547,0,8.8
19876,0.1518634,2.168187,0,8.8
19877,0.1482804,2.199889,0,8.8
19878,0.1457227,2.232874,0,8.8
19879,0.1436637,2.265763,0,8.8
19880,0.1429301,2.296537,0,8.8
19881,0.1410401,2.324836,0,8.8
19882,0.1388981,2.356181,0,8.8
19883,0.1367487,2.389884,0,8.8
19884,0.1356558,2.423474,0,8.8
19885,0.1352991,2.456829,0,8.8
19886,0.132622,2.485411,0,8.8
19887,0.129147,2.514001,0,8.8
19888,0.1272574,2.535636,0,8.8
19889,0.1241271,2.556806,0,8.8
19890,0.120747,2.578981,0,8.8
19891,0.1169179,2.601294,0,8.8
19892,0.1113684,2.62616,0,8.8
19893,0.1078535,2.648983,0,8.8
19894,0.102688,2.670268,0,8.8
19895,0.09931366,2.694057,0,8.8
19896,0.09293733,2.719883,0,8.8
19897,0.08529861,2.744993,0,8.8
19898,0.07815723,2.76702,0,8.8
19899,0.06941983,2.791571,0,8.8
19900,0.06068809,2.814819,0,8.8
19901,0.05351264,2.835894,0,8.8
19902,0.04639779,2.858334,0,8.8
19903,0.04072538,2.879383,0,8.8
19904,0.03418259,2.904848,0,8.8
19905,0.02780553,2.929002,0,8.8
19906,0.02070759,2.953228,0,8.8
19907,0.01312505,2.978966,0,8.8
19908,0.002752995,3.009136,0,8.8
19909,-0.006260461,3.038046,0,8.8
19910,-0.01621695,3.068237,0,8.8
19911,-0.02837915,3.096649,0,8.8
19912,-0.0385258,3.122779,0,8.8
19913,-0.04915854,3.149329,0,8.8
19914,-0.0601487,3.178032,0,8.8
19915,-0.07022289,3.207151,0,8.8
19916,-0.08232123,3.232895,0,8.8
19917,-0.09236483,3.259265,0,8.8
19918,-0.1033709,3.287041,0,8.8
19919,-0.1139136,3.312786,0,8.8
19920,-0.1259132,3.338808,0,8.8
19921,-0.1345586,3.367127,0,8.8
19922,-0.1431519,3.396697,0,8.8
19923,-0.1525333,3.423549,0,8.8
19924,-0.1614893,3.451566,0,8.8
19925,-0.1677003,3.476602,0,8.8
19926,-0.1733005,3.500885,0,8.8
19927,-0.1767242,3.530265,0,8.8
19928,-0.1802627,3.559991,0,8.8
19929,-0.1823182,3.591518,0,8.8
19930,-0.1826004,3.621624,0,8.8
19931,-0.1800539,3.654035,0,8.8
19932,-0.1773451,3.686733,0,8.8
19933,-0.1744583,3.715908,0,8.8
19934,-0.1724755,3.744626,0,8.8
19935,-0.1721942,3.7757,0,8.8
19936,-0.1688621,3.807101,0,8.8
19937,-0.1640657,3.840264,0,8.8
19938,-0.1610521,3.872793,0,8.8
19939,-0.160229,3.904964,0,8.8
19940,-0.1590409,3.933919,0,8.8
19941,-0.1615358,3.955581,0,8.8
19942,-0.1631251,3.979754,0,8.8
19943,-0.1642315,3.999468,0,8.8
19944,-0.1660817,4.018121,0,8.8
19945,-0.167682,4.039392,0,8.8
19946,-0.1688182,4.060575,0,8.8
19947,-0.1716807,4.082534,0,8.8
19948,-0.1772598,4.107362,0,8.8
19949,-0.1805735,4.131721,0,8.8
19950,-0.1865682,4.155419,0,8.8
19951,-0.1934317,4.178065,0,8.8
19952,-0.200266,4.201726,0,8.8
19953,-0.2067793,4.225404,0,8.8
19954,-0.2147358,4.249584,0,8.8
19955,-0.2222712,4.271083,0,8.8
19956,-0.2275046,4.293789,0,8.8
19957,-0.2337115,4.319088,0,8.8
19958,-0.2401888,4.345831,0,8.8
19959,-0.2471916,4.371214,0,8.8
19960,-0.2542738,4.397364,0,8.8
19961,-0.2639222,4.422217,0,8.8
19962,-0.2743987,4.450483,0,8.8
19963,-0.2866358,4.482522,0,8.8
19964,-0.2962549,4.512726,0,8.8
19965,-0.3073443,4.544292,0,8.8
19966,-0.3163888,4.576048,0,8.8
19967,-0.3256373,4.606474,0,8.8
19968,-0.3346924,4.632275,0,8.8
19969,-0.3444144,4.656833,0,8.8
19970,-0.3532069,4.682418,0,8.8
19971,-0.3624654,4.709165,0,8.8
19972,-0.3722841,4.734921,0,8.8
19973,-0.380428,4.759141,0,8.8
19974,-0.3879174,4.78375,0,8.8
19975,-0.3964353,4.80933,0,8.8
19976,-0.4053212,4.837329,0,8.8
19977,-0.4138252,4.862176,0,8.8
19978,-0.4188111,4.888187,0,8.8
19979,-0.4243218,4.915166,0,8.8
19980,-0.4277489,4.943744,0,8.8
19981,-0.4305003,4.972812,0,8.8
19982,-0.4332419,5.003294,0,8.8
19983,-0.433283,5.035247,0,8.8
19984,-0.4322039,5.068796,0,8.8
19985,-0.431112,5.097914,0,8.8
19986,-0.4281187,5.128225,0,8.8
19987,-0.4262913,5.159645,0,8.8
19988,-0.4246939,5.189921,0,8.8
19989,-0.4234201,5.224663,0,8.8
19990,-0.4226042,5.257586,0,8.8
19991,-0.4225796,5.292024,0,8.8
19992,-0.4201744,5.327503,0,8.8
19993,-0.4182456,5.359471,0,8.8
19994,-0.417483,5.393101,0,8.8
19995,-0.4168132,5.425731,0,8.8
19996,-0.4186872,5.45478,0,8.8
19997,-0.4205427,5.482247,0,8.8
19998,-0.4229589,5.506498,0,8.8
19999,-0.4275414,5.528113,0,8.8
20000,-0.4305995,5.550394,0,8.8
20001,-0.4352719,5.572656,0,8.8
20002,-0.4399867,5.599764,0,8.8
20003,-0.4445547,5.625834,0,8.8
20004,-0.4499143,5.650071,0,8.8
20005,-0.4565924,5.672979,0,8.8
20006,-0.464574,5.694811,0,8.8
20007,-0.4739024,5.71586,0,8.8
20008,-0.4795328,5.73778,0,8.8
20009,-0.4853843,5.761692,0,8.8
20010,-0.4919828,5.785611,0,8.8
20011,-0.4999886,5.810755,0,8.8
20012,-0.5092657,5.837301,0,8.8
20013,-0.5182449,5.863535,0,8.8
20014,-0.5257788,5.889623,0,8.8
20015,-0.5348653,5.917414,0,8.8
20016,-0.5447606,5.946463,0,8.8
20017,-0.555051,5.976752,0,8.8
20018,-0.5642394,6.009299,0,8.8
20019,-0.5734368,6.038339,0,8.8
20020,-0.5856045,6.064286,0,8.8
20021,-0.5965093,6.088051,0,8.8
20022,-0.6071455,6.113144,0,8.8
20023,-0.6170751,6.138545,0,8.8
20024,-0.627368,6.165217,0,8.8
20025,-0.6358391,6.191172,0,8.8
20026,-0.6457724,6.219444,0,8.8
20027,-0.6558685,6.245701,0,8.8
20028,-0.6647517,6.271899,0,8.8
20029,-0.6724709,6.297815,0,8.8
20030,-0.6791224,6.322064,0,8.8
20031,-0.6869845,6.346177,0,8.8
20032,-0.6934903,6.372641,0,8.8
20033,-0.6981806,6.399763,0,8.8
20034,-0.7016144,6.428077,0,8.8
20035,-0.7011929,6.457044,0,8.8
20036,-0.6995029,6.48593,0,8.8
20037,-0.6974603,6.51502,0,8.8
20038,-0.6959606,6.540625,0,8.8
20039,-0.6925445,6.569345,0,8.8
20040,-0.6888657,6.597986,0,8.8
20041,-0.6845348,6.627085,0,8.8
20042,-0.6792595,6.658491,0,8.8
20043,-0.6744784,6.691478,0,8.8
20044,-0.6691527,6.724375,0,8.8
20045,-0.6631711,6.760721,0,8.8
20046,-0.6571641,6.794038,0,8.8
20047,-0.6503688,6.823546,0,8.8
20048,-0.6443605,6.855045,0,8.8
20049,-0.6375003,6.884939,0,8.8
20050,-0.6345455,6.9076,0,8.8
20051,-0.6329192,6.931738,0,8.8
20052,-0.6296682,6.952886,0,8.8
20053,-0.6283613,6.973056,0,8.8
20054,-0.6297601,6.995996,0,8.8
20055,-0.6298595,7.019406,0,8.8
20056,-0.6261827,7.049633,0,8.8
20057,-0.6257989,7.077324,0,8.8
20058,-0.6277127,7.10287,0,8.8
20059,-0.6296275,7.123719,0,8.8
20060,-0.6310119,7.146866,0,8.8
20061,-0.633463,7.16945,0,8.8
20062,-0.6352077,7.189696,0,8.8
20063,-0.637005,7.21253,0,8.8
20064,-0.6380589,7.235959,0,8.8
20065,-0.6394714,7.258474,0,8.8
20066,-0.6404337,7.282552,0,8.8
20067,-0.6406463,7.306712,0,8.8
20068,-0.6421613,7.33395,0,8.8
20069,-0.6463873,7.361689,0,8.8
20070,-0.6503176,7.391021,0,8.8
20071,-0.6536051,7.420437,0,8.8
20072,-0.6551811,7.445951,0,8.8
20073,-0.6569636,7.474776,0,8.8
20074,-0.6607985,7.501122,0,8.8
20075,-0.6632205,7.527233,0,8.8
20076,-0.6642614,7.552127,0,8.8
20077,-0.6663223,7.575422,0,8.8
20078,-0.6673346,7.600141,0,8.8
20079,-0.6700784,7.626481,0,8.8
20080,-0.6720138,7.652178,0,8.8
20081,-0.6758201,7.681264,0,8.8
20082,-0.6781767,7.711027,0,8.8
20083,-0.6810743,7.739919,0,8.8
20084,-0.6855748,7.768569,0,8.8
20085,-0.6877528,7.796198,0,8.8
20086,-0.6855916,7.822654,0,8.8
20087,-0.6808439,7.848454,0,8.8
20088,-0.675593,7.873909,0,8.8
20089,-0.6683462,7.900545,0,8.8
20090,-0.659244,7.926007,0,8.8
20091,-0.6508236,7.951,0,8.8
20092,-0.6395401,7.977161,0,8.8
20093,-0.6260712,8.001986,0,8.8
20094,-0.6101357,8.029778,0,8.8
20095,-0.5961532,8.057505,0,8.8
20096,-0.5825062,8.08462,0,8.8
20097,-0.5672826,8.109863,0,8.8
20098,-0.5508473,8.137557,0,8.8
20099,-0.5334899,8.165566,0,8.8
20100,-0.5181898,8.192402,0,8.8
20101,-0.4999161,8.217587,0,8.8
20102,-0.4839762,8.239779,0,8.8
20103,-0.4708685,8.26258,0,8.8
20104,-0.4607657,8.283778,0,8.8
20105,-0.4504665,8.304208,0,8.8
20106,-0.4404498,8.323588,0,8.8
20107,-0.4323551,8.340888,0,8.8
20108,-0.4263111,8.357302,0,8.8
20109,-0.4225656,8.376483,0,8.8
20110,-0.4117886,8.398269,0,8.8
20111,-0.4023208,8.422268,0,8.8
20112,-0.3918557,8.449339,0,8.8
20113,-0.3826078,8.474919,0,8.8
20114,-0.377286,8.498013,0,8.8
20115,-0.3721424,8.520821,0,-8.8
20116,-0.3675804,8.547996,0,-8.8
20117,-0.3619073,8.578084,0,-8.8
20118,-0.3550376,8.607106,0,-8.8
20119,-0.3498067,8.635811,0,-8.8
20120,-0.345392,8.663285,0,-8.8
20121,-0.3400637,8.6886,0,-8.8
20122,-0.3347539,8.715596,0,-8.8
20123,-0.3298295,8.740763,0,-8.8
20124,-0.3254854,8.76392,0,-8.8
20125,-0.3181957,8.781487,0,-8.8
20126,-0.3095078,8.796465,0,-8.8
20127,-0.2953337,8.813098,0,-8.8
20128,-0.2796896,8.83308,0,-8.8
20129,-0.265252,8.853398,0,-8.8
20130,-0.2520194,8.872478,0,-8.8
20131,-0.2419467,8.893491,0,-8.8
20132,-0.2337794,8.920496,0,-8.8
20133,-0.229064,8.948855,0,-8.8
20134,-0.2263267,8.979389,0,-8.8
20135,-0.2239783,9.014279,0,-8.8
20136,-0.2218141,9.042454,0,-8.8
20137,-0.2151046,9.062774,0,-8.8
20138,-0.1999545,9.082058,0,-8.8
20139,-0.1780574,9.098643,0,-8.8
20140,-0.1556579,9.115836,0,-8.8
20141,-0.1379885,9.140256,0,-8.8
20142,-0.1265568,9.168166,0,-8.8
20143,-0.1204417,9.193627,0,-8.8
20144,-0.1162331,9.215158,0,-8.8
20145,-0.1147336,9.23762,0,-8.8
20146,-0.1211538,9.265068,0,-8.8
