{
    "name": "root",
    "metadata": {
        "timer_format_version": "0.1.0",
        "start_time_seconds": "1775494631",
        "python_version": "3.10.12 | packaged by Anaconda, Inc. | (main, Jul  5 2023, 19:01:18) [MSC v.1916 64 bit (AMD64)]",
        "command_line_arguments": "C:\\Users\\gwangmin\\.conda\\envs\\mlagents\\Scripts\\mlagents-learn .\\config\\Walk.yaml --run-id=WalkTestRun --force",
        "mlagents_version": "1.1.0",
        "mlagents_envs_version": "1.1.0",
        "communication_protocol_version": "1.5.0",
        "pytorch_version": "2.2.2+cu121",
        "numpy_version": "1.23.5",
        "end_time_seconds": "1775494667"
    },
    "total": 36.33796309999889,
    "count": 1,
    "self": 0.008305399998789653,
    "children": {
        "run_training.setup": {
            "total": 0.17913319999934174,
            "count": 1,
            "self": 0.17913319999934174
        },
        "TrainerController.start_learning": {
            "total": 36.150524500000756,
            "count": 1,
            "self": 0.022891499189427122,
            "children": {
                "TrainerController._reset_env": {
                    "total": 12.917374199983897,
                    "count": 1,
                    "self": 12.917374199983897
                },
                "TrainerController.advance": {
                    "total": 22.90076280082576,
                    "count": 985,
                    "self": 0.02157660070224665,
                    "children": {
                        "env_step": {
                            "total": 21.596631399705075,
                            "count": 985,
                            "self": 17.28779399965424,
                            "children": {
                                "SubprocessEnvManager._take_step": {
                                    "total": 4.295469799806597,
                                    "count": 985,
                                    "self": 0.0598865999490954,
                                    "children": {
                                        "TorchPolicy.evaluate": {
                                            "total": 4.235583199857501,
                                            "count": 750,
                                            "self": 4.235583199857501
                                        }
                                    }
                                },
                                "workers": {
                                    "total": 0.01336760024423711,
                                    "count": 984,
                                    "self": 0.0,
                                    "children": {
                                        "worker_root": {
                                            "total": 24.531768099957844,
                                            "count": 984,
                                            "is_parallel": true,
                                            "self": 8.240654700173764,
                                            "children": {
                                                "steps_from_proto": {
                                                    "total": 0.0005659000016748905,
                                                    "count": 1,
                                                    "is_parallel": true,
                                                    "self": 0.00024640001356601715,
                                                    "children": {
                                                        "_process_rank_one_or_two_observation": {
                                                            "total": 0.00031949998810887337,
                                                            "count": 2,
                                                            "is_parallel": true,
                                                            "self": 0.00031949998810887337
                                                        }
                                                    }
                                                },
                                                "UnityEnvironment.step": {
                                                    "total": 16.290547499782406,
                                                    "count": 984,
                                                    "is_parallel": true,
                                                    "self": 0.09668389998842031,
                                                    "children": {
                                                        "UnityEnvironment._generate_step_input": {
                                                            "total": 0.08714609997696243,
                                                            "count": 984,
                                                            "is_parallel": true,
                                                            "self": 0.08714609997696243
                                                        },
                                                        "communicator.exchange": {
                                                            "total": 15.85404950028169,
                                                            "count": 984,
                                                            "is_parallel": true,
                                                            "self": 15.85404950028169
                                                        },
                                                        "steps_from_proto": {
                                                            "total": 0.25266799953533337,
                                                            "count": 984,
                                                            "is_parallel": true,
                                                            "self": 0.13592889989377,
                                                            "children": {
                                                                "_process_rank_one_or_two_observation": {
                                                                    "total": 0.11673909964156337,
                                                                    "count": 1968,
                                                                    "is_parallel": true,
                                                                    "self": 0.11673909964156337
                                                                }
                                                            }
                                                        }
                                                    }
                                                }
                                            }
                                        }
                                    }
                                }
                            }
                        },
                        "trainer_advance": {
                            "total": 1.2825548004184384,
                            "count": 984,
                            "self": 0.02518460070132278,
                            "children": {
                                "process_trajectory": {
                                    "total": 1.2573701997171156,
                                    "count": 984,
                                    "self": 1.2573701997171156
                                }
                            }
                        }
                    }
                },
                "trainer_threads": {
                    "total": 1.800013706088066e-06,
                    "count": 1,
                    "self": 1.800013706088066e-06
                },
                "TrainerController._save_models": {
                    "total": 0.30949419998796657,
                    "count": 1,
                    "self": 0.027689399983501062,