{
    "name": "root",
    "gauges": {
        "PlayerAgent.Policy.Entropy.mean": {
            "value": 1.4190764427185059,
            "min": 1.4189691543579102,
            "max": 1.4190764427185059,
            "count": 2
        },
        "PlayerAgent.Policy.Entropy.sum": {
            "value": 42572.29296875,
            "min": 42572.29296875,
            "max": 42705.296875,
            "count": 2
        },
        "PlayerAgent.Environment.EpisodeLength.mean": {
            "value": 9.264363885088919,
            "min": 8.948938992042441,
            "max": 9.264363885088919,
            "count": 2
        },
        "PlayerAgent.Environment.EpisodeLength.sum": {
            "value": 27089.0,
            "min": 26990.0,
            "max": 27089.0,
            "count": 2
        },
        "PlayerAgent.Step.mean": {
            "value": 59999.0,
            "min": 29993.0,
            "max": 59999.0,
            "count": 2
        },
        "PlayerAgent.Step.sum": {
            "value": 59999.0,
            "min": 29993.0,
            "max": 59999.0,
            "count": 2
        },
        "PlayerAgent.Policy.ExtrinsicValueEstimate.mean": {
            "value": -0.8580958843231201,
            "min": -0.8580958843231201,
            "max": -0.1320488154888153,
            "count": 2
        },
        "PlayerAgent.Policy.ExtrinsicValueEstimate.sum": {
            "value": -2508.21435546875,
            "min": -2508.21435546875,
            "max": -398.127197265625,
            "count": 2
        },
        "PlayerAgent.Environment.CumulativeReward.mean": {
            "value": -0.9992949545811677,
            "min": -0.9993219868460698,
            "max": -0.9992949545811677,
            "count": 2
        },
        "PlayerAgent.Environment.CumulativeReward.sum": {
            "value": -2920.939152240753,
            "min": -3012.9557903409004,
            "max": -2920.939152240753,
            "count": 2
        },
        "PlayerAgent.Policy.ExtrinsicReward.mean": {
            "value": -0.9992949545811677,
            "min": -0.9993219868460698,
            "max": -0.9992949545811677,
            "count": 2
        },
        "PlayerAgent.Policy.ExtrinsicReward.sum": {
            "value": -2920.939152240753,
            "min": -3012.9557903409004,
            "max": -2920.939152240753,
            "count": 2
        },
        "PlayerAgent.Losses.PolicyLoss.mean": {
            "value": 0.011740936325319732,
            "min": 0.011740936325319732,
            "max": 0.018022041014531472,
            "count": 2
        },
        "PlayerAgent.Losses.PolicyLoss.sum": {
            "value": 0.011740936325319732,
            "min": 0.011740936325319732,
            "max": 0.018022041014531472,
            "count": 2
        },
        "PlayerAgent.Losses.ValueLoss.mean": {
            "value": 0.061820218712091445,
            "min": 0.061820218712091445,
            "max": 0.27739511902133623,
            "count": 2
        },
        "PlayerAgent.Losses.ValueLoss.sum": {
            "value": 0.061820218712091445,
            "min": 0.061820218712091445,
            "max": 0.27739511902133623,
            "count": 2
        },
        "PlayerAgent.Policy.LearningRate.mean": {
            "value": 2.997541448195201e-05,
            "min": 2.997541448195201e-05,
            "max": 2.9987707840973992e-05,
            "count": 2
        },
        "PlayerAgent.Policy.LearningRate.sum": {
            "value": 2.997541448195201e-05,
            "min": 2.997541448195201e-05,
            "max": 2.9987707840973992e-05,
            "count": 2
        },
        "PlayerAgent.Policy.Epsilon.mean": {
            "value": 0.19991804799999996,
            "min": 0.19991804799999996,
            "max": 0.19995902600000004,
            "count": 2
        },
        "PlayerAgent.Policy.Epsilon.sum": {
            "value": 0.19991804799999996,
            "min": 0.19991804799999996,
            "max": 0.19995902600000004,
            "count": 2
        },
        "PlayerAgent.Policy.Beta.mean": {
            "value": 0.0049959105952000005,
            "min": 0.0049959105952000005,
            "max": 0.0049979553974,
            "count": 2
        },
        "PlayerAgent.Policy.Beta.sum": {
            "value": 0.0049959105952000005,
            "min": 0.0049959105952000005,
            "max": 0.0049979553974,
            "count": 2
        },
        "PlayerAgent.IsTraining.mean": {
            "value": 1.0,
            "min": 1.0,
            "max": 1.0,
            "count": 2
        },
        "PlayerAgent.IsTraining.sum": {
            "value": 1.0,
            "min": 1.0,
            "max": 1.0,
            "count": 2
        }
    },
    "metadata": {
        "timer_format_version": "0.1.0",
        "start_time_seconds": "1775930707",
        "python_version": "3.10.12 | packaged by Anaconda, Inc. | (main, Jul  5 2023, 19:01:18) [MSC v.1916 64 bit (AMD64)]",
        "command_line_arguments": "C:\\Users\\gwangmin\\.conda\\envs\\mlagents\\Scripts\\mlagents-learn .\\config\\Walk.yaml --run-id=WalkTestRun --force",
        "mlagents_version": "1.1.0",
        "mlagents_envs_version": "1.1.0",
        "communication_protocol_version": "1.5.0",
        "pytorch_version": "2.2.2+cu121",
        "numpy_version": "1.23.5",
        "end_time_seconds": "1775931088"
    },
    "total": 380.75553509999736,
    "count": 1,
    "self": 0.012186899992229883,
    "children": {
        "run_training.setup": {
            "total": 0.22665860000415705,
            "count": 1,
            "self": 0.22665860000415705
        },
        "TrainerController.start_learning": {
            "total": 380.516689600001,
            "count": 1,
            "self": 0.2919319995853584,
            "children": {
                "TrainerController._reset_env": {
                    "total": 23.843468599996413,
                    "count": 1,
                    "self": 23.843468599996413
                },
                "TrainerController.advance": {
                    "total": 355.8127404004117,
                    "count": 8310,
                    "self": 0.23983500038593775,
                    "children": {
                        "env_step": {
                            "total": 308.9429182002568,
                            "count": 8310,
                            "self": 294.43569010004285,
                            "children": {
                                "SubprocessEnvManager._take_step": {
                                    "total": 14.364163900092535,
                                    "count": 8310,
                                    "self": 0.5235226000077091,
                                    "children": {
                                        "TorchPolicy.evaluate": {
                                            "total": 13.840641300084826,
                                            "count": 3952,
                                            "self": 13.840641300084826
                                        }
                                    }
                                },
                                "workers": {
                                    "total": 0.14306420012144372,
                                    "count": 8310,
                                    "self": 0.0,
                                    "children": {
                                        "worker_root": {
                                            "total": 360.5147858003402,
                                            "count": 8310,
                                            "is_parallel": true,
                                            "self": 79.11409720026131,
                                            "children": {
                                                "steps_from_proto": {
                                                    "total": 0.006031799995980691,
                                                    "count": 1,