{
    "name": "root",
    "gauges": {
        "Walker.Policy.Entropy.mean": {
            "value": 1.4159822463989258,
            "min": 1.4159822463989258,
            "max": 1.4211769104003906,
            "count": 5
        },
        "Walker.Policy.Entropy.sum": {
            "value": 42479.46875,
            "min": 42479.46875,
            "max": 42669.859375,
            "count": 5
        },
        "Walker.Environment.EpisodeLength.mean": {
            "value": 11.531132469703302,
            "min": 11.531132469703302,
            "max": 11.84882226980728,
            "count": 5
        },
        "Walker.Environment.EpisodeLength.sum": {
            "value": 27594.0,
            "min": 27594.0,
            "max": 27667.0,
            "count": 5
        },
        "Walker.Step.mean": {
            "value": 149990.0,
            "min": 29994.0,
            "max": 149990.0,
            "count": 5
        },
        "Walker.Step.sum": {
            "value": 149990.0,
            "min": 29994.0,
            "max": 149990.0,
            "count": 5
        },
        "Walker.Policy.ExtrinsicValueEstimate.mean": {
            "value": 1.0551260709762573,
            "min": -0.4492102861404419,
            "max": 1.0551260709762573,
            "count": 5
        },
        "Walker.Policy.ExtrinsicValueEstimate.sum": {
            "value": 2525.9716796875,
            "min": -1048.906005859375,
            "max": 2525.9716796875,
            "count": 5
        },
        "Walker.Environment.CumulativeReward.mean": {
            "value": 3.916400200902868,
            "min": -0.03884768585364024,
            "max": 3.916400200902868,
            "count": 5
        },
        "Walker.Environment.CumulativeReward.sum": {
            "value": 9375.862080961466,
            "min": -91.48630018532276,
            "max": 9375.862080961466,
            "count": 5
        },
        "Walker.Policy.ExtrinsicReward.mean": {
            "value": 3.916400200902868,
            "min": -0.03884768585364024,
            "max": 3.916400200902868,
            "count": 5
        },
        "Walker.Policy.ExtrinsicReward.sum": {
            "value": 9375.862080961466,
            "min": -91.48630018532276,
            "max": 9375.862080961466,
            "count": 5
        },
        "Walker.Losses.PolicyLoss.mean": {
            "value": 0.01741492465225747,
            "min": 0.015285211524739377,
            "max": 0.01741492465225747,
            "count": 5
        },
        "Walker.Losses.PolicyLoss.sum": {
            "value": 0.03482984930451494,
            "min": 0.015391933961655013,
            "max": 0.03482984930451494,
            "count": 5
        },
        "Walker.Losses.ValueLoss.mean": {
            "value": 1.6861678302288055,
            "min": 0.26536342203617097,
            "max": 1.6861678302288055,
            "count": 5
        },
        "Walker.Losses.ValueLoss.sum": {
            "value": 3.372335660457611,
            "min": 0.26536342203617097,
            "max": 3.372335660457611,
            "count": 5
        },
        "Walker.Policy.LearningRate.mean": {
            "value": 0.00029866855544381505,
            "min": 0.00029866855544381505,
            "max": 0.00029979511006829665,
            "count": 5
        },
        "Walker.Policy.LearningRate.sum": {
            "value": 0.0005973371108876301,
            "min": 0.00029897581034139657,
            "max": 0.00059856609047797,
            "count": 5
        },
        "Walker.Policy.Epsilon.mean": {
            "value": 0.199556185,
            "min": 0.199556185,
            "max": 0.19993170333333332,
            "count": 5
        },
        "Walker.Policy.Epsilon.sum": {
            "value": 0.39911237,
            "min": 0.19965860333333327,
            "max": 0.39952203,
            "count": 5
        },
        "Walker.Policy.Beta.mean": {
            "value": 0.004977853631500001,
            "min": 0.004977853631500001,
            "max": 0.004996591996333334,
            "count": 5
        },
        "Walker.Policy.Beta.sum": {
            "value": 0.009955707263000001,
            "min": 0.004982964306333331,
            "max": 0.009976149297,
            "count": 5
        },
        "Walker.IsTraining.mean": {
            "value": 1.0,
            "min": 1.0,
            "max": 1.0,
            "count": 5
        },
        "Walker.IsTraining.sum": {
            "value": 1.0,
            "min": 1.0,
            "max": 1.0,
            "count": 5
        }
    },
    "metadata": {
        "timer_format_version": "0.1.0",
        "start_time_seconds": "1776154251",
        "python_version": "3.10.12 | packaged by Anaconda, Inc. | (main, Jul  5 2023, 19:01:18) [MSC v.1916 64 bit (AMD64)]",
        "command_line_arguments": "C:\\Users\\gwangmin\\.conda\\envs\\mlagents\\Scripts\\mlagents-learn C:\\GitHub Repositories\\ml-agents\\config\\ppo\\Walker.yaml --run-id=WalkTestRun --force",
        "mlagents_version": "1.1.0",
        "mlagents_envs_version": "1.1.0",
        "communication_protocol_version": "1.5.0",
        "pytorch_version": "2.2.2+cu121",
        "numpy_version": "1.23.5",
        "end_time_seconds": "1776154729"
    },
    "total": 477.86895599999116,
    "count": 1,
    "self": 0.027867699973285198,
    "children": {
        "run_training.setup": {
            "total": 0.14457210000546183,
            "count": 1,
            "self": 0.14457210000546183
        },
        "TrainerController.start_learning": {
            "total": 477.6965162000124,
            "count": 1,
            "self": 0.8646715990325902,
            "children": {
                "TrainerController._reset_env": {
                    "total": 7.153076299990062,
                    "count": 1,
                    "self": 7.153076299990062
                },
                "TrainerController.advance": {
                    "total": 469.3821190009767,
                    "count": 28292,
                    "self": 0.7126851017819718,
                    "children": {
                        "env_step": {
                            "total": 364.98675829937565,
                            "count": 28292,
                            "self": 303.8894054003176,
                            "children": {
                                "SubprocessEnvManager._take_step": {
                                    "total": 60.63806830024987,
                                    "count": 28292,
                                    "self": 1.8548010999220423,
                                    "children": {
                                        "TorchPolicy.evaluate": {
                                            "total": 58.78326720032783,
                                            "count": 17840,
                                            "self": 58.78326720032783
                                        }
                                    }
                                },
                                "workers": {
                                    "total": 0.45928459880815353,
                                    "count": 28291,
                                    "self": 0.0,
                                    "children": {
                                        "worker_root": {
                                            "total": 470.95117850147653,
                                            "count": 28291,
                                            "is_parallel": true,
                                            "self": 205.74795220122905,
                                            "children": {
                                                "steps_from_proto": {
                                                    "total": 0.0009341999975731596,
                                                    "count": 1,
                                                    "is_parallel": true,
                                                    "self": 0.000199099988094531,