{
    "name": "root",
    "metadata": {
        "timer_format_version": "0.1.0",
        "start_time_seconds": "1776238861",
        "python_version": "3.10.12 | packaged by Anaconda, Inc. | (main, Jul  5 2023, 19:01:18) [MSC v.1916 64 bit (AMD64)]",
        "command_line_arguments": "C:\\Users\\gwangmin\\.conda\\envs\\mlagents\\Scripts\\mlagents-learn ./config/Walk.yaml --run-id=WalkTestRun --force",
        "mlagents_version": "1.1.0",
        "mlagents_envs_version": "1.1.0",
        "communication_protocol_version": "1.5.0",
        "pytorch_version": "2.2.2+cu121",
        "numpy_version": "1.23.5",
        "end_time_seconds": "1776238886"
    },
    "total": 25.22589080000762,
    "count": 1,
    "self": 0.011102200020104647,
    "children": {
        "run_training.setup": {
            "total": 0.2076496999943629,
            "count": 1,
            "self": 0.2076496999943629
        },
        "TrainerController.start_learning": {
            "total": 25.00713889999315,
            "count": 1,
            "self": 0.0040732999332249165,
            "children": {
                "TrainerController._reset_env": {
                    "total": 16.23530369999935,
                    "count": 1,
                    "self": 16.23530369999935
                },
                "TrainerController.advance": {
                    "total": 8.283374700054992,
                    "count": 96,
                    "self": 0.0029352001729421318,
                    "children": {
                        "env_step": {
                            "total": 7.84169199995813,
                            "count": 96,
                            "self": 7.173902800102951,
                            "children": {
                                "SubprocessEnvManager._take_step": {
                                    "total": 0.6662276997521985,
                                    "count": 96,
                                    "self": 0.007821299834176898,
                                    "children": {
                                        "TorchPolicy.evaluate": {
                                            "total": 0.6584063999180216,
                                            "count": 52,
                                            "self": 0.6584063999180216
                                        }
                                    }
                                },
                                "workers": {
                                    "total": 0.0015615001029800624,
                                    "count": 95,
                                    "self": 0.0,
                                    "children": {
                                        "worker_root": {
                                            "total": 10.520944400079316,
                                            "count": 95,
                                            "is_parallel": true,
                                            "self": 3.516670600132784,
                                            "children": {
                                                "steps_from_proto": {
                                                    "total": 0.003725799993844703,
                                                    "count": 1,
                                                    "is_parallel": true,
                                                    "self": 0.000555399979930371,
                                                    "children": {
                                                        "_process_rank_one_or_two_observation": {
                                                            "total": 0.003170400013914332,
                                                            "count": 2,
                                                            "is_parallel": true,
                                                            "self": 0.003170400013914332
                                                        }
                                                    }
                                                },
                                                "UnityEnvironment.step": {
                                                    "total": 7.000547999952687,
                                                    "count": 95,
                                                    "is_parallel": true,
                                                    "self": 0.019784600008279085,
                                                    "children": {
                                                        "UnityEnvironment._generate_step_input": {
                                                            "total": 0.026493499899515882,
                                                            "count": 95,
                                                            "is_parallel": true,
                                                            "self": 0.026493499899515882
                                                        },
                                                        "communicator.exchange": {
                                                            "total": 6.907741599978181,
                                                            "count": 95,
                                                            "is_parallel": true,
                                                            "self": 6.907741599978181
                                                        },
                                                        "steps_from_proto": {
                                                            "total": 0.04652830006671138,
                                                            "count": 95,
                                                            "is_parallel": true,
                                                            "self": 0.010452500020619482,
                                                            "children": {
                                                                "_process_rank_one_or_two_observation": {
                                                                    "total": 0.0360758000460919,
                                                                    "count": 190,
                                                                    "is_parallel": true,
                                                                    "self": 0.0360758000460919
                                                                }
                                                            }
                                                        }
                                                    }
                                                }
                                            }
                                        }
                                    }
                                }
                            }
                        },
                        "trainer_advance": {
                            "total": 0.43874749992392026,
                            "count": 95,
                            "self": 0.003898799972375855,
                            "children": {
                                "process_trajectory": {
                                    "total": 0.4348486999515444,
                                    "count": 95,
                                    "self": 0.4348486999515444
                                }
                            }
                        }
                    }
                },
                "trainer_threads": {
                    "total": 1.800013706088066e-06,
                    "count": 1,
                    "self": 1.800013706088066e-06
                },
                "TrainerController._save_models": {
                    "total": 0.48438539999187924,
                    "count": 1,
                    "self": 0.09918359998846427,