{
    "name": "root",
    "gauges": {
        "PlayerAgent.Policy.Entropy.mean": {
            "value": 1.419562816619873,
            "min": 1.4189738035202026,
            "max": 1.419562816619873,
            "count": 6
        },
        "PlayerAgent.Policy.Entropy.sum": {
            "value": 42586.8828125,
            "min": 42550.75,
            "max": 42660.02734375,
            "count": 6
        },
        "PlayerAgent.Environment.EpisodeLength.mean": {
            "value": 8.658081133290406,
            "min": 8.332711442786069,
            "max": 8.658081133290406,
            "count": 6
        },
        "PlayerAgent.Environment.EpisodeLength.sum": {
            "value": 26892.0,
            "min": 26782.0,
            "max": 26892.0,
            "count": 6
        },
        "PlayerAgent.Step.mean": {
            "value": 179994.0,
            "min": 29995.0,
            "max": 179994.0,
            "count": 6
        },
        "PlayerAgent.Step.sum": {
            "value": 179994.0,
            "min": 29995.0,
            "max": 179994.0,
            "count": 6
        },
        "PlayerAgent.Policy.ExtrinsicValueEstimate.mean": {
            "value": -0.7442288994789124,
            "min": -0.799677312374115,
            "max": -0.26796314120292664,
            "count": 6
        },
        "PlayerAgent.Policy.ExtrinsicValueEstimate.sum": {
            "value": -2311.574951171875,
            "min": -2534.97705078125,
            "max": -861.2335815429688,
            "count": 6
        },
        "PlayerAgent.Environment.CumulativeReward.mean": {
            "value": -0.6588003372129458,
            "min": -0.7888421506604136,
            "max": -0.6588003372129458,
            "count": 6
        },
        "PlayerAgent.Environment.CumulativeReward.sum": {
            "value": -2046.2338473834097,
            "min": -2535.3386722225696,
            "max": -2046.2338473834097,
            "count": 6
        },
        "PlayerAgent.Policy.ExtrinsicReward.mean": {
            "value": -0.6588003372129458,
            "min": -0.7888421506604136,
            "max": -0.6588003372129458,
            "count": 6
        },
        "PlayerAgent.Policy.ExtrinsicReward.sum": {
            "value": -2046.2338473834097,
            "min": -2535.3386722225696,
            "max": -2046.2338473834097,
            "count": 6
        },
        "PlayerAgent.Losses.PolicyLoss.mean": {
            "value": 0.01716430970118381,
            "min": 0.013930963120462062,
            "max": 0.019609094391125834,
            "count": 6
        },
        "PlayerAgent.Losses.PolicyLoss.sum": {
            "value": 0.01716430970118381,
            "min": 0.016938323349071045,
            "max": 0.03921818878225167,
            "count": 6
        },
        "PlayerAgent.Losses.ValueLoss.mean": {
            "value": 0.09170541862646739,
            "min": 0.07333386838436126,
            "max": 0.19222834582130113,
            "count": 6
        },
        "PlayerAgent.Losses.ValueLoss.sum": {
            "value": 0.09170541862646739,
            "min": 0.07333386838436126,
            "max": 0.19222834582130113,
            "count": 6
        },
        "PlayerAgent.Policy.LearningRate.mean": {
            "value": 2.9508262639129997e-05,
            "min": 2.9508262639129997e-05,
            "max": 2.9938551204830003e-05,
            "count": 6
        },
        "PlayerAgent.Policy.LearningRate.sum": {
            "value": 2.9508262639129997e-05,
            "min": 2.9508262639129997e-05,
            "max": 5.956979243402999e-05,
            "count": 6
        },
        "PlayerAgent.Policy.Epsilon.mean": {
            "value": 0.19836087000000005,
            "min": 0.19836087000000005,
            "max": 0.19979516999999997,
            "count": 6
        },
        "PlayerAgent.Policy.Epsilon.sum": {
            "value": 0.19836087000000005,
            "min": 0.19836087000000005,
            "max": 0.39856597000000016,
            "count": 6
        },
        "PlayerAgent.Policy.Beta.mean": {
            "value": 0.004918207413000001,
            "min": 0.004918207413000001,
            "max": 0.0049897789829999985,
            "count": 6
        },
        "PlayerAgent.Policy.Beta.sum": {
            "value": 0.004918207413000001,
            "min": 0.004918207413000001,
            "max": 0.009928441902999999,
            "count": 6
        },
        "PlayerAgent.IsTraining.mean": {
            "value": 1.0,
            "min": 1.0,
            "max": 1.0,
            "count": 6
        },
        "PlayerAgent.IsTraining.sum": {
            "value": 1.0,
            "min": 1.0,
            "max": 1.0,
            "count": 6
        }
    },
    "metadata": {
        "timer_format_version": "0.1.0",
        "start_time_seconds": "1775674013",
        "python_version": "3.10.12 | packaged by Anaconda, Inc. | (main, Jul  5 2023, 19:01:18) [MSC v.1916 64 bit (AMD64)]",
        "command_line_arguments": "C:\\Users\\gwangmin\\.conda\\envs\\mlagents\\Scripts\\mlagents-learn .\\config\\Walk.yaml --run-id=WalkTestRun --force",
        "mlagents_version": "1.1.0",
        "mlagents_envs_version": "1.1.0",
        "communication_protocol_version": "1.5.0",
        "pytorch_version": "2.2.2+cu121",
        "numpy_version": "1.23.5",
        "end_time_seconds": "1775674472"
    },
    "total": 459.0908322999603,
    "count": 1,
    "self": 0.024496199970599264,
    "children": {
        "run_training.setup": {
            "total": 0.24387760000536218,
            "count": 1,
            "self": 0.24387760000536218
        },
        "TrainerController.start_learning": {
            "total": 458.82245849998435,
            "count": 1,
            "self": 0.6972712033893913,
            "children": {
                "TrainerController._reset_env": {
                    "total": 17.87055470002815,
                    "count": 1,
                    "self": 17.87055470002815
                },
                "TrainerController.advance": {
                    "total": 439.9539507966256,
                    "count": 28067,
                    "self": 0.5830231911386363,
                    "children": {
                        "env_step": {
                            "total": 310.16760390496347,
                            "count": 28067,
                            "self": 273.20290880912216,
                            "children": {
                                "SubprocessEnvManager._take_step": {
                                    "total": 36.58829570480157,
                                    "count": 28067,
                                    "self": 1.0698466033209115,
                                    "children": {
                                        "TorchPolicy.evaluate": {
                                            "total": 35.518449101480655,
                                            "count": 13018,
                                            "self": 35.518449101480655
                                        }
                                    }
                                },
                                "workers": {
                                    "total": 0.3763993910397403,
                                    "count": 28066,
                                    "self": 0.0,
                                    "children": {
                                        "worker_root": {
                                            "total": 441.8856834998587,
                                            "count": 28066,
                                            "is_parallel": true,
                                            "self": 201.21100810403004,
                                            "children": {
                                                "steps_from_proto": {
                                                    "total": 0.002403800026513636,
                                                    "count": 1,