{
    "name": "root",
    "gauges": {
        "PlayerAgent.Policy.Entropy.mean": {
            "value": 1.4189786911010742,
            "min": 1.4189417362213135,
            "max": 1.4189786911010742,
            "count": 2
        },
        "PlayerAgent.Policy.Entropy.sum": {
            "value": 42313.9453125,
            "min": 42313.9453125,
            "max": 42837.8515625,
            "count": 2
        },
        "PlayerAgent.Environment.EpisodeLength.mean": {
            "value": 2.083876305719309,
            "min": 2.083876305719309,
            "max": 2.8070131180625633,
            "count": 2
        },
        "PlayerAgent.Environment.EpisodeLength.sum": {
            "value": 20149.0,
            "min": 20149.0,
            "max": 22254.0,
            "count": 2
        },
        "PlayerAgent.Step.mean": {
            "value": 59994.0,
            "min": 29682.0,
            "max": 59994.0,
            "count": 2
        },
        "PlayerAgent.Step.sum": {
            "value": 59994.0,
            "min": 29682.0,
            "max": 59994.0,
            "count": 2
        },
        "PlayerAgent.Policy.ExtrinsicValueEstimate.mean": {
            "value": -0.5646472573280334,
            "min": -0.5646472573280334,
            "max": -0.0969235822558403,
            "count": 2
        },
        "PlayerAgent.Policy.ExtrinsicValueEstimate.sum": {
            "value": -5459.57421875,
            "min": -5459.57421875,
            "max": -768.313232421875,
            "count": 2
        },
        "PlayerAgent.Environment.CumulativeReward.mean": {
            "value": -0.992040823501679,
            "min": -0.9981646415578714,
            "max": -0.992040823501679,
            "count": 2
        },
        "PlayerAgent.Environment.CumulativeReward.sum": {
            "value": -9592.042722437734,
            "min": -9592.042722437734,
            "max": -7912.451113629247,
            "count": 2
        },
        "PlayerAgent.Policy.ExtrinsicReward.mean": {
            "value": -0.992040823501679,
            "min": -0.9981646415578714,
            "max": -0.992040823501679,
            "count": 2
        },
        "PlayerAgent.Policy.ExtrinsicReward.sum": {
            "value": -9592.042722437734,
            "min": -9592.042722437734,
            "max": -7912.451113629247,
            "count": 2
        },
        "PlayerAgent.Losses.PolicyLoss.mean": {
            "value": 0.01750982757851792,
            "min": 0.015605596538322667,
            "max": 0.01750982757851792,
            "count": 2
        },
        "PlayerAgent.Losses.PolicyLoss.sum": {
            "value": 0.01750982757851792,
            "min": 0.015605596538322667,
            "max": 0.01750982757851792,
            "count": 2
        },
        "PlayerAgent.Losses.ValueLoss.mean": {
            "value": 0.18848858028650284,
            "min": 0.18848858028650284,
            "max": 0.45570939282576245,
            "count": 2
        },
        "PlayerAgent.Losses.ValueLoss.sum": {
            "value": 0.18848858028650284,
            "min": 0.18848858028650284,
            "max": 0.45570939282576245,
            "count": 2
        },
        "PlayerAgent.Policy.LearningRate.mean": {
            "value": 2.987709940967001e-05,
            "min": 2.987709940967001e-05,
            "max": 2.993855420482001e-05,
            "count": 2
        },
        "PlayerAgent.Policy.LearningRate.sum": {
            "value": 2.987709940967001e-05,
            "min": 2.987709940967001e-05,
            "max": 2.993855420482001e-05,
            "count": 2
        },
        "PlayerAgent.Policy.Epsilon.mean": {
            "value": 0.19959033000000007,
            "min": 0.19959033000000007,
            "max": 0.19979518,
            "count": 2
        },
        "PlayerAgent.Policy.Epsilon.sum": {
            "value": 0.19959033000000007,
            "min": 0.19959033000000007,
            "max": 0.19979518,
            "count": 2
        },
        "PlayerAgent.Policy.Beta.mean": {
            "value": 0.004979557466999999,
            "min": 0.004979557466999999,
            "max": 0.0049897794819999996,
            "count": 2
        },
        "PlayerAgent.Policy.Beta.sum": {
            "value": 0.004979557466999999,
            "min": 0.004979557466999999,
            "max": 0.0049897794819999996,
            "count": 2
        },
        "PlayerAgent.IsTraining.mean": {
            "value": 1.0,
            "min": 1.0,
            "max": 1.0,
            "count": 2
        },
        "PlayerAgent.IsTraining.sum": {
            "value": 1.0,
            "min": 1.0,
            "max": 1.0,
            "count": 2
        }
    },
    "metadata": {
        "timer_format_version": "0.1.0",
        "start_time_seconds": "1775495390",
        "python_version": "3.10.12 | packaged by Anaconda, Inc. | (main, Jul  5 2023, 19:01:18) [MSC v.1916 64 bit (AMD64)]",
        "command_line_arguments": "C:\\Users\\gwangmin\\.conda\\envs\\mlagents\\Scripts\\mlagents-learn .\\config\\Walk.yaml --run-id=WalkTestRun --force",
        "mlagents_version": "1.1.0",
        "mlagents_envs_version": "1.1.0",
        "communication_protocol_version": "1.5.0",
        "pytorch_version": "2.2.2+cu121",
        "numpy_version": "1.23.5",
        "end_time_seconds": "1775495846"
    },
    "total": 456.0596297000011,
    "count": 1,
    "self": 0.00860519998241216,
    "children": {
        "run_training.setup": {
            "total": 0.1418452000070829,
            "count": 1,
            "self": 0.1418452000070829
        },
        "TrainerController.start_learning": {
            "total": 455.9091793000116,
            "count": 1,
            "self": 0.6348133021674585,
            "children": {
                "TrainerController._reset_env": {
                    "total": 5.447169099992607,
                    "count": 1,
                    "self": 5.447169099992607
                },
                "TrainerController.advance": {
                    "total": 449.5387683978479,
                    "count": 26667,
                    "self": 0.567536198097514,
                    "children": {
                        "env_step": {
                            "total": 360.45266850010375,
                            "count": 26667,
                            "self": 300.36991190179833,
                            "children": {
                                "SubprocessEnvManager._take_step": {
                                    "total": 59.73272539910977,
                                    "count": 26667,
                                    "self": 0.9642571980366483,
                                    "children": {
                                        "TorchPolicy.evaluate": {
                                            "total": 58.76846820107312,
                                            "count": 12694,
                                            "self": 58.76846820107312
                                        }
                                    }
                                },
                                "workers": {
                                    "total": 0.35003119919565506,
                                    "count": 26666,
                                    "self": 0.0,
                                    "children": {
                                        "worker_root": {
                                            "total": 450.89647559815785,
                                            "count": 26666,
                                            "is_parallel": true,
                                            "self": 176.9809409965237,
                                            "children": {
                                                "steps_from_proto": {
                                                    "total": 0.0026889000146184117,
                                                    "count": 1,